ISO-10303-21;
HEADER;
FILE_DESCRIPTION(('KiCad electronic assembly'),'2;1');
FILE_NAME('KLON (9).step','2026-05-21T12:08:21',('Pcbnew'),('Kicad'),
  'Open CASCADE STEP processor 7.9','KiCad to STEP converter','Unknown'
  );
FILE_SCHEMA(('AUTOMOTIVE_DESIGN { 1 0 10303 214 1 1 1 1 }'));
ENDSEC;
DATA;
#1 = APPLICATION_PROTOCOL_DEFINITION('international standard',
  'automotive_design',2000,#2);
#2 = APPLICATION_CONTEXT(
  'core data for automotive mechanical design processes');
#3 = SHAPE_DEFINITION_REPRESENTATION(#4,#10);
#4 = PRODUCT_DEFINITION_SHAPE('','',#5);
#5 = PRODUCT_DEFINITION('design','',#6,#9);
#6 = PRODUCT_DEFINITION_FORMATION('','',#7);
#7 = PRODUCT('KLON (9) 1','KLON (9) 1','',(#8));
#8 = PRODUCT_CONTEXT('',#2,'mechanical');
#9 = PRODUCT_DEFINITION_CONTEXT('part definition',#2,'design');
#10 = SHAPE_REPRESENTATION('',(#11,#15),#19);
#11 = AXIS2_PLACEMENT_3D('',#12,#13,#14);
#12 = CARTESIAN_POINT('',(0.,0.,0.));
#13 = DIRECTION('',(0.,0.,1.));
#14 = DIRECTION('',(1.,0.,-0.));
#15 = AXIS2_PLACEMENT_3D('',#16,#17,#18);
#16 = CARTESIAN_POINT('',(0.,0.,0.));
#17 = DIRECTION('',(0.,0.,1.));
#18 = DIRECTION('',(1.,0.,-0.));
#19 = ( GEOMETRIC_REPRESENTATION_CONTEXT(3) 
GLOBAL_UNCERTAINTY_ASSIGNED_CONTEXT((#23)) GLOBAL_UNIT_ASSIGNED_CONTEXT(
(#20,#21,#22)) REPRESENTATION_CONTEXT('Context #1',
  '3D Context with UNIT and UNCERTAINTY') );
#20 = ( LENGTH_UNIT() NAMED_UNIT(*) SI_UNIT(.MILLI.,.METRE.) );
#21 = ( NAMED_UNIT(*) PLANE_ANGLE_UNIT() SI_UNIT($,.RADIAN.) );
#22 = ( NAMED_UNIT(*) SI_UNIT($,.STERADIAN.) SOLID_ANGLE_UNIT() );
#23 = UNCERTAINTY_MEASURE_WITH_UNIT(LENGTH_MEASURE(1.E-07),#20,
  'distance_accuracy_value','confusion accuracy');
#24 = PRODUCT_RELATED_PRODUCT_CATEGORY('part',$,(#7));
#25 = SHAPE_DEFINITION_REPRESENTATION(#26,#32);
#26 = PRODUCT_DEFINITION_SHAPE('','',#27);
#27 = PRODUCT_DEFINITION('design','',#28,#31);
#28 = PRODUCT_DEFINITION_FORMATION('','',#29);
#29 = PRODUCT('KLON (9)_PCB','KLON (9)_PCB','',(#30));
#30 = PRODUCT_CONTEXT('',#2,'mechanical');
#31 = PRODUCT_DEFINITION_CONTEXT('part definition',#2,'design');
#32 = ADVANCED_BREP_SHAPE_REPRESENTATION('',(#11,#33),#19663);
#33 = MANIFOLD_SOLID_BREP('',#34);
#34 = CLOSED_SHELL('',(#35,#75,#106,#137,#5406,#10675,#10687,#10709,
    #10726,#10738,#10760,#10777,#10794,#10806,#10823,#10845,#10862,
    #10874,#10891,#10908,#10925,#10947,#10964,#10976,#10993,#11010,
    #11032,#11049,#11066,#11078,#11100,#11117,#11129,#11146,#11168,
    #11185,#11197,#11214,#11231,#11253,#11270,#11282,#11304,#11321,
    #11333,#11355,#11372,#11389,#11401,#11423,#11440,#11452,#11474,
    #11491,#11508,#11520,#11537,#11554,#11576,#11593,#11610,#11622,
    #11644,#11661,#11678,#11690,#11712,#11729,#11746,#11758,#11775,
    #11797,#11814,#11831,#11843,#11860,#11882,#11899,#11916,#11928,
    #11950,#11967,#11984,#11996,#12018,#12035,#12052,#12064,#12086,
    #12103,#12120,#12132,#12149,#12166,#12183,#12205,#12222,#12239,
    #12251,#12268,#12285,#12302,#12319,#12341,#12358,#12370,#12387,
    #12404,#12426,#12443,#12460,#12472,#12494,#12511,#12528,#12540,
    #12562,#12579,#12596,#12608,#12625,#12647,#12664,#12681,#12693,
    #12710,#12727,#12744,#12766,#12783,#12800,#12812,#12834,#12851,
    #12868,#12880,#12902,#12919,#12936,#12948,#12965,#12982,#13004,
    #13021,#13038,#13050,#13067,#13089,#13106,#13123,#13135,#13157,
    #13174,#13191,#13203,#13220,#13242,#13259,#13276,#13288,#13310,
    #13327,#13344,#13356,#13373,#13390,#13412,#13429,#13446,#13458,
    #13480,#13497,#13514,#13526,#13543,#13565,#13582,#13599,#13611,
    #13633,#13650,#13667,#13679,#13701,#13718,#13735,#13747,#13769,
    #13786,#13798,#13820,#13837,#13854,#13866,#13883,#13905,#13922,
    #13939,#13951,#13973,#13990,#14002,#14024,#14041,#14058,#14070,
    #14087,#14109,#14126,#14143,#14155,#14177,#14194,#14211,#14223,
    #14240,#14257,#14274,#14296,#14313,#14325,#14347,#14364,#14381,
    #14393,#14410,#14427,#14444,#14466,#14483,#14500,#14512,#14529,
    #14546,#14563,#14580,#14597,#14614,#14631,#14648,#14665,#14682,
    #14699,#14716,#14733,#14750,#14767,#14784,#14801,#14818,#14835,
    #14852,#14869,#14886,#14903,#14925,#14942,#14959,#14971,#14988,
    #15010,#15027,#15044,#15056,#15073,#15090,#15107,#15129,#15146,
    #15163,#15175,#15192,#15209,#15231,#15248,#15265,#15277,#15294,
    #15311,#15333,#15350,#15367,#15379,#15401,#15418,#15435,#15447,
    #15464,#15486,#15503,#15520,#15532,#15554,#15571,#15588,#15600,
    #15617,#15634,#15651,#15668,#15685,#15702,#15719,#15736,#15753,
    #15770,#15787,#15804,#15821,#15838,#15855,#15872,#15889,#15906,
    #15923,#15940,#15957,#15974,#15991,#16008,#16025,#16042,#16059,
    #16076,#16093,#16110,#16127,#16144,#16161,#16178,#16195,#16212,
    #16229,#16246,#16268,#16285,#16302,#16314,#16336,#16353,#16370,
    #16382,#16399,#16421,#16438,#16455,#16467,#16489,#16506,#16523,
    #16535,#16552,#16569,#16586,#16608,#16625,#16642,#16654,#16671,
    #16693,#16710,#16727,#16739,#16761,#16778,#16795,#16807,#16824,
    #16846,#16863,#16880,#16892,#16909,#16926,#16943,#16960,#16982,
    #16999,#17016,#17028,#17050,#17067,#17084,#17096,#17118,#17135,
    #17152,#17164,#17181,#17198,#17220,#17237,#17254,#17266,#17283,
    #17300,#17317,#17334,#17351,#17373,#17390,#17407,#17419,#17441,
    #17458,#17475,#17487,#17504,#17521,#17543,#17560,#17577,#17589,
    #17611,#17628,#17645,#17657,#17679,#17696,#17713,#17725,#17742,
    #17764,#17781,#17798,#17810,#17827,#17844,#17861,#17883,#17900,
    #17917,#17929,#17946,#17968,#17985,#18002,#18014,#18031,#18048,
    #18065,#18087,#18104,#18116,#18138,#18155,#18172,#18184,#18201,
    #18223,#18240,#18257,#18269,#18286,#18303,#18320,#18342,#18359,
    #18371,#18393,#18410,#18427,#18439,#18461,#18478,#18495,#18507,
    #18524,#18541,#18563,#18580,#18597,#18609,#18626,#18648,#18665,
    #18682,#18694,#18711,#18728,#18745,#18767,#18784,#18801,#18813,
    #18830,#18852,#18869,#18886,#18898,#18920,#18937,#18954,#18966,
    #18988,#19005,#19022,#19034,#19051,#19068,#19090,#19107,#19124,
    #19136,#19153,#19175,#19192,#19209,#19221,#19243,#19260,#19277,
    #19289,#19306,#19328,#19345,#19362,#19374,#19396,#19413,#19430,
    #19442,#19459,#19476,#19493,#19510,#19527,#19544,#19561,#19578,
    #19595,#19612,#19629,#19646));
#35 = ADVANCED_FACE('',(#36),#70,.T.);
#36 = FACE_BOUND('',#37,.T.);
#37 = EDGE_LOOP('',(#38,#48,#56,#64));
#38 = ORIENTED_EDGE('',*,*,#39,.T.);
#39 = EDGE_CURVE('',#40,#42,#44,.T.);
#40 = VERTEX_POINT('',#41);
#41 = CARTESIAN_POINT('',(279.663072,-206.497421,0.));
#42 = VERTEX_POINT('',#43);
#43 = CARTESIAN_POINT('',(279.663072,-206.497421,1.51));
#44 = LINE('',#45,#46);
#45 = CARTESIAN_POINT('',(279.663072,-206.497421,0.));
#46 = VECTOR('',#47,1.);
#47 = DIRECTION('',(0.,0.,1.));
#48 = ORIENTED_EDGE('',*,*,#49,.T.);
#49 = EDGE_CURVE('',#42,#50,#52,.T.);
#50 = VERTEX_POINT('',#51);
#51 = CARTESIAN_POINT('',(119.959321,-206.497421,1.51));
#52 = LINE('',#53,#54);
#53 = CARTESIAN_POINT('',(279.663072,-206.497421,1.51));
#54 = VECTOR('',#55,1.);
#55 = DIRECTION('',(-1.,0.,0.));
#56 = ORIENTED_EDGE('',*,*,#57,.F.);
#57 = EDGE_CURVE('',#58,#50,#60,.T.);
#58 = VERTEX_POINT('',#59);
#59 = CARTESIAN_POINT('',(119.959321,-206.497421,0.));
#60 = LINE('',#61,#62);
#61 = CARTESIAN_POINT('',(119.959321,-206.497421,0.));
#62 = VECTOR('',#63,1.);
#63 = DIRECTION('',(0.,0.,1.));
#64 = ORIENTED_EDGE('',*,*,#65,.F.);
#65 = EDGE_CURVE('',#40,#58,#66,.T.);
#66 = LINE('',#67,#68);
#67 = CARTESIAN_POINT('',(279.663072,-206.497421,0.));
#68 = VECTOR('',#69,1.);
#69 = DIRECTION('',(-1.,0.,0.));
#70 = PLANE('',#71);
#71 = AXIS2_PLACEMENT_3D('',#72,#73,#74);
#72 = CARTESIAN_POINT('',(279.663072,-206.497421,0.));
#73 = DIRECTION('',(0.,-1.,0.));
#74 = DIRECTION('',(-1.,0.,0.));
#75 = ADVANCED_FACE('',(#76),#101,.T.);
#76 = FACE_BOUND('',#77,.T.);
#77 = EDGE_LOOP('',(#78,#88,#94,#95));
#78 = ORIENTED_EDGE('',*,*,#79,.T.);
#79 = EDGE_CURVE('',#80,#82,#84,.T.);
#80 = VERTEX_POINT('',#81);
#81 = CARTESIAN_POINT('',(279.663072,-88.625,0.));
#82 = VERTEX_POINT('',#83);
#83 = CARTESIAN_POINT('',(279.663072,-88.625,1.51));
#84 = LINE('',#85,#86);
#85 = CARTESIAN_POINT('',(279.663072,-88.625,0.));
#86 = VECTOR('',#87,1.);
#87 = DIRECTION('',(0.,0.,1.));
#88 = ORIENTED_EDGE('',*,*,#89,.T.);
#89 = EDGE_CURVE('',#82,#42,#90,.T.);
#90 = LINE('',#91,#92);
#91 = CARTESIAN_POINT('',(279.663072,-88.625,1.51));
#92 = VECTOR('',#93,1.);
#93 = DIRECTION('',(0.,-1.,0.));
#94 = ORIENTED_EDGE('',*,*,#39,.F.);
#95 = ORIENTED_EDGE('',*,*,#96,.F.);
#96 = EDGE_CURVE('',#80,#40,#97,.T.);
#97 = LINE('',#98,#99);
#98 = CARTESIAN_POINT('',(279.663072,-88.625,0.));
#99 = VECTOR('',#100,1.);
#100 = DIRECTION('',(0.,-1.,0.));
#101 = PLANE('',#102);
#102 = AXIS2_PLACEMENT_3D('',#103,#104,#105);
#103 = CARTESIAN_POINT('',(279.663072,-88.625,0.));
#104 = DIRECTION('',(1.,0.,-0.));
#105 = DIRECTION('',(0.,-1.,0.));
#106 = ADVANCED_FACE('',(#107),#132,.T.);
#107 = FACE_BOUND('',#108,.T.);
#108 = EDGE_LOOP('',(#109,#110,#118,#126));
#109 = ORIENTED_EDGE('',*,*,#57,.T.);
#110 = ORIENTED_EDGE('',*,*,#111,.T.);
#111 = EDGE_CURVE('',#50,#112,#114,.T.);
#112 = VERTEX_POINT('',#113);
#113 = CARTESIAN_POINT('',(119.959321,-88.625,1.51));
#114 = LINE('',#115,#116);
#115 = CARTESIAN_POINT('',(119.959321,-206.497421,1.51));
#116 = VECTOR('',#117,1.);
#117 = DIRECTION('',(0.,1.,0.));
#118 = ORIENTED_EDGE('',*,*,#119,.F.);
#119 = EDGE_CURVE('',#120,#112,#122,.T.);
#120 = VERTEX_POINT('',#121);
#121 = CARTESIAN_POINT('',(119.959321,-88.625,0.));
#122 = LINE('',#123,#124);
#123 = CARTESIAN_POINT('',(119.959321,-88.625,0.));
#124 = VECTOR('',#125,1.);
#125 = DIRECTION('',(0.,0.,1.));
#126 = ORIENTED_EDGE('',*,*,#127,.F.);
#127 = EDGE_CURVE('',#58,#120,#128,.T.);
#128 = LINE('',#129,#130);
#129 = CARTESIAN_POINT('',(119.959321,-206.497421,0.));
#130 = VECTOR('',#131,1.);
#131 = DIRECTION('',(0.,1.,0.));
#132 = PLANE('',#133);
#133 = AXIS2_PLACEMENT_3D('',#134,#135,#136);
#134 = CARTESIAN_POINT('',(119.959321,-206.497421,0.));
#135 = DIRECTION('',(-1.,0.,0.));
#136 = DIRECTION('',(0.,1.,0.));
#137 = ADVANCED_FACE('',(#138,#149,#178,#216,#227,#256,#267,#278,#289,
    #318,#329,#340,#378,#407,#418,#447,#458,#469,#498,#527,#565,#594,
    #630,#641,#652,#688,#724,#760,#771,#807,#818,#854,#890,#926,#962,
    #973,#984,#995,#1031,#1042,#1053,#1064,#1075,#1104,#1115,#1126,#1164
    ,#1202,#1240,#1251,#1289,#1300,#1311,#1322,#1360,#1398,#1436,#1447,
    #1458,#1496,#1507,#1545,#1583,#1594,#1632,#1670,#1681,#1692,#1730,
    #1768,#1779,#1817,#1855,#1893,#1922,#1960,#1971,#2009,#2038,#2076,
    #2087,#2125,#2163,#2174,#2185,#2196,#2225,#2263,#2274,#2285,#2296,
    #2334,#2345,#2356,#2367,#2378,#2389,#2400,#2411,#2422,#2433,#2444,
    #2455,#2466,#2477,#2488,#2499,#2510,#2521,#2532,#2543,#2554,#2565,
    #2576,#2587,#2625,#2636,#2674,#2685,#2696,#2707,#2745,#2756,#2767,
    #2805,#2816,#2827,#2865,#2903,#2914,#2952,#2990,#3001,#3012,#3023,
    #3034,#3045,#3056,#3067,#3078,#3089,#3100,#3111,#3122,#3133,#3144,
    #3155,#3166,#3177,#3188,#3199,#3210,#3221,#3232,#3243,#3254,#3265,
    #3276,#3287,#3298,#3309,#3320,#3331,#3342,#3353,#3364,#3375,#3386,
    #3397,#3408,#3446,#3484,#3495,#3533,#3571,#3582,#3593,#3604,#3642,
    #3653,#3691,#3729,#3740,#3778,#3789,#3800,#3811,#3822,#3860,#3898,
    #3936,#3947,#3958,#3996,#4007,#4018,#4029,#4040,#4051,#4089,#4127,
    #4138,#4149,#4187,#4225,#4263,#4274,#4312,#4323,#4334,#4345,#4383,
    #4394,#4432,#4443,#4454,#4465,#4494,#4532,#4543,#4581,#4592,#4603,
    #4614,#4643,#4681,#4719,#4730,#4741,#4779,#4790,#4828,#4839,#4850,
    #4861,#4899,#4910,#4948,#4986,#5024,#5035,#5046,#5084,#5095,#5133,
    #5171,#5182,#5220,#5258,#5269,#5280,#5291,#5302,#5313,#5324,#5335,
    #5346,#5357,#5368,#5379,#5390),#5401,.F.);
#138 = FACE_BOUND('',#139,.F.);
#139 = EDGE_LOOP('',(#140,#141,#142,#148));
#140 = ORIENTED_EDGE('',*,*,#65,.F.);
#141 = ORIENTED_EDGE('',*,*,#96,.F.);
#142 = ORIENTED_EDGE('',*,*,#143,.F.);
#143 = EDGE_CURVE('',#120,#80,#144,.T.);
#144 = LINE('',#145,#146);
#145 = CARTESIAN_POINT('',(119.959321,-88.625,0.));
#146 = VECTOR('',#147,1.);
#147 = DIRECTION('',(1.,0.,0.));
#148 = ORIENTED_EDGE('',*,*,#127,.F.);
#149 = FACE_BOUND('',#150,.F.);
#150 = EDGE_LOOP('',(#151,#162,#171));
#151 = ORIENTED_EDGE('',*,*,#152,.T.);
#152 = EDGE_CURVE('',#153,#155,#157,.T.);
#153 = VERTEX_POINT('',#154);
#154 = CARTESIAN_POINT('',(131.22528905695,-196.5416980569,0.));
#155 = VERTEX_POINT('',#156);
#156 = CARTESIAN_POINT('',(130.421663,-196.985057,0.));
#157 = CIRCLE('',#158,0.95);
#158 = AXIS2_PLACEMENT_3D('',#159,#160,#161);
#159 = CARTESIAN_POINT('',(130.421663,-196.035057,0.));
#160 = DIRECTION('',(-0.,0.,-1.));
#161 = DIRECTION('',(-2.991758887411E-14,-1.,0.));
#162 = ORIENTED_EDGE('',*,*,#163,.T.);
#163 = EDGE_CURVE('',#155,#164,#166,.T.);
#164 = VERTEX_POINT('',#165);
#165 = CARTESIAN_POINT('',(129.91502194304,-195.231430943,0.));
#166 = CIRCLE('',#167,0.95);
#167 = AXIS2_PLACEMENT_3D('',#168,#169,#170);
#168 = CARTESIAN_POINT('',(130.421663,-196.035057,0.));
#169 = DIRECTION('',(-0.,0.,-1.));
#170 = DIRECTION('',(-2.991758887411E-14,-1.,0.));
#171 = ORIENTED_EDGE('',*,*,#172,.T.);
#172 = EDGE_CURVE('',#164,#153,#173,.T.);
#173 = CIRCLE('',#174,0.95);
#174 = AXIS2_PLACEMENT_3D('',#175,#176,#177);
#175 = CARTESIAN_POINT('',(130.718648,-195.738072,0.));
#176 = DIRECTION('',(-0.,0.,-1.));
#177 = DIRECTION('',(-0.,-1.,0.));
#178 = FACE_BOUND('',#179,.F.);
#179 = EDGE_LOOP('',(#180,#191,#200,#209));
#180 = ORIENTED_EDGE('',*,*,#181,.T.);
#181 = EDGE_CURVE('',#182,#184,#186,.T.);
#182 = VERTEX_POINT('',#183);
#183 = CARTESIAN_POINT('',(134.60683285552,-197.5438997631,0.));
#184 = VERTEX_POINT('',#185);
#185 = CARTESIAN_POINT('',(133.412724,-198.136098,0.));
#186 = CIRCLE('',#187,1.5);
#187 = AXIS2_PLACEMENT_3D('',#188,#189,#190);
#188 = CARTESIAN_POINT('',(133.412724,-196.636098,0.));
#189 = DIRECTION('',(-0.,0.,-1.));
#190 = DIRECTION('',(-0.,-1.,0.));
#191 = ORIENTED_EDGE('',*,*,#192,.T.);
#192 = EDGE_CURVE('',#184,#193,#195,.T.);
#193 = VERTEX_POINT('',#194);
#194 = CARTESIAN_POINT('',(134.91269214448,-196.6263222368,0.));
#195 = CIRCLE('',#196,1.5);
#196 = AXIS2_PLACEMENT_3D('',#197,#198,#199);
#197 = CARTESIAN_POINT('',(133.412724,-196.636098,0.));
#198 = DIRECTION('',(-0.,0.,-1.));
#199 = DIRECTION('',(-0.,-1.,0.));
#200 = ORIENTED_EDGE('',*,*,#201,.T.);
#201 = EDGE_CURVE('',#193,#202,#204,.T.);
#202 = VERTEX_POINT('',#203);
#203 = CARTESIAN_POINT('',(136.106801,-199.034124,0.));
#204 = CIRCLE('',#205,1.5);
#205 = AXIS2_PLACEMENT_3D('',#206,#207,#208);
#206 = CARTESIAN_POINT('',(136.106801,-197.534124,0.));
#207 = DIRECTION('',(-0.,0.,-1.));
#208 = DIRECTION('',(-0.,-1.,0.));
#209 = ORIENTED_EDGE('',*,*,#210,.T.);
#210 = EDGE_CURVE('',#202,#182,#211,.T.);
#211 = CIRCLE('',#212,1.5);
#212 = AXIS2_PLACEMENT_3D('',#213,#214,#215);
#213 = CARTESIAN_POINT('',(136.106801,-197.534124,0.));
#214 = DIRECTION('',(-0.,0.,-1.));
#215 = DIRECTION('',(-0.,-1.,0.));
#216 = FACE_BOUND('',#217,.F.);
#217 = EDGE_LOOP('',(#218));
#218 = ORIENTED_EDGE('',*,*,#219,.T.);
#219 = EDGE_CURVE('',#220,#220,#222,.T.);
#220 = VERTEX_POINT('',#221);
#221 = CARTESIAN_POINT('',(128.123566,-194.529853,0.));
#222 = CIRCLE('',#223,1.5);
#223 = AXIS2_PLACEMENT_3D('',#224,#225,#226);
#224 = CARTESIAN_POINT('',(128.123566,-193.029853,0.));
#225 = DIRECTION('',(-0.,0.,-1.));
#226 = DIRECTION('',(-0.,-1.,0.));
#227 = FACE_BOUND('',#228,.F.);
#228 = EDGE_LOOP('',(#229,#240,#249));
#229 = ORIENTED_EDGE('',*,*,#230,.T.);
#230 = EDGE_CURVE('',#231,#233,#235,.T.);
#231 = VERTEX_POINT('',#232);
#232 = CARTESIAN_POINT('',(139.70867976314,-192.4420528555,0.));
#233 = VERTEX_POINT('',#234);
#234 = CARTESIAN_POINT('',(139.698904,-195.442021,0.));
#235 = CIRCLE('',#236,1.5);
#236 = AXIS2_PLACEMENT_3D('',#237,#238,#239);
#237 = CARTESIAN_POINT('',(139.698904,-193.942021,0.));
#238 = DIRECTION('',(-0.,0.,-1.));
#239 = DIRECTION('',(-0.,-1.,0.));
#240 = ORIENTED_EDGE('',*,*,#241,.T.);
#241 = EDGE_CURVE('',#233,#242,#244,.T.);
#242 = VERTEX_POINT('',#243);
#243 = CARTESIAN_POINT('',(138.79110223685,-192.7479121444,0.));
#244 = CIRCLE('',#245,1.5);
#245 = AXIS2_PLACEMENT_3D('',#246,#247,#248);
#246 = CARTESIAN_POINT('',(139.698904,-193.942021,0.));
#247 = DIRECTION('',(-0.,0.,-1.));
#248 = DIRECTION('',(-0.,-1.,0.));
#249 = ORIENTED_EDGE('',*,*,#250,.T.);
#250 = EDGE_CURVE('',#242,#231,#251,.T.);
#251 = CIRCLE('',#252,1.5);
#252 = AXIS2_PLACEMENT_3D('',#253,#254,#255);
#253 = CARTESIAN_POINT('',(138.800878,-191.247944,0.));
#254 = DIRECTION('',(-0.,0.,-1.));
#255 = DIRECTION('',(-0.,-1.,0.));
#256 = FACE_BOUND('',#257,.F.);
#257 = EDGE_LOOP('',(#258));
#258 = ORIENTED_EDGE('',*,*,#259,.T.);
#259 = EDGE_CURVE('',#260,#260,#262,.T.);
#260 = VERTEX_POINT('',#261);
#261 = CARTESIAN_POINT('',(134.31075,-194.64597,0.));
#262 = CIRCLE('',#263,2.5);
#263 = AXIS2_PLACEMENT_3D('',#264,#265,#266);
#264 = CARTESIAN_POINT('',(134.31075,-192.14597,0.));
#265 = DIRECTION('',(-0.,0.,-1.));
#266 = DIRECTION('',(-0.,-1.,0.));
#267 = FACE_BOUND('',#268,.F.);
#268 = EDGE_LOOP('',(#269));
#269 = ORIENTED_EDGE('',*,*,#270,.T.);
#270 = EDGE_CURVE('',#271,#271,#273,.T.);
#271 = VERTEX_POINT('',#272);
#272 = CARTESIAN_POINT('',(130.103465,-189.438685,0.));
#273 = CIRCLE('',#274,1.5);
#274 = AXIS2_PLACEMENT_3D('',#275,#276,#277);
#275 = CARTESIAN_POINT('',(130.103465,-187.938685,0.));
#276 = DIRECTION('',(-0.,0.,-1.));
#277 = DIRECTION('',(-0.,-1.,0.));
#278 = FACE_BOUND('',#279,.F.);
#279 = EDGE_LOOP('',(#280));
#280 = ORIENTED_EDGE('',*,*,#281,.T.);
#281 = EDGE_CURVE('',#282,#282,#284,.T.);
#282 = VERTEX_POINT('',#283);
#283 = CARTESIAN_POINT('',(135.194633,-187.458786,0.));
#284 = CIRCLE('',#285,1.5);
#285 = AXIS2_PLACEMENT_3D('',#286,#287,#288);
#286 = CARTESIAN_POINT('',(135.194633,-185.958786,0.));
#287 = DIRECTION('',(-0.,0.,-1.));
#288 = DIRECTION('',(-0.,-1.,0.));
#289 = FACE_BOUND('',#290,.F.);
#290 = EDGE_LOOP('',(#291,#302,#311));
#291 = ORIENTED_EDGE('',*,*,#292,.T.);
#292 = EDGE_CURVE('',#293,#295,#297,.T.);
#293 = VERTEX_POINT('',#294);
#294 = CARTESIAN_POINT('',(137.902852,-189.503868,0.));
#295 = VERTEX_POINT('',#296);
#296 = CARTESIAN_POINT('',(137.39621094304,-187.750241943,0.));
#297 = CIRCLE('',#298,0.95);
#298 = AXIS2_PLACEMENT_3D('',#299,#300,#301);
#299 = CARTESIAN_POINT('',(137.902852,-188.553868,0.));
#300 = DIRECTION('',(-0.,0.,-1.));
#301 = DIRECTION('',(-0.,-1.,0.));
#302 = ORIENTED_EDGE('',*,*,#303,.T.);
#303 = EDGE_CURVE('',#295,#304,#306,.T.);
#304 = VERTEX_POINT('',#305);
#305 = CARTESIAN_POINT('',(138.70647805695,-189.0605090569,0.));
#306 = CIRCLE('',#307,0.95);
#307 = AXIS2_PLACEMENT_3D('',#308,#309,#310);
#308 = CARTESIAN_POINT('',(138.199837,-188.256883,0.));
#309 = DIRECTION('',(-0.,0.,-1.));
#310 = DIRECTION('',(-0.,-1.,0.));
#311 = ORIENTED_EDGE('',*,*,#312,.T.);
#312 = EDGE_CURVE('',#304,#293,#313,.T.);
#313 = CIRCLE('',#314,0.95);
#314 = AXIS2_PLACEMENT_3D('',#315,#316,#317);
#315 = CARTESIAN_POINT('',(137.902852,-188.553868,0.));
#316 = DIRECTION('',(-0.,0.,-1.));
#317 = DIRECTION('',(-0.,-1.,0.));
#318 = FACE_BOUND('',#319,.F.);
#319 = EDGE_LOOP('',(#320));
#320 = ORIENTED_EDGE('',*,*,#321,.T.);
#321 = EDGE_CURVE('',#322,#322,#324,.T.);
#322 = VERTEX_POINT('',#323);
#323 = CARTESIAN_POINT('',(132.252,-176.502,0.));
#324 = CIRCLE('',#325,1.1);
#325 = AXIS2_PLACEMENT_3D('',#326,#327,#328);
#326 = CARTESIAN_POINT('',(132.252,-175.402,0.));
#327 = DIRECTION('',(-0.,0.,-1.));
#328 = DIRECTION('',(-0.,-1.,0.));
#329 = FACE_BOUND('',#330,.F.);
#330 = EDGE_LOOP('',(#331));
#331 = ORIENTED_EDGE('',*,*,#332,.T.);
#332 = EDGE_CURVE('',#333,#333,#335,.T.);
#333 = VERTEX_POINT('',#334);
#334 = CARTESIAN_POINT('',(144.980623,-179.836285,0.));
#335 = CIRCLE('',#336,1.5);
#336 = AXIS2_PLACEMENT_3D('',#337,#338,#339);
#337 = CARTESIAN_POINT('',(144.980623,-178.336285,0.));
#338 = DIRECTION('',(-0.,0.,-1.));
#339 = DIRECTION('',(-0.,-1.,0.));
#340 = FACE_BOUND('',#341,.F.);
#341 = EDGE_LOOP('',(#342,#353,#362,#371));
#342 = ORIENTED_EDGE('',*,*,#343,.T.);
#343 = EDGE_CURVE('',#344,#346,#348,.T.);
#344 = VERTEX_POINT('',#345);
#345 = CARTESIAN_POINT('',(150.07465648743,-184.3745128318,0.));
#346 = VERTEX_POINT('',#347);
#347 = CARTESIAN_POINT('',(149.156193,-184.688585,0.));
#348 = CIRCLE('',#349,1.5);
#349 = AXIS2_PLACEMENT_3D('',#350,#351,#352);
#350 = CARTESIAN_POINT('',(149.156193,-183.188585,0.));
#351 = DIRECTION('',(-0.,0.,-1.));
#352 = DIRECTION('',(-0.,-1.,0.));
#353 = ORIENTED_EDGE('',*,*,#354,.T.);
#354 = EDGE_CURVE('',#346,#355,#357,.T.);
#355 = VERTEX_POINT('',#356);
#356 = CARTESIAN_POINT('',(150.60758151256,-183.5673611681,0.));
#357 = CIRCLE('',#358,1.5);
#358 = AXIS2_PLACEMENT_3D('',#359,#360,#361);
#359 = CARTESIAN_POINT('',(149.156193,-183.188585,0.));
#360 = DIRECTION('',(-0.,0.,-1.));
#361 = DIRECTION('',(-0.,-1.,0.));
#362 = ORIENTED_EDGE('',*,*,#363,.T.);
#363 = EDGE_CURVE('',#355,#364,#366,.T.);
#364 = VERTEX_POINT('',#365);
#365 = CARTESIAN_POINT('',(151.526045,-186.253289,0.));
#366 = CIRCLE('',#367,1.5);
#367 = AXIS2_PLACEMENT_3D('',#368,#369,#370);
#368 = CARTESIAN_POINT('',(151.526045,-184.753289,0.));
#369 = DIRECTION('',(-0.,0.,-1.));
#370 = DIRECTION('',(-0.,-1.,0.));
#371 = ORIENTED_EDGE('',*,*,#372,.T.);
#372 = EDGE_CURVE('',#364,#344,#373,.T.);
#373 = CIRCLE('',#374,1.5);
#374 = AXIS2_PLACEMENT_3D('',#375,#376,#377);
#375 = CARTESIAN_POINT('',(151.526045,-184.753289,0.));
#376 = DIRECTION('',(-0.,0.,-1.));
#377 = DIRECTION('',(-0.,-1.,0.));
#378 = FACE_BOUND('',#379,.F.);
#379 = EDGE_LOOP('',(#380,#391,#400));
#380 = ORIENTED_EDGE('',*,*,#381,.T.);
#381 = EDGE_CURVE('',#382,#384,#386,.T.);
#382 = VERTEX_POINT('',#383);
#383 = CARTESIAN_POINT('',(146.42261,-182.78388,0.));
#384 = VERTEX_POINT('',#385);
#385 = CARTESIAN_POINT('',(146.14122643894,-180.9265083608,0.));
#386 = CIRCLE('',#387,0.95);
#387 = AXIS2_PLACEMENT_3D('',#388,#389,#390);
#388 = CARTESIAN_POINT('',(146.42261,-181.83388,0.));
#389 = DIRECTION('',(-0.,0.,-1.));
#390 = DIRECTION('',(-2.991758887411E-14,-1.,0.));
#391 = ORIENTED_EDGE('',*,*,#392,.T.);
#392 = EDGE_CURVE('',#384,#393,#395,.T.);
#393 = VERTEX_POINT('',#394);
#394 = CARTESIAN_POINT('',(147.06772456105,-182.5312516391,0.));
#395 = CIRCLE('',#396,0.95);
#396 = AXIS2_PLACEMENT_3D('',#397,#398,#399);
#397 = CARTESIAN_POINT('',(146.786341,-181.62388,0.));
#398 = DIRECTION('',(-0.,0.,-1.));
#399 = DIRECTION('',(-0.,-1.,0.));
#400 = ORIENTED_EDGE('',*,*,#401,.T.);
#401 = EDGE_CURVE('',#393,#382,#402,.T.);
#402 = CIRCLE('',#403,0.95);
#403 = AXIS2_PLACEMENT_3D('',#404,#405,#406);
#404 = CARTESIAN_POINT('',(146.42261,-181.83388,0.));
#405 = DIRECTION('',(-0.,0.,-1.));
#406 = DIRECTION('',(-2.991758887411E-14,-1.,0.));
#407 = FACE_BOUND('',#408,.F.);
#408 = EDGE_LOOP('',(#409));
#409 = ORIENTED_EDGE('',*,*,#410,.T.);
#410 = EDGE_CURVE('',#411,#411,#413,.T.);
#411 = VERTEX_POINT('',#412);
#412 = CARTESIAN_POINT('',(151.18575,-181.58388,0.));
#413 = CIRCLE('',#414,2.5);
#414 = AXIS2_PLACEMENT_3D('',#415,#416,#417);
#415 = CARTESIAN_POINT('',(151.18575,-179.08388,0.));
#416 = DIRECTION('',(-0.,0.,-1.));
#417 = DIRECTION('',(-0.,-1.,0.));
#418 = FACE_BOUND('',#419,.F.);
#419 = EDGE_LOOP('',(#420,#431,#440));
#420 = ORIENTED_EDGE('',*,*,#421,.T.);
#421 = EDGE_CURVE('',#422,#424,#426,.T.);
#422 = VERTEX_POINT('',#423);
#423 = CARTESIAN_POINT('',(156.32311917298,-180.7669615109,0.));
#424 = VERTEX_POINT('',#425);
#425 = CARTESIAN_POINT('',(155.925455,-183.713289,0.));
#426 = CIRCLE('',#427,1.5);
#427 = AXIS2_PLACEMENT_3D('',#428,#429,#430);
#428 = CARTESIAN_POINT('',(155.925455,-182.213289,0.));
#429 = DIRECTION('',(-0.,0.,-1.));
#430 = DIRECTION('',(-0.,-1.,0.));
#431 = ORIENTED_EDGE('',*,*,#432,.T.);
#432 = EDGE_CURVE('',#424,#433,#435,.T.);
#433 = VERTEX_POINT('',#434);
#434 = CARTESIAN_POINT('',(155.35764282701,-180.824912489,0.));
#435 = CIRCLE('',#436,1.5);
#436 = AXIS2_PLACEMENT_3D('',#437,#438,#439);
#437 = CARTESIAN_POINT('',(155.925455,-182.213289,0.));
#438 = DIRECTION('',(-0.,0.,-1.));
#439 = DIRECTION('',(-0.,-1.,0.));
#440 = ORIENTED_EDGE('',*,*,#441,.T.);
#441 = EDGE_CURVE('',#433,#422,#442,.T.);
#442 = CIRCLE('',#443,1.5);
#443 = AXIS2_PLACEMENT_3D('',#444,#445,#446);
#444 = CARTESIAN_POINT('',(155.755307,-179.378585,0.));
#445 = DIRECTION('',(-0.,0.,-1.));
#446 = DIRECTION('',(-0.,-1.,0.));
#447 = FACE_BOUND('',#448,.F.);
#448 = EDGE_LOOP('',(#449));
#449 = ORIENTED_EDGE('',*,*,#450,.T.);
#450 = EDGE_CURVE('',#451,#451,#453,.T.);
#451 = VERTEX_POINT('',#452);
#452 = CARTESIAN_POINT('',(148.21075,-175.431029,0.));
#453 = CIRCLE('',#454,1.5);
#454 = AXIS2_PLACEMENT_3D('',#455,#456,#457);
#455 = CARTESIAN_POINT('',(148.21075,-173.931029,0.));
#456 = DIRECTION('',(-0.,0.,-1.));
#457 = DIRECTION('',(-0.,-1.,0.));
#458 = FACE_BOUND('',#459,.F.);
#459 = EDGE_LOOP('',(#460));
#460 = ORIENTED_EDGE('',*,*,#461,.T.);
#461 = EDGE_CURVE('',#462,#462,#464,.T.);
#462 = VERTEX_POINT('',#463);
#463 = CARTESIAN_POINT('',(153.640877,-174.836285,0.));
#464 = CIRCLE('',#465,1.5);
#465 = AXIS2_PLACEMENT_3D('',#466,#467,#468);
#466 = CARTESIAN_POINT('',(153.640877,-173.336285,0.));
#467 = DIRECTION('',(-0.,0.,-1.));
#468 = DIRECTION('',(-0.,-1.,0.));
#469 = FACE_BOUND('',#470,.F.);
#470 = EDGE_LOOP('',(#471,#482,#491));
#471 = ORIENTED_EDGE('',*,*,#472,.T.);
#472 = EDGE_CURVE('',#473,#475,#477,.T.);
#473 = VERTEX_POINT('',#474);
#474 = CARTESIAN_POINT('',(156.23027356105,-177.2412516391,0.));
#475 = VERTEX_POINT('',#476);
#476 = CARTESIAN_POINT('',(155.585159,-177.49388,0.));
#477 = CIRCLE('',#478,0.95);
#478 = AXIS2_PLACEMENT_3D('',#479,#480,#481);
#479 = CARTESIAN_POINT('',(155.585159,-176.54388,0.));
#480 = DIRECTION('',(-0.,0.,-1.));
#481 = DIRECTION('',(2.991758887411E-14,-1.,-0.));
#482 = ORIENTED_EDGE('',*,*,#483,.T.);
#483 = EDGE_CURVE('',#475,#484,#486,.T.);
#484 = VERTEX_POINT('',#485);
#485 = CARTESIAN_POINT('',(155.30377543894,-175.6365083608,0.));
#486 = CIRCLE('',#487,0.95);
#487 = AXIS2_PLACEMENT_3D('',#488,#489,#490);
#488 = CARTESIAN_POINT('',(155.585159,-176.54388,0.));
#489 = DIRECTION('',(-0.,0.,-1.));
#490 = DIRECTION('',(2.991758887411E-14,-1.,-0.));
#491 = ORIENTED_EDGE('',*,*,#492,.T.);
#492 = EDGE_CURVE('',#484,#473,#493,.T.);
#493 = CIRCLE('',#494,0.95);
#494 = AXIS2_PLACEMENT_3D('',#495,#496,#497);
#495 = CARTESIAN_POINT('',(155.94889,-176.33388,0.));
#496 = DIRECTION('',(-0.,0.,-1.));
#497 = DIRECTION('',(-0.,-1.,0.));
#498 = FACE_BOUND('',#499,.F.);
#499 = EDGE_LOOP('',(#500,#511,#520));
#500 = ORIENTED_EDGE('',*,*,#501,.T.);
#501 = EDGE_CURVE('',#502,#504,#506,.T.);
#502 = VERTEX_POINT('',#503);
#503 = CARTESIAN_POINT('',(165.523158,-173.204585,0.));
#504 = VERTEX_POINT('',#505);
#505 = CARTESIAN_POINT('',(165.4862070555,-171.305303889,0.));
#506 = CIRCLE('',#507,0.95);
#507 = AXIS2_PLACEMENT_3D('',#508,#509,#510);
#508 = CARTESIAN_POINT('',(165.523158,-172.254585,0.));
#509 = DIRECTION('',(-0.,0.,-1.));
#510 = DIRECTION('',(-2.991758887411E-14,-1.,0.));
#511 = ORIENTED_EDGE('',*,*,#512,.T.);
#512 = EDGE_CURVE('',#504,#513,#515,.T.);
#513 = VERTEX_POINT('',#514);
#514 = CARTESIAN_POINT('',(165.96579794449,-173.095162111,0.));
#515 = CIRCLE('',#516,0.95);
#516 = AXIS2_PLACEMENT_3D('',#517,#518,#519);
#517 = CARTESIAN_POINT('',(165.928847,-172.145881,0.));
#518 = DIRECTION('',(-0.,0.,-1.));
#519 = DIRECTION('',(-2.991758887411E-14,-1.,0.));
#520 = ORIENTED_EDGE('',*,*,#521,.T.);
#521 = EDGE_CURVE('',#513,#502,#522,.T.);
#522 = CIRCLE('',#523,0.95);
#523 = AXIS2_PLACEMENT_3D('',#524,#525,#526);
#524 = CARTESIAN_POINT('',(165.523158,-172.254585,0.));
#525 = DIRECTION('',(-0.,0.,-1.));
#526 = DIRECTION('',(-2.991758887411E-14,-1.,0.));
#527 = FACE_BOUND('',#528,.F.);
#528 = EDGE_LOOP('',(#529,#540,#549,#558));
#529 = ORIENTED_EDGE('',*,*,#530,.T.);
#530 = EDGE_CURVE('',#531,#533,#535,.T.);
#531 = VERTEX_POINT('',#532);
#532 = CARTESIAN_POINT('',(168.39320068981,-175.6538658298,0.));
#533 = VERTEX_POINT('',#534);
#534 = CARTESIAN_POINT('',(167.812973,-175.770632,0.));
#535 = CIRCLE('',#536,1.5);
#536 = AXIS2_PLACEMENT_3D('',#537,#538,#539);
#537 = CARTESIAN_POINT('',(167.812973,-174.270632,0.));
#538 = DIRECTION('',(-0.,0.,-1.));
#539 = DIRECTION('',(-0.,-1.,0.));
#540 = ORIENTED_EDGE('',*,*,#541,.T.);
#541 = EDGE_CURVE('',#533,#542,#544,.T.);
#542 = VERTEX_POINT('',#543);
#543 = CARTESIAN_POINT('',(169.11687131018,-175.0121501701,0.));
#544 = CIRCLE('',#545,1.5);
#545 = AXIS2_PLACEMENT_3D('',#546,#547,#548);
#546 = CARTESIAN_POINT('',(167.812973,-174.270632,0.));
#547 = DIRECTION('',(-0.,0.,-1.));
#548 = DIRECTION('',(-0.,-1.,0.));
#549 = ORIENTED_EDGE('',*,*,#550,.T.);
#550 = EDGE_CURVE('',#542,#551,#553,.T.);
#551 = VERTEX_POINT('',#552);
#552 = CARTESIAN_POINT('',(169.697099,-177.895384,0.));
#553 = CIRCLE('',#554,1.5);
#554 = AXIS2_PLACEMENT_3D('',#555,#556,#557);
#555 = CARTESIAN_POINT('',(169.697099,-176.395384,0.));
#556 = DIRECTION('',(-0.,0.,-1.));
#557 = DIRECTION('',(-0.,-1.,0.));
#558 = ORIENTED_EDGE('',*,*,#559,.T.);
#559 = EDGE_CURVE('',#551,#531,#560,.T.);
#560 = CIRCLE('',#561,1.5);
#561 = AXIS2_PLACEMENT_3D('',#562,#563,#564);
#562 = CARTESIAN_POINT('',(169.697099,-176.395384,0.));
#563 = DIRECTION('',(-0.,0.,-1.));
#564 = DIRECTION('',(-0.,-1.,0.));
#565 = FACE_BOUND('',#566,.F.);
#566 = EDGE_LOOP('',(#567,#578,#587));
#567 = ORIENTED_EDGE('',*,*,#568,.T.);
#568 = EDGE_CURVE('',#569,#571,#573,.T.);
#569 = VERTEX_POINT('',#570);
#570 = CARTESIAN_POINT('',(175.36245244996,-173.7864605502,0.));
#571 = VERTEX_POINT('',#572);
#572 = CARTESIAN_POINT('',(174.604002,-176.580583,0.));
#573 = CIRCLE('',#574,1.5);
#574 = AXIS2_PLACEMENT_3D('',#575,#576,#577);
#575 = CARTESIAN_POINT('',(174.604002,-175.080583,0.));
#576 = DIRECTION('',(-0.,0.,-1.));
#577 = DIRECTION('',(-0.,-1.,0.));
#578 = ORIENTED_EDGE('',*,*,#579,.T.);
#579 = EDGE_CURVE('',#571,#580,#582,.T.);
#580 = VERTEX_POINT('',#581);
#581 = CARTESIAN_POINT('',(174.41487755003,-173.5925534497,0.));
#582 = CIRCLE('',#583,1.5);
#583 = AXIS2_PLACEMENT_3D('',#584,#585,#586);
#584 = CARTESIAN_POINT('',(174.604002,-175.080583,0.));
#585 = DIRECTION('',(-0.,0.,-1.));
#586 = DIRECTION('',(-0.,-1.,0.));
#587 = ORIENTED_EDGE('',*,*,#588,.T.);
#588 = EDGE_CURVE('',#580,#569,#589,.T.);
#589 = CIRCLE('',#590,1.5);
#590 = AXIS2_PLACEMENT_3D('',#591,#592,#593);
#591 = CARTESIAN_POINT('',(175.173328,-172.298431,0.));
#592 = DIRECTION('',(-0.,0.,-1.));
#593 = DIRECTION('',(-0.,-1.,0.));
#594 = FACE_BOUND('',#595,.F.);
#595 = EDGE_LOOP('',(#596,#607,#615,#624));
#596 = ORIENTED_EDGE('',*,*,#597,.T.);
#597 = EDGE_CURVE('',#598,#600,#602,.T.);
#598 = VERTEX_POINT('',#599);
#599 = CARTESIAN_POINT('',(133.308,-170.97,0.));
#600 = VERTEX_POINT('',#601);
#601 = CARTESIAN_POINT('',(133.308,-171.97,0.));
#602 = CIRCLE('',#603,0.5);
#603 = AXIS2_PLACEMENT_3D('',#604,#605,#606);
#604 = CARTESIAN_POINT('',(133.308,-171.47,0.));
#605 = DIRECTION('',(-0.,0.,-1.));
#606 = DIRECTION('',(-0.,-1.,0.));
#607 = ORIENTED_EDGE('',*,*,#608,.T.);
#608 = EDGE_CURVE('',#600,#609,#611,.T.);
#609 = VERTEX_POINT('',#610);
#610 = CARTESIAN_POINT('',(132.808,-171.97,0.));
#611 = LINE('',#612,#613);
#612 = CARTESIAN_POINT('',(66.404,-171.97,0.));
#613 = VECTOR('',#614,1.);
#614 = DIRECTION('',(-1.,0.,0.));
#615 = ORIENTED_EDGE('',*,*,#616,.T.);
#616 = EDGE_CURVE('',#609,#617,#619,.T.);
#617 = VERTEX_POINT('',#618);
#618 = CARTESIAN_POINT('',(132.808,-170.97,0.));
#619 = CIRCLE('',#620,0.5);
#620 = AXIS2_PLACEMENT_3D('',#621,#622,#623);
#621 = CARTESIAN_POINT('',(132.808,-171.47,0.));
#622 = DIRECTION('',(-0.,0.,-1.));
#623 = DIRECTION('',(0.,1.,0.));
#624 = ORIENTED_EDGE('',*,*,#625,.T.);
#625 = EDGE_CURVE('',#617,#598,#626,.T.);
#626 = LINE('',#627,#628);
#627 = CARTESIAN_POINT('',(66.654,-170.97,0.));
#628 = VECTOR('',#629,1.);
#629 = DIRECTION('',(1.,0.,-0.));
#630 = FACE_BOUND('',#631,.F.);
#631 = EDGE_LOOP('',(#632));
#632 = ORIENTED_EDGE('',*,*,#633,.T.);
#633 = EDGE_CURVE('',#634,#634,#636,.T.);
#634 = VERTEX_POINT('',#635);
#635 = CARTESIAN_POINT('',(131.258,-169.97,0.));
#636 = CIRCLE('',#637,0.6);
#637 = AXIS2_PLACEMENT_3D('',#638,#639,#640);
#638 = CARTESIAN_POINT('',(131.258,-169.37,0.));
#639 = DIRECTION('',(-0.,0.,-1.));
#640 = DIRECTION('',(4.736951571734E-14,-1.,-0.));
#641 = FACE_BOUND('',#642,.F.);
#642 = EDGE_LOOP('',(#643));
#643 = ORIENTED_EDGE('',*,*,#644,.T.);
#644 = EDGE_CURVE('',#645,#645,#647,.T.);
#645 = VERTEX_POINT('',#646);
#646 = CARTESIAN_POINT('',(131.258,-168.22,0.));
#647 = CIRCLE('',#648,0.6);
#648 = AXIS2_PLACEMENT_3D('',#649,#650,#651);
#649 = CARTESIAN_POINT('',(131.258,-167.62,0.));
#650 = DIRECTION('',(-0.,0.,-1.));
#651 = DIRECTION('',(4.736951571734E-14,-1.,-0.));
#652 = FACE_BOUND('',#653,.F.);
#653 = EDGE_LOOP('',(#654,#665,#673,#682));
#654 = ORIENTED_EDGE('',*,*,#655,.T.);
#655 = EDGE_CURVE('',#656,#658,#660,.T.);
#656 = VERTEX_POINT('',#657);
#657 = CARTESIAN_POINT('',(133.308,-165.02,0.));
#658 = VERTEX_POINT('',#659);
#659 = CARTESIAN_POINT('',(133.308,-166.02,0.));
#660 = CIRCLE('',#661,0.5);
#661 = AXIS2_PLACEMENT_3D('',#662,#663,#664);
#662 = CARTESIAN_POINT('',(133.308,-165.52,0.));
#663 = DIRECTION('',(-0.,0.,-1.));
#664 = DIRECTION('',(-0.,-1.,0.));
#665 = ORIENTED_EDGE('',*,*,#666,.T.);
#666 = EDGE_CURVE('',#658,#667,#669,.T.);
#667 = VERTEX_POINT('',#668);
#668 = CARTESIAN_POINT('',(132.808,-166.02,0.));
#669 = LINE('',#670,#671);
#670 = CARTESIAN_POINT('',(66.404,-166.02,0.));
#671 = VECTOR('',#672,1.);
#672 = DIRECTION('',(-1.,0.,0.));
#673 = ORIENTED_EDGE('',*,*,#674,.T.);
#674 = EDGE_CURVE('',#667,#675,#677,.T.);
#675 = VERTEX_POINT('',#676);
#676 = CARTESIAN_POINT('',(132.808,-165.02,0.));
#677 = CIRCLE('',#678,0.5);
#678 = AXIS2_PLACEMENT_3D('',#679,#680,#681);
#679 = CARTESIAN_POINT('',(132.808,-165.52,0.));
#680 = DIRECTION('',(-0.,0.,-1.));
#681 = DIRECTION('',(0.,1.,0.));
#682 = ORIENTED_EDGE('',*,*,#683,.T.);
#683 = EDGE_CURVE('',#675,#656,#684,.T.);
#684 = LINE('',#685,#686);
#685 = CARTESIAN_POINT('',(66.654,-165.02,0.));
#686 = VECTOR('',#687,1.);
#687 = DIRECTION('',(1.,0.,-0.));
#688 = FACE_BOUND('',#689,.F.);
#689 = EDGE_LOOP('',(#690,#701,#709,#718));
#690 = ORIENTED_EDGE('',*,*,#691,.T.);
#691 = EDGE_CURVE('',#692,#694,#696,.T.);
#692 = VERTEX_POINT('',#693);
#693 = CARTESIAN_POINT('',(136.308,-170.97,0.));
#694 = VERTEX_POINT('',#695);
#695 = CARTESIAN_POINT('',(136.308,-171.97,0.));
#696 = CIRCLE('',#697,0.5);
#697 = AXIS2_PLACEMENT_3D('',#698,#699,#700);
#698 = CARTESIAN_POINT('',(136.308,-171.47,0.));
#699 = DIRECTION('',(-0.,0.,-1.));
#700 = DIRECTION('',(-0.,-1.,0.));
#701 = ORIENTED_EDGE('',*,*,#702,.T.);
#702 = EDGE_CURVE('',#694,#703,#705,.T.);
#703 = VERTEX_POINT('',#704);
#704 = CARTESIAN_POINT('',(135.808,-171.97,0.));
#705 = LINE('',#706,#707);
#706 = CARTESIAN_POINT('',(67.904,-171.97,0.));
#707 = VECTOR('',#708,1.);
#708 = DIRECTION('',(-1.,0.,0.));
#709 = ORIENTED_EDGE('',*,*,#710,.T.);
#710 = EDGE_CURVE('',#703,#711,#713,.T.);
#711 = VERTEX_POINT('',#712);
#712 = CARTESIAN_POINT('',(135.808,-170.97,0.));
#713 = CIRCLE('',#714,0.5);
#714 = AXIS2_PLACEMENT_3D('',#715,#716,#717);
#715 = CARTESIAN_POINT('',(135.808,-171.47,0.));
#716 = DIRECTION('',(-0.,0.,-1.));
#717 = DIRECTION('',(0.,1.,0.));
#718 = ORIENTED_EDGE('',*,*,#719,.T.);
#719 = EDGE_CURVE('',#711,#692,#720,.T.);
#720 = LINE('',#721,#722);
#721 = CARTESIAN_POINT('',(68.154,-170.97,0.));
#722 = VECTOR('',#723,1.);
#723 = DIRECTION('',(1.,0.,-0.));
#724 = FACE_BOUND('',#725,.F.);
#725 = EDGE_LOOP('',(#726,#737,#745,#754));
#726 = ORIENTED_EDGE('',*,*,#727,.T.);
#727 = EDGE_CURVE('',#728,#730,#732,.T.);
#728 = VERTEX_POINT('',#729);
#729 = CARTESIAN_POINT('',(140.308,-170.97,0.));
#730 = VERTEX_POINT('',#731);
#731 = CARTESIAN_POINT('',(140.308,-171.97,0.));
#732 = CIRCLE('',#733,0.5);
#733 = AXIS2_PLACEMENT_3D('',#734,#735,#736);
#734 = CARTESIAN_POINT('',(140.308,-171.47,0.));
#735 = DIRECTION('',(-0.,0.,-1.));
#736 = DIRECTION('',(-0.,-1.,0.));
#737 = ORIENTED_EDGE('',*,*,#738,.T.);
#738 = EDGE_CURVE('',#730,#739,#741,.T.);
#739 = VERTEX_POINT('',#740);
#740 = CARTESIAN_POINT('',(139.808,-171.97,0.));
#741 = LINE('',#742,#743);
#742 = CARTESIAN_POINT('',(69.904,-171.97,0.));
#743 = VECTOR('',#744,1.);
#744 = DIRECTION('',(-1.,0.,0.));
#745 = ORIENTED_EDGE('',*,*,#746,.T.);
#746 = EDGE_CURVE('',#739,#747,#749,.T.);
#747 = VERTEX_POINT('',#748);
#748 = CARTESIAN_POINT('',(139.808,-170.97,0.));
#749 = CIRCLE('',#750,0.5);
#750 = AXIS2_PLACEMENT_3D('',#751,#752,#753);
#751 = CARTESIAN_POINT('',(139.808,-171.47,0.));
#752 = DIRECTION('',(-0.,0.,-1.));
#753 = DIRECTION('',(0.,1.,0.));
#754 = ORIENTED_EDGE('',*,*,#755,.T.);
#755 = EDGE_CURVE('',#747,#728,#756,.T.);
#756 = LINE('',#757,#758);
#757 = CARTESIAN_POINT('',(70.154,-170.97,0.));
#758 = VECTOR('',#759,1.);
#759 = DIRECTION('',(1.,0.,-0.));
#760 = FACE_BOUND('',#761,.F.);
#761 = EDGE_LOOP('',(#762));
#762 = ORIENTED_EDGE('',*,*,#763,.T.);
#763 = EDGE_CURVE('',#764,#764,#766,.T.);
#764 = VERTEX_POINT('',#765);
#765 = CARTESIAN_POINT('',(138.258,-169.97,0.));
#766 = CIRCLE('',#767,0.6);
#767 = AXIS2_PLACEMENT_3D('',#768,#769,#770);
#768 = CARTESIAN_POINT('',(138.258,-169.37,0.));
#769 = DIRECTION('',(-0.,0.,-1.));
#770 = DIRECTION('',(4.736951571734E-14,-1.,-0.));
#771 = FACE_BOUND('',#772,.F.);
#772 = EDGE_LOOP('',(#773,#784,#792,#801));
#773 = ORIENTED_EDGE('',*,*,#774,.T.);
#774 = EDGE_CURVE('',#775,#777,#779,.T.);
#775 = VERTEX_POINT('',#776);
#776 = CARTESIAN_POINT('',(141.808,-169.22,0.));
#777 = VERTEX_POINT('',#778);
#778 = CARTESIAN_POINT('',(141.808,-170.22,0.));
#779 = CIRCLE('',#780,0.5);
#780 = AXIS2_PLACEMENT_3D('',#781,#782,#783);
#781 = CARTESIAN_POINT('',(141.808,-169.72,0.));
#782 = DIRECTION('',(-0.,0.,-1.));
#783 = DIRECTION('',(-0.,-1.,0.));
#784 = ORIENTED_EDGE('',*,*,#785,.T.);
#785 = EDGE_CURVE('',#777,#786,#788,.T.);
#786 = VERTEX_POINT('',#787);
#787 = CARTESIAN_POINT('',(141.308,-170.22,0.));
#788 = LINE('',#789,#790);
#789 = CARTESIAN_POINT('',(70.654,-170.22,0.));
#790 = VECTOR('',#791,1.);
#791 = DIRECTION('',(-1.,0.,0.));
#792 = ORIENTED_EDGE('',*,*,#793,.T.);
#793 = EDGE_CURVE('',#786,#794,#796,.T.);
#794 = VERTEX_POINT('',#795);
#795 = CARTESIAN_POINT('',(141.308,-169.22,0.));
#796 = CIRCLE('',#797,0.5);
#797 = AXIS2_PLACEMENT_3D('',#798,#799,#800);
#798 = CARTESIAN_POINT('',(141.308,-169.72,0.));
#799 = DIRECTION('',(-0.,0.,-1.));
#800 = DIRECTION('',(0.,1.,0.));
#801 = ORIENTED_EDGE('',*,*,#802,.T.);
#802 = EDGE_CURVE('',#794,#775,#803,.T.);
#803 = LINE('',#804,#805);
#804 = CARTESIAN_POINT('',(70.904,-169.22,0.));
#805 = VECTOR('',#806,1.);
#806 = DIRECTION('',(1.,0.,-0.));
#807 = FACE_BOUND('',#808,.F.);
#808 = EDGE_LOOP('',(#809));
#809 = ORIENTED_EDGE('',*,*,#810,.T.);
#810 = EDGE_CURVE('',#811,#811,#813,.T.);
#811 = VERTEX_POINT('',#812);
#812 = CARTESIAN_POINT('',(138.258,-168.22,0.));
#813 = CIRCLE('',#814,0.6);
#814 = AXIS2_PLACEMENT_3D('',#815,#816,#817);
#815 = CARTESIAN_POINT('',(138.258,-167.62,0.));
#816 = DIRECTION('',(-0.,0.,-1.));
#817 = DIRECTION('',(4.736951571734E-14,-1.,-0.));
#818 = FACE_BOUND('',#819,.F.);
#819 = EDGE_LOOP('',(#820,#831,#839,#848));
#820 = ORIENTED_EDGE('',*,*,#821,.T.);
#821 = EDGE_CURVE('',#822,#824,#826,.T.);
#822 = VERTEX_POINT('',#823);
#823 = CARTESIAN_POINT('',(136.308,-165.02,0.));
#824 = VERTEX_POINT('',#825);
#825 = CARTESIAN_POINT('',(136.308,-166.02,0.));
#826 = CIRCLE('',#827,0.5);
#827 = AXIS2_PLACEMENT_3D('',#828,#829,#830);
#828 = CARTESIAN_POINT('',(136.308,-165.52,0.));
#829 = DIRECTION('',(-0.,0.,-1.));
#830 = DIRECTION('',(-0.,-1.,0.));
#831 = ORIENTED_EDGE('',*,*,#832,.T.);
#832 = EDGE_CURVE('',#824,#833,#835,.T.);
#833 = VERTEX_POINT('',#834);
#834 = CARTESIAN_POINT('',(135.808,-166.02,0.));
#835 = LINE('',#836,#837);
#836 = CARTESIAN_POINT('',(67.904,-166.02,0.));
#837 = VECTOR('',#838,1.);
#838 = DIRECTION('',(-1.,0.,0.));
#839 = ORIENTED_EDGE('',*,*,#840,.T.);
#840 = EDGE_CURVE('',#833,#841,#843,.T.);
#841 = VERTEX_POINT('',#842);
#842 = CARTESIAN_POINT('',(135.808,-165.02,0.));
#843 = CIRCLE('',#844,0.5);
#844 = AXIS2_PLACEMENT_3D('',#845,#846,#847);
#845 = CARTESIAN_POINT('',(135.808,-165.52,0.));
#846 = DIRECTION('',(-0.,0.,-1.));
#847 = DIRECTION('',(0.,1.,0.));
#848 = ORIENTED_EDGE('',*,*,#849,.T.);
#849 = EDGE_CURVE('',#841,#822,#850,.T.);
#850 = LINE('',#851,#852);
#851 = CARTESIAN_POINT('',(68.154,-165.02,0.));
#852 = VECTOR('',#853,1.);
#853 = DIRECTION('',(1.,0.,-0.));
#854 = FACE_BOUND('',#855,.F.);
#855 = EDGE_LOOP('',(#856,#867,#875,#884));
#856 = ORIENTED_EDGE('',*,*,#857,.T.);
#857 = EDGE_CURVE('',#858,#860,#862,.T.);
#858 = VERTEX_POINT('',#859);
#859 = CARTESIAN_POINT('',(140.308,-165.02,0.));
#860 = VERTEX_POINT('',#861);
#861 = CARTESIAN_POINT('',(140.308,-166.02,0.));
#862 = CIRCLE('',#863,0.5);
#863 = AXIS2_PLACEMENT_3D('',#864,#865,#866);
#864 = CARTESIAN_POINT('',(140.308,-165.52,0.));
#865 = DIRECTION('',(-0.,0.,-1.));
#866 = DIRECTION('',(-0.,-1.,0.));
#867 = ORIENTED_EDGE('',*,*,#868,.T.);
#868 = EDGE_CURVE('',#860,#869,#871,.T.);
#869 = VERTEX_POINT('',#870);
#870 = CARTESIAN_POINT('',(139.808,-166.02,0.));
#871 = LINE('',#872,#873);
#872 = CARTESIAN_POINT('',(69.904,-166.02,0.));
#873 = VECTOR('',#874,1.);
#874 = DIRECTION('',(-1.,0.,0.));
#875 = ORIENTED_EDGE('',*,*,#876,.T.);
#876 = EDGE_CURVE('',#869,#877,#879,.T.);
#877 = VERTEX_POINT('',#878);
#878 = CARTESIAN_POINT('',(139.808,-165.02,0.));
#879 = CIRCLE('',#880,0.5);
#880 = AXIS2_PLACEMENT_3D('',#881,#882,#883);
#881 = CARTESIAN_POINT('',(139.808,-165.52,0.));
#882 = DIRECTION('',(-0.,0.,-1.));
#883 = DIRECTION('',(0.,1.,0.));
#884 = ORIENTED_EDGE('',*,*,#885,.T.);
#885 = EDGE_CURVE('',#877,#858,#886,.T.);
#886 = LINE('',#887,#888);
#887 = CARTESIAN_POINT('',(70.154,-165.02,0.));
#888 = VECTOR('',#889,1.);
#889 = DIRECTION('',(1.,0.,-0.));
#890 = FACE_BOUND('',#891,.F.);
#891 = EDGE_LOOP('',(#892,#903,#911,#920));
#892 = ORIENTED_EDGE('',*,*,#893,.T.);
#893 = EDGE_CURVE('',#894,#896,#898,.T.);
#894 = VERTEX_POINT('',#895);
#895 = CARTESIAN_POINT('',(141.808,-166.77,0.));
#896 = VERTEX_POINT('',#897);
#897 = CARTESIAN_POINT('',(141.808,-167.77,0.));
#898 = CIRCLE('',#899,0.5);
#899 = AXIS2_PLACEMENT_3D('',#900,#901,#902);
#900 = CARTESIAN_POINT('',(141.808,-167.27,0.));
#901 = DIRECTION('',(-0.,0.,-1.));
#902 = DIRECTION('',(-0.,-1.,0.));
#903 = ORIENTED_EDGE('',*,*,#904,.T.);
#904 = EDGE_CURVE('',#896,#905,#907,.T.);
#905 = VERTEX_POINT('',#906);
#906 = CARTESIAN_POINT('',(141.308,-167.77,0.));
#907 = LINE('',#908,#909);
#908 = CARTESIAN_POINT('',(70.654,-167.77,0.));
#909 = VECTOR('',#910,1.);
#910 = DIRECTION('',(-1.,0.,0.));
#911 = ORIENTED_EDGE('',*,*,#912,.T.);
#912 = EDGE_CURVE('',#905,#913,#915,.T.);
#913 = VERTEX_POINT('',#914);
#914 = CARTESIAN_POINT('',(141.308,-166.77,0.));
#915 = CIRCLE('',#916,0.5);
#916 = AXIS2_PLACEMENT_3D('',#917,#918,#919);
#917 = CARTESIAN_POINT('',(141.308,-167.27,0.));
#918 = DIRECTION('',(-0.,0.,-1.));
#919 = DIRECTION('',(0.,1.,0.));
#920 = ORIENTED_EDGE('',*,*,#921,.T.);
#921 = EDGE_CURVE('',#913,#894,#922,.T.);
#922 = LINE('',#923,#924);
#923 = CARTESIAN_POINT('',(70.904,-166.77,0.));
#924 = VECTOR('',#925,1.);
#925 = DIRECTION('',(1.,0.,-0.));
#926 = FACE_BOUND('',#927,.F.);
#927 = EDGE_LOOP('',(#928,#939,#947,#956));
#928 = ORIENTED_EDGE('',*,*,#929,.T.);
#929 = EDGE_CURVE('',#930,#932,#934,.T.);
#930 = VERTEX_POINT('',#931);
#931 = CARTESIAN_POINT('',(145.172,-159.052,0.));
#932 = VERTEX_POINT('',#933);
#933 = CARTESIAN_POINT('',(145.172,-160.552,0.));
#934 = CIRCLE('',#935,0.75);
#935 = AXIS2_PLACEMENT_3D('',#936,#937,#938);
#936 = CARTESIAN_POINT('',(145.172,-159.802,0.));
#937 = DIRECTION('',(-0.,0.,-1.));
#938 = DIRECTION('',(-0.,-1.,0.));
#939 = ORIENTED_EDGE('',*,*,#940,.T.);
#940 = EDGE_CURVE('',#932,#941,#943,.T.);
#941 = VERTEX_POINT('',#942);
#942 = CARTESIAN_POINT('',(143.872,-160.552,0.));
#943 = LINE('',#944,#945);
#944 = CARTESIAN_POINT('',(71.936,-160.552,0.));
#945 = VECTOR('',#946,1.);
#946 = DIRECTION('',(-1.,0.,0.));
#947 = ORIENTED_EDGE('',*,*,#948,.T.);
#948 = EDGE_CURVE('',#941,#949,#951,.T.);
#949 = VERTEX_POINT('',#950);
#950 = CARTESIAN_POINT('',(143.872,-159.052,0.));
#951 = CIRCLE('',#952,0.75);
#952 = AXIS2_PLACEMENT_3D('',#953,#954,#955);
#953 = CARTESIAN_POINT('',(143.872,-159.802,0.));
#954 = DIRECTION('',(-0.,0.,-1.));
#955 = DIRECTION('',(0.,1.,0.));
#956 = ORIENTED_EDGE('',*,*,#957,.T.);
#957 = EDGE_CURVE('',#949,#930,#958,.T.);
#958 = LINE('',#959,#960);
#959 = CARTESIAN_POINT('',(72.586,-159.052,0.));
#960 = VECTOR('',#961,1.);
#961 = DIRECTION('',(1.,0.,-0.));
#962 = FACE_BOUND('',#963,.F.);
#963 = EDGE_LOOP('',(#964));
#964 = ORIENTED_EDGE('',*,*,#965,.T.);
#965 = EDGE_CURVE('',#966,#966,#968,.T.);
#966 = VERTEX_POINT('',#967);
#967 = CARTESIAN_POINT('',(137.022,-157.202,0.));
#968 = CIRCLE('',#969,0.5);
#969 = AXIS2_PLACEMENT_3D('',#970,#971,#972);
#970 = CARTESIAN_POINT('',(137.022,-156.702,0.));
#971 = DIRECTION('',(-0.,0.,-1.));
#972 = DIRECTION('',(-0.,-1.,0.));
#973 = FACE_BOUND('',#974,.F.);
#974 = EDGE_LOOP('',(#975));
#975 = ORIENTED_EDGE('',*,*,#976,.T.);
#976 = EDGE_CURVE('',#977,#977,#979,.T.);
#977 = VERTEX_POINT('',#978);
#978 = CARTESIAN_POINT('',(137.022,-154.702,0.));
#979 = CIRCLE('',#980,0.5);
#980 = AXIS2_PLACEMENT_3D('',#981,#982,#983);
#981 = CARTESIAN_POINT('',(137.022,-154.202,0.));
#982 = DIRECTION('',(-0.,0.,-1.));
#983 = DIRECTION('',(-0.,-1.,0.));
#984 = FACE_BOUND('',#985,.F.);
#985 = EDGE_LOOP('',(#986));
#986 = ORIENTED_EDGE('',*,*,#987,.T.);
#987 = EDGE_CURVE('',#988,#988,#990,.T.);
#988 = VERTEX_POINT('',#989);
#989 = CARTESIAN_POINT('',(137.022,-152.202,0.));
#990 = CIRCLE('',#991,0.5);
#991 = AXIS2_PLACEMENT_3D('',#992,#993,#994);
#992 = CARTESIAN_POINT('',(137.022,-151.702,0.));
#993 = DIRECTION('',(-0.,0.,-1.));
#994 = DIRECTION('',(-0.,-1.,0.));
#995 = FACE_BOUND('',#996,.F.);
#996 = EDGE_LOOP('',(#997,#1008,#1016,#1025));
#997 = ORIENTED_EDGE('',*,*,#998,.T.);
#998 = EDGE_CURVE('',#999,#1001,#1003,.T.);
#999 = VERTEX_POINT('',#1000);
#1000 = CARTESIAN_POINT('',(145.172,-147.852,0.));
#1001 = VERTEX_POINT('',#1002);
#1002 = CARTESIAN_POINT('',(145.172,-149.352,0.));
#1003 = CIRCLE('',#1004,0.75);
#1004 = AXIS2_PLACEMENT_3D('',#1005,#1006,#1007);
#1005 = CARTESIAN_POINT('',(145.172,-148.602,0.));
#1006 = DIRECTION('',(-0.,0.,-1.));
#1007 = DIRECTION('',(-0.,-1.,0.));
#1008 = ORIENTED_EDGE('',*,*,#1009,.T.);
#1009 = EDGE_CURVE('',#1001,#1010,#1012,.T.);
#1010 = VERTEX_POINT('',#1011);
#1011 = CARTESIAN_POINT('',(143.872,-149.352,0.));
#1012 = LINE('',#1013,#1014);
#1013 = CARTESIAN_POINT('',(71.936,-149.352,0.));
#1014 = VECTOR('',#1015,1.);
#1015 = DIRECTION('',(-1.,0.,0.));
#1016 = ORIENTED_EDGE('',*,*,#1017,.T.);
#1017 = EDGE_CURVE('',#1010,#1018,#1020,.T.);
#1018 = VERTEX_POINT('',#1019);
#1019 = CARTESIAN_POINT('',(143.872,-147.852,0.));
#1020 = CIRCLE('',#1021,0.75);
#1021 = AXIS2_PLACEMENT_3D('',#1022,#1023,#1024);
#1022 = CARTESIAN_POINT('',(143.872,-148.602,0.));
#1023 = DIRECTION('',(-0.,0.,-1.));
#1024 = DIRECTION('',(0.,1.,0.));
#1025 = ORIENTED_EDGE('',*,*,#1026,.T.);
#1026 = EDGE_CURVE('',#1018,#999,#1027,.T.);
#1027 = LINE('',#1028,#1029);
#1028 = CARTESIAN_POINT('',(72.586,-147.852,0.));
#1029 = VECTOR('',#1030,1.);
#1030 = DIRECTION('',(1.,0.,-0.));
#1031 = FACE_BOUND('',#1032,.F.);
#1032 = EDGE_LOOP('',(#1033));
#1033 = ORIENTED_EDGE('',*,*,#1034,.T.);
#1034 = EDGE_CURVE('',#1035,#1035,#1037,.T.);
#1035 = VERTEX_POINT('',#1036);
#1036 = CARTESIAN_POINT('',(151.522,-157.202,0.));
#1037 = CIRCLE('',#1038,0.5);
#1038 = AXIS2_PLACEMENT_3D('',#1039,#1040,#1041);
#1039 = CARTESIAN_POINT('',(151.522,-156.702,0.));
#1040 = DIRECTION('',(-0.,0.,-1.));
#1041 = DIRECTION('',(-0.,-1.,0.));
#1042 = FACE_BOUND('',#1043,.F.);
#1043 = EDGE_LOOP('',(#1044));
#1044 = ORIENTED_EDGE('',*,*,#1045,.T.);
#1045 = EDGE_CURVE('',#1046,#1046,#1048,.T.);
#1046 = VERTEX_POINT('',#1047);
#1047 = CARTESIAN_POINT('',(151.522,-152.202,0.));
#1048 = CIRCLE('',#1049,0.5);
#1049 = AXIS2_PLACEMENT_3D('',#1050,#1051,#1052);
#1050 = CARTESIAN_POINT('',(151.522,-151.702,0.));
#1051 = DIRECTION('',(-0.,0.,-1.));
#1052 = DIRECTION('',(-0.,-1.,0.));
#1053 = FACE_BOUND('',#1054,.F.);
#1054 = EDGE_LOOP('',(#1055));
#1055 = ORIENTED_EDGE('',*,*,#1056,.T.);
#1056 = EDGE_CURVE('',#1057,#1057,#1059,.T.);
#1057 = VERTEX_POINT('',#1058);
#1058 = CARTESIAN_POINT('',(170.83575,-173.33108,0.));
#1059 = CIRCLE('',#1060,2.5);
#1060 = AXIS2_PLACEMENT_3D('',#1061,#1062,#1063);
#1061 = CARTESIAN_POINT('',(170.83575,-170.83108,0.));
#1062 = DIRECTION('',(-0.,0.,-1.));
#1063 = DIRECTION('',(-0.,-1.,0.));
#1064 = FACE_BOUND('',#1065,.F.);
#1065 = EDGE_LOOP('',(#1066));
#1066 = ORIENTED_EDGE('',*,*,#1067,.T.);
#1067 = EDGE_CURVE('',#1068,#1068,#1070,.T.);
#1068 = VERTEX_POINT('',#1069);
#1069 = CARTESIAN_POINT('',(165.035549,-170.002953,0.));
#1070 = CIRCLE('',#1071,1.5);
#1071 = AXIS2_PLACEMENT_3D('',#1072,#1073,#1074);
#1072 = CARTESIAN_POINT('',(165.035549,-168.502953,0.));
#1073 = DIRECTION('',(-0.,0.,-1.));
#1074 = DIRECTION('',(-0.,-1.,0.));
#1075 = FACE_BOUND('',#1076,.F.);
#1076 = EDGE_LOOP('',(#1077,#1088,#1097));
#1077 = ORIENTED_EDGE('',*,*,#1078,.T.);
#1078 = EDGE_CURVE('',#1079,#1081,#1083,.T.);
#1079 = VERTEX_POINT('',#1080);
#1080 = CARTESIAN_POINT('',(176.18529294449,-170.356856111,0.));
#1081 = VERTEX_POINT('',#1082);
#1082 = CARTESIAN_POINT('',(175.742653,-170.466279,0.));
#1083 = CIRCLE('',#1084,0.95);
#1084 = AXIS2_PLACEMENT_3D('',#1085,#1086,#1087);
#1085 = CARTESIAN_POINT('',(175.742653,-169.516279,0.));
#1086 = DIRECTION('',(-0.,0.,-1.));
#1087 = DIRECTION('',(-2.991758887411E-14,-1.,0.));
#1088 = ORIENTED_EDGE('',*,*,#1089,.T.);
#1089 = EDGE_CURVE('',#1081,#1090,#1092,.T.);
#1090 = VERTEX_POINT('',#1091);
#1091 = CARTESIAN_POINT('',(175.7057020555,-168.566997889,0.));
#1092 = CIRCLE('',#1093,0.95);
#1093 = AXIS2_PLACEMENT_3D('',#1094,#1095,#1096);
#1094 = CARTESIAN_POINT('',(175.742653,-169.516279,0.));
#1095 = DIRECTION('',(-0.,0.,-1.));
#1096 = DIRECTION('',(-2.991758887411E-14,-1.,0.));
#1097 = ORIENTED_EDGE('',*,*,#1098,.T.);
#1098 = EDGE_CURVE('',#1090,#1079,#1099,.T.);
#1099 = CIRCLE('',#1100,0.95);
#1100 = AXIS2_PLACEMENT_3D('',#1101,#1102,#1103);
#1101 = CARTESIAN_POINT('',(176.148342,-169.407575,0.));
#1102 = DIRECTION('',(-0.,0.,-1.));
#1103 = DIRECTION('',(-0.,-1.,0.));
#1104 = FACE_BOUND('',#1105,.F.);
#1105 = EDGE_LOOP('',(#1106));
#1106 = ORIENTED_EDGE('',*,*,#1107,.T.);
#1107 = EDGE_CURVE('',#1108,#1108,#1110,.T.);
#1108 = VERTEX_POINT('',#1109);
#1109 = CARTESIAN_POINT('',(174.694808,-167.414763,0.));
#1110 = CIRCLE('',#1111,1.5);
#1111 = AXIS2_PLACEMENT_3D('',#1112,#1113,#1114);
#1112 = CARTESIAN_POINT('',(174.694808,-165.914763,0.));
#1113 = DIRECTION('',(-0.,0.,-1.));
#1114 = DIRECTION('',(-0.,-1.,0.));
#1115 = FACE_BOUND('',#1116,.F.);
#1116 = EDGE_LOOP('',(#1117));
#1117 = ORIENTED_EDGE('',*,*,#1118,.T.);
#1118 = EDGE_CURVE('',#1119,#1119,#1121,.T.);
#1119 = VERTEX_POINT('',#1120);
#1120 = CARTESIAN_POINT('',(169.295777,-166.583821,0.));
#1121 = CIRCLE('',#1122,1.5);
#1122 = AXIS2_PLACEMENT_3D('',#1123,#1124,#1125);
#1123 = CARTESIAN_POINT('',(169.295777,-165.083821,0.));
#1124 = DIRECTION('',(-0.,0.,-1.));
#1125 = DIRECTION('',(-0.,-1.,0.));
#1126 = FACE_BOUND('',#1127,.F.);
#1127 = EDGE_LOOP('',(#1128,#1139,#1148,#1157));
#1128 = ORIENTED_EDGE('',*,*,#1129,.T.);
#1129 = EDGE_CURVE('',#1130,#1132,#1134,.T.);
#1130 = VERTEX_POINT('',#1131);
#1131 = CARTESIAN_POINT('',(188.34244942492,-171.9762752875,0.));
#1132 = VERTEX_POINT('',#1133);
#1133 = CARTESIAN_POINT('',(188.14,-171.99,0.));
#1134 = CIRCLE('',#1135,1.5);
#1135 = AXIS2_PLACEMENT_3D('',#1136,#1137,#1138);
#1136 = CARTESIAN_POINT('',(188.14,-170.49,0.));
#1137 = DIRECTION('',(-0.,0.,-1.));
#1138 = DIRECTION('',(-0.,-1.,0.));
#1139 = ORIENTED_EDGE('',*,*,#1140,.T.);
#1140 = EDGE_CURVE('',#1132,#1141,#1143,.T.);
#1141 = VERTEX_POINT('',#1142);
#1142 = CARTESIAN_POINT('',(189.20755057507,-171.5437247124,0.));
#1143 = CIRCLE('',#1144,1.5);
#1144 = AXIS2_PLACEMENT_3D('',#1145,#1146,#1147);
#1145 = CARTESIAN_POINT('',(188.14,-170.49,0.));
#1146 = DIRECTION('',(-0.,0.,-1.));
#1147 = DIRECTION('',(-0.,-1.,0.));
#1148 = ORIENTED_EDGE('',*,*,#1149,.T.);
#1149 = EDGE_CURVE('',#1141,#1150,#1152,.T.);
#1150 = VERTEX_POINT('',#1151);
#1151 = CARTESIAN_POINT('',(189.41,-174.53,0.));
#1152 = CIRCLE('',#1153,1.5);
#1153 = AXIS2_PLACEMENT_3D('',#1154,#1155,#1156);
#1154 = CARTESIAN_POINT('',(189.41,-173.03,0.));
#1155 = DIRECTION('',(-0.,0.,-1.));
#1156 = DIRECTION('',(-0.,-1.,0.));
#1157 = ORIENTED_EDGE('',*,*,#1158,.T.);
#1158 = EDGE_CURVE('',#1150,#1130,#1159,.T.);
#1159 = CIRCLE('',#1160,1.5);
#1160 = AXIS2_PLACEMENT_3D('',#1161,#1162,#1163);
#1161 = CARTESIAN_POINT('',(189.41,-173.03,0.));
#1162 = DIRECTION('',(-0.,0.,-1.));
#1163 = DIRECTION('',(-0.,-1.,0.));
#1164 = FACE_BOUND('',#1165,.F.);
#1165 = EDGE_LOOP('',(#1166,#1177,#1186,#1195));
#1166 = ORIENTED_EDGE('',*,*,#1167,.T.);
#1167 = EDGE_CURVE('',#1168,#1170,#1172,.T.);
#1168 = VERTEX_POINT('',#1169);
#1169 = CARTESIAN_POINT('',(186.66,-167.0235012142,0.));
#1170 = VERTEX_POINT('',#1171);
#1171 = CARTESIAN_POINT('',(186.87,-168.9,0.));
#1172 = CIRCLE('',#1173,0.95);
#1173 = AXIS2_PLACEMENT_3D('',#1174,#1175,#1176);
#1174 = CARTESIAN_POINT('',(186.87,-167.95,0.));
#1175 = DIRECTION('',(-0.,0.,-1.));
#1176 = DIRECTION('',(-0.,-1.,0.));
#1177 = ORIENTED_EDGE('',*,*,#1178,.T.);
#1178 = EDGE_CURVE('',#1170,#1179,#1181,.T.);
#1179 = VERTEX_POINT('',#1180);
#1180 = CARTESIAN_POINT('',(186.66,-168.8764987857,0.));
#1181 = CIRCLE('',#1182,0.95);
#1182 = AXIS2_PLACEMENT_3D('',#1183,#1184,#1185);
#1183 = CARTESIAN_POINT('',(186.87,-167.95,0.));
#1184 = DIRECTION('',(-0.,0.,-1.));
#1185 = DIRECTION('',(-0.,-1.,0.));
#1186 = ORIENTED_EDGE('',*,*,#1187,.T.);
#1187 = EDGE_CURVE('',#1179,#1188,#1190,.T.);
#1188 = VERTEX_POINT('',#1189);
#1189 = CARTESIAN_POINT('',(186.45,-168.9,0.));
#1190 = CIRCLE('',#1191,0.95);
#1191 = AXIS2_PLACEMENT_3D('',#1192,#1193,#1194);
#1192 = CARTESIAN_POINT('',(186.45,-167.95,0.));
#1193 = DIRECTION('',(-0.,0.,-1.));
#1194 = DIRECTION('',(-0.,-1.,0.));
#1195 = ORIENTED_EDGE('',*,*,#1196,.T.);
#1196 = EDGE_CURVE('',#1188,#1168,#1197,.T.);
#1197 = CIRCLE('',#1198,0.95);
#1198 = AXIS2_PLACEMENT_3D('',#1199,#1200,#1201);
#1199 = CARTESIAN_POINT('',(186.45,-167.95,0.));
#1200 = DIRECTION('',(-0.,0.,-1.));
#1201 = DIRECTION('',(-0.,-1.,0.));
#1202 = FACE_BOUND('',#1203,.F.);
#1203 = EDGE_LOOP('',(#1204,#1215,#1224,#1233));
#1204 = ORIENTED_EDGE('',*,*,#1205,.T.);
#1205 = EDGE_CURVE('',#1206,#1208,#1210,.T.);
#1206 = VERTEX_POINT('',#1207);
#1207 = CARTESIAN_POINT('',(195.55755057507,-171.9762752875,0.));
#1208 = VERTEX_POINT('',#1209);
#1209 = CARTESIAN_POINT('',(194.49,-174.53,0.));
#1210 = CIRCLE('',#1211,1.5);
#1211 = AXIS2_PLACEMENT_3D('',#1212,#1213,#1214);
#1212 = CARTESIAN_POINT('',(194.49,-173.03,0.));
#1213 = DIRECTION('',(-0.,0.,-1.));
#1214 = DIRECTION('',(-0.,-1.,0.));
#1215 = ORIENTED_EDGE('',*,*,#1216,.T.);
#1216 = EDGE_CURVE('',#1208,#1217,#1219,.T.);
#1217 = VERTEX_POINT('',#1218);
#1218 = CARTESIAN_POINT('',(194.69244942492,-171.5437247124,0.));
#1219 = CIRCLE('',#1220,1.5);
#1220 = AXIS2_PLACEMENT_3D('',#1221,#1222,#1223);
#1221 = CARTESIAN_POINT('',(194.49,-173.03,0.));
#1222 = DIRECTION('',(-0.,0.,-1.));
#1223 = DIRECTION('',(-0.,-1.,0.));
#1224 = ORIENTED_EDGE('',*,*,#1225,.T.);
#1225 = EDGE_CURVE('',#1217,#1226,#1228,.T.);
#1226 = VERTEX_POINT('',#1227);
#1227 = CARTESIAN_POINT('',(195.76,-171.99,0.));
#1228 = CIRCLE('',#1229,1.5);
#1229 = AXIS2_PLACEMENT_3D('',#1230,#1231,#1232);
#1230 = CARTESIAN_POINT('',(195.76,-170.49,0.));
#1231 = DIRECTION('',(-0.,0.,-1.));
#1232 = DIRECTION('',(-0.,-1.,0.));
#1233 = ORIENTED_EDGE('',*,*,#1234,.T.);
#1234 = EDGE_CURVE('',#1226,#1206,#1235,.T.);
#1235 = CIRCLE('',#1236,1.5);
#1236 = AXIS2_PLACEMENT_3D('',#1237,#1238,#1239);
#1237 = CARTESIAN_POINT('',(195.76,-170.49,0.));
#1238 = DIRECTION('',(-0.,0.,-1.));
#1239 = DIRECTION('',(-0.,-1.,0.));
#1240 = FACE_BOUND('',#1241,.F.);
#1241 = EDGE_LOOP('',(#1242));
#1242 = ORIENTED_EDGE('',*,*,#1243,.T.);
#1243 = EDGE_CURVE('',#1244,#1244,#1246,.T.);
#1244 = VERTEX_POINT('',#1245);
#1245 = CARTESIAN_POINT('',(191.95,-170.45,0.));
#1246 = CIRCLE('',#1247,2.5);
#1247 = AXIS2_PLACEMENT_3D('',#1248,#1249,#1250);
#1248 = CARTESIAN_POINT('',(191.95,-167.95,0.));
#1249 = DIRECTION('',(-0.,0.,-1.));
#1250 = DIRECTION('',(-0.,-1.,0.));
#1251 = FACE_BOUND('',#1252,.F.);
#1252 = EDGE_LOOP('',(#1253,#1264,#1273,#1282));
#1253 = ORIENTED_EDGE('',*,*,#1254,.T.);
#1254 = EDGE_CURVE('',#1255,#1257,#1259,.T.);
#1255 = VERTEX_POINT('',#1256);
#1256 = CARTESIAN_POINT('',(197.24,-168.8764987857,0.));
#1257 = VERTEX_POINT('',#1258);
#1258 = CARTESIAN_POINT('',(197.03,-168.9,0.));
#1259 = CIRCLE('',#1260,0.95);
#1260 = AXIS2_PLACEMENT_3D('',#1261,#1262,#1263);
#1261 = CARTESIAN_POINT('',(197.03,-167.95,0.));
#1262 = DIRECTION('',(-0.,0.,-1.));
#1263 = DIRECTION('',(-0.,-1.,0.));
#1264 = ORIENTED_EDGE('',*,*,#1265,.T.);
#1265 = EDGE_CURVE('',#1257,#1266,#1268,.T.);
#1266 = VERTEX_POINT('',#1267);
#1267 = CARTESIAN_POINT('',(197.24,-167.0235012142,0.));
#1268 = CIRCLE('',#1269,0.95);
#1269 = AXIS2_PLACEMENT_3D('',#1270,#1271,#1272);
#1270 = CARTESIAN_POINT('',(197.03,-167.95,0.));
#1271 = DIRECTION('',(-0.,0.,-1.));
#1272 = DIRECTION('',(-0.,-1.,0.));
#1273 = ORIENTED_EDGE('',*,*,#1274,.T.);
#1274 = EDGE_CURVE('',#1266,#1275,#1277,.T.);
#1275 = VERTEX_POINT('',#1276);
#1276 = CARTESIAN_POINT('',(197.45,-168.9,0.));
#1277 = CIRCLE('',#1278,0.95);
#1278 = AXIS2_PLACEMENT_3D('',#1279,#1280,#1281);
#1279 = CARTESIAN_POINT('',(197.45,-167.95,0.));
#1280 = DIRECTION('',(-0.,0.,-1.));
#1281 = DIRECTION('',(-0.,-1.,0.));
#1282 = ORIENTED_EDGE('',*,*,#1283,.T.);
#1283 = EDGE_CURVE('',#1275,#1255,#1284,.T.);
#1284 = CIRCLE('',#1285,0.95);
#1285 = AXIS2_PLACEMENT_3D('',#1286,#1287,#1288);
#1286 = CARTESIAN_POINT('',(197.45,-167.95,0.));
#1287 = DIRECTION('',(-0.,0.,-1.));
#1288 = DIRECTION('',(-0.,-1.,0.));
#1289 = FACE_BOUND('',#1290,.F.);
#1290 = EDGE_LOOP('',(#1291));
#1291 = ORIENTED_EDGE('',*,*,#1292,.T.);
#1292 = EDGE_CURVE('',#1293,#1293,#1295,.T.);
#1293 = VERTEX_POINT('',#1294);
#1294 = CARTESIAN_POINT('',(186.95,-165.7,0.));
#1295 = CIRCLE('',#1296,1.5);
#1296 = AXIS2_PLACEMENT_3D('',#1297,#1298,#1299);
#1297 = CARTESIAN_POINT('',(186.95,-164.2,0.));
#1298 = DIRECTION('',(-0.,0.,-1.));
#1299 = DIRECTION('',(-0.,-1.,0.));
#1300 = FACE_BOUND('',#1301,.F.);
#1301 = EDGE_LOOP('',(#1302));
#1302 = ORIENTED_EDGE('',*,*,#1303,.T.);
#1303 = EDGE_CURVE('',#1304,#1304,#1306,.T.);
#1304 = VERTEX_POINT('',#1305);
#1305 = CARTESIAN_POINT('',(196.95,-165.7,0.));
#1306 = CIRCLE('',#1307,1.5);
#1307 = AXIS2_PLACEMENT_3D('',#1308,#1309,#1310);
#1308 = CARTESIAN_POINT('',(196.95,-164.2,0.));
#1309 = DIRECTION('',(-0.,0.,-1.));
#1310 = DIRECTION('',(-0.,-1.,0.));
#1311 = FACE_BOUND('',#1312,.F.);
#1312 = EDGE_LOOP('',(#1313));
#1313 = ORIENTED_EDGE('',*,*,#1314,.T.);
#1314 = EDGE_CURVE('',#1315,#1315,#1317,.T.);
#1315 = VERTEX_POINT('',#1316);
#1316 = CARTESIAN_POINT('',(191.95,-163.5,0.));
#1317 = CIRCLE('',#1318,1.5);
#1318 = AXIS2_PLACEMENT_3D('',#1319,#1320,#1321);
#1319 = CARTESIAN_POINT('',(191.95,-162.,0.));
#1320 = DIRECTION('',(-0.,0.,-1.));
#1321 = DIRECTION('',(-0.,-1.,0.));
#1322 = FACE_BOUND('',#1323,.F.);
#1323 = EDGE_LOOP('',(#1324,#1335,#1344,#1353));
#1324 = ORIENTED_EDGE('',*,*,#1325,.T.);
#1325 = EDGE_CURVE('',#1326,#1328,#1330,.T.);
#1326 = VERTEX_POINT('',#1327);
#1327 = CARTESIAN_POINT('',(166.39244942492,-154.0262752875,0.));
#1328 = VERTEX_POINT('',#1329);
#1329 = CARTESIAN_POINT('',(166.19,-154.04,0.));
#1330 = CIRCLE('',#1331,1.5);
#1331 = AXIS2_PLACEMENT_3D('',#1332,#1333,#1334);
#1332 = CARTESIAN_POINT('',(166.19,-152.54,0.));
#1333 = DIRECTION('',(-0.,0.,-1.));
#1334 = DIRECTION('',(-0.,-1.,0.));
#1335 = ORIENTED_EDGE('',*,*,#1336,.T.);
#1336 = EDGE_CURVE('',#1328,#1337,#1339,.T.);
#1337 = VERTEX_POINT('',#1338);
#1338 = CARTESIAN_POINT('',(167.25755057507,-153.5937247124,0.));
#1339 = CIRCLE('',#1340,1.5);
#1340 = AXIS2_PLACEMENT_3D('',#1341,#1342,#1343);
#1341 = CARTESIAN_POINT('',(166.19,-152.54,0.));
#1342 = DIRECTION('',(-0.,0.,-1.));
#1343 = DIRECTION('',(-0.,-1.,0.));
#1344 = ORIENTED_EDGE('',*,*,#1345,.T.);
#1345 = EDGE_CURVE('',#1337,#1346,#1348,.T.);
#1346 = VERTEX_POINT('',#1347);
#1347 = CARTESIAN_POINT('',(167.46,-156.58,0.));
#1348 = CIRCLE('',#1349,1.5);
#1349 = AXIS2_PLACEMENT_3D('',#1350,#1351,#1352);
#1350 = CARTESIAN_POINT('',(167.46,-155.08,0.));
#1351 = DIRECTION('',(-0.,0.,-1.));
#1352 = DIRECTION('',(-0.,-1.,0.));
#1353 = ORIENTED_EDGE('',*,*,#1354,.T.);
#1354 = EDGE_CURVE('',#1346,#1326,#1355,.T.);
#1355 = CIRCLE('',#1356,1.5);
#1356 = AXIS2_PLACEMENT_3D('',#1357,#1358,#1359);
#1357 = CARTESIAN_POINT('',(167.46,-155.08,0.));
#1358 = DIRECTION('',(-0.,0.,-1.));
#1359 = DIRECTION('',(-0.,-1.,0.));
#1360 = FACE_BOUND('',#1361,.F.);
#1361 = EDGE_LOOP('',(#1362,#1373,#1382,#1391));
#1362 = ORIENTED_EDGE('',*,*,#1363,.T.);
#1363 = EDGE_CURVE('',#1364,#1366,#1368,.T.);
#1364 = VERTEX_POINT('',#1365);
#1365 = CARTESIAN_POINT('',(173.60755057507,-154.0262752875,0.));
#1366 = VERTEX_POINT('',#1367);
#1367 = CARTESIAN_POINT('',(172.54,-156.58,0.));
#1368 = CIRCLE('',#1369,1.5);
#1369 = AXIS2_PLACEMENT_3D('',#1370,#1371,#1372);
#1370 = CARTESIAN_POINT('',(172.54,-155.08,0.));
#1371 = DIRECTION('',(-0.,0.,-1.));
#1372 = DIRECTION('',(-0.,-1.,0.));
#1373 = ORIENTED_EDGE('',*,*,#1374,.T.);
#1374 = EDGE_CURVE('',#1366,#1375,#1377,.T.);
#1375 = VERTEX_POINT('',#1376);
#1376 = CARTESIAN_POINT('',(172.74244942492,-153.5937247124,0.));
#1377 = CIRCLE('',#1378,1.5);
#1378 = AXIS2_PLACEMENT_3D('',#1379,#1380,#1381);
#1379 = CARTESIAN_POINT('',(172.54,-155.08,0.));
#1380 = DIRECTION('',(-0.,0.,-1.));
#1381 = DIRECTION('',(-0.,-1.,0.));
#1382 = ORIENTED_EDGE('',*,*,#1383,.T.);
#1383 = EDGE_CURVE('',#1375,#1384,#1386,.T.);
#1384 = VERTEX_POINT('',#1385);
#1385 = CARTESIAN_POINT('',(173.81,-154.04,0.));
#1386 = CIRCLE('',#1387,1.5);
#1387 = AXIS2_PLACEMENT_3D('',#1388,#1389,#1390);
#1388 = CARTESIAN_POINT('',(173.81,-152.54,0.));
#1389 = DIRECTION('',(-0.,0.,-1.));
#1390 = DIRECTION('',(-0.,-1.,0.));
#1391 = ORIENTED_EDGE('',*,*,#1392,.T.);
#1392 = EDGE_CURVE('',#1384,#1364,#1393,.T.);
#1393 = CIRCLE('',#1394,1.5);
#1394 = AXIS2_PLACEMENT_3D('',#1395,#1396,#1397);
#1395 = CARTESIAN_POINT('',(173.81,-152.54,0.));
#1396 = DIRECTION('',(-0.,0.,-1.));
#1397 = DIRECTION('',(-0.,-1.,0.));
#1398 = FACE_BOUND('',#1399,.F.);
#1399 = EDGE_LOOP('',(#1400,#1411,#1420,#1429));
#1400 = ORIENTED_EDGE('',*,*,#1401,.T.);
#1401 = EDGE_CURVE('',#1402,#1404,#1406,.T.);
#1402 = VERTEX_POINT('',#1403);
#1403 = CARTESIAN_POINT('',(164.71,-149.0735012142,0.));
#1404 = VERTEX_POINT('',#1405);
#1405 = CARTESIAN_POINT('',(164.92,-150.95,0.));
#1406 = CIRCLE('',#1407,0.95);
#1407 = AXIS2_PLACEMENT_3D('',#1408,#1409,#1410);
#1408 = CARTESIAN_POINT('',(164.92,-150.,0.));
#1409 = DIRECTION('',(-0.,0.,-1.));
#1410 = DIRECTION('',(-2.991758887411E-14,-1.,0.));
#1411 = ORIENTED_EDGE('',*,*,#1412,.T.);
#1412 = EDGE_CURVE('',#1404,#1413,#1415,.T.);
#1413 = VERTEX_POINT('',#1414);
#1414 = CARTESIAN_POINT('',(164.71,-150.9264987857,0.));
#1415 = CIRCLE('',#1416,0.95);
#1416 = AXIS2_PLACEMENT_3D('',#1417,#1418,#1419);
#1417 = CARTESIAN_POINT('',(164.92,-150.,0.));
#1418 = DIRECTION('',(-0.,0.,-1.));
#1419 = DIRECTION('',(-2.991758887411E-14,-1.,0.));
#1420 = ORIENTED_EDGE('',*,*,#1421,.T.);
#1421 = EDGE_CURVE('',#1413,#1422,#1424,.T.);
#1422 = VERTEX_POINT('',#1423);
#1423 = CARTESIAN_POINT('',(164.5,-150.95,0.));
#1424 = CIRCLE('',#1425,0.95);
#1425 = AXIS2_PLACEMENT_3D('',#1426,#1427,#1428);
#1426 = CARTESIAN_POINT('',(164.5,-150.,0.));
#1427 = DIRECTION('',(-0.,0.,-1.));
#1428 = DIRECTION('',(-0.,-1.,0.));
#1429 = ORIENTED_EDGE('',*,*,#1430,.T.);
#1430 = EDGE_CURVE('',#1422,#1402,#1431,.T.);
#1431 = CIRCLE('',#1432,0.95);
#1432 = AXIS2_PLACEMENT_3D('',#1433,#1434,#1435);
#1433 = CARTESIAN_POINT('',(164.5,-150.,0.));
#1434 = DIRECTION('',(-0.,0.,-1.));
#1435 = DIRECTION('',(-0.,-1.,0.));
#1436 = FACE_BOUND('',#1437,.F.);
#1437 = EDGE_LOOP('',(#1438));
#1438 = ORIENTED_EDGE('',*,*,#1439,.T.);
#1439 = EDGE_CURVE('',#1440,#1440,#1442,.T.);
#1440 = VERTEX_POINT('',#1441);
#1441 = CARTESIAN_POINT('',(170.,-152.5,0.));
#1442 = CIRCLE('',#1443,2.5);
#1443 = AXIS2_PLACEMENT_3D('',#1444,#1445,#1446);
#1444 = CARTESIAN_POINT('',(170.,-150.,0.));
#1445 = DIRECTION('',(-0.,0.,-1.));
#1446 = DIRECTION('',(-0.,-1.,0.));
#1447 = FACE_BOUND('',#1448,.F.);
#1448 = EDGE_LOOP('',(#1449));
#1449 = ORIENTED_EDGE('',*,*,#1450,.T.);
#1450 = EDGE_CURVE('',#1451,#1451,#1453,.T.);
#1451 = VERTEX_POINT('',#1452);
#1452 = CARTESIAN_POINT('',(165.,-147.75,0.));
#1453 = CIRCLE('',#1454,1.5);
#1454 = AXIS2_PLACEMENT_3D('',#1455,#1456,#1457);
#1455 = CARTESIAN_POINT('',(165.,-146.25,0.));
#1456 = DIRECTION('',(-0.,0.,-1.));
#1457 = DIRECTION('',(-0.,-1.,0.));
#1458 = FACE_BOUND('',#1459,.F.);
#1459 = EDGE_LOOP('',(#1460,#1471,#1480,#1489));
#1460 = ORIENTED_EDGE('',*,*,#1461,.T.);
#1461 = EDGE_CURVE('',#1462,#1464,#1466,.T.);
#1462 = VERTEX_POINT('',#1463);
#1463 = CARTESIAN_POINT('',(175.29,-150.9264987857,0.));
#1464 = VERTEX_POINT('',#1465);
#1465 = CARTESIAN_POINT('',(175.08,-150.95,0.));
#1466 = CIRCLE('',#1467,0.95);
#1467 = AXIS2_PLACEMENT_3D('',#1468,#1469,#1470);
#1468 = CARTESIAN_POINT('',(175.08,-150.,0.));
#1469 = DIRECTION('',(-0.,0.,-1.));
#1470 = DIRECTION('',(2.991758887411E-14,-1.,-0.));
#1471 = ORIENTED_EDGE('',*,*,#1472,.T.);
#1472 = EDGE_CURVE('',#1464,#1473,#1475,.T.);
#1473 = VERTEX_POINT('',#1474);
#1474 = CARTESIAN_POINT('',(175.29,-149.0735012142,0.));
#1475 = CIRCLE('',#1476,0.95);
#1476 = AXIS2_PLACEMENT_3D('',#1477,#1478,#1479);
#1477 = CARTESIAN_POINT('',(175.08,-150.,0.));
#1478 = DIRECTION('',(-0.,0.,-1.));
#1479 = DIRECTION('',(2.991758887411E-14,-1.,-0.));
#1480 = ORIENTED_EDGE('',*,*,#1481,.T.);
#1481 = EDGE_CURVE('',#1473,#1482,#1484,.T.);
#1482 = VERTEX_POINT('',#1483);
#1483 = CARTESIAN_POINT('',(175.5,-150.95,0.));
#1484 = CIRCLE('',#1485,0.95);
#1485 = AXIS2_PLACEMENT_3D('',#1486,#1487,#1488);
#1486 = CARTESIAN_POINT('',(175.5,-150.,0.));
#1487 = DIRECTION('',(-0.,0.,-1.));
#1488 = DIRECTION('',(-0.,-1.,0.));
#1489 = ORIENTED_EDGE('',*,*,#1490,.T.);
#1490 = EDGE_CURVE('',#1482,#1462,#1491,.T.);
#1491 = CIRCLE('',#1492,0.95);
#1492 = AXIS2_PLACEMENT_3D('',#1493,#1494,#1495);
#1493 = CARTESIAN_POINT('',(175.5,-150.,0.));
#1494 = DIRECTION('',(-0.,0.,-1.));
#1495 = DIRECTION('',(-0.,-1.,0.));
#1496 = FACE_BOUND('',#1497,.F.);
#1497 = EDGE_LOOP('',(#1498));
#1498 = ORIENTED_EDGE('',*,*,#1499,.T.);
#1499 = EDGE_CURVE('',#1500,#1500,#1502,.T.);
#1500 = VERTEX_POINT('',#1501);
#1501 = CARTESIAN_POINT('',(175.,-147.75,0.));
#1502 = CIRCLE('',#1503,1.5);
#1503 = AXIS2_PLACEMENT_3D('',#1504,#1505,#1506);
#1504 = CARTESIAN_POINT('',(175.,-146.25,0.));
#1505 = DIRECTION('',(-0.,0.,-1.));
#1506 = DIRECTION('',(-0.,-1.,0.));
#1507 = FACE_BOUND('',#1508,.F.);
#1508 = EDGE_LOOP('',(#1509,#1520,#1529,#1538));
#1509 = ORIENTED_EDGE('',*,*,#1510,.T.);
#1510 = EDGE_CURVE('',#1511,#1513,#1515,.T.);
#1511 = VERTEX_POINT('',#1512);
#1512 = CARTESIAN_POINT('',(185.39244942492,-150.0262752875,0.));
#1513 = VERTEX_POINT('',#1514);
#1514 = CARTESIAN_POINT('',(185.19,-150.04,0.));
#1515 = CIRCLE('',#1516,1.5);
#1516 = AXIS2_PLACEMENT_3D('',#1517,#1518,#1519);
#1517 = CARTESIAN_POINT('',(185.19,-148.54,0.));
#1518 = DIRECTION('',(-0.,0.,-1.));
#1519 = DIRECTION('',(-0.,-1.,0.));
#1520 = ORIENTED_EDGE('',*,*,#1521,.T.);
#1521 = EDGE_CURVE('',#1513,#1522,#1524,.T.);
#1522 = VERTEX_POINT('',#1523);
#1523 = CARTESIAN_POINT('',(186.25755057507,-149.5937247124,0.));
#1524 = CIRCLE('',#1525,1.5);
#1525 = AXIS2_PLACEMENT_3D('',#1526,#1527,#1528);
#1526 = CARTESIAN_POINT('',(185.19,-148.54,0.));
#1527 = DIRECTION('',(-0.,0.,-1.));
#1528 = DIRECTION('',(-0.,-1.,0.));
#1529 = ORIENTED_EDGE('',*,*,#1530,.T.);
#1530 = EDGE_CURVE('',#1522,#1531,#1533,.T.);
#1531 = VERTEX_POINT('',#1532);
#1532 = CARTESIAN_POINT('',(186.46,-152.58,0.));
#1533 = CIRCLE('',#1534,1.5);
#1534 = AXIS2_PLACEMENT_3D('',#1535,#1536,#1537);
#1535 = CARTESIAN_POINT('',(186.46,-151.08,0.));
#1536 = DIRECTION('',(-0.,0.,-1.));
#1537 = DIRECTION('',(-0.,-1.,0.));
#1538 = ORIENTED_EDGE('',*,*,#1539,.T.);
#1539 = EDGE_CURVE('',#1531,#1511,#1540,.T.);
#1540 = CIRCLE('',#1541,1.5);
#1541 = AXIS2_PLACEMENT_3D('',#1542,#1543,#1544);
#1542 = CARTESIAN_POINT('',(186.46,-151.08,0.));
#1543 = DIRECTION('',(-0.,0.,-1.));
#1544 = DIRECTION('',(-0.,-1.,0.));
#1545 = FACE_BOUND('',#1546,.F.);
#1546 = EDGE_LOOP('',(#1547,#1558,#1567,#1576));
#1547 = ORIENTED_EDGE('',*,*,#1548,.T.);
#1548 = EDGE_CURVE('',#1549,#1551,#1553,.T.);
#1549 = VERTEX_POINT('',#1550);
#1550 = CARTESIAN_POINT('',(183.71,-146.9264987857,0.));
#1551 = VERTEX_POINT('',#1552);
#1552 = CARTESIAN_POINT('',(183.5,-146.95,0.));
#1553 = CIRCLE('',#1554,0.95);
#1554 = AXIS2_PLACEMENT_3D('',#1555,#1556,#1557);
#1555 = CARTESIAN_POINT('',(183.5,-146.,0.));
#1556 = DIRECTION('',(-0.,0.,-1.));
#1557 = DIRECTION('',(-0.,-1.,0.));
#1558 = ORIENTED_EDGE('',*,*,#1559,.T.);
#1559 = EDGE_CURVE('',#1551,#1560,#1562,.T.);
#1560 = VERTEX_POINT('',#1561);
#1561 = CARTESIAN_POINT('',(183.71,-145.0735012142,0.));
#1562 = CIRCLE('',#1563,0.95);
#1563 = AXIS2_PLACEMENT_3D('',#1564,#1565,#1566);
#1564 = CARTESIAN_POINT('',(183.5,-146.,0.));
#1565 = DIRECTION('',(-0.,0.,-1.));
#1566 = DIRECTION('',(-0.,-1.,0.));
#1567 = ORIENTED_EDGE('',*,*,#1568,.T.);
#1568 = EDGE_CURVE('',#1560,#1569,#1571,.T.);
#1569 = VERTEX_POINT('',#1570);
#1570 = CARTESIAN_POINT('',(183.92,-146.95,0.));
#1571 = CIRCLE('',#1572,0.95);
#1572 = AXIS2_PLACEMENT_3D('',#1573,#1574,#1575);
#1573 = CARTESIAN_POINT('',(183.92,-146.,0.));
#1574 = DIRECTION('',(-0.,0.,-1.));
#1575 = DIRECTION('',(-2.991758887411E-14,-1.,0.));
#1576 = ORIENTED_EDGE('',*,*,#1577,.T.);
#1577 = EDGE_CURVE('',#1569,#1549,#1578,.T.);
#1578 = CIRCLE('',#1579,0.95);
#1579 = AXIS2_PLACEMENT_3D('',#1580,#1581,#1582);
#1580 = CARTESIAN_POINT('',(183.92,-146.,0.));
#1581 = DIRECTION('',(-0.,0.,-1.));
#1582 = DIRECTION('',(-2.991758887411E-14,-1.,0.));
#1583 = FACE_BOUND('',#1584,.F.);
#1584 = EDGE_LOOP('',(#1585));
#1585 = ORIENTED_EDGE('',*,*,#1586,.T.);
#1586 = EDGE_CURVE('',#1587,#1587,#1589,.T.);
#1587 = VERTEX_POINT('',#1588);
#1588 = CARTESIAN_POINT('',(189.,-148.5,0.));
#1589 = CIRCLE('',#1590,2.5);
#1590 = AXIS2_PLACEMENT_3D('',#1591,#1592,#1593);
#1591 = CARTESIAN_POINT('',(189.,-146.,0.));
#1592 = DIRECTION('',(-0.,0.,-1.));
#1593 = DIRECTION('',(-0.,-1.,0.));
#1594 = FACE_BOUND('',#1595,.F.);
#1595 = EDGE_LOOP('',(#1596,#1607,#1616,#1625));
#1596 = ORIENTED_EDGE('',*,*,#1597,.T.);
#1597 = EDGE_CURVE('',#1598,#1600,#1602,.T.);
#1598 = VERTEX_POINT('',#1599);
#1599 = CARTESIAN_POINT('',(192.60755057507,-150.0262752875,0.));
#1600 = VERTEX_POINT('',#1601);
#1601 = CARTESIAN_POINT('',(191.54,-152.58,0.));
#1602 = CIRCLE('',#1603,1.5);
#1603 = AXIS2_PLACEMENT_3D('',#1604,#1605,#1606);
#1604 = CARTESIAN_POINT('',(191.54,-151.08,0.));
#1605 = DIRECTION('',(-0.,0.,-1.));
#1606 = DIRECTION('',(-0.,-1.,0.));
#1607 = ORIENTED_EDGE('',*,*,#1608,.T.);
#1608 = EDGE_CURVE('',#1600,#1609,#1611,.T.);
#1609 = VERTEX_POINT('',#1610);
#1610 = CARTESIAN_POINT('',(191.74244942492,-149.5937247124,0.));
#1611 = CIRCLE('',#1612,1.5);
#1612 = AXIS2_PLACEMENT_3D('',#1613,#1614,#1615);
#1613 = CARTESIAN_POINT('',(191.54,-151.08,0.));
#1614 = DIRECTION('',(-0.,0.,-1.));
#1615 = DIRECTION('',(-0.,-1.,0.));
#1616 = ORIENTED_EDGE('',*,*,#1617,.T.);
#1617 = EDGE_CURVE('',#1609,#1618,#1620,.T.);
#1618 = VERTEX_POINT('',#1619);
#1619 = CARTESIAN_POINT('',(192.81,-150.04,0.));
#1620 = CIRCLE('',#1621,1.5);
#1621 = AXIS2_PLACEMENT_3D('',#1622,#1623,#1624);
#1622 = CARTESIAN_POINT('',(192.81,-148.54,0.));
#1623 = DIRECTION('',(-0.,0.,-1.));
#1624 = DIRECTION('',(-0.,-1.,0.));
#1625 = ORIENTED_EDGE('',*,*,#1626,.T.);
#1626 = EDGE_CURVE('',#1618,#1598,#1627,.T.);
#1627 = CIRCLE('',#1628,1.5);
#1628 = AXIS2_PLACEMENT_3D('',#1629,#1630,#1631);
#1629 = CARTESIAN_POINT('',(192.81,-148.54,0.));
#1630 = DIRECTION('',(-0.,0.,-1.));
#1631 = DIRECTION('',(-0.,-1.,0.));
#1632 = FACE_BOUND('',#1633,.F.);
#1633 = EDGE_LOOP('',(#1634,#1645,#1654,#1663));
#1634 = ORIENTED_EDGE('',*,*,#1635,.T.);
#1635 = EDGE_CURVE('',#1636,#1638,#1640,.T.);
#1636 = VERTEX_POINT('',#1637);
#1637 = CARTESIAN_POINT('',(194.29,-145.0735012142,0.));
#1638 = VERTEX_POINT('',#1639);
#1639 = CARTESIAN_POINT('',(194.5,-146.95,0.));
#1640 = CIRCLE('',#1641,0.95);
#1641 = AXIS2_PLACEMENT_3D('',#1642,#1643,#1644);
#1642 = CARTESIAN_POINT('',(194.5,-146.,0.));
#1643 = DIRECTION('',(-0.,0.,-1.));
#1644 = DIRECTION('',(-0.,-1.,0.));
#1645 = ORIENTED_EDGE('',*,*,#1646,.T.);
#1646 = EDGE_CURVE('',#1638,#1647,#1649,.T.);
#1647 = VERTEX_POINT('',#1648);
#1648 = CARTESIAN_POINT('',(194.29,-146.9264987857,0.));
#1649 = CIRCLE('',#1650,0.95);
#1650 = AXIS2_PLACEMENT_3D('',#1651,#1652,#1653);
#1651 = CARTESIAN_POINT('',(194.5,-146.,0.));
#1652 = DIRECTION('',(-0.,0.,-1.));
#1653 = DIRECTION('',(-0.,-1.,0.));
#1654 = ORIENTED_EDGE('',*,*,#1655,.T.);
#1655 = EDGE_CURVE('',#1647,#1656,#1658,.T.);
#1656 = VERTEX_POINT('',#1657);
#1657 = CARTESIAN_POINT('',(194.08,-146.95,0.));
#1658 = CIRCLE('',#1659,0.95);
#1659 = AXIS2_PLACEMENT_3D('',#1660,#1661,#1662);
#1660 = CARTESIAN_POINT('',(194.08,-146.,0.));
#1661 = DIRECTION('',(-0.,0.,-1.));
#1662 = DIRECTION('',(2.991758887411E-14,-1.,-0.));
#1663 = ORIENTED_EDGE('',*,*,#1664,.T.);
#1664 = EDGE_CURVE('',#1656,#1636,#1665,.T.);
#1665 = CIRCLE('',#1666,0.95);
#1666 = AXIS2_PLACEMENT_3D('',#1667,#1668,#1669);
#1667 = CARTESIAN_POINT('',(194.08,-146.,0.));
#1668 = DIRECTION('',(-0.,0.,-1.));
#1669 = DIRECTION('',(2.991758887411E-14,-1.,-0.));
#1670 = FACE_BOUND('',#1671,.F.);
#1671 = EDGE_LOOP('',(#1672));
#1672 = ORIENTED_EDGE('',*,*,#1673,.T.);
#1673 = EDGE_CURVE('',#1674,#1674,#1676,.T.);
#1674 = VERTEX_POINT('',#1675);
#1675 = CARTESIAN_POINT('',(216.467728,-161.353861,0.));
#1676 = CIRCLE('',#1677,1.1);
#1677 = AXIS2_PLACEMENT_3D('',#1678,#1679,#1680);
#1678 = CARTESIAN_POINT('',(216.467728,-160.253861,0.));
#1679 = DIRECTION('',(-0.,0.,-1.));
#1680 = DIRECTION('',(-0.,-1.,0.));
#1681 = FACE_BOUND('',#1682,.F.);
#1682 = EDGE_LOOP('',(#1683));
#1683 = ORIENTED_EDGE('',*,*,#1684,.T.);
#1684 = EDGE_CURVE('',#1685,#1685,#1687,.T.);
#1685 = VERTEX_POINT('',#1686);
#1686 = CARTESIAN_POINT('',(227.996432,-162.921882,0.));
#1687 = CIRCLE('',#1688,1.1);
#1688 = AXIS2_PLACEMENT_3D('',#1689,#1690,#1691);
#1689 = CARTESIAN_POINT('',(227.996432,-161.821882,0.));
#1690 = DIRECTION('',(-0.,0.,-1.));
#1691 = DIRECTION('',(-0.,-1.,0.));
#1692 = FACE_BOUND('',#1693,.F.);
#1693 = EDGE_LOOP('',(#1694,#1705,#1714,#1723));
#1694 = ORIENTED_EDGE('',*,*,#1695,.T.);
#1695 = EDGE_CURVE('',#1696,#1698,#1700,.T.);
#1696 = VERTEX_POINT('',#1697);
#1697 = CARTESIAN_POINT('',(223.12037730892,-151.0648181923,0.));
#1698 = VERTEX_POINT('',#1699);
#1699 = CARTESIAN_POINT('',(223.022102,-151.068041,0.));
#1700 = CIRCLE('',#1701,1.5);
#1701 = AXIS2_PLACEMENT_3D('',#1702,#1703,#1704);
#1702 = CARTESIAN_POINT('',(223.022102,-149.568041,0.));
#1703 = DIRECTION('',(-0.,0.,-1.));
#1704 = DIRECTION('',(-0.,-1.,0.));
#1705 = ORIENTED_EDGE('',*,*,#1706,.T.);
#1706 = EDGE_CURVE('',#1698,#1707,#1709,.T.);
#1707 = VERTEX_POINT('',#1708);
#1708 = CARTESIAN_POINT('',(224.01354869107,-150.6936668076,0.));
#1709 = CIRCLE('',#1710,1.5);
#1710 = AXIS2_PLACEMENT_3D('',#1711,#1712,#1713);
#1711 = CARTESIAN_POINT('',(223.022102,-149.568041,0.));
#1712 = DIRECTION('',(-0.,0.,-1.));
#1713 = DIRECTION('',(-0.,-1.,0.));
#1714 = ORIENTED_EDGE('',*,*,#1715,.T.);
#1715 = EDGE_CURVE('',#1707,#1716,#1718,.T.);
#1716 = VERTEX_POINT('',#1717);
#1717 = CARTESIAN_POINT('',(224.111824,-153.690444,0.));
#1718 = CIRCLE('',#1719,1.5);
#1719 = AXIS2_PLACEMENT_3D('',#1720,#1721,#1722);
#1720 = CARTESIAN_POINT('',(224.111824,-152.190444,0.));
#1721 = DIRECTION('',(-0.,0.,-1.));
#1722 = DIRECTION('',(-0.,-1.,0.));
#1723 = ORIENTED_EDGE('',*,*,#1724,.T.);
#1724 = EDGE_CURVE('',#1716,#1696,#1725,.T.);
#1725 = CIRCLE('',#1726,1.5);
#1726 = AXIS2_PLACEMENT_3D('',#1727,#1728,#1729);
#1727 = CARTESIAN_POINT('',(224.111824,-152.190444,0.));
#1728 = DIRECTION('',(-0.,0.,-1.));
#1729 = DIRECTION('',(-0.,-1.,0.));
#1730 = FACE_BOUND('',#1731,.F.);
#1731 = EDGE_LOOP('',(#1732,#1743,#1752,#1761));
#1732 = ORIENTED_EDGE('',*,*,#1733,.T.);
#1733 = EDGE_CURVE('',#1734,#1736,#1738,.T.);
#1734 = VERTEX_POINT('',#1735);
#1735 = CARTESIAN_POINT('',(221.78751638902,-146.0067461741,0.));
#1736 = VERTEX_POINT('',#1737);
#1737 = CARTESIAN_POINT('',(221.932375,-147.895637,0.));
#1738 = CIRCLE('',#1739,0.95);
#1739 = AXIS2_PLACEMENT_3D('',#1740,#1741,#1742);
#1740 = CARTESIAN_POINT('',(221.932375,-146.945637,0.));
#1741 = DIRECTION('',(-0.,0.,-1.));
#1742 = DIRECTION('',(2.991758887411E-14,-1.,-0.));
#1743 = ORIENTED_EDGE('',*,*,#1744,.T.);
#1744 = EDGE_CURVE('',#1736,#1745,#1747,.T.);
#1745 = VERTEX_POINT('',#1746);
#1746 = CARTESIAN_POINT('',(221.65825661097,-147.8552298258,0.));
#1747 = CIRCLE('',#1748,0.95);
#1748 = AXIS2_PLACEMENT_3D('',#1749,#1750,#1751);
#1749 = CARTESIAN_POINT('',(221.932375,-146.945637,0.));
#1750 = DIRECTION('',(-0.,0.,-1.));
#1751 = DIRECTION('',(2.991758887411E-14,-1.,-0.));
#1752 = ORIENTED_EDGE('',*,*,#1753,.T.);
#1753 = EDGE_CURVE('',#1745,#1754,#1756,.T.);
#1754 = VERTEX_POINT('',#1755);
#1755 = CARTESIAN_POINT('',(221.513398,-147.866339,0.));
#1756 = CIRCLE('',#1757,0.95);
#1757 = AXIS2_PLACEMENT_3D('',#1758,#1759,#1760);
#1758 = CARTESIAN_POINT('',(221.513398,-146.916339,0.));
#1759 = DIRECTION('',(-0.,0.,-1.));
#1760 = DIRECTION('',(-0.,-1.,0.));
#1761 = ORIENTED_EDGE('',*,*,#1762,.T.);
#1762 = EDGE_CURVE('',#1754,#1734,#1763,.T.);
#1763 = CIRCLE('',#1764,0.95);
#1764 = AXIS2_PLACEMENT_3D('',#1765,#1766,#1767);
#1765 = CARTESIAN_POINT('',(221.513398,-146.916339,0.));
#1766 = DIRECTION('',(-0.,0.,-1.));
#1767 = DIRECTION('',(-0.,-1.,0.));
#1768 = FACE_BOUND('',#1769,.F.);
#1769 = EDGE_LOOP('',(#1770));
#1770 = ORIENTED_EDGE('',*,*,#1771,.T.);
#1771 = EDGE_CURVE('',#1772,#1772,#1774,.T.);
#1772 = VERTEX_POINT('',#1773);
#1773 = CARTESIAN_POINT('',(227.,-149.8,0.));
#1774 = CIRCLE('',#1775,2.5);
#1775 = AXIS2_PLACEMENT_3D('',#1776,#1777,#1778);
#1776 = CARTESIAN_POINT('',(227.,-147.3,0.));
#1777 = DIRECTION('',(-0.,0.,-1.));
#1778 = DIRECTION('',(-0.,-1.,0.));
#1779 = FACE_BOUND('',#1780,.F.);
#1780 = EDGE_LOOP('',(#1781,#1792,#1801,#1810));
#1781 = ORIENTED_EDGE('',*,*,#1782,.T.);
#1782 = EDGE_CURVE('',#1783,#1785,#1787,.T.);
#1783 = VERTEX_POINT('',#1784);
#1784 = CARTESIAN_POINT('',(230.31790411399,-151.5681175763,0.));
#1785 = VERTEX_POINT('',#1786);
#1786 = CARTESIAN_POINT('',(229.17945,-154.044807,0.));
#1787 = CIRCLE('',#1788,1.5);
#1788 = AXIS2_PLACEMENT_3D('',#1789,#1790,#1791);
#1789 = CARTESIAN_POINT('',(229.17945,-152.544807,0.));
#1790 = DIRECTION('',(-0.,0.,-1.));
#1791 = DIRECTION('',(-0.,-1.,0.));
#1792 = ORIENTED_EDGE('',*,*,#1793,.T.);
#1793 = EDGE_CURVE('',#1785,#1794,#1796,.T.);
#1794 = VERTEX_POINT('',#1795);
#1795 = CARTESIAN_POINT('',(229.485083886,-151.0762744236,0.));
#1796 = CIRCLE('',#1797,1.5);
#1797 = AXIS2_PLACEMENT_3D('',#1798,#1799,#1800);
#1798 = CARTESIAN_POINT('',(229.17945,-152.544807,0.));
#1799 = DIRECTION('',(-0.,0.,-1.));
#1800 = DIRECTION('',(-0.,-1.,0.));
#1801 = ORIENTED_EDGE('',*,*,#1802,.T.);
#1802 = EDGE_CURVE('',#1794,#1803,#1805,.T.);
#1803 = VERTEX_POINT('',#1804);
#1804 = CARTESIAN_POINT('',(230.623538,-151.599585,0.));
#1805 = CIRCLE('',#1806,1.5);
#1806 = AXIS2_PLACEMENT_3D('',#1807,#1808,#1809);
#1807 = CARTESIAN_POINT('',(230.623538,-150.099585,0.));
#1808 = DIRECTION('',(-0.,0.,-1.));
#1809 = DIRECTION('',(-0.,-1.,0.));
#1810 = ORIENTED_EDGE('',*,*,#1811,.T.);
#1811 = EDGE_CURVE('',#1803,#1783,#1812,.T.);
#1812 = CIRCLE('',#1813,1.5);
#1813 = AXIS2_PLACEMENT_3D('',#1814,#1815,#1816);
#1814 = CARTESIAN_POINT('',(230.623538,-150.099585,0.));
#1815 = DIRECTION('',(-0.,0.,-1.));
#1816 = DIRECTION('',(-0.,-1.,0.));
#1817 = FACE_BOUND('',#1818,.F.);
#1818 = EDGE_LOOP('',(#1819,#1830,#1839,#1848));
#1819 = ORIENTED_EDGE('',*,*,#1820,.T.);
#1820 = EDGE_CURVE('',#1821,#1823,#1825,.T.);
#1821 = VERTEX_POINT('',#1822);
#1822 = CARTESIAN_POINT('',(232.21248361097,-148.5932538258,0.));
#1823 = VERTEX_POINT('',#1824);
#1824 = CARTESIAN_POINT('',(232.067625,-148.604363,0.));
#1825 = CIRCLE('',#1826,0.95);
#1826 = AXIS2_PLACEMENT_3D('',#1827,#1828,#1829);
#1827 = CARTESIAN_POINT('',(232.067625,-147.654363,0.));
#1828 = DIRECTION('',(-0.,0.,-1.));
#1829 = DIRECTION('',(-2.991758887411E-14,-1.,0.));
#1830 = ORIENTED_EDGE('',*,*,#1831,.T.);
#1831 = EDGE_CURVE('',#1823,#1832,#1834,.T.);
#1832 = VERTEX_POINT('',#1833);
#1833 = CARTESIAN_POINT('',(232.34174338902,-146.7447701741,0.));
#1834 = CIRCLE('',#1835,0.95);
#1835 = AXIS2_PLACEMENT_3D('',#1836,#1837,#1838);
#1836 = CARTESIAN_POINT('',(232.067625,-147.654363,0.));
#1837 = DIRECTION('',(-0.,0.,-1.));
#1838 = DIRECTION('',(-2.991758887411E-14,-1.,0.));
#1839 = ORIENTED_EDGE('',*,*,#1840,.T.);
#1840 = EDGE_CURVE('',#1832,#1841,#1843,.T.);
#1841 = VERTEX_POINT('',#1842);
#1842 = CARTESIAN_POINT('',(232.486602,-148.633661,0.));
#1843 = CIRCLE('',#1844,0.95);
#1844 = AXIS2_PLACEMENT_3D('',#1845,#1846,#1847);
#1845 = CARTESIAN_POINT('',(232.486602,-147.683661,0.));
#1846 = DIRECTION('',(-0.,0.,-1.));
#1847 = DIRECTION('',(-0.,-1.,0.));
#1848 = ORIENTED_EDGE('',*,*,#1849,.T.);
#1849 = EDGE_CURVE('',#1841,#1821,#1850,.T.);
#1850 = CIRCLE('',#1851,0.95);
#1851 = AXIS2_PLACEMENT_3D('',#1852,#1853,#1854);
#1852 = CARTESIAN_POINT('',(232.486602,-147.683661,0.));
#1853 = DIRECTION('',(-0.,0.,-1.));
#1854 = DIRECTION('',(-0.,-1.,0.));
#1855 = FACE_BOUND('',#1856,.F.);
#1856 = EDGE_LOOP('',(#1857,#1868,#1877,#1886));
#1857 = ORIENTED_EDGE('',*,*,#1858,.T.);
#1858 = EDGE_CURVE('',#1859,#1861,#1863,.T.);
#1859 = VERTEX_POINT('',#1860);
#1860 = CARTESIAN_POINT('',(247.74158108385,-165.936577402,0.));
#1861 = VERTEX_POINT('',#1862);
#1862 = CARTESIAN_POINT('',(246.507272,-168.288916,0.));
#1863 = CIRCLE('',#1864,1.5);
#1864 = AXIS2_PLACEMENT_3D('',#1865,#1866,#1867);
#1865 = CARTESIAN_POINT('',(246.507272,-166.788916,0.));
#1866 = DIRECTION('',(-0.,0.,-1.));
#1867 = DIRECTION('',(-0.,-1.,0.));
#1868 = ORIENTED_EDGE('',*,*,#1869,.T.);
#1869 = EDGE_CURVE('',#1861,#1870,#1872,.T.);
#1870 = VERTEX_POINT('',#1871);
#1871 = CARTESIAN_POINT('',(246.96473491614,-165.3603755979,0.));
#1872 = CIRCLE('',#1873,1.5);
#1873 = AXIS2_PLACEMENT_3D('',#1874,#1875,#1876);
#1874 = CARTESIAN_POINT('',(246.507272,-166.788916,0.));
#1875 = DIRECTION('',(-0.,0.,-1.));
#1876 = DIRECTION('',(-0.,-1.,0.));
#1877 = ORIENTED_EDGE('',*,*,#1878,.T.);
#1878 = EDGE_CURVE('',#1870,#1879,#1881,.T.);
#1879 = VERTEX_POINT('',#1880);
#1880 = CARTESIAN_POINT('',(248.199044,-166.008037,0.));
#1881 = CIRCLE('',#1882,1.5);
#1882 = AXIS2_PLACEMENT_3D('',#1883,#1884,#1885);
#1883 = CARTESIAN_POINT('',(248.199044,-164.508037,0.));
#1884 = DIRECTION('',(-0.,0.,-1.));
#1885 = DIRECTION('',(-0.,-1.,0.));
#1886 = ORIENTED_EDGE('',*,*,#1887,.T.);
#1887 = EDGE_CURVE('',#1879,#1859,#1888,.T.);
#1888 = CIRCLE('',#1889,1.5);
#1889 = AXIS2_PLACEMENT_3D('',#1890,#1891,#1892);
#1890 = CARTESIAN_POINT('',(248.199044,-164.508037,0.));
#1891 = DIRECTION('',(-0.,0.,-1.));
#1892 = DIRECTION('',(-0.,-1.,0.));
#1893 = FACE_BOUND('',#1894,.F.);
#1894 = EDGE_LOOP('',(#1895,#1906,#1915));
#1895 = ORIENTED_EDGE('',*,*,#1896,.T.);
#1896 = EDGE_CURVE('',#1897,#1899,#1901,.T.);
#1897 = VERTEX_POINT('',#1898);
#1898 = CARTESIAN_POINT('',(241.504449,-167.406783,0.));
#1899 = VERTEX_POINT('',#1900);
#1900 = CARTESIAN_POINT('',(240.63609442803,-164.6836884258,0.));
#1901 = CIRCLE('',#1902,1.5);
#1902 = AXIS2_PLACEMENT_3D('',#1903,#1904,#1905);
#1903 = CARTESIAN_POINT('',(241.504449,-165.906783,0.));
#1904 = DIRECTION('',(-0.,0.,-1.));
#1905 = DIRECTION('',(-0.,-1.,0.));
#1906 = ORIENTED_EDGE('',*,*,#1907,.T.);
#1907 = EDGE_CURVE('',#1899,#1908,#1910,.T.);
#1908 = VERTEX_POINT('',#1909);
#1909 = CARTESIAN_POINT('',(241.56316357196,-164.4079325741,0.));
#1910 = CIRCLE('',#1911,1.5);
#1911 = AXIS2_PLACEMENT_3D('',#1912,#1913,#1914);
#1912 = CARTESIAN_POINT('',(240.694809,-163.184838,0.));
#1913 = DIRECTION('',(-0.,0.,-1.));
#1914 = DIRECTION('',(-0.,-1.,0.));
#1915 = ORIENTED_EDGE('',*,*,#1916,.T.);
#1916 = EDGE_CURVE('',#1908,#1897,#1917,.T.);
#1917 = CIRCLE('',#1918,1.5);
#1918 = AXIS2_PLACEMENT_3D('',#1919,#1920,#1921);
#1919 = CARTESIAN_POINT('',(241.504449,-165.906783,0.));
#1920 = DIRECTION('',(-0.,0.,-1.));
#1921 = DIRECTION('',(-0.,-1.,0.));
#1922 = FACE_BOUND('',#1923,.F.);
#1923 = EDGE_LOOP('',(#1924,#1935,#1944,#1953));
#1924 = ORIENTED_EDGE('',*,*,#1925,.T.);
#1925 = EDGE_CURVE('',#1926,#1928,#1930,.T.);
#1926 = VERTEX_POINT('',#1927);
#1927 = CARTESIAN_POINT('',(239.51747597037,-161.3388502481,0.));
#1928 = VERTEX_POINT('',#1929);
#1929 = CARTESIAN_POINT('',(239.47155,-161.339961,0.));
#1930 = CIRCLE('',#1931,0.95);
#1931 = AXIS2_PLACEMENT_3D('',#1932,#1933,#1934);
#1932 = CARTESIAN_POINT('',(239.47155,-160.389961,0.));
#1933 = DIRECTION('',(-0.,0.,-1.));
#1934 = DIRECTION('',(2.991758887411E-14,-1.,-0.));
#1935 = ORIENTED_EDGE('',*,*,#1936,.T.);
#1936 = EDGE_CURVE('',#1928,#1937,#1939,.T.);
#1937 = VERTEX_POINT('',#1938);
#1938 = CARTESIAN_POINT('',(239.83924402962,-159.5140037518,0.));
#1939 = CIRCLE('',#1940,0.95);
#1940 = AXIS2_PLACEMENT_3D('',#1941,#1942,#1943);
#1941 = CARTESIAN_POINT('',(239.47155,-160.389961,0.));
#1942 = DIRECTION('',(-0.,0.,-1.));
#1943 = DIRECTION('',(2.991758887411E-14,-1.,-0.));
#1944 = ORIENTED_EDGE('',*,*,#1945,.T.);
#1945 = EDGE_CURVE('',#1937,#1946,#1948,.T.);
#1946 = VERTEX_POINT('',#1947);
#1947 = CARTESIAN_POINT('',(239.88517,-161.412893,0.));
#1948 = CIRCLE('',#1949,0.95);
#1949 = AXIS2_PLACEMENT_3D('',#1950,#1951,#1952);
#1950 = CARTESIAN_POINT('',(239.88517,-160.462893,0.));
#1951 = DIRECTION('',(-0.,0.,-1.));
#1952 = DIRECTION('',(-2.991758887411E-14,-1.,0.));
#1953 = ORIENTED_EDGE('',*,*,#1954,.T.);
#1954 = EDGE_CURVE('',#1946,#1926,#1955,.T.);
#1955 = CIRCLE('',#1956,0.95);
#1956 = AXIS2_PLACEMENT_3D('',#1957,#1958,#1959);
#1957 = CARTESIAN_POINT('',(239.88517,-160.462893,0.));
#1958 = DIRECTION('',(-0.,0.,-1.));
#1959 = DIRECTION('',(-2.991758887411E-14,-1.,0.));
#1960 = FACE_BOUND('',#1961,.F.);
#1961 = EDGE_LOOP('',(#1962));
#1962 = ORIENTED_EDGE('',*,*,#1963,.T.);
#1963 = EDGE_CURVE('',#1964,#1964,#1966,.T.);
#1964 = VERTEX_POINT('',#1965);
#1965 = CARTESIAN_POINT('',(244.887993,-163.845026,0.));
#1966 = CIRCLE('',#1967,2.5);
#1967 = AXIS2_PLACEMENT_3D('',#1968,#1969,#1970);
#1968 = CARTESIAN_POINT('',(244.887993,-161.345026,0.));
#1969 = DIRECTION('',(-0.,0.,-1.));
#1970 = DIRECTION('',(-0.,-1.,0.));
#1971 = FACE_BOUND('',#1972,.F.);
#1972 = EDGE_LOOP('',(#1973,#1984,#1993,#2002));
#1973 = ORIENTED_EDGE('',*,*,#1974,.T.);
#1974 = EDGE_CURVE('',#1975,#1977,#1979,.T.);
#1975 = VERTEX_POINT('',#1976);
#1976 = CARTESIAN_POINT('',(250.25851002962,-161.3512017518,0.));
#1977 = VERTEX_POINT('',#1978);
#1978 = CARTESIAN_POINT('',(250.304436,-163.250091,0.));
#1979 = CIRCLE('',#1980,0.95);
#1980 = AXIS2_PLACEMENT_3D('',#1981,#1982,#1983);
#1981 = CARTESIAN_POINT('',(250.304436,-162.300091,0.));
#1982 = DIRECTION('',(-0.,0.,-1.));
#1983 = DIRECTION('',(-0.,-1.,0.));
#1984 = ORIENTED_EDGE('',*,*,#1985,.T.);
#1985 = EDGE_CURVE('',#1977,#1986,#1988,.T.);
#1986 = VERTEX_POINT('',#1987);
#1987 = CARTESIAN_POINT('',(249.93674197037,-163.1760482481,0.));
#1988 = CIRCLE('',#1989,0.95);
#1989 = AXIS2_PLACEMENT_3D('',#1990,#1991,#1992);
#1990 = CARTESIAN_POINT('',(250.304436,-162.300091,0.));
#1991 = DIRECTION('',(-0.,0.,-1.));
#1992 = DIRECTION('',(-0.,-1.,0.));
#1993 = ORIENTED_EDGE('',*,*,#1994,.T.);
#1994 = EDGE_CURVE('',#1986,#1995,#1997,.T.);
#1995 = VERTEX_POINT('',#1996);
#1996 = CARTESIAN_POINT('',(249.890816,-163.177159,0.));
#1997 = CIRCLE('',#1998,0.95);
#1998 = AXIS2_PLACEMENT_3D('',#1999,#2000,#2001);
#1999 = CARTESIAN_POINT('',(249.890816,-162.227159,0.));
#2000 = DIRECTION('',(-0.,0.,-1.));
#2001 = DIRECTION('',(-0.,-1.,0.));
#2002 = ORIENTED_EDGE('',*,*,#2003,.T.);
#2003 = EDGE_CURVE('',#1995,#1975,#2004,.T.);
#2004 = CIRCLE('',#2005,0.95);
#2005 = AXIS2_PLACEMENT_3D('',#2006,#2007,#2008);
#2006 = CARTESIAN_POINT('',(249.890816,-162.227159,0.));
#2007 = DIRECTION('',(-0.,0.,-1.));
#2008 = DIRECTION('',(-0.,-1.,0.));
#2009 = FACE_BOUND('',#2010,.F.);
#2010 = EDGE_LOOP('',(#2011,#2022,#2031));
#2011 = ORIENTED_EDGE('',*,*,#2012,.T.);
#2012 = EDGE_CURVE('',#2013,#2015,#2017,.T.);
#2013 = VERTEX_POINT('',#2014);
#2014 = CARTESIAN_POINT('',(261.084037,-165.78206,0.));
#2015 = VERTEX_POINT('',#2016);
#2016 = CARTESIAN_POINT('',(260.21568242803,-163.0589654258,0.));
#2017 = CIRCLE('',#2018,1.5);
#2018 = AXIS2_PLACEMENT_3D('',#2019,#2020,#2021);
#2019 = CARTESIAN_POINT('',(261.084037,-164.28206,0.));
#2020 = DIRECTION('',(-0.,0.,-1.));
#2021 = DIRECTION('',(-0.,-1.,0.));
#2022 = ORIENTED_EDGE('',*,*,#2023,.T.);
#2023 = EDGE_CURVE('',#2015,#2024,#2026,.T.);
#2024 = VERTEX_POINT('',#2025);
#2025 = CARTESIAN_POINT('',(261.14275157196,-162.7832095741,0.));
#2026 = CIRCLE('',#2027,1.5);
#2027 = AXIS2_PLACEMENT_3D('',#2028,#2029,#2030);
#2028 = CARTESIAN_POINT('',(260.274397,-161.560115,0.));
#2029 = DIRECTION('',(-0.,0.,-1.));
#2030 = DIRECTION('',(-0.,-1.,0.));
#2031 = ORIENTED_EDGE('',*,*,#2032,.T.);
#2032 = EDGE_CURVE('',#2024,#2013,#2033,.T.);
#2033 = CIRCLE('',#2034,1.5);
#2034 = AXIS2_PLACEMENT_3D('',#2035,#2036,#2037);
#2035 = CARTESIAN_POINT('',(261.084037,-164.28206,0.));
#2036 = DIRECTION('',(-0.,0.,-1.));
#2037 = DIRECTION('',(-0.,-1.,0.));
#2038 = FACE_BOUND('',#2039,.F.);
#2039 = EDGE_LOOP('',(#2040,#2051,#2060,#2069));
#2040 = ORIENTED_EDGE('',*,*,#2041,.T.);
#2041 = EDGE_CURVE('',#2042,#2044,#2046,.T.);
#2042 = VERTEX_POINT('',#2043);
#2043 = CARTESIAN_POINT('',(259.41883202962,-157.8892807518,0.));
#2044 = VERTEX_POINT('',#2045);
#2045 = CARTESIAN_POINT('',(259.464758,-159.78817,0.));
#2046 = CIRCLE('',#2047,0.95);
#2047 = AXIS2_PLACEMENT_3D('',#2048,#2049,#2050);
#2048 = CARTESIAN_POINT('',(259.464758,-158.83817,0.));
#2049 = DIRECTION('',(-0.,0.,-1.));
#2050 = DIRECTION('',(5.983517774822E-14,-1.,-0.));
#2051 = ORIENTED_EDGE('',*,*,#2052,.T.);
#2052 = EDGE_CURVE('',#2044,#2053,#2055,.T.);
#2053 = VERTEX_POINT('',#2054);
#2054 = CARTESIAN_POINT('',(259.09706397037,-159.7141272481,0.));
#2055 = CIRCLE('',#2056,0.95);
#2056 = AXIS2_PLACEMENT_3D('',#2057,#2058,#2059);
#2057 = CARTESIAN_POINT('',(259.464758,-158.83817,0.));
#2058 = DIRECTION('',(-0.,0.,-1.));
#2059 = DIRECTION('',(5.983517774822E-14,-1.,-0.));
#2060 = ORIENTED_EDGE('',*,*,#2061,.T.);
#2061 = EDGE_CURVE('',#2053,#2062,#2064,.T.);
#2062 = VERTEX_POINT('',#2063);
#2063 = CARTESIAN_POINT('',(259.051138,-159.715238,0.));
#2064 = CIRCLE('',#2065,0.95);
#2065 = AXIS2_PLACEMENT_3D('',#2066,#2067,#2068);
#2066 = CARTESIAN_POINT('',(259.051138,-158.765238,0.));
#2067 = DIRECTION('',(-0.,0.,-1.));
#2068 = DIRECTION('',(-5.983517774822E-14,-1.,0.));
#2069 = ORIENTED_EDGE('',*,*,#2070,.T.);
#2070 = EDGE_CURVE('',#2062,#2042,#2071,.T.);
#2071 = CIRCLE('',#2072,0.95);
#2072 = AXIS2_PLACEMENT_3D('',#2073,#2074,#2075);
#2073 = CARTESIAN_POINT('',(259.051138,-158.765238,0.));
#2074 = DIRECTION('',(-0.,0.,-1.));
#2075 = DIRECTION('',(-5.983517774822E-14,-1.,0.));
#2076 = FACE_BOUND('',#2077,.F.);
#2077 = EDGE_LOOP('',(#2078));
#2078 = ORIENTED_EDGE('',*,*,#2079,.T.);
#2079 = EDGE_CURVE('',#2080,#2080,#2082,.T.);
#2080 = VERTEX_POINT('',#2081);
#2081 = CARTESIAN_POINT('',(264.467581,-162.220303,0.));
#2082 = CIRCLE('',#2083,2.5);
#2083 = AXIS2_PLACEMENT_3D('',#2084,#2085,#2086);
#2084 = CARTESIAN_POINT('',(264.467581,-159.720303,0.));
#2085 = DIRECTION('',(-0.,0.,-1.));
#2086 = DIRECTION('',(-0.,-1.,0.));
#2087 = FACE_BOUND('',#2088,.F.);
#2088 = EDGE_LOOP('',(#2089,#2100,#2109,#2118));
#2089 = ORIENTED_EDGE('',*,*,#2090,.T.);
#2090 = EDGE_CURVE('',#2091,#2093,#2095,.T.);
#2091 = VERTEX_POINT('',#2092);
#2092 = CARTESIAN_POINT('',(267.32116908385,-164.311854402,0.));
#2093 = VERTEX_POINT('',#2094);
#2094 = CARTESIAN_POINT('',(266.08686,-166.664193,0.));
#2095 = CIRCLE('',#2096,1.5);
#2096 = AXIS2_PLACEMENT_3D('',#2097,#2098,#2099);
#2097 = CARTESIAN_POINT('',(266.08686,-165.164193,0.));
#2098 = DIRECTION('',(-0.,0.,-1.));
#2099 = DIRECTION('',(-0.,-1.,0.));
#2100 = ORIENTED_EDGE('',*,*,#2101,.T.);
#2101 = EDGE_CURVE('',#2093,#2102,#2104,.T.);
#2102 = VERTEX_POINT('',#2103);
#2103 = CARTESIAN_POINT('',(266.54432291614,-163.7356525979,0.));
#2104 = CIRCLE('',#2105,1.5);
#2105 = AXIS2_PLACEMENT_3D('',#2106,#2107,#2108);
#2106 = CARTESIAN_POINT('',(266.08686,-165.164193,0.));
#2107 = DIRECTION('',(-0.,0.,-1.));
#2108 = DIRECTION('',(-0.,-1.,0.));
#2109 = ORIENTED_EDGE('',*,*,#2110,.T.);
#2110 = EDGE_CURVE('',#2102,#2111,#2113,.T.);
#2111 = VERTEX_POINT('',#2112);
#2112 = CARTESIAN_POINT('',(267.778632,-164.383314,0.));
#2113 = CIRCLE('',#2114,1.5);
#2114 = AXIS2_PLACEMENT_3D('',#2115,#2116,#2117);
#2115 = CARTESIAN_POINT('',(267.778632,-162.883314,0.));
#2116 = DIRECTION('',(-0.,0.,-1.));
#2117 = DIRECTION('',(-0.,-1.,0.));
#2118 = ORIENTED_EDGE('',*,*,#2119,.T.);
#2119 = EDGE_CURVE('',#2111,#2091,#2120,.T.);
#2120 = CIRCLE('',#2121,1.5);
#2121 = AXIS2_PLACEMENT_3D('',#2122,#2123,#2124);
#2122 = CARTESIAN_POINT('',(267.778632,-162.883314,0.));
#2123 = DIRECTION('',(-0.,0.,-1.));
#2124 = DIRECTION('',(-0.,-1.,0.));
#2125 = FACE_BOUND('',#2126,.F.);
#2126 = EDGE_LOOP('',(#2127,#2138,#2147,#2156));
#2127 = ORIENTED_EDGE('',*,*,#2128,.T.);
#2128 = EDGE_CURVE('',#2129,#2131,#2133,.T.);
#2129 = VERTEX_POINT('',#2130);
#2130 = CARTESIAN_POINT('',(269.51632997037,-161.5513252481,0.));
#2131 = VERTEX_POINT('',#2132);
#2132 = CARTESIAN_POINT('',(269.470404,-161.552436,0.));
#2133 = CIRCLE('',#2134,0.95);
#2134 = AXIS2_PLACEMENT_3D('',#2135,#2136,#2137);
#2135 = CARTESIAN_POINT('',(269.470404,-160.602436,0.));
#2136 = DIRECTION('',(-0.,0.,-1.));
#2137 = DIRECTION('',(-5.983517774822E-14,-1.,0.));
#2138 = ORIENTED_EDGE('',*,*,#2139,.T.);
#2139 = EDGE_CURVE('',#2131,#2140,#2142,.T.);
#2140 = VERTEX_POINT('',#2141);
#2141 = CARTESIAN_POINT('',(269.83809802962,-159.7264787518,0.));
#2142 = CIRCLE('',#2143,0.95);
#2143 = AXIS2_PLACEMENT_3D('',#2144,#2145,#2146);
#2144 = CARTESIAN_POINT('',(269.470404,-160.602436,0.));
#2145 = DIRECTION('',(-0.,0.,-1.));
#2146 = DIRECTION('',(-5.983517774822E-14,-1.,0.));
#2147 = ORIENTED_EDGE('',*,*,#2148,.T.);
#2148 = EDGE_CURVE('',#2140,#2149,#2151,.T.);
#2149 = VERTEX_POINT('',#2150);
#2150 = CARTESIAN_POINT('',(269.884024,-161.625368,0.));
#2151 = CIRCLE('',#2152,0.95);
#2152 = AXIS2_PLACEMENT_3D('',#2153,#2154,#2155);
#2153 = CARTESIAN_POINT('',(269.884024,-160.675368,0.));
#2154 = DIRECTION('',(-0.,0.,-1.));
#2155 = DIRECTION('',(-0.,-1.,0.));
#2156 = ORIENTED_EDGE('',*,*,#2157,.T.);
#2157 = EDGE_CURVE('',#2149,#2129,#2158,.T.);
#2158 = CIRCLE('',#2159,0.95);
#2159 = AXIS2_PLACEMENT_3D('',#2160,#2161,#2162);
#2160 = CARTESIAN_POINT('',(269.884024,-160.675368,0.));
#2161 = DIRECTION('',(-0.,0.,-1.));
#2162 = DIRECTION('',(-0.,-1.,0.));
#2163 = FACE_BOUND('',#2164,.F.);
#2164 = EDGE_LOOP('',(#2165));
#2165 = ORIENTED_EDGE('',*,*,#2166,.T.);
#2166 = EDGE_CURVE('',#2167,#2167,#2169,.T.);
#2167 = VERTEX_POINT('',#2168);
#2168 = CARTESIAN_POINT('',(240.615135,-158.283756,0.));
#2169 = CIRCLE('',#2170,1.5);
#2170 = AXIS2_PLACEMENT_3D('',#2171,#2172,#2173);
#2171 = CARTESIAN_POINT('',(240.615135,-156.783756,0.));
#2172 = DIRECTION('',(-0.,0.,-1.));
#2173 = DIRECTION('',(-0.,-1.,0.));
#2174 = FACE_BOUND('',#2175,.F.);
#2175 = EDGE_LOOP('',(#2176));
#2176 = ORIENTED_EDGE('',*,*,#2177,.T.);
#2177 = EDGE_CURVE('',#2178,#2178,#2180,.T.);
#2178 = VERTEX_POINT('',#2179);
#2179 = CARTESIAN_POINT('',(245.9212,-156.98542,0.));
#2180 = CIRCLE('',#2181,1.5);
#2181 = AXIS2_PLACEMENT_3D('',#2182,#2183,#2184);
#2182 = CARTESIAN_POINT('',(245.9212,-155.48542,0.));
#2183 = DIRECTION('',(-0.,0.,-1.));
#2184 = DIRECTION('',(-0.,-1.,0.));
#2185 = FACE_BOUND('',#2186,.F.);
#2186 = EDGE_LOOP('',(#2187));
#2187 = ORIENTED_EDGE('',*,*,#2188,.T.);
#2188 = EDGE_CURVE('',#2189,#2189,#2191,.T.);
#2189 = VERTEX_POINT('',#2190);
#2190 = CARTESIAN_POINT('',(250.463212,-160.020238,0.));
#2191 = CIRCLE('',#2192,1.5);
#2192 = AXIS2_PLACEMENT_3D('',#2193,#2194,#2195);
#2193 = CARTESIAN_POINT('',(250.463212,-158.520238,0.));
#2194 = DIRECTION('',(-0.,0.,-1.));
#2195 = DIRECTION('',(-0.,-1.,0.));
#2196 = FACE_BOUND('',#2197,.F.);
#2197 = EDGE_LOOP('',(#2198,#2209,#2218));
#2198 = ORIENTED_EDGE('',*,*,#2199,.T.);
#2199 = EDGE_CURVE('',#2200,#2202,#2204,.T.);
#2200 = VERTEX_POINT('',#2201);
#2201 = CARTESIAN_POINT('',(244.803764,-148.695436,0.));
#2202 = VERTEX_POINT('',#2203);
#2203 = CARTESIAN_POINT('',(243.93540942803,-145.9723414258,0.));
#2204 = CIRCLE('',#2205,1.5);
#2205 = AXIS2_PLACEMENT_3D('',#2206,#2207,#2208);
#2206 = CARTESIAN_POINT('',(244.803764,-147.195436,0.));
#2207 = DIRECTION('',(-0.,0.,-1.));
#2208 = DIRECTION('',(-0.,-1.,0.));
#2209 = ORIENTED_EDGE('',*,*,#2210,.T.);
#2210 = EDGE_CURVE('',#2202,#2211,#2213,.T.);
#2211 = VERTEX_POINT('',#2212);
#2212 = CARTESIAN_POINT('',(244.86247857196,-145.6965855741,0.));
#2213 = CIRCLE('',#2214,1.5);
#2214 = AXIS2_PLACEMENT_3D('',#2215,#2216,#2217);
#2215 = CARTESIAN_POINT('',(243.994124,-144.473491,0.));
#2216 = DIRECTION('',(-0.,0.,-1.));
#2217 = DIRECTION('',(-0.,-1.,0.));
#2218 = ORIENTED_EDGE('',*,*,#2219,.T.);
#2219 = EDGE_CURVE('',#2211,#2200,#2220,.T.);
#2220 = CIRCLE('',#2221,1.5);
#2221 = AXIS2_PLACEMENT_3D('',#2222,#2223,#2224);
#2222 = CARTESIAN_POINT('',(244.803764,-147.195436,0.));
#2223 = DIRECTION('',(-0.,0.,-1.));
#2224 = DIRECTION('',(-0.,-1.,0.));
#2225 = FACE_BOUND('',#2226,.F.);
#2226 = EDGE_LOOP('',(#2227,#2238,#2247,#2256));
#2227 = ORIENTED_EDGE('',*,*,#2228,.T.);
#2228 = EDGE_CURVE('',#2229,#2231,#2233,.T.);
#2229 = VERTEX_POINT('',#2230);
#2230 = CARTESIAN_POINT('',(251.04089608385,-147.225230402,0.));
#2231 = VERTEX_POINT('',#2232);
#2232 = CARTESIAN_POINT('',(249.806587,-149.577569,0.));
#2233 = CIRCLE('',#2234,1.5);
#2234 = AXIS2_PLACEMENT_3D('',#2235,#2236,#2237);
#2235 = CARTESIAN_POINT('',(249.806587,-148.077569,0.));
#2236 = DIRECTION('',(-0.,0.,-1.));
#2237 = DIRECTION('',(-0.,-1.,0.));
#2238 = ORIENTED_EDGE('',*,*,#2239,.T.);
#2239 = EDGE_CURVE('',#2231,#2240,#2242,.T.);
#2240 = VERTEX_POINT('',#2241);
#2241 = CARTESIAN_POINT('',(250.26404991614,-146.6490285979,0.));
#2242 = CIRCLE('',#2243,1.5);
#2243 = AXIS2_PLACEMENT_3D('',#2244,#2245,#2246);
#2244 = CARTESIAN_POINT('',(249.806587,-148.077569,0.));
#2245 = DIRECTION('',(-0.,0.,-1.));
#2246 = DIRECTION('',(-0.,-1.,0.));
#2247 = ORIENTED_EDGE('',*,*,#2248,.T.);
#2248 = EDGE_CURVE('',#2240,#2249,#2251,.T.);
#2249 = VERTEX_POINT('',#2250);
#2250 = CARTESIAN_POINT('',(251.498359,-147.29669,0.));
#2251 = CIRCLE('',#2252,1.5);
#2252 = AXIS2_PLACEMENT_3D('',#2253,#2254,#2255);
#2253 = CARTESIAN_POINT('',(251.498359,-145.79669,0.));
#2254 = DIRECTION('',(-0.,0.,-1.));
#2255 = DIRECTION('',(-0.,-1.,0.));
#2256 = ORIENTED_EDGE('',*,*,#2257,.T.);
#2257 = EDGE_CURVE('',#2249,#2229,#2258,.T.);
#2258 = CIRCLE('',#2259,1.5);
#2259 = AXIS2_PLACEMENT_3D('',#2260,#2261,#2262);
#2260 = CARTESIAN_POINT('',(251.498359,-145.79669,0.));
#2261 = DIRECTION('',(-0.,0.,-1.));
#2262 = DIRECTION('',(-0.,-1.,0.));
#2263 = FACE_BOUND('',#2264,.F.);
#2264 = EDGE_LOOP('',(#2265));
#2265 = ORIENTED_EDGE('',*,*,#2266,.T.);
#2266 = EDGE_CURVE('',#2267,#2267,#2269,.T.);
#2267 = VERTEX_POINT('',#2268);
#2268 = CARTESIAN_POINT('',(260.194723,-156.659033,0.));
#2269 = CIRCLE('',#2270,1.5);
#2270 = AXIS2_PLACEMENT_3D('',#2271,#2272,#2273);
#2271 = CARTESIAN_POINT('',(260.194723,-155.159033,0.));
#2272 = DIRECTION('',(-0.,0.,-1.));
#2273 = DIRECTION('',(-0.,-1.,0.));
#2274 = FACE_BOUND('',#2275,.F.);
#2275 = EDGE_LOOP('',(#2276));
#2276 = ORIENTED_EDGE('',*,*,#2277,.T.);
#2277 = EDGE_CURVE('',#2278,#2278,#2280,.T.);
#2278 = VERTEX_POINT('',#2279);
#2279 = CARTESIAN_POINT('',(265.500788,-155.360697,0.));
#2280 = CIRCLE('',#2281,1.5);
#2281 = AXIS2_PLACEMENT_3D('',#2282,#2283,#2284);
#2282 = CARTESIAN_POINT('',(265.500788,-153.860697,0.));
#2283 = DIRECTION('',(-0.,0.,-1.));
#2284 = DIRECTION('',(-0.,-1.,0.));
#2285 = FACE_BOUND('',#2286,.F.);
#2286 = EDGE_LOOP('',(#2287));
#2287 = ORIENTED_EDGE('',*,*,#2288,.T.);
#2288 = EDGE_CURVE('',#2289,#2289,#2291,.T.);
#2289 = VERTEX_POINT('',#2290);
#2290 = CARTESIAN_POINT('',(270.0428,-158.395515,0.));
#2291 = CIRCLE('',#2292,1.5);
#2292 = AXIS2_PLACEMENT_3D('',#2293,#2294,#2295);
#2293 = CARTESIAN_POINT('',(270.0428,-156.895515,0.));
#2294 = DIRECTION('',(-0.,0.,-1.));
#2295 = DIRECTION('',(-0.,-1.,0.));
#2296 = FACE_BOUND('',#2297,.F.);
#2297 = EDGE_LOOP('',(#2298,#2309,#2318,#2327));
#2298 = ORIENTED_EDGE('',*,*,#2299,.T.);
#2299 = EDGE_CURVE('',#2300,#2302,#2304,.T.);
#2300 = VERTEX_POINT('',#2301);
#2301 = CARTESIAN_POINT('',(270.62048408385,-145.600507402,0.));
#2302 = VERTEX_POINT('',#2303);
#2303 = CARTESIAN_POINT('',(269.386175,-147.952846,0.));
#2304 = CIRCLE('',#2305,1.5);
#2305 = AXIS2_PLACEMENT_3D('',#2306,#2307,#2308);
#2306 = CARTESIAN_POINT('',(269.386175,-146.452846,0.));
#2307 = DIRECTION('',(-0.,0.,-1.));
#2308 = DIRECTION('',(-0.,-1.,0.));
#2309 = ORIENTED_EDGE('',*,*,#2310,.T.);
#2310 = EDGE_CURVE('',#2302,#2311,#2313,.T.);
#2311 = VERTEX_POINT('',#2312);
#2312 = CARTESIAN_POINT('',(269.84363791614,-145.0243055979,0.));
#2313 = CIRCLE('',#2314,1.5);
#2314 = AXIS2_PLACEMENT_3D('',#2315,#2316,#2317);
#2315 = CARTESIAN_POINT('',(269.386175,-146.452846,0.));
#2316 = DIRECTION('',(-0.,0.,-1.));
#2317 = DIRECTION('',(-0.,-1.,0.));
#2318 = ORIENTED_EDGE('',*,*,#2319,.T.);
#2319 = EDGE_CURVE('',#2311,#2320,#2322,.T.);
#2320 = VERTEX_POINT('',#2321);
#2321 = CARTESIAN_POINT('',(271.077947,-145.671967,0.));
#2322 = CIRCLE('',#2323,1.5);
#2323 = AXIS2_PLACEMENT_3D('',#2324,#2325,#2326);
#2324 = CARTESIAN_POINT('',(271.077947,-144.171967,0.));
#2325 = DIRECTION('',(-0.,0.,-1.));
#2326 = DIRECTION('',(-0.,-1.,0.));
#2327 = ORIENTED_EDGE('',*,*,#2328,.T.);
#2328 = EDGE_CURVE('',#2320,#2300,#2329,.T.);
#2329 = CIRCLE('',#2330,1.5);
#2330 = AXIS2_PLACEMENT_3D('',#2331,#2332,#2333);
#2331 = CARTESIAN_POINT('',(271.077947,-144.171967,0.));
#2332 = DIRECTION('',(-0.,0.,-1.));
#2333 = DIRECTION('',(-0.,-1.,0.));
#2334 = FACE_BOUND('',#2335,.F.);
#2335 = EDGE_LOOP('',(#2336));
#2336 = ORIENTED_EDGE('',*,*,#2337,.T.);
#2337 = EDGE_CURVE('',#2338,#2338,#2340,.T.);
#2338 = VERTEX_POINT('',#2339);
#2339 = CARTESIAN_POINT('',(131.282,-145.5,0.));
#2340 = CIRCLE('',#2341,0.375);
#2341 = AXIS2_PLACEMENT_3D('',#2342,#2343,#2344);
#2342 = CARTESIAN_POINT('',(131.282,-145.125,0.));
#2343 = DIRECTION('',(-0.,0.,-1.));
#2344 = DIRECTION('',(-0.,-1.,0.));
#2345 = FACE_BOUND('',#2346,.F.);
#2346 = EDGE_LOOP('',(#2347));
#2347 = ORIENTED_EDGE('',*,*,#2348,.T.);
#2348 = EDGE_CURVE('',#2349,#2349,#2351,.T.);
#2349 = VERTEX_POINT('',#2350);
#2350 = CARTESIAN_POINT('',(131.282,-143.5,0.));
#2351 = CIRCLE('',#2352,0.375);
#2352 = AXIS2_PLACEMENT_3D('',#2353,#2354,#2355);
#2353 = CARTESIAN_POINT('',(131.282,-143.125,0.));
#2354 = DIRECTION('',(-0.,0.,-1.));
#2355 = DIRECTION('',(-0.,-1.,0.));
#2356 = FACE_BOUND('',#2357,.F.);
#2357 = EDGE_LOOP('',(#2358));
#2358 = ORIENTED_EDGE('',*,*,#2359,.T.);
#2359 = EDGE_CURVE('',#2360,#2360,#2362,.T.);
#2360 = VERTEX_POINT('',#2361);
#2361 = CARTESIAN_POINT('',(141.6,-139.3,0.));
#2362 = CIRCLE('',#2363,0.5);
#2363 = AXIS2_PLACEMENT_3D('',#2364,#2365,#2366);
#2364 = CARTESIAN_POINT('',(141.6,-138.8,0.));
#2365 = DIRECTION('',(-0.,0.,-1.));
#2366 = DIRECTION('',(-0.,-1.,0.));
#2367 = FACE_BOUND('',#2368,.F.);
#2368 = EDGE_LOOP('',(#2369));
#2369 = ORIENTED_EDGE('',*,*,#2370,.T.);
#2370 = EDGE_CURVE('',#2371,#2371,#2373,.T.);
#2371 = VERTEX_POINT('',#2372);
#2372 = CARTESIAN_POINT('',(144.14,-139.3,0.));
#2373 = CIRCLE('',#2374,0.5);
#2374 = AXIS2_PLACEMENT_3D('',#2375,#2376,#2377);
#2375 = CARTESIAN_POINT('',(144.14,-138.8,0.));
#2376 = DIRECTION('',(-0.,0.,-1.));
#2377 = DIRECTION('',(-0.,-1.,0.));
#2378 = FACE_BOUND('',#2379,.F.);
#2379 = EDGE_LOOP('',(#2380));
#2380 = ORIENTED_EDGE('',*,*,#2381,.T.);
#2381 = EDGE_CURVE('',#2382,#2382,#2384,.T.);
#2382 = VERTEX_POINT('',#2383);
#2383 = CARTESIAN_POINT('',(146.68,-139.3,0.));
#2384 = CIRCLE('',#2385,0.5);
#2385 = AXIS2_PLACEMENT_3D('',#2386,#2387,#2388);
#2386 = CARTESIAN_POINT('',(146.68,-138.8,0.));
#2387 = DIRECTION('',(-0.,0.,-1.));
#2388 = DIRECTION('',(-0.,-1.,0.));
#2389 = FACE_BOUND('',#2390,.F.);
#2390 = EDGE_LOOP('',(#2391));
#2391 = ORIENTED_EDGE('',*,*,#2392,.T.);
#2392 = EDGE_CURVE('',#2393,#2393,#2395,.T.);
#2393 = VERTEX_POINT('',#2394);
#2394 = CARTESIAN_POINT('',(149.22,-139.3,0.));
#2395 = CIRCLE('',#2396,0.5);
#2396 = AXIS2_PLACEMENT_3D('',#2397,#2398,#2399);
#2397 = CARTESIAN_POINT('',(149.22,-138.8,0.));
#2398 = DIRECTION('',(-0.,0.,-1.));
#2399 = DIRECTION('',(-0.,-1.,0.));
#2400 = FACE_BOUND('',#2401,.F.);
#2401 = EDGE_LOOP('',(#2402));
#2402 = ORIENTED_EDGE('',*,*,#2403,.T.);
#2403 = EDGE_CURVE('',#2404,#2404,#2406,.T.);
#2404 = VERTEX_POINT('',#2405);
#2405 = CARTESIAN_POINT('',(138.38,-126.74,0.));
#2406 = CIRCLE('',#2407,0.5);
#2407 = AXIS2_PLACEMENT_3D('',#2408,#2409,#2410);
#2408 = CARTESIAN_POINT('',(138.38,-126.24,0.));
#2409 = DIRECTION('',(-0.,0.,-1.));
#2410 = DIRECTION('',(-0.,-1.,0.));
#2411 = FACE_BOUND('',#2412,.F.);
#2412 = EDGE_LOOP('',(#2413));
#2413 = ORIENTED_EDGE('',*,*,#2414,.T.);
#2414 = EDGE_CURVE('',#2415,#2415,#2417,.T.);
#2415 = VERTEX_POINT('',#2416);
#2416 = CARTESIAN_POINT('',(142.6,-126.44,0.));
#2417 = CIRCLE('',#2418,0.2);
#2418 = AXIS2_PLACEMENT_3D('',#2419,#2420,#2421);
#2419 = CARTESIAN_POINT('',(142.6,-126.24,0.));
#2420 = DIRECTION('',(-0.,0.,-1.));
#2421 = DIRECTION('',(-1.42108547152E-13,-1.,0.));
#2422 = FACE_BOUND('',#2423,.F.);
#2423 = EDGE_LOOP('',(#2424));
#2424 = ORIENTED_EDGE('',*,*,#2425,.T.);
#2425 = EDGE_CURVE('',#2426,#2426,#2428,.T.);
#2426 = VERTEX_POINT('',#2427);
#2427 = CARTESIAN_POINT('',(138.38,-124.2,0.));
#2428 = CIRCLE('',#2429,0.5);
#2429 = AXIS2_PLACEMENT_3D('',#2430,#2431,#2432);
#2430 = CARTESIAN_POINT('',(138.38,-123.7,0.));
#2431 = DIRECTION('',(-0.,0.,-1.));
#2432 = DIRECTION('',(-0.,-1.,0.));
#2433 = FACE_BOUND('',#2434,.F.);
#2434 = EDGE_LOOP('',(#2435));
#2435 = ORIENTED_EDGE('',*,*,#2436,.T.);
#2436 = EDGE_CURVE('',#2437,#2437,#2439,.T.);
#2437 = VERTEX_POINT('',#2438);
#2438 = CARTESIAN_POINT('',(142.6,-123.9,0.));
#2439 = CIRCLE('',#2440,0.2);
#2440 = AXIS2_PLACEMENT_3D('',#2441,#2442,#2443);
#2441 = CARTESIAN_POINT('',(142.6,-123.7,0.));
#2442 = DIRECTION('',(-0.,0.,-1.));
#2443 = DIRECTION('',(-1.42108547152E-13,-1.,0.));
#2444 = FACE_BOUND('',#2445,.F.);
#2445 = EDGE_LOOP('',(#2446));
#2446 = ORIENTED_EDGE('',*,*,#2447,.T.);
#2447 = EDGE_CURVE('',#2448,#2448,#2450,.T.);
#2448 = VERTEX_POINT('',#2449);
#2449 = CARTESIAN_POINT('',(138.38,-121.66,0.));
#2450 = CIRCLE('',#2451,0.5);
#2451 = AXIS2_PLACEMENT_3D('',#2452,#2453,#2454);
#2452 = CARTESIAN_POINT('',(138.38,-121.16,0.));
#2453 = DIRECTION('',(-0.,0.,-1.));
#2454 = DIRECTION('',(-0.,-1.,0.));
#2455 = FACE_BOUND('',#2456,.F.);
#2456 = EDGE_LOOP('',(#2457));
#2457 = ORIENTED_EDGE('',*,*,#2458,.T.);
#2458 = EDGE_CURVE('',#2459,#2459,#2461,.T.);
#2459 = VERTEX_POINT('',#2460);
#2460 = CARTESIAN_POINT('',(138.38,-119.12,0.));
#2461 = CIRCLE('',#2462,0.5);
#2462 = AXIS2_PLACEMENT_3D('',#2463,#2464,#2465);
#2463 = CARTESIAN_POINT('',(138.38,-118.62,0.));
#2464 = DIRECTION('',(-0.,0.,-1.));
#2465 = DIRECTION('',(-0.,-1.,0.));
#2466 = FACE_BOUND('',#2467,.F.);
#2467 = EDGE_LOOP('',(#2468));
#2468 = ORIENTED_EDGE('',*,*,#2469,.T.);
#2469 = EDGE_CURVE('',#2470,#2470,#2472,.T.);
#2470 = VERTEX_POINT('',#2471);
#2471 = CARTESIAN_POINT('',(142.6,-121.36,0.));
#2472 = CIRCLE('',#2473,0.2);
#2473 = AXIS2_PLACEMENT_3D('',#2474,#2475,#2476);
#2474 = CARTESIAN_POINT('',(142.6,-121.16,0.));
#2475 = DIRECTION('',(-0.,0.,-1.));
#2476 = DIRECTION('',(-1.42108547152E-13,-1.,0.));
#2477 = FACE_BOUND('',#2478,.F.);
#2478 = EDGE_LOOP('',(#2479));
#2479 = ORIENTED_EDGE('',*,*,#2480,.T.);
#2480 = EDGE_CURVE('',#2481,#2481,#2483,.T.);
#2481 = VERTEX_POINT('',#2482);
#2482 = CARTESIAN_POINT('',(142.6,-118.82,0.));
#2483 = CIRCLE('',#2484,0.2);
#2484 = AXIS2_PLACEMENT_3D('',#2485,#2486,#2487);
#2485 = CARTESIAN_POINT('',(142.6,-118.62,0.));
#2486 = DIRECTION('',(-0.,0.,-1.));
#2487 = DIRECTION('',(-1.42108547152E-13,-1.,0.));
#2488 = FACE_BOUND('',#2489,.F.);
#2489 = EDGE_LOOP('',(#2490));
#2490 = ORIENTED_EDGE('',*,*,#2491,.T.);
#2491 = EDGE_CURVE('',#2492,#2492,#2494,.T.);
#2492 = VERTEX_POINT('',#2493);
#2493 = CARTESIAN_POINT('',(149.4,-126.44,0.));
#2494 = CIRCLE('',#2495,0.2);
#2495 = AXIS2_PLACEMENT_3D('',#2496,#2497,#2498);
#2496 = CARTESIAN_POINT('',(149.4,-126.24,0.));
#2497 = DIRECTION('',(-0.,0.,-1.));
#2498 = DIRECTION('',(1.42108547152E-13,-1.,-0.));
#2499 = FACE_BOUND('',#2500,.F.);
#2500 = EDGE_LOOP('',(#2501));
#2501 = ORIENTED_EDGE('',*,*,#2502,.T.);
#2502 = EDGE_CURVE('',#2503,#2503,#2505,.T.);
#2503 = VERTEX_POINT('',#2504);
#2504 = CARTESIAN_POINT('',(153.62,-126.74,0.));
#2505 = CIRCLE('',#2506,0.5);
#2506 = AXIS2_PLACEMENT_3D('',#2507,#2508,#2509);
#2507 = CARTESIAN_POINT('',(153.62,-126.24,0.));
#2508 = DIRECTION('',(-0.,0.,-1.));
#2509 = DIRECTION('',(-0.,-1.,0.));
#2510 = FACE_BOUND('',#2511,.F.);
#2511 = EDGE_LOOP('',(#2512));
#2512 = ORIENTED_EDGE('',*,*,#2513,.T.);
#2513 = EDGE_CURVE('',#2514,#2514,#2516,.T.);
#2514 = VERTEX_POINT('',#2515);
#2515 = CARTESIAN_POINT('',(149.4,-123.9,0.));
#2516 = CIRCLE('',#2517,0.2);
#2517 = AXIS2_PLACEMENT_3D('',#2518,#2519,#2520);
#2518 = CARTESIAN_POINT('',(149.4,-123.7,0.));
#2519 = DIRECTION('',(-0.,0.,-1.));
#2520 = DIRECTION('',(1.42108547152E-13,-1.,-0.));
#2521 = FACE_BOUND('',#2522,.F.);
#2522 = EDGE_LOOP('',(#2523));
#2523 = ORIENTED_EDGE('',*,*,#2524,.T.);
#2524 = EDGE_CURVE('',#2525,#2525,#2527,.T.);
#2525 = VERTEX_POINT('',#2526);
#2526 = CARTESIAN_POINT('',(153.62,-124.2,0.));
#2527 = CIRCLE('',#2528,0.5);
#2528 = AXIS2_PLACEMENT_3D('',#2529,#2530,#2531);
#2529 = CARTESIAN_POINT('',(153.62,-123.7,0.));
#2530 = DIRECTION('',(-0.,0.,-1.));
#2531 = DIRECTION('',(-0.,-1.,0.));
#2532 = FACE_BOUND('',#2533,.F.);
#2533 = EDGE_LOOP('',(#2534));
#2534 = ORIENTED_EDGE('',*,*,#2535,.T.);
#2535 = EDGE_CURVE('',#2536,#2536,#2538,.T.);
#2536 = VERTEX_POINT('',#2537);
#2537 = CARTESIAN_POINT('',(149.4,-121.36,0.));
#2538 = CIRCLE('',#2539,0.2);
#2539 = AXIS2_PLACEMENT_3D('',#2540,#2541,#2542);
#2540 = CARTESIAN_POINT('',(149.4,-121.16,0.));
#2541 = DIRECTION('',(-0.,0.,-1.));
#2542 = DIRECTION('',(1.42108547152E-13,-1.,-0.));
#2543 = FACE_BOUND('',#2544,.F.);
#2544 = EDGE_LOOP('',(#2545));
#2545 = ORIENTED_EDGE('',*,*,#2546,.T.);
#2546 = EDGE_CURVE('',#2547,#2547,#2549,.T.);
#2547 = VERTEX_POINT('',#2548);
#2548 = CARTESIAN_POINT('',(149.4,-118.82,0.));
#2549 = CIRCLE('',#2550,0.2);
#2550 = AXIS2_PLACEMENT_3D('',#2551,#2552,#2553);
#2551 = CARTESIAN_POINT('',(149.4,-118.62,0.));
#2552 = DIRECTION('',(-0.,0.,-1.));
#2553 = DIRECTION('',(1.42108547152E-13,-1.,-0.));
#2554 = FACE_BOUND('',#2555,.F.);
#2555 = EDGE_LOOP('',(#2556));
#2556 = ORIENTED_EDGE('',*,*,#2557,.T.);
#2557 = EDGE_CURVE('',#2558,#2558,#2560,.T.);
#2558 = VERTEX_POINT('',#2559);
#2559 = CARTESIAN_POINT('',(153.62,-121.66,0.));
#2560 = CIRCLE('',#2561,0.5);
#2561 = AXIS2_PLACEMENT_3D('',#2562,#2563,#2564);
#2562 = CARTESIAN_POINT('',(153.62,-121.16,0.));
#2563 = DIRECTION('',(-0.,0.,-1.));
#2564 = DIRECTION('',(-0.,-1.,0.));
#2565 = FACE_BOUND('',#2566,.F.);
#2566 = EDGE_LOOP('',(#2567));
#2567 = ORIENTED_EDGE('',*,*,#2568,.T.);
#2568 = EDGE_CURVE('',#2569,#2569,#2571,.T.);
#2569 = VERTEX_POINT('',#2570);
#2570 = CARTESIAN_POINT('',(153.62,-119.12,0.));
#2571 = CIRCLE('',#2572,0.5);
#2572 = AXIS2_PLACEMENT_3D('',#2573,#2574,#2575);
#2573 = CARTESIAN_POINT('',(153.62,-118.62,0.));
#2574 = DIRECTION('',(-0.,0.,-1.));
#2575 = DIRECTION('',(-0.,-1.,0.));
#2576 = FACE_BOUND('',#2577,.F.);
#2577 = EDGE_LOOP('',(#2578));
#2578 = ORIENTED_EDGE('',*,*,#2579,.T.);
#2579 = EDGE_CURVE('',#2580,#2580,#2582,.T.);
#2580 = VERTEX_POINT('',#2581);
#2581 = CARTESIAN_POINT('',(170.,-145.55,0.));
#2582 = CIRCLE('',#2583,1.5);
#2583 = AXIS2_PLACEMENT_3D('',#2584,#2585,#2586);
#2584 = CARTESIAN_POINT('',(170.,-144.05,0.));
#2585 = DIRECTION('',(-0.,0.,-1.));
#2586 = DIRECTION('',(-0.,-1.,0.));
#2587 = FACE_BOUND('',#2588,.F.);
#2588 = EDGE_LOOP('',(#2589,#2600,#2609,#2618));
#2589 = ORIENTED_EDGE('',*,*,#2590,.T.);
#2590 = EDGE_CURVE('',#2591,#2593,#2595,.T.);
#2591 = VERTEX_POINT('',#2592);
#2592 = CARTESIAN_POINT('',(166.39244942492,-135.0262752875,0.));
#2593 = VERTEX_POINT('',#2594);
#2594 = CARTESIAN_POINT('',(166.19,-135.04,0.));
#2595 = CIRCLE('',#2596,1.5);
#2596 = AXIS2_PLACEMENT_3D('',#2597,#2598,#2599);
#2597 = CARTESIAN_POINT('',(166.19,-133.54,0.));
#2598 = DIRECTION('',(-0.,0.,-1.));
#2599 = DIRECTION('',(-0.,-1.,0.));
#2600 = ORIENTED_EDGE('',*,*,#2601,.T.);
#2601 = EDGE_CURVE('',#2593,#2602,#2604,.T.);
#2602 = VERTEX_POINT('',#2603);
#2603 = CARTESIAN_POINT('',(167.25755057507,-134.5937247124,0.));
#2604 = CIRCLE('',#2605,1.5);
#2605 = AXIS2_PLACEMENT_3D('',#2606,#2607,#2608);
#2606 = CARTESIAN_POINT('',(166.19,-133.54,0.));
#2607 = DIRECTION('',(-0.,0.,-1.));
#2608 = DIRECTION('',(-0.,-1.,0.));
#2609 = ORIENTED_EDGE('',*,*,#2610,.T.);
#2610 = EDGE_CURVE('',#2602,#2611,#2613,.T.);
#2611 = VERTEX_POINT('',#2612);
#2612 = CARTESIAN_POINT('',(167.46,-137.58,0.));
#2613 = CIRCLE('',#2614,1.5);
#2614 = AXIS2_PLACEMENT_3D('',#2615,#2616,#2617);
#2615 = CARTESIAN_POINT('',(167.46,-136.08,0.));
#2616 = DIRECTION('',(-0.,0.,-1.));
#2617 = DIRECTION('',(-0.,-1.,0.));
#2618 = ORIENTED_EDGE('',*,*,#2619,.T.);
#2619 = EDGE_CURVE('',#2611,#2591,#2620,.T.);
#2620 = CIRCLE('',#2621,1.5);
#2621 = AXIS2_PLACEMENT_3D('',#2622,#2623,#2624);
#2622 = CARTESIAN_POINT('',(167.46,-136.08,0.));
#2623 = DIRECTION('',(-0.,0.,-1.));
#2624 = DIRECTION('',(-0.,-1.,0.));
#2625 = FACE_BOUND('',#2626,.F.);
#2626 = EDGE_LOOP('',(#2627));
#2627 = ORIENTED_EDGE('',*,*,#2628,.T.);
#2628 = EDGE_CURVE('',#2629,#2629,#2631,.T.);
#2629 = VERTEX_POINT('',#2630);
#2630 = CARTESIAN_POINT('',(179.488,-136.825,0.));
#2631 = CIRCLE('',#2632,1.1);
#2632 = AXIS2_PLACEMENT_3D('',#2633,#2634,#2635);
#2633 = CARTESIAN_POINT('',(179.488,-135.725,0.));
#2634 = DIRECTION('',(-0.,0.,-1.));
#2635 = DIRECTION('',(-0.,-1.,0.));
#2636 = FACE_BOUND('',#2637,.F.);
#2637 = EDGE_LOOP('',(#2638,#2649,#2658,#2667));
#2638 = ORIENTED_EDGE('',*,*,#2639,.T.);
#2639 = EDGE_CURVE('',#2640,#2642,#2644,.T.);
#2640 = VERTEX_POINT('',#2641);
#2641 = CARTESIAN_POINT('',(173.60755057507,-135.0262752875,0.));
#2642 = VERTEX_POINT('',#2643);
#2643 = CARTESIAN_POINT('',(172.54,-137.58,0.));
#2644 = CIRCLE('',#2645,1.5);
#2645 = AXIS2_PLACEMENT_3D('',#2646,#2647,#2648);
#2646 = CARTESIAN_POINT('',(172.54,-136.08,0.));
#2647 = DIRECTION('',(-0.,0.,-1.));
#2648 = DIRECTION('',(-0.,-1.,0.));
#2649 = ORIENTED_EDGE('',*,*,#2650,.T.);
#2650 = EDGE_CURVE('',#2642,#2651,#2653,.T.);
#2651 = VERTEX_POINT('',#2652);
#2652 = CARTESIAN_POINT('',(172.74244942492,-134.5937247124,0.));
#2653 = CIRCLE('',#2654,1.5);
#2654 = AXIS2_PLACEMENT_3D('',#2655,#2656,#2657);
#2655 = CARTESIAN_POINT('',(172.54,-136.08,0.));
#2656 = DIRECTION('',(-0.,0.,-1.));
#2657 = DIRECTION('',(-0.,-1.,0.));
#2658 = ORIENTED_EDGE('',*,*,#2659,.T.);
#2659 = EDGE_CURVE('',#2651,#2660,#2662,.T.);
#2660 = VERTEX_POINT('',#2661);
#2661 = CARTESIAN_POINT('',(173.81,-135.04,0.));
#2662 = CIRCLE('',#2663,1.5);
#2663 = AXIS2_PLACEMENT_3D('',#2664,#2665,#2666);
#2664 = CARTESIAN_POINT('',(173.81,-133.54,0.));
#2665 = DIRECTION('',(-0.,0.,-1.));
#2666 = DIRECTION('',(-0.,-1.,0.));
#2667 = ORIENTED_EDGE('',*,*,#2668,.T.);
#2668 = EDGE_CURVE('',#2660,#2640,#2669,.T.);
#2669 = CIRCLE('',#2670,1.5);
#2670 = AXIS2_PLACEMENT_3D('',#2671,#2672,#2673);
#2671 = CARTESIAN_POINT('',(173.81,-133.54,0.));
#2672 = DIRECTION('',(-0.,0.,-1.));
#2673 = DIRECTION('',(-0.,-1.,0.));
#2674 = FACE_BOUND('',#2675,.F.);
#2675 = EDGE_LOOP('',(#2676));
#2676 = ORIENTED_EDGE('',*,*,#2677,.T.);
#2677 = EDGE_CURVE('',#2678,#2678,#2680,.T.);
#2678 = VERTEX_POINT('',#2679);
#2679 = CARTESIAN_POINT('',(184.,-143.75,0.));
#2680 = CIRCLE('',#2681,1.5);
#2681 = AXIS2_PLACEMENT_3D('',#2682,#2683,#2684);
#2682 = CARTESIAN_POINT('',(184.,-142.25,0.));
#2683 = DIRECTION('',(-0.,0.,-1.));
#2684 = DIRECTION('',(-0.,-1.,0.));
#2685 = FACE_BOUND('',#2686,.F.);
#2686 = EDGE_LOOP('',(#2687));
#2687 = ORIENTED_EDGE('',*,*,#2688,.T.);
#2688 = EDGE_CURVE('',#2689,#2689,#2691,.T.);
#2689 = VERTEX_POINT('',#2690);
#2690 = CARTESIAN_POINT('',(189.,-141.55,0.));
#2691 = CIRCLE('',#2692,1.5);
#2692 = AXIS2_PLACEMENT_3D('',#2693,#2694,#2695);
#2693 = CARTESIAN_POINT('',(189.,-140.05,0.));
#2694 = DIRECTION('',(-0.,0.,-1.));
#2695 = DIRECTION('',(-0.,-1.,0.));
#2696 = FACE_BOUND('',#2697,.F.);
#2697 = EDGE_LOOP('',(#2698));
#2698 = ORIENTED_EDGE('',*,*,#2699,.T.);
#2699 = EDGE_CURVE('',#2700,#2700,#2702,.T.);
#2700 = VERTEX_POINT('',#2701);
#2701 = CARTESIAN_POINT('',(194.,-143.75,0.));
#2702 = CIRCLE('',#2703,1.5);
#2703 = AXIS2_PLACEMENT_3D('',#2704,#2705,#2706);
#2704 = CARTESIAN_POINT('',(194.,-142.25,0.));
#2705 = DIRECTION('',(-0.,0.,-1.));
#2706 = DIRECTION('',(-0.,-1.,0.));
#2707 = FACE_BOUND('',#2708,.F.);
#2708 = EDGE_LOOP('',(#2709,#2720,#2729,#2738));
#2709 = ORIENTED_EDGE('',*,*,#2710,.T.);
#2710 = EDGE_CURVE('',#2711,#2713,#2715,.T.);
#2711 = VERTEX_POINT('',#2712);
#2712 = CARTESIAN_POINT('',(164.71,-131.9264987857,0.));
#2713 = VERTEX_POINT('',#2714);
#2714 = CARTESIAN_POINT('',(164.5,-131.95,0.));
#2715 = CIRCLE('',#2716,0.95);
#2716 = AXIS2_PLACEMENT_3D('',#2717,#2718,#2719);
#2717 = CARTESIAN_POINT('',(164.5,-131.,0.));
#2718 = DIRECTION('',(-0.,0.,-1.));
#2719 = DIRECTION('',(-0.,-1.,0.));
#2720 = ORIENTED_EDGE('',*,*,#2721,.T.);
#2721 = EDGE_CURVE('',#2713,#2722,#2724,.T.);
#2722 = VERTEX_POINT('',#2723);
#2723 = CARTESIAN_POINT('',(164.71,-130.0735012142,0.));
#2724 = CIRCLE('',#2725,0.95);
#2725 = AXIS2_PLACEMENT_3D('',#2726,#2727,#2728);
#2726 = CARTESIAN_POINT('',(164.5,-131.,0.));
#2727 = DIRECTION('',(-0.,0.,-1.));
#2728 = DIRECTION('',(-0.,-1.,0.));
#2729 = ORIENTED_EDGE('',*,*,#2730,.T.);
#2730 = EDGE_CURVE('',#2722,#2731,#2733,.T.);
#2731 = VERTEX_POINT('',#2732);
#2732 = CARTESIAN_POINT('',(164.92,-131.95,0.));
#2733 = CIRCLE('',#2734,0.95);
#2734 = AXIS2_PLACEMENT_3D('',#2735,#2736,#2737);
#2735 = CARTESIAN_POINT('',(164.92,-131.,0.));
#2736 = DIRECTION('',(-0.,0.,-1.));
#2737 = DIRECTION('',(-2.991758887411E-14,-1.,0.));
#2738 = ORIENTED_EDGE('',*,*,#2739,.T.);
#2739 = EDGE_CURVE('',#2731,#2711,#2740,.T.);
#2740 = CIRCLE('',#2741,0.95);
#2741 = AXIS2_PLACEMENT_3D('',#2742,#2743,#2744);
#2742 = CARTESIAN_POINT('',(164.92,-131.,0.));
#2743 = DIRECTION('',(-0.,0.,-1.));
#2744 = DIRECTION('',(-2.991758887411E-14,-1.,0.));
#2745 = FACE_BOUND('',#2746,.F.);
#2746 = EDGE_LOOP('',(#2747));
#2747 = ORIENTED_EDGE('',*,*,#2748,.T.);
#2748 = EDGE_CURVE('',#2749,#2749,#2751,.T.);
#2749 = VERTEX_POINT('',#2750);
#2750 = CARTESIAN_POINT('',(170.,-133.5,0.));
#2751 = CIRCLE('',#2752,2.5);
#2752 = AXIS2_PLACEMENT_3D('',#2753,#2754,#2755);
#2753 = CARTESIAN_POINT('',(170.,-131.,0.));
#2754 = DIRECTION('',(-0.,0.,-1.));
#2755 = DIRECTION('',(-0.,-1.,0.));
#2756 = FACE_BOUND('',#2757,.F.);
#2757 = EDGE_LOOP('',(#2758));
#2758 = ORIENTED_EDGE('',*,*,#2759,.T.);
#2759 = EDGE_CURVE('',#2760,#2760,#2762,.T.);
#2760 = VERTEX_POINT('',#2761);
#2761 = CARTESIAN_POINT('',(165.,-128.75,0.));
#2762 = CIRCLE('',#2763,1.5);
#2763 = AXIS2_PLACEMENT_3D('',#2764,#2765,#2766);
#2764 = CARTESIAN_POINT('',(165.,-127.25,0.));
#2765 = DIRECTION('',(-0.,0.,-1.));
#2766 = DIRECTION('',(-0.,-1.,0.));
#2767 = FACE_BOUND('',#2768,.F.);
#2768 = EDGE_LOOP('',(#2769,#2780,#2789,#2798));
#2769 = ORIENTED_EDGE('',*,*,#2770,.T.);
#2770 = EDGE_CURVE('',#2771,#2773,#2775,.T.);
#2771 = VERTEX_POINT('',#2772);
#2772 = CARTESIAN_POINT('',(175.29,-130.0735012142,0.));
#2773 = VERTEX_POINT('',#2774);
#2774 = CARTESIAN_POINT('',(175.5,-131.95,0.));
#2775 = CIRCLE('',#2776,0.95);
#2776 = AXIS2_PLACEMENT_3D('',#2777,#2778,#2779);
#2777 = CARTESIAN_POINT('',(175.5,-131.,0.));
#2778 = DIRECTION('',(-0.,0.,-1.));
#2779 = DIRECTION('',(-0.,-1.,0.));
#2780 = ORIENTED_EDGE('',*,*,#2781,.T.);
#2781 = EDGE_CURVE('',#2773,#2782,#2784,.T.);
#2782 = VERTEX_POINT('',#2783);
#2783 = CARTESIAN_POINT('',(175.29,-131.9264987857,0.));
#2784 = CIRCLE('',#2785,0.95);
#2785 = AXIS2_PLACEMENT_3D('',#2786,#2787,#2788);
#2786 = CARTESIAN_POINT('',(175.5,-131.,0.));
#2787 = DIRECTION('',(-0.,0.,-1.));
#2788 = DIRECTION('',(-0.,-1.,0.));
#2789 = ORIENTED_EDGE('',*,*,#2790,.T.);
#2790 = EDGE_CURVE('',#2782,#2791,#2793,.T.);
#2791 = VERTEX_POINT('',#2792);
#2792 = CARTESIAN_POINT('',(175.08,-131.95,0.));
#2793 = CIRCLE('',#2794,0.95);
#2794 = AXIS2_PLACEMENT_3D('',#2795,#2796,#2797);
#2795 = CARTESIAN_POINT('',(175.08,-131.,0.));
#2796 = DIRECTION('',(-0.,0.,-1.));
#2797 = DIRECTION('',(2.991758887411E-14,-1.,-0.));
#2798 = ORIENTED_EDGE('',*,*,#2799,.T.);
#2799 = EDGE_CURVE('',#2791,#2771,#2800,.T.);
#2800 = CIRCLE('',#2801,0.95);
#2801 = AXIS2_PLACEMENT_3D('',#2802,#2803,#2804);
#2802 = CARTESIAN_POINT('',(175.08,-131.,0.));
#2803 = DIRECTION('',(-0.,0.,-1.));
#2804 = DIRECTION('',(2.991758887411E-14,-1.,-0.));
#2805 = FACE_BOUND('',#2806,.F.);
#2806 = EDGE_LOOP('',(#2807));
#2807 = ORIENTED_EDGE('',*,*,#2808,.T.);
#2808 = EDGE_CURVE('',#2809,#2809,#2811,.T.);
#2809 = VERTEX_POINT('',#2810);
#2810 = CARTESIAN_POINT('',(175.,-128.75,0.));
#2811 = CIRCLE('',#2812,1.5);
#2812 = AXIS2_PLACEMENT_3D('',#2813,#2814,#2815);
#2813 = CARTESIAN_POINT('',(175.,-127.25,0.));
#2814 = DIRECTION('',(-0.,0.,-1.));
#2815 = DIRECTION('',(-0.,-1.,0.));
#2816 = FACE_BOUND('',#2817,.F.);
#2817 = EDGE_LOOP('',(#2818));
#2818 = ORIENTED_EDGE('',*,*,#2819,.T.);
#2819 = EDGE_CURVE('',#2820,#2820,#2822,.T.);
#2820 = VERTEX_POINT('',#2821);
#2821 = CARTESIAN_POINT('',(170.,-126.55,0.));
#2822 = CIRCLE('',#2823,1.5);
#2823 = AXIS2_PLACEMENT_3D('',#2824,#2825,#2826);
#2824 = CARTESIAN_POINT('',(170.,-125.05,0.));
#2825 = DIRECTION('',(-0.,0.,-1.));
#2826 = DIRECTION('',(-0.,-1.,0.));
#2827 = FACE_BOUND('',#2828,.F.);
#2828 = EDGE_LOOP('',(#2829,#2840,#2849,#2858));
#2829 = ORIENTED_EDGE('',*,*,#2830,.T.);
#2830 = EDGE_CURVE('',#2831,#2833,#2835,.T.);
#2831 = VERTEX_POINT('',#2832);
#2832 = CARTESIAN_POINT('',(185.39244942492,-131.0262752875,0.));
#2833 = VERTEX_POINT('',#2834);
#2834 = CARTESIAN_POINT('',(185.19,-131.04,0.));
#2835 = CIRCLE('',#2836,1.5);
#2836 = AXIS2_PLACEMENT_3D('',#2837,#2838,#2839);
#2837 = CARTESIAN_POINT('',(185.19,-129.54,0.));
#2838 = DIRECTION('',(-0.,0.,-1.));
#2839 = DIRECTION('',(-0.,-1.,0.));
#2840 = ORIENTED_EDGE('',*,*,#2841,.T.);
#2841 = EDGE_CURVE('',#2833,#2842,#2844,.T.);
#2842 = VERTEX_POINT('',#2843);
#2843 = CARTESIAN_POINT('',(186.25755057507,-130.5937247124,0.));
#2844 = CIRCLE('',#2845,1.5);
#2845 = AXIS2_PLACEMENT_3D('',#2846,#2847,#2848);
#2846 = CARTESIAN_POINT('',(185.19,-129.54,0.));
#2847 = DIRECTION('',(-0.,0.,-1.));
#2848 = DIRECTION('',(-0.,-1.,0.));
#2849 = ORIENTED_EDGE('',*,*,#2850,.T.);
#2850 = EDGE_CURVE('',#2842,#2851,#2853,.T.);
#2851 = VERTEX_POINT('',#2852);
#2852 = CARTESIAN_POINT('',(186.46,-133.58,0.));
#2853 = CIRCLE('',#2854,1.5);
#2854 = AXIS2_PLACEMENT_3D('',#2855,#2856,#2857);
#2855 = CARTESIAN_POINT('',(186.46,-132.08,0.));
#2856 = DIRECTION('',(-0.,0.,-1.));
#2857 = DIRECTION('',(-0.,-1.,0.));
#2858 = ORIENTED_EDGE('',*,*,#2859,.T.);
#2859 = EDGE_CURVE('',#2851,#2831,#2860,.T.);
#2860 = CIRCLE('',#2861,1.5);
#2861 = AXIS2_PLACEMENT_3D('',#2862,#2863,#2864);
#2862 = CARTESIAN_POINT('',(186.46,-132.08,0.));
#2863 = DIRECTION('',(-0.,0.,-1.));
#2864 = DIRECTION('',(-0.,-1.,0.));
#2865 = FACE_BOUND('',#2866,.F.);
#2866 = EDGE_LOOP('',(#2867,#2878,#2887,#2896));
#2867 = ORIENTED_EDGE('',*,*,#2868,.T.);
#2868 = EDGE_CURVE('',#2869,#2871,#2873,.T.);
#2869 = VERTEX_POINT('',#2870);
#2870 = CARTESIAN_POINT('',(183.71,-126.0735012142,0.));
#2871 = VERTEX_POINT('',#2872);
#2872 = CARTESIAN_POINT('',(183.92,-127.95,0.));
#2873 = CIRCLE('',#2874,0.95);
#2874 = AXIS2_PLACEMENT_3D('',#2875,#2876,#2877);
#2875 = CARTESIAN_POINT('',(183.92,-127.,0.));
#2876 = DIRECTION('',(-0.,0.,-1.));
#2877 = DIRECTION('',(-2.991758887411E-14,-1.,0.));
#2878 = ORIENTED_EDGE('',*,*,#2879,.T.);
#2879 = EDGE_CURVE('',#2871,#2880,#2882,.T.);
#2880 = VERTEX_POINT('',#2881);
#2881 = CARTESIAN_POINT('',(183.71,-127.9264987857,0.));
#2882 = CIRCLE('',#2883,0.95);
#2883 = AXIS2_PLACEMENT_3D('',#2884,#2885,#2886);
#2884 = CARTESIAN_POINT('',(183.92,-127.,0.));
#2885 = DIRECTION('',(-0.,0.,-1.));
#2886 = DIRECTION('',(-2.991758887411E-14,-1.,0.));
#2887 = ORIENTED_EDGE('',*,*,#2888,.T.);
#2888 = EDGE_CURVE('',#2880,#2889,#2891,.T.);
#2889 = VERTEX_POINT('',#2890);
#2890 = CARTESIAN_POINT('',(183.5,-127.95,0.));
#2891 = CIRCLE('',#2892,0.95);
#2892 = AXIS2_PLACEMENT_3D('',#2893,#2894,#2895);
#2893 = CARTESIAN_POINT('',(183.5,-127.,0.));
#2894 = DIRECTION('',(-0.,0.,-1.));
#2895 = DIRECTION('',(-0.,-1.,0.));
#2896 = ORIENTED_EDGE('',*,*,#2897,.T.);
#2897 = EDGE_CURVE('',#2889,#2869,#2898,.T.);
#2898 = CIRCLE('',#2899,0.95);
#2899 = AXIS2_PLACEMENT_3D('',#2900,#2901,#2902);
#2900 = CARTESIAN_POINT('',(183.5,-127.,0.));
#2901 = DIRECTION('',(-0.,0.,-1.));
#2902 = DIRECTION('',(-0.,-1.,0.));
#2903 = FACE_BOUND('',#2904,.F.);
#2904 = EDGE_LOOP('',(#2905));
#2905 = ORIENTED_EDGE('',*,*,#2906,.T.);
#2906 = EDGE_CURVE('',#2907,#2907,#2909,.T.);
#2907 = VERTEX_POINT('',#2908);
#2908 = CARTESIAN_POINT('',(189.,-129.5,0.));
#2909 = CIRCLE('',#2910,2.5);
#2910 = AXIS2_PLACEMENT_3D('',#2911,#2912,#2913);
#2911 = CARTESIAN_POINT('',(189.,-127.,0.));
#2912 = DIRECTION('',(-0.,0.,-1.));
#2913 = DIRECTION('',(-0.,-1.,0.));
#2914 = FACE_BOUND('',#2915,.F.);
#2915 = EDGE_LOOP('',(#2916,#2927,#2936,#2945));
#2916 = ORIENTED_EDGE('',*,*,#2917,.T.);
#2917 = EDGE_CURVE('',#2918,#2920,#2922,.T.);
#2918 = VERTEX_POINT('',#2919);
#2919 = CARTESIAN_POINT('',(192.60755057507,-131.0262752875,0.));
#2920 = VERTEX_POINT('',#2921);
#2921 = CARTESIAN_POINT('',(191.54,-133.58,0.));
#2922 = CIRCLE('',#2923,1.5);
#2923 = AXIS2_PLACEMENT_3D('',#2924,#2925,#2926);
#2924 = CARTESIAN_POINT('',(191.54,-132.08,0.));
#2925 = DIRECTION('',(-0.,0.,-1.));
#2926 = DIRECTION('',(-0.,-1.,0.));
#2927 = ORIENTED_EDGE('',*,*,#2928,.T.);
#2928 = EDGE_CURVE('',#2920,#2929,#2931,.T.);
#2929 = VERTEX_POINT('',#2930);
#2930 = CARTESIAN_POINT('',(191.74244942492,-130.5937247124,0.));
#2931 = CIRCLE('',#2932,1.5);
#2932 = AXIS2_PLACEMENT_3D('',#2933,#2934,#2935);
#2933 = CARTESIAN_POINT('',(191.54,-132.08,0.));
#2934 = DIRECTION('',(-0.,0.,-1.));
#2935 = DIRECTION('',(-0.,-1.,0.));
#2936 = ORIENTED_EDGE('',*,*,#2937,.T.);
#2937 = EDGE_CURVE('',#2929,#2938,#2940,.T.);
#2938 = VERTEX_POINT('',#2939);
#2939 = CARTESIAN_POINT('',(192.81,-131.04,0.));
#2940 = CIRCLE('',#2941,1.5);
#2941 = AXIS2_PLACEMENT_3D('',#2942,#2943,#2944);
#2942 = CARTESIAN_POINT('',(192.81,-129.54,0.));
#2943 = DIRECTION('',(-0.,0.,-1.));
#2944 = DIRECTION('',(-0.,-1.,0.));
#2945 = ORIENTED_EDGE('',*,*,#2946,.T.);
#2946 = EDGE_CURVE('',#2938,#2918,#2947,.T.);
#2947 = CIRCLE('',#2948,1.5);
#2948 = AXIS2_PLACEMENT_3D('',#2949,#2950,#2951);
#2949 = CARTESIAN_POINT('',(192.81,-129.54,0.));
#2950 = DIRECTION('',(-0.,0.,-1.));
#2951 = DIRECTION('',(-0.,-1.,0.));
#2952 = FACE_BOUND('',#2953,.F.);
#2953 = EDGE_LOOP('',(#2954,#2965,#2974,#2983));
#2954 = ORIENTED_EDGE('',*,*,#2955,.T.);
#2955 = EDGE_CURVE('',#2956,#2958,#2960,.T.);
#2956 = VERTEX_POINT('',#2957);
#2957 = CARTESIAN_POINT('',(194.29,-127.9264987857,0.));
#2958 = VERTEX_POINT('',#2959);
#2959 = CARTESIAN_POINT('',(194.08,-127.95,0.));
#2960 = CIRCLE('',#2961,0.95);
#2961 = AXIS2_PLACEMENT_3D('',#2962,#2963,#2964);
#2962 = CARTESIAN_POINT('',(194.08,-127.,0.));
#2963 = DIRECTION('',(-0.,0.,-1.));
#2964 = DIRECTION('',(2.991758887411E-14,-1.,-0.));
#2965 = ORIENTED_EDGE('',*,*,#2966,.T.);
#2966 = EDGE_CURVE('',#2958,#2967,#2969,.T.);
#2967 = VERTEX_POINT('',#2968);
#2968 = CARTESIAN_POINT('',(194.29,-126.0735012142,0.));
#2969 = CIRCLE('',#2970,0.95);
#2970 = AXIS2_PLACEMENT_3D('',#2971,#2972,#2973);
#2971 = CARTESIAN_POINT('',(194.08,-127.,0.));
#2972 = DIRECTION('',(-0.,0.,-1.));
#2973 = DIRECTION('',(2.991758887411E-14,-1.,-0.));
#2974 = ORIENTED_EDGE('',*,*,#2975,.T.);
#2975 = EDGE_CURVE('',#2967,#2976,#2978,.T.);
#2976 = VERTEX_POINT('',#2977);
#2977 = CARTESIAN_POINT('',(194.5,-127.95,0.));
#2978 = CIRCLE('',#2979,0.95);
#2979 = AXIS2_PLACEMENT_3D('',#2980,#2981,#2982);
#2980 = CARTESIAN_POINT('',(194.5,-127.,0.));
#2981 = DIRECTION('',(-0.,0.,-1.));
#2982 = DIRECTION('',(-0.,-1.,0.));
#2983 = ORIENTED_EDGE('',*,*,#2984,.T.);
#2984 = EDGE_CURVE('',#2976,#2956,#2985,.T.);
#2985 = CIRCLE('',#2986,0.95);
#2986 = AXIS2_PLACEMENT_3D('',#2987,#2988,#2989);
#2987 = CARTESIAN_POINT('',(194.5,-127.,0.));
#2988 = DIRECTION('',(-0.,0.,-1.));
#2989 = DIRECTION('',(-0.,-1.,0.));
#2990 = FACE_BOUND('',#2991,.F.);
#2991 = EDGE_LOOP('',(#2992));
#2992 = ORIENTED_EDGE('',*,*,#2993,.T.);
#2993 = EDGE_CURVE('',#2994,#2994,#2996,.T.);
#2994 = VERTEX_POINT('',#2995);
#2995 = CARTESIAN_POINT('',(184.,-124.75,0.));
#2996 = CIRCLE('',#2997,1.5);
#2997 = AXIS2_PLACEMENT_3D('',#2998,#2999,#3000);
#2998 = CARTESIAN_POINT('',(184.,-123.25,0.));
#2999 = DIRECTION('',(-0.,0.,-1.));
#3000 = DIRECTION('',(-0.,-1.,0.));
#3001 = FACE_BOUND('',#3002,.F.);
#3002 = EDGE_LOOP('',(#3003));
#3003 = ORIENTED_EDGE('',*,*,#3004,.T.);
#3004 = EDGE_CURVE('',#3005,#3005,#3007,.T.);
#3005 = VERTEX_POINT('',#3006);
#3006 = CARTESIAN_POINT('',(189.,-122.55,0.));
#3007 = CIRCLE('',#3008,1.5);
#3008 = AXIS2_PLACEMENT_3D('',#3009,#3010,#3011);
#3009 = CARTESIAN_POINT('',(189.,-121.05,0.));
#3010 = DIRECTION('',(-0.,0.,-1.));
#3011 = DIRECTION('',(-0.,-1.,0.));
#3012 = FACE_BOUND('',#3013,.F.);
#3013 = EDGE_LOOP('',(#3014));
#3014 = ORIENTED_EDGE('',*,*,#3015,.T.);
#3015 = EDGE_CURVE('',#3016,#3016,#3018,.T.);
#3016 = VERTEX_POINT('',#3017);
#3017 = CARTESIAN_POINT('',(194.,-124.75,0.));
#3018 = CIRCLE('',#3019,1.5);
#3019 = AXIS2_PLACEMENT_3D('',#3020,#3021,#3022);
#3020 = CARTESIAN_POINT('',(194.,-123.25,0.));
#3021 = DIRECTION('',(-0.,0.,-1.));
#3022 = DIRECTION('',(-0.,-1.,0.));
#3023 = FACE_BOUND('',#3024,.F.);
#3024 = EDGE_LOOP('',(#3025));
#3025 = ORIENTED_EDGE('',*,*,#3026,.T.);
#3026 = EDGE_CURVE('',#3027,#3027,#3029,.T.);
#3027 = VERTEX_POINT('',#3028);
#3028 = CARTESIAN_POINT('',(138.38,-116.58,0.));
#3029 = CIRCLE('',#3030,0.5);
#3030 = AXIS2_PLACEMENT_3D('',#3031,#3032,#3033);
#3031 = CARTESIAN_POINT('',(138.38,-116.08,0.));
#3032 = DIRECTION('',(-0.,0.,-1.));
#3033 = DIRECTION('',(-0.,-1.,0.));
#3034 = FACE_BOUND('',#3035,.F.);
#3035 = EDGE_LOOP('',(#3036));
#3036 = ORIENTED_EDGE('',*,*,#3037,.T.);
#3037 = EDGE_CURVE('',#3038,#3038,#3040,.T.);
#3038 = VERTEX_POINT('',#3039);
#3039 = CARTESIAN_POINT('',(142.6,-116.28,0.));
#3040 = CIRCLE('',#3041,0.2);
#3041 = AXIS2_PLACEMENT_3D('',#3042,#3043,#3044);
#3042 = CARTESIAN_POINT('',(142.6,-116.08,0.));
#3043 = DIRECTION('',(-0.,0.,-1.));
#3044 = DIRECTION('',(-1.42108547152E-13,-1.,0.));
#3045 = FACE_BOUND('',#3046,.F.);
#3046 = EDGE_LOOP('',(#3047));
#3047 = ORIENTED_EDGE('',*,*,#3048,.T.);
#3048 = EDGE_CURVE('',#3049,#3049,#3051,.T.);
#3049 = VERTEX_POINT('',#3050);
#3050 = CARTESIAN_POINT('',(138.38,-114.04,0.));
#3051 = CIRCLE('',#3052,0.5);
#3052 = AXIS2_PLACEMENT_3D('',#3053,#3054,#3055);
#3053 = CARTESIAN_POINT('',(138.38,-113.54,0.));
#3054 = DIRECTION('',(-0.,0.,-1.));
#3055 = DIRECTION('',(-0.,-1.,0.));
#3056 = FACE_BOUND('',#3057,.F.);
#3057 = EDGE_LOOP('',(#3058));
#3058 = ORIENTED_EDGE('',*,*,#3059,.T.);
#3059 = EDGE_CURVE('',#3060,#3060,#3062,.T.);
#3060 = VERTEX_POINT('',#3061);
#3061 = CARTESIAN_POINT('',(142.6,-113.74,0.));
#3062 = CIRCLE('',#3063,0.2);
#3063 = AXIS2_PLACEMENT_3D('',#3064,#3065,#3066);
#3064 = CARTESIAN_POINT('',(142.6,-113.54,0.));
#3065 = DIRECTION('',(-0.,0.,-1.));
#3066 = DIRECTION('',(-1.42108547152E-13,-1.,0.));
#3067 = FACE_BOUND('',#3068,.F.);
#3068 = EDGE_LOOP('',(#3069));
#3069 = ORIENTED_EDGE('',*,*,#3070,.T.);
#3070 = EDGE_CURVE('',#3071,#3071,#3073,.T.);
#3071 = VERTEX_POINT('',#3072);
#3072 = CARTESIAN_POINT('',(131.39,-106.35,0.));
#3073 = CIRCLE('',#3074,0.45);
#3074 = AXIS2_PLACEMENT_3D('',#3075,#3076,#3077);
#3075 = CARTESIAN_POINT('',(131.39,-105.9,0.));
#3076 = DIRECTION('',(-0.,0.,-1.));
#3077 = DIRECTION('',(-0.,-1.,0.));
#3078 = FACE_BOUND('',#3079,.F.);
#3079 = EDGE_LOOP('',(#3080));
#3080 = ORIENTED_EDGE('',*,*,#3081,.T.);
#3081 = EDGE_CURVE('',#3082,#3082,#3084,.T.);
#3082 = VERTEX_POINT('',#3083);
#3083 = CARTESIAN_POINT('',(138.38,-111.5,0.));
#3084 = CIRCLE('',#3085,0.5);
#3085 = AXIS2_PLACEMENT_3D('',#3086,#3087,#3088);
#3086 = CARTESIAN_POINT('',(138.38,-111.,0.));
#3087 = DIRECTION('',(-0.,0.,-1.));
#3088 = DIRECTION('',(-0.,-1.,0.));
#3089 = FACE_BOUND('',#3090,.F.);
#3090 = EDGE_LOOP('',(#3091));
#3091 = ORIENTED_EDGE('',*,*,#3092,.T.);
#3092 = EDGE_CURVE('',#3093,#3093,#3095,.T.);
#3093 = VERTEX_POINT('',#3094);
#3094 = CARTESIAN_POINT('',(138.38,-108.96,0.));
#3095 = CIRCLE('',#3096,0.5);
#3096 = AXIS2_PLACEMENT_3D('',#3097,#3098,#3099);
#3097 = CARTESIAN_POINT('',(138.38,-108.46,0.));
#3098 = DIRECTION('',(-0.,0.,-1.));
#3099 = DIRECTION('',(-0.,-1.,0.));
#3100 = FACE_BOUND('',#3101,.F.);
#3101 = EDGE_LOOP('',(#3102));
#3102 = ORIENTED_EDGE('',*,*,#3103,.T.);
#3103 = EDGE_CURVE('',#3104,#3104,#3106,.T.);
#3104 = VERTEX_POINT('',#3105);
#3105 = CARTESIAN_POINT('',(142.6,-111.2,0.));
#3106 = CIRCLE('',#3107,0.2);
#3107 = AXIS2_PLACEMENT_3D('',#3108,#3109,#3110);
#3108 = CARTESIAN_POINT('',(142.6,-111.,0.));
#3109 = DIRECTION('',(-0.,0.,-1.));
#3110 = DIRECTION('',(-1.42108547152E-13,-1.,0.));
#3111 = FACE_BOUND('',#3112,.F.);
#3112 = EDGE_LOOP('',(#3113));
#3113 = ORIENTED_EDGE('',*,*,#3114,.T.);
#3114 = EDGE_CURVE('',#3115,#3115,#3117,.T.);
#3115 = VERTEX_POINT('',#3116);
#3116 = CARTESIAN_POINT('',(142.6,-108.66,0.));
#3117 = CIRCLE('',#3118,0.2);
#3118 = AXIS2_PLACEMENT_3D('',#3119,#3120,#3121);
#3119 = CARTESIAN_POINT('',(142.6,-108.46,0.));
#3120 = DIRECTION('',(-0.,0.,-1.));
#3121 = DIRECTION('',(-1.42108547152E-13,-1.,0.));
#3122 = FACE_BOUND('',#3123,.F.);
#3123 = EDGE_LOOP('',(#3124));
#3124 = ORIENTED_EDGE('',*,*,#3125,.T.);
#3125 = EDGE_CURVE('',#3126,#3126,#3128,.T.);
#3126 = VERTEX_POINT('',#3127);
#3127 = CARTESIAN_POINT('',(138.38,-106.42,0.));
#3128 = CIRCLE('',#3129,0.5);
#3129 = AXIS2_PLACEMENT_3D('',#3130,#3131,#3132);
#3130 = CARTESIAN_POINT('',(138.38,-105.92,0.));
#3131 = DIRECTION('',(-0.,0.,-1.));
#3132 = DIRECTION('',(-0.,-1.,0.));
#3133 = FACE_BOUND('',#3134,.F.);
#3134 = EDGE_LOOP('',(#3135));
#3135 = ORIENTED_EDGE('',*,*,#3136,.T.);
#3136 = EDGE_CURVE('',#3137,#3137,#3139,.T.);
#3137 = VERTEX_POINT('',#3138);
#3138 = CARTESIAN_POINT('',(142.6,-106.12,0.));
#3139 = CIRCLE('',#3140,0.2);
#3140 = AXIS2_PLACEMENT_3D('',#3141,#3142,#3143);
#3141 = CARTESIAN_POINT('',(142.6,-105.92,0.));
#3142 = DIRECTION('',(-0.,0.,-1.));
#3143 = DIRECTION('',(-1.42108547152E-13,-1.,0.));
#3144 = FACE_BOUND('',#3145,.F.);
#3145 = EDGE_LOOP('',(#3146));
#3146 = ORIENTED_EDGE('',*,*,#3147,.T.);
#3147 = EDGE_CURVE('',#3148,#3148,#3150,.T.);
#3148 = VERTEX_POINT('',#3149);
#3149 = CARTESIAN_POINT('',(149.4,-116.28,0.));
#3150 = CIRCLE('',#3151,0.2);
#3151 = AXIS2_PLACEMENT_3D('',#3152,#3153,#3154);
#3152 = CARTESIAN_POINT('',(149.4,-116.08,0.));
#3153 = DIRECTION('',(-0.,0.,-1.));
#3154 = DIRECTION('',(1.42108547152E-13,-1.,-0.));
#3155 = FACE_BOUND('',#3156,.F.);
#3156 = EDGE_LOOP('',(#3157));
#3157 = ORIENTED_EDGE('',*,*,#3158,.T.);
#3158 = EDGE_CURVE('',#3159,#3159,#3161,.T.);
#3159 = VERTEX_POINT('',#3160);
#3160 = CARTESIAN_POINT('',(153.62,-116.58,0.));
#3161 = CIRCLE('',#3162,0.5);
#3162 = AXIS2_PLACEMENT_3D('',#3163,#3164,#3165);
#3163 = CARTESIAN_POINT('',(153.62,-116.08,0.));
#3164 = DIRECTION('',(-0.,0.,-1.));
#3165 = DIRECTION('',(-0.,-1.,0.));
#3166 = FACE_BOUND('',#3167,.F.);
#3167 = EDGE_LOOP('',(#3168));
#3168 = ORIENTED_EDGE('',*,*,#3169,.T.);
#3169 = EDGE_CURVE('',#3170,#3170,#3172,.T.);
#3170 = VERTEX_POINT('',#3171);
#3171 = CARTESIAN_POINT('',(149.4,-113.74,0.));
#3172 = CIRCLE('',#3173,0.2);
#3173 = AXIS2_PLACEMENT_3D('',#3174,#3175,#3176);
#3174 = CARTESIAN_POINT('',(149.4,-113.54,0.));
#3175 = DIRECTION('',(-0.,0.,-1.));
#3176 = DIRECTION('',(1.42108547152E-13,-1.,-0.));
#3177 = FACE_BOUND('',#3178,.F.);
#3178 = EDGE_LOOP('',(#3179));
#3179 = ORIENTED_EDGE('',*,*,#3180,.T.);
#3180 = EDGE_CURVE('',#3181,#3181,#3183,.T.);
#3181 = VERTEX_POINT('',#3182);
#3182 = CARTESIAN_POINT('',(153.62,-114.04,0.));
#3183 = CIRCLE('',#3184,0.5);
#3184 = AXIS2_PLACEMENT_3D('',#3185,#3186,#3187);
#3185 = CARTESIAN_POINT('',(153.62,-113.54,0.));
#3186 = DIRECTION('',(-0.,0.,-1.));
#3187 = DIRECTION('',(-0.,-1.,0.));
#3188 = FACE_BOUND('',#3189,.F.);
#3189 = EDGE_LOOP('',(#3190));
#3190 = ORIENTED_EDGE('',*,*,#3191,.T.);
#3191 = EDGE_CURVE('',#3192,#3192,#3194,.T.);
#3192 = VERTEX_POINT('',#3193);
#3193 = CARTESIAN_POINT('',(149.4,-111.2,0.));
#3194 = CIRCLE('',#3195,0.2);
#3195 = AXIS2_PLACEMENT_3D('',#3196,#3197,#3198);
#3196 = CARTESIAN_POINT('',(149.4,-111.,0.));
#3197 = DIRECTION('',(-0.,0.,-1.));
#3198 = DIRECTION('',(1.42108547152E-13,-1.,-0.));
#3199 = FACE_BOUND('',#3200,.F.);
#3200 = EDGE_LOOP('',(#3201));
#3201 = ORIENTED_EDGE('',*,*,#3202,.T.);
#3202 = EDGE_CURVE('',#3203,#3203,#3205,.T.);
#3203 = VERTEX_POINT('',#3204);
#3204 = CARTESIAN_POINT('',(149.4,-108.66,0.));
#3205 = CIRCLE('',#3206,0.2);
#3206 = AXIS2_PLACEMENT_3D('',#3207,#3208,#3209);
#3207 = CARTESIAN_POINT('',(149.4,-108.46,0.));
#3208 = DIRECTION('',(-0.,0.,-1.));
#3209 = DIRECTION('',(1.42108547152E-13,-1.,-0.));
#3210 = FACE_BOUND('',#3211,.F.);
#3211 = EDGE_LOOP('',(#3212));
#3212 = ORIENTED_EDGE('',*,*,#3213,.T.);
#3213 = EDGE_CURVE('',#3214,#3214,#3216,.T.);
#3214 = VERTEX_POINT('',#3215);
#3215 = CARTESIAN_POINT('',(153.62,-111.5,0.));
#3216 = CIRCLE('',#3217,0.5);
#3217 = AXIS2_PLACEMENT_3D('',#3218,#3219,#3220);
#3218 = CARTESIAN_POINT('',(153.62,-111.,0.));
#3219 = DIRECTION('',(-0.,0.,-1.));
#3220 = DIRECTION('',(-0.,-1.,0.));
#3221 = FACE_BOUND('',#3222,.F.);
#3222 = EDGE_LOOP('',(#3223));
#3223 = ORIENTED_EDGE('',*,*,#3224,.T.);
#3224 = EDGE_CURVE('',#3225,#3225,#3227,.T.);
#3225 = VERTEX_POINT('',#3226);
#3226 = CARTESIAN_POINT('',(153.62,-108.96,0.));
#3227 = CIRCLE('',#3228,0.5);
#3228 = AXIS2_PLACEMENT_3D('',#3229,#3230,#3231);
#3229 = CARTESIAN_POINT('',(153.62,-108.46,0.));
#3230 = DIRECTION('',(-0.,0.,-1.));
#3231 = DIRECTION('',(-0.,-1.,0.));
#3232 = FACE_BOUND('',#3233,.F.);
#3233 = EDGE_LOOP('',(#3234));
#3234 = ORIENTED_EDGE('',*,*,#3235,.T.);
#3235 = EDGE_CURVE('',#3236,#3236,#3238,.T.);
#3236 = VERTEX_POINT('',#3237);
#3237 = CARTESIAN_POINT('',(149.4,-106.12,0.));
#3238 = CIRCLE('',#3239,0.2);
#3239 = AXIS2_PLACEMENT_3D('',#3240,#3241,#3242);
#3240 = CARTESIAN_POINT('',(149.4,-105.92,0.));
#3241 = DIRECTION('',(-0.,0.,-1.));
#3242 = DIRECTION('',(1.42108547152E-13,-1.,-0.));
#3243 = FACE_BOUND('',#3244,.F.);
#3244 = EDGE_LOOP('',(#3245));
#3245 = ORIENTED_EDGE('',*,*,#3246,.T.);
#3246 = EDGE_CURVE('',#3247,#3247,#3249,.T.);
#3247 = VERTEX_POINT('',#3248);
#3248 = CARTESIAN_POINT('',(153.62,-106.42,0.));
#3249 = CIRCLE('',#3250,0.5);
#3250 = AXIS2_PLACEMENT_3D('',#3251,#3252,#3253);
#3251 = CARTESIAN_POINT('',(153.62,-105.92,0.));
#3252 = DIRECTION('',(-0.,0.,-1.));
#3253 = DIRECTION('',(-0.,-1.,0.));
#3254 = FACE_BOUND('',#3255,.F.);
#3255 = EDGE_LOOP('',(#3256));
#3256 = ORIENTED_EDGE('',*,*,#3257,.T.);
#3257 = EDGE_CURVE('',#3258,#3258,#3260,.T.);
#3258 = VERTEX_POINT('',#3259);
#3259 = CARTESIAN_POINT('',(131.39,-103.35,0.));
#3260 = CIRCLE('',#3261,0.45);
#3261 = AXIS2_PLACEMENT_3D('',#3262,#3263,#3264);
#3262 = CARTESIAN_POINT('',(131.39,-102.9,0.));
#3263 = DIRECTION('',(-0.,0.,-1.));
#3264 = DIRECTION('',(-0.,-1.,0.));
#3265 = FACE_BOUND('',#3266,.F.);
#3266 = EDGE_LOOP('',(#3267));
#3267 = ORIENTED_EDGE('',*,*,#3268,.T.);
#3268 = EDGE_CURVE('',#3269,#3269,#3271,.T.);
#3269 = VERTEX_POINT('',#3270);
#3270 = CARTESIAN_POINT('',(138.38,-103.88,0.));
#3271 = CIRCLE('',#3272,0.5);
#3272 = AXIS2_PLACEMENT_3D('',#3273,#3274,#3275);
#3273 = CARTESIAN_POINT('',(138.38,-103.38,0.));
#3274 = DIRECTION('',(-0.,0.,-1.));
#3275 = DIRECTION('',(-0.,-1.,0.));
#3276 = FACE_BOUND('',#3277,.F.);
#3277 = EDGE_LOOP('',(#3278));
#3278 = ORIENTED_EDGE('',*,*,#3279,.T.);
#3279 = EDGE_CURVE('',#3280,#3280,#3282,.T.);
#3280 = VERTEX_POINT('',#3281);
#3281 = CARTESIAN_POINT('',(142.6,-103.58,0.));
#3282 = CIRCLE('',#3283,0.2);
#3283 = AXIS2_PLACEMENT_3D('',#3284,#3285,#3286);
#3284 = CARTESIAN_POINT('',(142.6,-103.38,0.));
#3285 = DIRECTION('',(-0.,0.,-1.));
#3286 = DIRECTION('',(-1.42108547152E-13,-1.,0.));
#3287 = FACE_BOUND('',#3288,.F.);
#3288 = EDGE_LOOP('',(#3289));
#3289 = ORIENTED_EDGE('',*,*,#3290,.T.);
#3290 = EDGE_CURVE('',#3291,#3291,#3293,.T.);
#3291 = VERTEX_POINT('',#3292);
#3292 = CARTESIAN_POINT('',(138.38,-101.34,0.));
#3293 = CIRCLE('',#3294,0.5);
#3294 = AXIS2_PLACEMENT_3D('',#3295,#3296,#3297);
#3295 = CARTESIAN_POINT('',(138.38,-100.84,0.));
#3296 = DIRECTION('',(-0.,0.,-1.));
#3297 = DIRECTION('',(-0.,-1.,0.));
#3298 = FACE_BOUND('',#3299,.F.);
#3299 = EDGE_LOOP('',(#3300));
#3300 = ORIENTED_EDGE('',*,*,#3301,.T.);
#3301 = EDGE_CURVE('',#3302,#3302,#3304,.T.);
#3302 = VERTEX_POINT('',#3303);
#3303 = CARTESIAN_POINT('',(138.38,-98.8,0.));
#3304 = CIRCLE('',#3305,0.5);
#3305 = AXIS2_PLACEMENT_3D('',#3306,#3307,#3308);
#3306 = CARTESIAN_POINT('',(138.38,-98.3,0.));
#3307 = DIRECTION('',(-0.,0.,-1.));
#3308 = DIRECTION('',(-0.,-1.,0.));
#3309 = FACE_BOUND('',#3310,.F.);
#3310 = EDGE_LOOP('',(#3311));
#3311 = ORIENTED_EDGE('',*,*,#3312,.T.);
#3312 = EDGE_CURVE('',#3313,#3313,#3315,.T.);
#3313 = VERTEX_POINT('',#3314);
#3314 = CARTESIAN_POINT('',(142.6,-101.04,0.));
#3315 = CIRCLE('',#3316,0.2);
#3316 = AXIS2_PLACEMENT_3D('',#3317,#3318,#3319);
#3317 = CARTESIAN_POINT('',(142.6,-100.84,0.));
#3318 = DIRECTION('',(-0.,0.,-1.));
#3319 = DIRECTION('',(-1.42108547152E-13,-1.,0.));
#3320 = FACE_BOUND('',#3321,.F.);
#3321 = EDGE_LOOP('',(#3322));
#3322 = ORIENTED_EDGE('',*,*,#3323,.T.);
#3323 = EDGE_CURVE('',#3324,#3324,#3326,.T.);
#3324 = VERTEX_POINT('',#3325);
#3325 = CARTESIAN_POINT('',(142.6,-98.5,0.));
#3326 = CIRCLE('',#3327,0.2);
#3327 = AXIS2_PLACEMENT_3D('',#3328,#3329,#3330);
#3328 = CARTESIAN_POINT('',(142.6,-98.3,0.));
#3329 = DIRECTION('',(-0.,0.,-1.));
#3330 = DIRECTION('',(-1.42108547152E-13,-1.,0.));
#3331 = FACE_BOUND('',#3332,.F.);
#3332 = EDGE_LOOP('',(#3333));
#3333 = ORIENTED_EDGE('',*,*,#3334,.T.);
#3334 = EDGE_CURVE('',#3335,#3335,#3337,.T.);
#3335 = VERTEX_POINT('',#3336);
#3336 = CARTESIAN_POINT('',(132.252,-97.217,0.));
#3337 = CIRCLE('',#3338,1.1);
#3338 = AXIS2_PLACEMENT_3D('',#3339,#3340,#3341);
#3339 = CARTESIAN_POINT('',(132.252,-96.117,0.));
#3340 = DIRECTION('',(-0.,0.,-1.));
#3341 = DIRECTION('',(-0.,-1.,0.));
#3342 = FACE_BOUND('',#3343,.F.);
#3343 = EDGE_LOOP('',(#3344));
#3344 = ORIENTED_EDGE('',*,*,#3345,.T.);
#3345 = EDGE_CURVE('',#3346,#3346,#3348,.T.);
#3346 = VERTEX_POINT('',#3347);
#3347 = CARTESIAN_POINT('',(149.4,-103.58,0.));
#3348 = CIRCLE('',#3349,0.2);
#3349 = AXIS2_PLACEMENT_3D('',#3350,#3351,#3352);
#3350 = CARTESIAN_POINT('',(149.4,-103.38,0.));
#3351 = DIRECTION('',(-0.,0.,-1.));
#3352 = DIRECTION('',(1.42108547152E-13,-1.,-0.));
#3353 = FACE_BOUND('',#3354,.F.);
#3354 = EDGE_LOOP('',(#3355));
#3355 = ORIENTED_EDGE('',*,*,#3356,.T.);
#3356 = EDGE_CURVE('',#3357,#3357,#3359,.T.);
#3357 = VERTEX_POINT('',#3358);
#3358 = CARTESIAN_POINT('',(153.62,-103.88,0.));
#3359 = CIRCLE('',#3360,0.5);
#3360 = AXIS2_PLACEMENT_3D('',#3361,#3362,#3363);
#3361 = CARTESIAN_POINT('',(153.62,-103.38,0.));
#3362 = DIRECTION('',(-0.,0.,-1.));
#3363 = DIRECTION('',(-0.,-1.,0.));
#3364 = FACE_BOUND('',#3365,.F.);
#3365 = EDGE_LOOP('',(#3366));
#3366 = ORIENTED_EDGE('',*,*,#3367,.T.);
#3367 = EDGE_CURVE('',#3368,#3368,#3370,.T.);
#3368 = VERTEX_POINT('',#3369);
#3369 = CARTESIAN_POINT('',(149.4,-101.04,0.));
#3370 = CIRCLE('',#3371,0.2);
#3371 = AXIS2_PLACEMENT_3D('',#3372,#3373,#3374);
#3372 = CARTESIAN_POINT('',(149.4,-100.84,0.));
#3373 = DIRECTION('',(-0.,0.,-1.));
#3374 = DIRECTION('',(1.42108547152E-13,-1.,-0.));
#3375 = FACE_BOUND('',#3376,.F.);
#3376 = EDGE_LOOP('',(#3377));
#3377 = ORIENTED_EDGE('',*,*,#3378,.T.);
#3378 = EDGE_CURVE('',#3379,#3379,#3381,.T.);
#3379 = VERTEX_POINT('',#3380);
#3380 = CARTESIAN_POINT('',(149.4,-98.5,0.));
#3381 = CIRCLE('',#3382,0.2);
#3382 = AXIS2_PLACEMENT_3D('',#3383,#3384,#3385);
#3383 = CARTESIAN_POINT('',(149.4,-98.3,0.));
#3384 = DIRECTION('',(-0.,0.,-1.));
#3385 = DIRECTION('',(1.42108547152E-13,-1.,-0.));
#3386 = FACE_BOUND('',#3387,.F.);
#3387 = EDGE_LOOP('',(#3388));
#3388 = ORIENTED_EDGE('',*,*,#3389,.T.);
#3389 = EDGE_CURVE('',#3390,#3390,#3392,.T.);
#3390 = VERTEX_POINT('',#3391);
#3391 = CARTESIAN_POINT('',(153.62,-101.34,0.));
#3392 = CIRCLE('',#3393,0.5);
#3393 = AXIS2_PLACEMENT_3D('',#3394,#3395,#3396);
#3394 = CARTESIAN_POINT('',(153.62,-100.84,0.));
#3395 = DIRECTION('',(-0.,0.,-1.));
#3396 = DIRECTION('',(-0.,-1.,0.));
#3397 = FACE_BOUND('',#3398,.F.);
#3398 = EDGE_LOOP('',(#3399));
#3399 = ORIENTED_EDGE('',*,*,#3400,.T.);
#3400 = EDGE_CURVE('',#3401,#3401,#3403,.T.);
#3401 = VERTEX_POINT('',#3402);
#3402 = CARTESIAN_POINT('',(153.62,-98.8,0.));
#3403 = CIRCLE('',#3404,0.5);
#3404 = AXIS2_PLACEMENT_3D('',#3405,#3406,#3407);
#3405 = CARTESIAN_POINT('',(153.62,-98.3,0.));
#3406 = DIRECTION('',(-0.,0.,-1.));
#3407 = DIRECTION('',(-0.,-1.,0.));
#3408 = FACE_BOUND('',#3409,.F.);
#3409 = EDGE_LOOP('',(#3410,#3421,#3430,#3439));
#3410 = ORIENTED_EDGE('',*,*,#3411,.T.);
#3411 = EDGE_CURVE('',#3412,#3414,#3416,.T.);
#3412 = VERTEX_POINT('',#3413);
#3413 = CARTESIAN_POINT('',(166.39244942492,-116.0262752875,0.));
#3414 = VERTEX_POINT('',#3415);
#3415 = CARTESIAN_POINT('',(166.19,-116.04,0.));
#3416 = CIRCLE('',#3417,1.5);
#3417 = AXIS2_PLACEMENT_3D('',#3418,#3419,#3420);
#3418 = CARTESIAN_POINT('',(166.19,-114.54,0.));
#3419 = DIRECTION('',(-0.,0.,-1.));
#3420 = DIRECTION('',(-0.,-1.,0.));
#3421 = ORIENTED_EDGE('',*,*,#3422,.T.);
#3422 = EDGE_CURVE('',#3414,#3423,#3425,.T.);
#3423 = VERTEX_POINT('',#3424);
#3424 = CARTESIAN_POINT('',(167.25755057507,-115.5937247124,0.));
#3425 = CIRCLE('',#3426,1.5);
#3426 = AXIS2_PLACEMENT_3D('',#3427,#3428,#3429);
#3427 = CARTESIAN_POINT('',(166.19,-114.54,0.));
#3428 = DIRECTION('',(-0.,0.,-1.));
#3429 = DIRECTION('',(-0.,-1.,0.));
#3430 = ORIENTED_EDGE('',*,*,#3431,.T.);
#3431 = EDGE_CURVE('',#3423,#3432,#3434,.T.);
#3432 = VERTEX_POINT('',#3433);
#3433 = CARTESIAN_POINT('',(167.46,-118.58,0.));
#3434 = CIRCLE('',#3435,1.5);
#3435 = AXIS2_PLACEMENT_3D('',#3436,#3437,#3438);
#3436 = CARTESIAN_POINT('',(167.46,-117.08,0.));
#3437 = DIRECTION('',(-0.,0.,-1.));
#3438 = DIRECTION('',(-0.,-1.,0.));
#3439 = ORIENTED_EDGE('',*,*,#3440,.T.);
#3440 = EDGE_CURVE('',#3432,#3412,#3441,.T.);
#3441 = CIRCLE('',#3442,1.5);
#3442 = AXIS2_PLACEMENT_3D('',#3443,#3444,#3445);
#3443 = CARTESIAN_POINT('',(167.46,-117.08,0.));
#3444 = DIRECTION('',(-0.,0.,-1.));
#3445 = DIRECTION('',(-0.,-1.,0.));
#3446 = FACE_BOUND('',#3447,.F.);
#3447 = EDGE_LOOP('',(#3448,#3459,#3468,#3477));
#3448 = ORIENTED_EDGE('',*,*,#3449,.T.);
#3449 = EDGE_CURVE('',#3450,#3452,#3454,.T.);
#3450 = VERTEX_POINT('',#3451);
#3451 = CARTESIAN_POINT('',(164.71,-111.0735012142,0.));
#3452 = VERTEX_POINT('',#3453);
#3453 = CARTESIAN_POINT('',(164.92,-112.95,0.));
#3454 = CIRCLE('',#3455,0.95);
#3455 = AXIS2_PLACEMENT_3D('',#3456,#3457,#3458);
#3456 = CARTESIAN_POINT('',(164.92,-112.,0.));
#3457 = DIRECTION('',(-0.,0.,-1.));
#3458 = DIRECTION('',(-2.991758887411E-14,-1.,0.));
#3459 = ORIENTED_EDGE('',*,*,#3460,.T.);
#3460 = EDGE_CURVE('',#3452,#3461,#3463,.T.);
#3461 = VERTEX_POINT('',#3462);
#3462 = CARTESIAN_POINT('',(164.71,-112.9264987857,0.));
#3463 = CIRCLE('',#3464,0.95);
#3464 = AXIS2_PLACEMENT_3D('',#3465,#3466,#3467);
#3465 = CARTESIAN_POINT('',(164.92,-112.,0.));
#3466 = DIRECTION('',(-0.,0.,-1.));
#3467 = DIRECTION('',(-2.991758887411E-14,-1.,0.));
#3468 = ORIENTED_EDGE('',*,*,#3469,.T.);
#3469 = EDGE_CURVE('',#3461,#3470,#3472,.T.);
#3470 = VERTEX_POINT('',#3471);
#3471 = CARTESIAN_POINT('',(164.5,-112.95,0.));
#3472 = CIRCLE('',#3473,0.95);
#3473 = AXIS2_PLACEMENT_3D('',#3474,#3475,#3476);
#3474 = CARTESIAN_POINT('',(164.5,-112.,0.));
#3475 = DIRECTION('',(-0.,0.,-1.));
#3476 = DIRECTION('',(-0.,-1.,0.));
#3477 = ORIENTED_EDGE('',*,*,#3478,.T.);
#3478 = EDGE_CURVE('',#3470,#3450,#3479,.T.);
#3479 = CIRCLE('',#3480,0.95);
#3480 = AXIS2_PLACEMENT_3D('',#3481,#3482,#3483);
#3481 = CARTESIAN_POINT('',(164.5,-112.,0.));
#3482 = DIRECTION('',(-0.,0.,-1.));
#3483 = DIRECTION('',(-0.,-1.,0.));
#3484 = FACE_BOUND('',#3485,.F.);
#3485 = EDGE_LOOP('',(#3486));
#3486 = ORIENTED_EDGE('',*,*,#3487,.T.);
#3487 = EDGE_CURVE('',#3488,#3488,#3490,.T.);
#3488 = VERTEX_POINT('',#3489);
#3489 = CARTESIAN_POINT('',(170.,-114.5,0.));
#3490 = CIRCLE('',#3491,2.5);
#3491 = AXIS2_PLACEMENT_3D('',#3492,#3493,#3494);
#3492 = CARTESIAN_POINT('',(170.,-112.,0.));
#3493 = DIRECTION('',(-0.,0.,-1.));
#3494 = DIRECTION('',(-0.,-1.,0.));
#3495 = FACE_BOUND('',#3496,.F.);
#3496 = EDGE_LOOP('',(#3497,#3508,#3517,#3526));
#3497 = ORIENTED_EDGE('',*,*,#3498,.T.);
#3498 = EDGE_CURVE('',#3499,#3501,#3503,.T.);
#3499 = VERTEX_POINT('',#3500);
#3500 = CARTESIAN_POINT('',(173.60755057507,-116.0262752875,0.));
#3501 = VERTEX_POINT('',#3502);
#3502 = CARTESIAN_POINT('',(172.54,-118.58,0.));
#3503 = CIRCLE('',#3504,1.5);
#3504 = AXIS2_PLACEMENT_3D('',#3505,#3506,#3507);
#3505 = CARTESIAN_POINT('',(172.54,-117.08,0.));
#3506 = DIRECTION('',(-0.,0.,-1.));
#3507 = DIRECTION('',(-0.,-1.,0.));
#3508 = ORIENTED_EDGE('',*,*,#3509,.T.);
#3509 = EDGE_CURVE('',#3501,#3510,#3512,.T.);
#3510 = VERTEX_POINT('',#3511);
#3511 = CARTESIAN_POINT('',(172.74244942492,-115.5937247124,0.));
#3512 = CIRCLE('',#3513,1.5);
#3513 = AXIS2_PLACEMENT_3D('',#3514,#3515,#3516);
#3514 = CARTESIAN_POINT('',(172.54,-117.08,0.));
#3515 = DIRECTION('',(-0.,0.,-1.));
#3516 = DIRECTION('',(-0.,-1.,0.));
#3517 = ORIENTED_EDGE('',*,*,#3518,.T.);
#3518 = EDGE_CURVE('',#3510,#3519,#3521,.T.);
#3519 = VERTEX_POINT('',#3520);
#3520 = CARTESIAN_POINT('',(173.81,-116.04,0.));
#3521 = CIRCLE('',#3522,1.5);
#3522 = AXIS2_PLACEMENT_3D('',#3523,#3524,#3525);
#3523 = CARTESIAN_POINT('',(173.81,-114.54,0.));
#3524 = DIRECTION('',(-0.,0.,-1.));
#3525 = DIRECTION('',(-0.,-1.,0.));
#3526 = ORIENTED_EDGE('',*,*,#3527,.T.);
#3527 = EDGE_CURVE('',#3519,#3499,#3528,.T.);
#3528 = CIRCLE('',#3529,1.5);
#3529 = AXIS2_PLACEMENT_3D('',#3530,#3531,#3532);
#3530 = CARTESIAN_POINT('',(173.81,-114.54,0.));
#3531 = DIRECTION('',(-0.,0.,-1.));
#3532 = DIRECTION('',(-0.,-1.,0.));
#3533 = FACE_BOUND('',#3534,.F.);
#3534 = EDGE_LOOP('',(#3535,#3546,#3555,#3564));
#3535 = ORIENTED_EDGE('',*,*,#3536,.T.);
#3536 = EDGE_CURVE('',#3537,#3539,#3541,.T.);
#3537 = VERTEX_POINT('',#3538);
#3538 = CARTESIAN_POINT('',(175.29,-112.9264987857,0.));
#3539 = VERTEX_POINT('',#3540);
#3540 = CARTESIAN_POINT('',(175.08,-112.95,0.));
#3541 = CIRCLE('',#3542,0.95);
#3542 = AXIS2_PLACEMENT_3D('',#3543,#3544,#3545);
#3543 = CARTESIAN_POINT('',(175.08,-112.,0.));
#3544 = DIRECTION('',(-0.,0.,-1.));
#3545 = DIRECTION('',(2.991758887411E-14,-1.,-0.));
#3546 = ORIENTED_EDGE('',*,*,#3547,.T.);
#3547 = EDGE_CURVE('',#3539,#3548,#3550,.T.);
#3548 = VERTEX_POINT('',#3549);
#3549 = CARTESIAN_POINT('',(175.29,-111.0735012142,0.));
#3550 = CIRCLE('',#3551,0.95);
#3551 = AXIS2_PLACEMENT_3D('',#3552,#3553,#3554);
#3552 = CARTESIAN_POINT('',(175.08,-112.,0.));
#3553 = DIRECTION('',(-0.,0.,-1.));
#3554 = DIRECTION('',(2.991758887411E-14,-1.,-0.));
#3555 = ORIENTED_EDGE('',*,*,#3556,.T.);
#3556 = EDGE_CURVE('',#3548,#3557,#3559,.T.);
#3557 = VERTEX_POINT('',#3558);
#3558 = CARTESIAN_POINT('',(175.5,-112.95,0.));
#3559 = CIRCLE('',#3560,0.95);
#3560 = AXIS2_PLACEMENT_3D('',#3561,#3562,#3563);
#3561 = CARTESIAN_POINT('',(175.5,-112.,0.));
#3562 = DIRECTION('',(-0.,0.,-1.));
#3563 = DIRECTION('',(-0.,-1.,0.));
#3564 = ORIENTED_EDGE('',*,*,#3565,.T.);
#3565 = EDGE_CURVE('',#3557,#3537,#3566,.T.);
#3566 = CIRCLE('',#3567,0.95);
#3567 = AXIS2_PLACEMENT_3D('',#3568,#3569,#3570);
#3568 = CARTESIAN_POINT('',(175.5,-112.,0.));
#3569 = DIRECTION('',(-0.,0.,-1.));
#3570 = DIRECTION('',(-0.,-1.,0.));
#3571 = FACE_BOUND('',#3572,.F.);
#3572 = EDGE_LOOP('',(#3573));
#3573 = ORIENTED_EDGE('',*,*,#3574,.T.);
#3574 = EDGE_CURVE('',#3575,#3575,#3577,.T.);
#3575 = VERTEX_POINT('',#3576);
#3576 = CARTESIAN_POINT('',(165.,-109.75,0.));
#3577 = CIRCLE('',#3578,1.5);
#3578 = AXIS2_PLACEMENT_3D('',#3579,#3580,#3581);
#3579 = CARTESIAN_POINT('',(165.,-108.25,0.));
#3580 = DIRECTION('',(-0.,0.,-1.));
#3581 = DIRECTION('',(-0.,-1.,0.));
#3582 = FACE_BOUND('',#3583,.F.);
#3583 = EDGE_LOOP('',(#3584));
#3584 = ORIENTED_EDGE('',*,*,#3585,.T.);
#3585 = EDGE_CURVE('',#3586,#3586,#3588,.T.);
#3586 = VERTEX_POINT('',#3587);
#3587 = CARTESIAN_POINT('',(170.,-107.55,0.));
#3588 = CIRCLE('',#3589,1.5);
#3589 = AXIS2_PLACEMENT_3D('',#3590,#3591,#3592);
#3590 = CARTESIAN_POINT('',(170.,-106.05,0.));
#3591 = DIRECTION('',(-0.,0.,-1.));
#3592 = DIRECTION('',(-0.,-1.,0.));
#3593 = FACE_BOUND('',#3594,.F.);
#3594 = EDGE_LOOP('',(#3595));
#3595 = ORIENTED_EDGE('',*,*,#3596,.T.);
#3596 = EDGE_CURVE('',#3597,#3597,#3599,.T.);
#3597 = VERTEX_POINT('',#3598);
#3598 = CARTESIAN_POINT('',(175.,-109.75,0.));
#3599 = CIRCLE('',#3600,1.5);
#3600 = AXIS2_PLACEMENT_3D('',#3601,#3602,#3603);
#3601 = CARTESIAN_POINT('',(175.,-108.25,0.));
#3602 = DIRECTION('',(-0.,0.,-1.));
#3603 = DIRECTION('',(-0.,-1.,0.));
#3604 = FACE_BOUND('',#3605,.F.);
#3605 = EDGE_LOOP('',(#3606,#3617,#3626,#3635));
#3606 = ORIENTED_EDGE('',*,*,#3607,.T.);
#3607 = EDGE_CURVE('',#3608,#3610,#3612,.T.);
#3608 = VERTEX_POINT('',#3609);
#3609 = CARTESIAN_POINT('',(185.39244942492,-112.0262752875,0.));
#3610 = VERTEX_POINT('',#3611);
#3611 = CARTESIAN_POINT('',(185.19,-112.04,0.));
#3612 = CIRCLE('',#3613,1.5);
#3613 = AXIS2_PLACEMENT_3D('',#3614,#3615,#3616);
#3614 = CARTESIAN_POINT('',(185.19,-110.54,0.));
#3615 = DIRECTION('',(-0.,0.,-1.));
#3616 = DIRECTION('',(-0.,-1.,0.));
#3617 = ORIENTED_EDGE('',*,*,#3618,.T.);
#3618 = EDGE_CURVE('',#3610,#3619,#3621,.T.);
#3619 = VERTEX_POINT('',#3620);
#3620 = CARTESIAN_POINT('',(186.25755057507,-111.5937247124,0.));
#3621 = CIRCLE('',#3622,1.5);
#3622 = AXIS2_PLACEMENT_3D('',#3623,#3624,#3625);
#3623 = CARTESIAN_POINT('',(185.19,-110.54,0.));
#3624 = DIRECTION('',(-0.,0.,-1.));
#3625 = DIRECTION('',(-0.,-1.,0.));
#3626 = ORIENTED_EDGE('',*,*,#3627,.T.);
#3627 = EDGE_CURVE('',#3619,#3628,#3630,.T.);
#3628 = VERTEX_POINT('',#3629);
#3629 = CARTESIAN_POINT('',(186.46,-114.58,0.));
#3630 = CIRCLE('',#3631,1.5);
#3631 = AXIS2_PLACEMENT_3D('',#3632,#3633,#3634);
#3632 = CARTESIAN_POINT('',(186.46,-113.08,0.));
#3633 = DIRECTION('',(-0.,0.,-1.));
#3634 = DIRECTION('',(-0.,-1.,0.));
#3635 = ORIENTED_EDGE('',*,*,#3636,.T.);
#3636 = EDGE_CURVE('',#3628,#3608,#3637,.T.);
#3637 = CIRCLE('',#3638,1.5);
#3638 = AXIS2_PLACEMENT_3D('',#3639,#3640,#3641);
#3639 = CARTESIAN_POINT('',(186.46,-113.08,0.));
#3640 = DIRECTION('',(-0.,0.,-1.));
#3641 = DIRECTION('',(-0.,-1.,0.));
#3642 = FACE_BOUND('',#3643,.F.);
#3643 = EDGE_LOOP('',(#3644));
#3644 = ORIENTED_EDGE('',*,*,#3645,.T.);
#3645 = EDGE_CURVE('',#3646,#3646,#3648,.T.);
#3646 = VERTEX_POINT('',#3647);
#3647 = CARTESIAN_POINT('',(198.538,-117.775,0.));
#3648 = CIRCLE('',#3649,1.1);
#3649 = AXIS2_PLACEMENT_3D('',#3650,#3651,#3652);
#3650 = CARTESIAN_POINT('',(198.538,-116.675,0.));
#3651 = DIRECTION('',(-0.,0.,-1.));
#3652 = DIRECTION('',(-0.,-1.,0.));
#3653 = FACE_BOUND('',#3654,.F.);
#3654 = EDGE_LOOP('',(#3655,#3666,#3675,#3684));
#3655 = ORIENTED_EDGE('',*,*,#3656,.T.);
#3656 = EDGE_CURVE('',#3657,#3659,#3661,.T.);
#3657 = VERTEX_POINT('',#3658);
#3658 = CARTESIAN_POINT('',(192.60755057507,-112.0262752875,0.));
#3659 = VERTEX_POINT('',#3660);
#3660 = CARTESIAN_POINT('',(191.54,-114.58,0.));
#3661 = CIRCLE('',#3662,1.5);
#3662 = AXIS2_PLACEMENT_3D('',#3663,#3664,#3665);
#3663 = CARTESIAN_POINT('',(191.54,-113.08,0.));
#3664 = DIRECTION('',(-0.,0.,-1.));
#3665 = DIRECTION('',(-0.,-1.,0.));
#3666 = ORIENTED_EDGE('',*,*,#3667,.T.);
#3667 = EDGE_CURVE('',#3659,#3668,#3670,.T.);
#3668 = VERTEX_POINT('',#3669);
#3669 = CARTESIAN_POINT('',(191.74244942492,-111.5937247124,0.));
#3670 = CIRCLE('',#3671,1.5);
#3671 = AXIS2_PLACEMENT_3D('',#3672,#3673,#3674);
#3672 = CARTESIAN_POINT('',(191.54,-113.08,0.));
#3673 = DIRECTION('',(-0.,0.,-1.));
#3674 = DIRECTION('',(-0.,-1.,0.));
#3675 = ORIENTED_EDGE('',*,*,#3676,.T.);
#3676 = EDGE_CURVE('',#3668,#3677,#3679,.T.);
#3677 = VERTEX_POINT('',#3678);
#3678 = CARTESIAN_POINT('',(192.81,-112.04,0.));
#3679 = CIRCLE('',#3680,1.5);
#3680 = AXIS2_PLACEMENT_3D('',#3681,#3682,#3683);
#3681 = CARTESIAN_POINT('',(192.81,-110.54,0.));
#3682 = DIRECTION('',(-0.,0.,-1.));
#3683 = DIRECTION('',(-0.,-1.,0.));
#3684 = ORIENTED_EDGE('',*,*,#3685,.T.);
#3685 = EDGE_CURVE('',#3677,#3657,#3686,.T.);
#3686 = CIRCLE('',#3687,1.5);
#3687 = AXIS2_PLACEMENT_3D('',#3688,#3689,#3690);
#3688 = CARTESIAN_POINT('',(192.81,-110.54,0.));
#3689 = DIRECTION('',(-0.,0.,-1.));
#3690 = DIRECTION('',(-0.,-1.,0.));
#3691 = FACE_BOUND('',#3692,.F.);
#3692 = EDGE_LOOP('',(#3693,#3704,#3713,#3722));
#3693 = ORIENTED_EDGE('',*,*,#3694,.T.);
#3694 = EDGE_CURVE('',#3695,#3697,#3699,.T.);
#3695 = VERTEX_POINT('',#3696);
#3696 = CARTESIAN_POINT('',(183.71,-107.0735012142,0.));
#3697 = VERTEX_POINT('',#3698);
#3698 = CARTESIAN_POINT('',(183.92,-108.95,0.));
#3699 = CIRCLE('',#3700,0.95);
#3700 = AXIS2_PLACEMENT_3D('',#3701,#3702,#3703);
#3701 = CARTESIAN_POINT('',(183.92,-108.,0.));
#3702 = DIRECTION('',(-0.,0.,-1.));
#3703 = DIRECTION('',(-2.991758887411E-14,-1.,0.));
#3704 = ORIENTED_EDGE('',*,*,#3705,.T.);
#3705 = EDGE_CURVE('',#3697,#3706,#3708,.T.);
#3706 = VERTEX_POINT('',#3707);
#3707 = CARTESIAN_POINT('',(183.71,-108.9264987857,0.));
#3708 = CIRCLE('',#3709,0.95);
#3709 = AXIS2_PLACEMENT_3D('',#3710,#3711,#3712);
#3710 = CARTESIAN_POINT('',(183.92,-108.,0.));
#3711 = DIRECTION('',(-0.,0.,-1.));
#3712 = DIRECTION('',(-2.991758887411E-14,-1.,0.));
#3713 = ORIENTED_EDGE('',*,*,#3714,.T.);
#3714 = EDGE_CURVE('',#3706,#3715,#3717,.T.);
#3715 = VERTEX_POINT('',#3716);
#3716 = CARTESIAN_POINT('',(183.5,-108.95,0.));
#3717 = CIRCLE('',#3718,0.95);
#3718 = AXIS2_PLACEMENT_3D('',#3719,#3720,#3721);
#3719 = CARTESIAN_POINT('',(183.5,-108.,0.));
#3720 = DIRECTION('',(-0.,0.,-1.));
#3721 = DIRECTION('',(-0.,-1.,0.));
#3722 = ORIENTED_EDGE('',*,*,#3723,.T.);
#3723 = EDGE_CURVE('',#3715,#3695,#3724,.T.);
#3724 = CIRCLE('',#3725,0.95);
#3725 = AXIS2_PLACEMENT_3D('',#3726,#3727,#3728);
#3726 = CARTESIAN_POINT('',(183.5,-108.,0.));
#3727 = DIRECTION('',(-0.,0.,-1.));
#3728 = DIRECTION('',(-0.,-1.,0.));
#3729 = FACE_BOUND('',#3730,.F.);
#3730 = EDGE_LOOP('',(#3731));
#3731 = ORIENTED_EDGE('',*,*,#3732,.T.);
#3732 = EDGE_CURVE('',#3733,#3733,#3735,.T.);
#3733 = VERTEX_POINT('',#3734);
#3734 = CARTESIAN_POINT('',(189.,-110.5,0.));
#3735 = CIRCLE('',#3736,2.5);
#3736 = AXIS2_PLACEMENT_3D('',#3737,#3738,#3739);
#3737 = CARTESIAN_POINT('',(189.,-108.,0.));
#3738 = DIRECTION('',(-0.,0.,-1.));
#3739 = DIRECTION('',(-0.,-1.,0.));
#3740 = FACE_BOUND('',#3741,.F.);
#3741 = EDGE_LOOP('',(#3742,#3753,#3762,#3771));
#3742 = ORIENTED_EDGE('',*,*,#3743,.T.);
#3743 = EDGE_CURVE('',#3744,#3746,#3748,.T.);
#3744 = VERTEX_POINT('',#3745);
#3745 = CARTESIAN_POINT('',(194.29,-108.9264987857,0.));
#3746 = VERTEX_POINT('',#3747);
#3747 = CARTESIAN_POINT('',(194.08,-108.95,0.));
#3748 = CIRCLE('',#3749,0.95);
#3749 = AXIS2_PLACEMENT_3D('',#3750,#3751,#3752);
#3750 = CARTESIAN_POINT('',(194.08,-108.,0.));
#3751 = DIRECTION('',(-0.,0.,-1.));
#3752 = DIRECTION('',(2.991758887411E-14,-1.,-0.));
#3753 = ORIENTED_EDGE('',*,*,#3754,.T.);
#3754 = EDGE_CURVE('',#3746,#3755,#3757,.T.);
#3755 = VERTEX_POINT('',#3756);
#3756 = CARTESIAN_POINT('',(194.29,-107.0735012142,0.));
#3757 = CIRCLE('',#3758,0.95);
#3758 = AXIS2_PLACEMENT_3D('',#3759,#3760,#3761);
#3759 = CARTESIAN_POINT('',(194.08,-108.,0.));
#3760 = DIRECTION('',(-0.,0.,-1.));
#3761 = DIRECTION('',(2.991758887411E-14,-1.,-0.));
#3762 = ORIENTED_EDGE('',*,*,#3763,.T.);
#3763 = EDGE_CURVE('',#3755,#3764,#3766,.T.);
#3764 = VERTEX_POINT('',#3765);
#3765 = CARTESIAN_POINT('',(194.5,-108.95,0.));
#3766 = CIRCLE('',#3767,0.95);
#3767 = AXIS2_PLACEMENT_3D('',#3768,#3769,#3770);
#3768 = CARTESIAN_POINT('',(194.5,-108.,0.));
#3769 = DIRECTION('',(-0.,0.,-1.));
#3770 = DIRECTION('',(-0.,-1.,0.));
#3771 = ORIENTED_EDGE('',*,*,#3772,.T.);
#3772 = EDGE_CURVE('',#3764,#3744,#3773,.T.);
#3773 = CIRCLE('',#3774,0.95);
#3774 = AXIS2_PLACEMENT_3D('',#3775,#3776,#3777);
#3775 = CARTESIAN_POINT('',(194.5,-108.,0.));
#3776 = DIRECTION('',(-0.,0.,-1.));
#3777 = DIRECTION('',(-0.,-1.,0.));
#3778 = FACE_BOUND('',#3779,.F.);
#3779 = EDGE_LOOP('',(#3780));
#3780 = ORIENTED_EDGE('',*,*,#3781,.T.);
#3781 = EDGE_CURVE('',#3782,#3782,#3784,.T.);
#3782 = VERTEX_POINT('',#3783);
#3783 = CARTESIAN_POINT('',(184.,-105.75,0.));
#3784 = CIRCLE('',#3785,1.5);
#3785 = AXIS2_PLACEMENT_3D('',#3786,#3787,#3788);
#3786 = CARTESIAN_POINT('',(184.,-104.25,0.));
#3787 = DIRECTION('',(-0.,0.,-1.));
#3788 = DIRECTION('',(-0.,-1.,0.));
#3789 = FACE_BOUND('',#3790,.F.);
#3790 = EDGE_LOOP('',(#3791));
#3791 = ORIENTED_EDGE('',*,*,#3792,.T.);
#3792 = EDGE_CURVE('',#3793,#3793,#3795,.T.);
#3793 = VERTEX_POINT('',#3794);
#3794 = CARTESIAN_POINT('',(189.,-103.55,0.));
#3795 = CIRCLE('',#3796,1.5);
#3796 = AXIS2_PLACEMENT_3D('',#3797,#3798,#3799);
#3797 = CARTESIAN_POINT('',(189.,-102.05,0.));
#3798 = DIRECTION('',(-0.,0.,-1.));
#3799 = DIRECTION('',(-0.,-1.,0.));
#3800 = FACE_BOUND('',#3801,.F.);
#3801 = EDGE_LOOP('',(#3802));
#3802 = ORIENTED_EDGE('',*,*,#3803,.T.);
#3803 = EDGE_CURVE('',#3804,#3804,#3806,.T.);
#3804 = VERTEX_POINT('',#3805);
#3805 = CARTESIAN_POINT('',(194.,-105.75,0.));
#3806 = CIRCLE('',#3807,1.5);
#3807 = AXIS2_PLACEMENT_3D('',#3808,#3809,#3810);
#3808 = CARTESIAN_POINT('',(194.,-104.25,0.));
#3809 = DIRECTION('',(-0.,0.,-1.));
#3810 = DIRECTION('',(-0.,-1.,0.));
#3811 = FACE_BOUND('',#3812,.F.);
#3812 = EDGE_LOOP('',(#3813));
#3813 = ORIENTED_EDGE('',*,*,#3814,.T.);
#3814 = EDGE_CURVE('',#3815,#3815,#3817,.T.);
#3815 = VERTEX_POINT('',#3816);
#3816 = CARTESIAN_POINT('',(194.332,-97.217,0.));
#3817 = CIRCLE('',#3818,1.1);
#3818 = AXIS2_PLACEMENT_3D('',#3819,#3820,#3821);
#3819 = CARTESIAN_POINT('',(194.332,-96.117,0.));
#3820 = DIRECTION('',(-0.,0.,-1.));
#3821 = DIRECTION('',(-0.,-1.,0.));
#3822 = FACE_BOUND('',#3823,.F.);
#3823 = EDGE_LOOP('',(#3824,#3835,#3844,#3853));
#3824 = ORIENTED_EDGE('',*,*,#3825,.T.);
#3825 = EDGE_CURVE('',#3826,#3828,#3830,.T.);
#3826 = VERTEX_POINT('',#3827);
#3827 = CARTESIAN_POINT('',(204.39244942492,-141.0262752875,0.));
#3828 = VERTEX_POINT('',#3829);
#3829 = CARTESIAN_POINT('',(204.19,-141.04,0.));
#3830 = CIRCLE('',#3831,1.5);
#3831 = AXIS2_PLACEMENT_3D('',#3832,#3833,#3834);
#3832 = CARTESIAN_POINT('',(204.19,-139.54,0.));
#3833 = DIRECTION('',(-0.,0.,-1.));
#3834 = DIRECTION('',(-0.,-1.,0.));
#3835 = ORIENTED_EDGE('',*,*,#3836,.T.);
#3836 = EDGE_CURVE('',#3828,#3837,#3839,.T.);
#3837 = VERTEX_POINT('',#3838);
#3838 = CARTESIAN_POINT('',(205.25755057507,-140.5937247124,0.));
#3839 = CIRCLE('',#3840,1.5);
#3840 = AXIS2_PLACEMENT_3D('',#3841,#3842,#3843);
#3841 = CARTESIAN_POINT('',(204.19,-139.54,0.));
#3842 = DIRECTION('',(-0.,0.,-1.));
#3843 = DIRECTION('',(-0.,-1.,0.));
#3844 = ORIENTED_EDGE('',*,*,#3845,.T.);
#3845 = EDGE_CURVE('',#3837,#3846,#3848,.T.);
#3846 = VERTEX_POINT('',#3847);
#3847 = CARTESIAN_POINT('',(205.46,-143.58,0.));
#3848 = CIRCLE('',#3849,1.5);
#3849 = AXIS2_PLACEMENT_3D('',#3850,#3851,#3852);
#3850 = CARTESIAN_POINT('',(205.46,-142.08,0.));
#3851 = DIRECTION('',(-0.,0.,-1.));
#3852 = DIRECTION('',(-0.,-1.,0.));
#3853 = ORIENTED_EDGE('',*,*,#3854,.T.);
#3854 = EDGE_CURVE('',#3846,#3826,#3855,.T.);
#3855 = CIRCLE('',#3856,1.5);
#3856 = AXIS2_PLACEMENT_3D('',#3857,#3858,#3859);
#3857 = CARTESIAN_POINT('',(205.46,-142.08,0.));
#3858 = DIRECTION('',(-0.,0.,-1.));
#3859 = DIRECTION('',(-0.,-1.,0.));
#3860 = FACE_BOUND('',#3861,.F.);
#3861 = EDGE_LOOP('',(#3862,#3873,#3882,#3891));
#3862 = ORIENTED_EDGE('',*,*,#3863,.T.);
#3863 = EDGE_CURVE('',#3864,#3866,#3868,.T.);
#3864 = VERTEX_POINT('',#3865);
#3865 = CARTESIAN_POINT('',(211.60755057507,-141.0262752875,0.));
#3866 = VERTEX_POINT('',#3867);
#3867 = CARTESIAN_POINT('',(210.54,-143.58,0.));
#3868 = CIRCLE('',#3869,1.5);
#3869 = AXIS2_PLACEMENT_3D('',#3870,#3871,#3872);
#3870 = CARTESIAN_POINT('',(210.54,-142.08,0.));
#3871 = DIRECTION('',(-0.,0.,-1.));
#3872 = DIRECTION('',(-0.,-1.,0.));
#3873 = ORIENTED_EDGE('',*,*,#3874,.T.);
#3874 = EDGE_CURVE('',#3866,#3875,#3877,.T.);
#3875 = VERTEX_POINT('',#3876);
#3876 = CARTESIAN_POINT('',(210.74244942492,-140.5937247124,0.));
#3877 = CIRCLE('',#3878,1.5);
#3878 = AXIS2_PLACEMENT_3D('',#3879,#3880,#3881);
#3879 = CARTESIAN_POINT('',(210.54,-142.08,0.));
#3880 = DIRECTION('',(-0.,0.,-1.));
#3881 = DIRECTION('',(-0.,-1.,0.));
#3882 = ORIENTED_EDGE('',*,*,#3883,.T.);
#3883 = EDGE_CURVE('',#3875,#3884,#3886,.T.);
#3884 = VERTEX_POINT('',#3885);
#3885 = CARTESIAN_POINT('',(211.81,-141.04,0.));
#3886 = CIRCLE('',#3887,1.5);
#3887 = AXIS2_PLACEMENT_3D('',#3888,#3889,#3890);
#3888 = CARTESIAN_POINT('',(211.81,-139.54,0.));
#3889 = DIRECTION('',(-0.,0.,-1.));
#3890 = DIRECTION('',(-0.,-1.,0.));
#3891 = ORIENTED_EDGE('',*,*,#3892,.T.);
#3892 = EDGE_CURVE('',#3884,#3864,#3893,.T.);
#3893 = CIRCLE('',#3894,1.5);
#3894 = AXIS2_PLACEMENT_3D('',#3895,#3896,#3897);
#3895 = CARTESIAN_POINT('',(211.81,-139.54,0.));
#3896 = DIRECTION('',(-0.,0.,-1.));
#3897 = DIRECTION('',(-0.,-1.,0.));
#3898 = FACE_BOUND('',#3899,.F.);
#3899 = EDGE_LOOP('',(#3900,#3911,#3920,#3929));
#3900 = ORIENTED_EDGE('',*,*,#3901,.T.);
#3901 = EDGE_CURVE('',#3902,#3904,#3906,.T.);
#3902 = VERTEX_POINT('',#3903);
#3903 = CARTESIAN_POINT('',(202.71,-137.9264987857,0.));
#3904 = VERTEX_POINT('',#3905);
#3905 = CARTESIAN_POINT('',(202.5,-137.95,0.));
#3906 = CIRCLE('',#3907,0.95);
#3907 = AXIS2_PLACEMENT_3D('',#3908,#3909,#3910);
#3908 = CARTESIAN_POINT('',(202.5,-137.,0.));
#3909 = DIRECTION('',(-0.,0.,-1.));
#3910 = DIRECTION('',(-0.,-1.,0.));
#3911 = ORIENTED_EDGE('',*,*,#3912,.T.);
#3912 = EDGE_CURVE('',#3904,#3913,#3915,.T.);
#3913 = VERTEX_POINT('',#3914);
#3914 = CARTESIAN_POINT('',(202.71,-136.0735012142,0.));
#3915 = CIRCLE('',#3916,0.95);
#3916 = AXIS2_PLACEMENT_3D('',#3917,#3918,#3919);
#3917 = CARTESIAN_POINT('',(202.5,-137.,0.));
#3918 = DIRECTION('',(-0.,0.,-1.));
#3919 = DIRECTION('',(-0.,-1.,0.));
#3920 = ORIENTED_EDGE('',*,*,#3921,.T.);
#3921 = EDGE_CURVE('',#3913,#3922,#3924,.T.);
#3922 = VERTEX_POINT('',#3923);
#3923 = CARTESIAN_POINT('',(202.92,-137.95,0.));
#3924 = CIRCLE('',#3925,0.95);
#3925 = AXIS2_PLACEMENT_3D('',#3926,#3927,#3928);
#3926 = CARTESIAN_POINT('',(202.92,-137.,0.));
#3927 = DIRECTION('',(-0.,0.,-1.));
#3928 = DIRECTION('',(-2.991758887411E-14,-1.,0.));
#3929 = ORIENTED_EDGE('',*,*,#3930,.T.);
#3930 = EDGE_CURVE('',#3922,#3902,#3931,.T.);
#3931 = CIRCLE('',#3932,0.95);
#3932 = AXIS2_PLACEMENT_3D('',#3933,#3934,#3935);
#3933 = CARTESIAN_POINT('',(202.92,-137.,0.));
#3934 = DIRECTION('',(-0.,0.,-1.));
#3935 = DIRECTION('',(-2.991758887411E-14,-1.,0.));
#3936 = FACE_BOUND('',#3937,.F.);
#3937 = EDGE_LOOP('',(#3938));
#3938 = ORIENTED_EDGE('',*,*,#3939,.T.);
#3939 = EDGE_CURVE('',#3940,#3940,#3942,.T.);
#3940 = VERTEX_POINT('',#3941);
#3941 = CARTESIAN_POINT('',(208.,-139.5,0.));
#3942 = CIRCLE('',#3943,2.5);
#3943 = AXIS2_PLACEMENT_3D('',#3944,#3945,#3946);
#3944 = CARTESIAN_POINT('',(208.,-137.,0.));
#3945 = DIRECTION('',(-0.,0.,-1.));
#3946 = DIRECTION('',(-0.,-1.,0.));
#3947 = FACE_BOUND('',#3948,.F.);
#3948 = EDGE_LOOP('',(#3949));
#3949 = ORIENTED_EDGE('',*,*,#3950,.T.);
#3950 = EDGE_CURVE('',#3951,#3951,#3953,.T.);
#3951 = VERTEX_POINT('',#3952);
#3952 = CARTESIAN_POINT('',(203.,-134.75,0.));
#3953 = CIRCLE('',#3954,1.5);
#3954 = AXIS2_PLACEMENT_3D('',#3955,#3956,#3957);
#3955 = CARTESIAN_POINT('',(203.,-133.25,0.));
#3956 = DIRECTION('',(-0.,0.,-1.));
#3957 = DIRECTION('',(-0.,-1.,0.));
#3958 = FACE_BOUND('',#3959,.F.);
#3959 = EDGE_LOOP('',(#3960,#3971,#3980,#3989));
#3960 = ORIENTED_EDGE('',*,*,#3961,.T.);
#3961 = EDGE_CURVE('',#3962,#3964,#3966,.T.);
#3962 = VERTEX_POINT('',#3963);
#3963 = CARTESIAN_POINT('',(213.29,-136.0735012142,0.));
#3964 = VERTEX_POINT('',#3965);
#3965 = CARTESIAN_POINT('',(213.5,-137.95,0.));
#3966 = CIRCLE('',#3967,0.95);
#3967 = AXIS2_PLACEMENT_3D('',#3968,#3969,#3970);
#3968 = CARTESIAN_POINT('',(213.5,-137.,0.));
#3969 = DIRECTION('',(-0.,0.,-1.));
#3970 = DIRECTION('',(-0.,-1.,0.));
#3971 = ORIENTED_EDGE('',*,*,#3972,.T.);
#3972 = EDGE_CURVE('',#3964,#3973,#3975,.T.);
#3973 = VERTEX_POINT('',#3974);
#3974 = CARTESIAN_POINT('',(213.29,-137.9264987857,0.));
#3975 = CIRCLE('',#3976,0.95);
#3976 = AXIS2_PLACEMENT_3D('',#3977,#3978,#3979);
#3977 = CARTESIAN_POINT('',(213.5,-137.,0.));
#3978 = DIRECTION('',(-0.,0.,-1.));
#3979 = DIRECTION('',(-0.,-1.,0.));
#3980 = ORIENTED_EDGE('',*,*,#3981,.T.);
#3981 = EDGE_CURVE('',#3973,#3982,#3984,.T.);
#3982 = VERTEX_POINT('',#3983);
#3983 = CARTESIAN_POINT('',(213.08,-137.95,0.));
#3984 = CIRCLE('',#3985,0.95);
#3985 = AXIS2_PLACEMENT_3D('',#3986,#3987,#3988);
#3986 = CARTESIAN_POINT('',(213.08,-137.,0.));
#3987 = DIRECTION('',(-0.,0.,-1.));
#3988 = DIRECTION('',(2.991758887411E-14,-1.,-0.));
#3989 = ORIENTED_EDGE('',*,*,#3990,.T.);
#3990 = EDGE_CURVE('',#3982,#3962,#3991,.T.);
#3991 = CIRCLE('',#3992,0.95);
#3992 = AXIS2_PLACEMENT_3D('',#3993,#3994,#3995);
#3993 = CARTESIAN_POINT('',(213.08,-137.,0.));
#3994 = DIRECTION('',(-0.,0.,-1.));
#3995 = DIRECTION('',(2.991758887411E-14,-1.,-0.));
#3996 = FACE_BOUND('',#3997,.F.);
#3997 = EDGE_LOOP('',(#3998));
#3998 = ORIENTED_EDGE('',*,*,#3999,.T.);
#3999 = EDGE_CURVE('',#4000,#4000,#4002,.T.);
#4000 = VERTEX_POINT('',#4001);
#4001 = CARTESIAN_POINT('',(217.588,-136.825,0.));
#4002 = CIRCLE('',#4003,1.1);
#4003 = AXIS2_PLACEMENT_3D('',#4004,#4005,#4006);
#4004 = CARTESIAN_POINT('',(217.588,-135.725,0.));
#4005 = DIRECTION('',(-0.,0.,-1.));
#4006 = DIRECTION('',(-0.,-1.,0.));
#4007 = FACE_BOUND('',#4008,.F.);
#4008 = EDGE_LOOP('',(#4009));
#4009 = ORIENTED_EDGE('',*,*,#4010,.T.);
#4010 = EDGE_CURVE('',#4011,#4011,#4013,.T.);
#4011 = VERTEX_POINT('',#4012);
#4012 = CARTESIAN_POINT('',(213.,-134.75,0.));
#4013 = CIRCLE('',#4014,1.5);
#4014 = AXIS2_PLACEMENT_3D('',#4015,#4016,#4017);
#4015 = CARTESIAN_POINT('',(213.,-133.25,0.));
#4016 = DIRECTION('',(-0.,0.,-1.));
#4017 = DIRECTION('',(-0.,-1.,0.));
#4018 = FACE_BOUND('',#4019,.F.);
#4019 = EDGE_LOOP('',(#4020));
#4020 = ORIENTED_EDGE('',*,*,#4021,.T.);
#4021 = EDGE_CURVE('',#4022,#4022,#4024,.T.);
#4022 = VERTEX_POINT('',#4023);
#4023 = CARTESIAN_POINT('',(222.273767,-144.710352,0.));
#4024 = CIRCLE('',#4025,1.5);
#4025 = AXIS2_PLACEMENT_3D('',#4026,#4027,#4028);
#4026 = CARTESIAN_POINT('',(222.273767,-143.210352,0.));
#4027 = DIRECTION('',(-0.,0.,-1.));
#4028 = DIRECTION('',(-0.,-1.,0.));
#4029 = FACE_BOUND('',#4030,.F.);
#4030 = EDGE_LOOP('',(#4031));
#4031 = ORIENTED_EDGE('',*,*,#4032,.T.);
#4032 = EDGE_CURVE('',#4033,#4033,#4035,.T.);
#4033 = VERTEX_POINT('',#4034);
#4034 = CARTESIAN_POINT('',(227.415051,-142.864494,0.));
#4035 = CIRCLE('',#4036,1.5);
#4036 = AXIS2_PLACEMENT_3D('',#4037,#4038,#4039);
#4037 = CARTESIAN_POINT('',(227.415051,-141.364494,0.));
#4038 = DIRECTION('',(-0.,0.,-1.));
#4039 = DIRECTION('',(-0.,-1.,0.));
#4040 = FACE_BOUND('',#4041,.F.);
#4041 = EDGE_LOOP('',(#4042));
#4042 = ORIENTED_EDGE('',*,*,#4043,.T.);
#4043 = EDGE_CURVE('',#4044,#4044,#4046,.T.);
#4044 = VERTEX_POINT('',#4045);
#4045 = CARTESIAN_POINT('',(232.249407,-145.407917,0.));
#4046 = CIRCLE('',#4047,1.5);
#4047 = AXIS2_PLACEMENT_3D('',#4048,#4049,#4050);
#4048 = CARTESIAN_POINT('',(232.249407,-143.907917,0.));
#4049 = DIRECTION('',(-0.,0.,-1.));
#4050 = DIRECTION('',(-0.,-1.,0.));
#4051 = FACE_BOUND('',#4052,.F.);
#4052 = EDGE_LOOP('',(#4053,#4064,#4073,#4082));
#4053 = ORIENTED_EDGE('',*,*,#4054,.T.);
#4054 = EDGE_CURVE('',#4055,#4057,#4059,.T.);
#4055 = VERTEX_POINT('',#4056);
#4056 = CARTESIAN_POINT('',(224.44575030892,-132.1111011923,0.));
#4057 = VERTEX_POINT('',#4058);
#4058 = CARTESIAN_POINT('',(224.347475,-132.114324,0.));
#4059 = CIRCLE('',#4060,1.5);
#4060 = AXIS2_PLACEMENT_3D('',#4061,#4062,#4063);
#4061 = CARTESIAN_POINT('',(224.347475,-130.614324,0.));
#4062 = DIRECTION('',(-0.,0.,-1.));
#4063 = DIRECTION('',(-0.,-1.,0.));
#4064 = ORIENTED_EDGE('',*,*,#4065,.T.);
#4065 = EDGE_CURVE('',#4057,#4066,#4068,.T.);
#4066 = VERTEX_POINT('',#4067);
#4067 = CARTESIAN_POINT('',(225.33892169107,-131.7399498076,0.));
#4068 = CIRCLE('',#4069,1.5);
#4069 = AXIS2_PLACEMENT_3D('',#4070,#4071,#4072);
#4070 = CARTESIAN_POINT('',(224.347475,-130.614324,0.));
#4071 = DIRECTION('',(-0.,0.,-1.));
#4072 = DIRECTION('',(-0.,-1.,0.));
#4073 = ORIENTED_EDGE('',*,*,#4074,.T.);
#4074 = EDGE_CURVE('',#4066,#4075,#4077,.T.);
#4075 = VERTEX_POINT('',#4076);
#4076 = CARTESIAN_POINT('',(225.437197,-134.736727,0.));
#4077 = CIRCLE('',#4078,1.5);
#4078 = AXIS2_PLACEMENT_3D('',#4079,#4080,#4081);
#4079 = CARTESIAN_POINT('',(225.437197,-133.236727,0.));
#4080 = DIRECTION('',(-0.,0.,-1.));
#4081 = DIRECTION('',(-0.,-1.,0.));
#4082 = ORIENTED_EDGE('',*,*,#4083,.T.);
#4083 = EDGE_CURVE('',#4075,#4055,#4084,.T.);
#4084 = CIRCLE('',#4085,1.5);
#4085 = AXIS2_PLACEMENT_3D('',#4086,#4087,#4088);
#4086 = CARTESIAN_POINT('',(225.437197,-133.236727,0.));
#4087 = DIRECTION('',(-0.,0.,-1.));
#4088 = DIRECTION('',(-0.,-1.,0.));
#4089 = FACE_BOUND('',#4090,.F.);
#4090 = EDGE_LOOP('',(#4091,#4102,#4111,#4120));
#4091 = ORIENTED_EDGE('',*,*,#4092,.T.);
#4092 = EDGE_CURVE('',#4093,#4095,#4097,.T.);
#4093 = VERTEX_POINT('',#4094);
#4094 = CARTESIAN_POINT('',(231.64327711399,-132.6144005763,0.));
#4095 = VERTEX_POINT('',#4096);
#4096 = CARTESIAN_POINT('',(230.504823,-135.09109,0.));
#4097 = CIRCLE('',#4098,1.5);
#4098 = AXIS2_PLACEMENT_3D('',#4099,#4100,#4101);
#4099 = CARTESIAN_POINT('',(230.504823,-133.59109,0.));
#4100 = DIRECTION('',(-0.,0.,-1.));
#4101 = DIRECTION('',(-0.,-1.,0.));
#4102 = ORIENTED_EDGE('',*,*,#4103,.T.);
#4103 = EDGE_CURVE('',#4095,#4104,#4106,.T.);
#4104 = VERTEX_POINT('',#4105);
#4105 = CARTESIAN_POINT('',(230.810456886,-132.1225574236,0.));
#4106 = CIRCLE('',#4107,1.5);
#4107 = AXIS2_PLACEMENT_3D('',#4108,#4109,#4110);
#4108 = CARTESIAN_POINT('',(230.504823,-133.59109,0.));
#4109 = DIRECTION('',(-0.,0.,-1.));
#4110 = DIRECTION('',(-0.,-1.,0.));
#4111 = ORIENTED_EDGE('',*,*,#4112,.T.);
#4112 = EDGE_CURVE('',#4104,#4113,#4115,.T.);
#4113 = VERTEX_POINT('',#4114);
#4114 = CARTESIAN_POINT('',(231.948911,-132.645868,0.));
#4115 = CIRCLE('',#4116,1.5);
#4116 = AXIS2_PLACEMENT_3D('',#4117,#4118,#4119);
#4117 = CARTESIAN_POINT('',(231.948911,-131.145868,0.));
#4118 = DIRECTION('',(-0.,0.,-1.));
#4119 = DIRECTION('',(-0.,-1.,0.));
#4120 = ORIENTED_EDGE('',*,*,#4121,.T.);
#4121 = EDGE_CURVE('',#4113,#4093,#4122,.T.);
#4122 = CIRCLE('',#4123,1.5);
#4123 = AXIS2_PLACEMENT_3D('',#4124,#4125,#4126);
#4124 = CARTESIAN_POINT('',(231.948911,-131.145868,0.));
#4125 = DIRECTION('',(-0.,0.,-1.));
#4126 = DIRECTION('',(-0.,-1.,0.));
#4127 = FACE_BOUND('',#4128,.F.);
#4128 = EDGE_LOOP('',(#4129));
#4129 = ORIENTED_EDGE('',*,*,#4130,.T.);
#4130 = EDGE_CURVE('',#4131,#4131,#4133,.T.);
#4131 = VERTEX_POINT('',#4132);
#4132 = CARTESIAN_POINT('',(208.,-132.55,0.));
#4133 = CIRCLE('',#4134,1.5);
#4134 = AXIS2_PLACEMENT_3D('',#4135,#4136,#4137);
#4135 = CARTESIAN_POINT('',(208.,-131.05,0.));
#4136 = DIRECTION('',(-0.,0.,-1.));
#4137 = DIRECTION('',(-0.,-1.,0.));
#4138 = FACE_BOUND('',#4139,.F.);
#4139 = EDGE_LOOP('',(#4140));
#4140 = ORIENTED_EDGE('',*,*,#4141,.T.);
#4141 = EDGE_CURVE('',#4142,#4142,#4144,.T.);
#4142 = VERTEX_POINT('',#4143);
#4143 = CARTESIAN_POINT('',(216.172186,-127.591,0.));
#4144 = CIRCLE('',#4145,1.1);
#4145 = AXIS2_PLACEMENT_3D('',#4146,#4147,#4148);
#4146 = CARTESIAN_POINT('',(216.172186,-126.491,0.));
#4147 = DIRECTION('',(-0.,0.,-1.));
#4148 = DIRECTION('',(-0.,-1.,0.));
#4149 = FACE_BOUND('',#4150,.F.);
#4150 = EDGE_LOOP('',(#4151,#4162,#4171,#4180));
#4151 = ORIENTED_EDGE('',*,*,#4152,.T.);
#4152 = EDGE_CURVE('',#4153,#4155,#4157,.T.);
#4153 = VERTEX_POINT('',#4154);
#4154 = CARTESIAN_POINT('',(204.39244942492,-122.0262752875,0.));
#4155 = VERTEX_POINT('',#4156);
#4156 = CARTESIAN_POINT('',(204.19,-122.04,0.));
#4157 = CIRCLE('',#4158,1.5);
#4158 = AXIS2_PLACEMENT_3D('',#4159,#4160,#4161);
#4159 = CARTESIAN_POINT('',(204.19,-120.54,0.));
#4160 = DIRECTION('',(-0.,0.,-1.));
#4161 = DIRECTION('',(-0.,-1.,0.));
#4162 = ORIENTED_EDGE('',*,*,#4163,.T.);
#4163 = EDGE_CURVE('',#4155,#4164,#4166,.T.);
#4164 = VERTEX_POINT('',#4165);
#4165 = CARTESIAN_POINT('',(205.25755057507,-121.5937247124,0.));
#4166 = CIRCLE('',#4167,1.5);
#4167 = AXIS2_PLACEMENT_3D('',#4168,#4169,#4170);
#4168 = CARTESIAN_POINT('',(204.19,-120.54,0.));
#4169 = DIRECTION('',(-0.,0.,-1.));
#4170 = DIRECTION('',(-0.,-1.,0.));
#4171 = ORIENTED_EDGE('',*,*,#4172,.T.);
#4172 = EDGE_CURVE('',#4164,#4173,#4175,.T.);
#4173 = VERTEX_POINT('',#4174);
#4174 = CARTESIAN_POINT('',(205.46,-124.58,0.));
#4175 = CIRCLE('',#4176,1.5);
#4176 = AXIS2_PLACEMENT_3D('',#4177,#4178,#4179);
#4177 = CARTESIAN_POINT('',(205.46,-123.08,0.));
#4178 = DIRECTION('',(-0.,0.,-1.));
#4179 = DIRECTION('',(-0.,-1.,0.));
#4180 = ORIENTED_EDGE('',*,*,#4181,.T.);
#4181 = EDGE_CURVE('',#4173,#4153,#4182,.T.);
#4182 = CIRCLE('',#4183,1.5);
#4183 = AXIS2_PLACEMENT_3D('',#4184,#4185,#4186);
#4184 = CARTESIAN_POINT('',(205.46,-123.08,0.));
#4185 = DIRECTION('',(-0.,0.,-1.));
#4186 = DIRECTION('',(-0.,-1.,0.));
#4187 = FACE_BOUND('',#4188,.F.);
#4188 = EDGE_LOOP('',(#4189,#4200,#4209,#4218));
#4189 = ORIENTED_EDGE('',*,*,#4190,.T.);
#4190 = EDGE_CURVE('',#4191,#4193,#4195,.T.);
#4191 = VERTEX_POINT('',#4192);
#4192 = CARTESIAN_POINT('',(211.60755057507,-122.0262752875,0.));
#4193 = VERTEX_POINT('',#4194);
#4194 = CARTESIAN_POINT('',(210.54,-124.58,0.));
#4195 = CIRCLE('',#4196,1.5);
#4196 = AXIS2_PLACEMENT_3D('',#4197,#4198,#4199);
#4197 = CARTESIAN_POINT('',(210.54,-123.08,0.));
#4198 = DIRECTION('',(-0.,0.,-1.));
#4199 = DIRECTION('',(-0.,-1.,0.));
#4200 = ORIENTED_EDGE('',*,*,#4201,.T.);
#4201 = EDGE_CURVE('',#4193,#4202,#4204,.T.);
#4202 = VERTEX_POINT('',#4203);
#4203 = CARTESIAN_POINT('',(210.74244942492,-121.5937247124,0.));
#4204 = CIRCLE('',#4205,1.5);
#4205 = AXIS2_PLACEMENT_3D('',#4206,#4207,#4208);
#4206 = CARTESIAN_POINT('',(210.54,-123.08,0.));
#4207 = DIRECTION('',(-0.,0.,-1.));
#4208 = DIRECTION('',(-0.,-1.,0.));
#4209 = ORIENTED_EDGE('',*,*,#4210,.T.);
#4210 = EDGE_CURVE('',#4202,#4211,#4213,.T.);
#4211 = VERTEX_POINT('',#4212);
#4212 = CARTESIAN_POINT('',(211.81,-122.04,0.));
#4213 = CIRCLE('',#4214,1.5);
#4214 = AXIS2_PLACEMENT_3D('',#4215,#4216,#4217);
#4215 = CARTESIAN_POINT('',(211.81,-120.54,0.));
#4216 = DIRECTION('',(-0.,0.,-1.));
#4217 = DIRECTION('',(-0.,-1.,0.));
#4218 = ORIENTED_EDGE('',*,*,#4219,.T.);
#4219 = EDGE_CURVE('',#4211,#4191,#4220,.T.);
#4220 = CIRCLE('',#4221,1.5);
#4221 = AXIS2_PLACEMENT_3D('',#4222,#4223,#4224);
#4222 = CARTESIAN_POINT('',(211.81,-120.54,0.));
#4223 = DIRECTION('',(-0.,0.,-1.));
#4224 = DIRECTION('',(-0.,-1.,0.));
#4225 = FACE_BOUND('',#4226,.F.);
#4226 = EDGE_LOOP('',(#4227,#4238,#4247,#4256));
#4227 = ORIENTED_EDGE('',*,*,#4228,.T.);
#4228 = EDGE_CURVE('',#4229,#4231,#4233,.T.);
#4229 = VERTEX_POINT('',#4230);
#4230 = CARTESIAN_POINT('',(223.11288938902,-127.0530291741,0.));
#4231 = VERTEX_POINT('',#4232);
#4232 = CARTESIAN_POINT('',(223.257748,-128.94192,0.));
#4233 = CIRCLE('',#4234,0.95);
#4234 = AXIS2_PLACEMENT_3D('',#4235,#4236,#4237);
#4235 = CARTESIAN_POINT('',(223.257748,-127.99192,0.));
#4236 = DIRECTION('',(-0.,0.,-1.));
#4237 = DIRECTION('',(-0.,-1.,0.));
#4238 = ORIENTED_EDGE('',*,*,#4239,.T.);
#4239 = EDGE_CURVE('',#4231,#4240,#4242,.T.);
#4240 = VERTEX_POINT('',#4241);
#4241 = CARTESIAN_POINT('',(222.98362961097,-128.9015128258,0.));
#4242 = CIRCLE('',#4243,0.95);
#4243 = AXIS2_PLACEMENT_3D('',#4244,#4245,#4246);
#4244 = CARTESIAN_POINT('',(223.257748,-127.99192,0.));
#4245 = DIRECTION('',(-0.,0.,-1.));
#4246 = DIRECTION('',(-0.,-1.,0.));
#4247 = ORIENTED_EDGE('',*,*,#4248,.T.);
#4248 = EDGE_CURVE('',#4240,#4249,#4251,.T.);
#4249 = VERTEX_POINT('',#4250);
#4250 = CARTESIAN_POINT('',(222.838771,-128.912622,0.));
#4251 = CIRCLE('',#4252,0.95);
#4252 = AXIS2_PLACEMENT_3D('',#4253,#4254,#4255);
#4253 = CARTESIAN_POINT('',(222.838771,-127.962622,0.));
#4254 = DIRECTION('',(-0.,0.,-1.));
#4255 = DIRECTION('',(-0.,-1.,0.));
#4256 = ORIENTED_EDGE('',*,*,#4257,.T.);
#4257 = EDGE_CURVE('',#4249,#4229,#4258,.T.);
#4258 = CIRCLE('',#4259,0.95);
#4259 = AXIS2_PLACEMENT_3D('',#4260,#4261,#4262);
#4260 = CARTESIAN_POINT('',(222.838771,-127.962622,0.));
#4261 = DIRECTION('',(-0.,0.,-1.));
#4262 = DIRECTION('',(-0.,-1.,0.));
#4263 = FACE_BOUND('',#4264,.F.);
#4264 = EDGE_LOOP('',(#4265));
#4265 = ORIENTED_EDGE('',*,*,#4266,.T.);
#4266 = EDGE_CURVE('',#4267,#4267,#4269,.T.);
#4267 = VERTEX_POINT('',#4268);
#4268 = CARTESIAN_POINT('',(228.325373,-130.846283,0.));
#4269 = CIRCLE('',#4270,2.5);
#4270 = AXIS2_PLACEMENT_3D('',#4271,#4272,#4273);
#4271 = CARTESIAN_POINT('',(228.325373,-128.346283,0.));
#4272 = DIRECTION('',(-0.,0.,-1.));
#4273 = DIRECTION('',(-0.,-1.,0.));
#4274 = FACE_BOUND('',#4275,.F.);
#4275 = EDGE_LOOP('',(#4276,#4287,#4296,#4305));
#4276 = ORIENTED_EDGE('',*,*,#4277,.T.);
#4277 = EDGE_CURVE('',#4278,#4280,#4282,.T.);
#4278 = VERTEX_POINT('',#4279);
#4279 = CARTESIAN_POINT('',(233.53785661097,-129.6395368258,0.));
#4280 = VERTEX_POINT('',#4281);
#4281 = CARTESIAN_POINT('',(233.392998,-129.650646,0.));
#4282 = CIRCLE('',#4283,0.95);
#4283 = AXIS2_PLACEMENT_3D('',#4284,#4285,#4286);
#4284 = CARTESIAN_POINT('',(233.392998,-128.700646,0.));
#4285 = DIRECTION('',(-0.,0.,-1.));
#4286 = DIRECTION('',(2.991758887411E-14,-1.,-0.));
#4287 = ORIENTED_EDGE('',*,*,#4288,.T.);
#4288 = EDGE_CURVE('',#4280,#4289,#4291,.T.);
#4289 = VERTEX_POINT('',#4290);
#4290 = CARTESIAN_POINT('',(233.66711638902,-127.7910531741,0.));
#4291 = CIRCLE('',#4292,0.95);
#4292 = AXIS2_PLACEMENT_3D('',#4293,#4294,#4295);
#4293 = CARTESIAN_POINT('',(233.392998,-128.700646,0.));
#4294 = DIRECTION('',(-0.,0.,-1.));
#4295 = DIRECTION('',(2.991758887411E-14,-1.,-0.));
#4296 = ORIENTED_EDGE('',*,*,#4297,.T.);
#4297 = EDGE_CURVE('',#4289,#4298,#4300,.T.);
#4298 = VERTEX_POINT('',#4299);
#4299 = CARTESIAN_POINT('',(233.811975,-129.679944,0.));
#4300 = CIRCLE('',#4301,0.95);
#4301 = AXIS2_PLACEMENT_3D('',#4302,#4303,#4304);
#4302 = CARTESIAN_POINT('',(233.811975,-128.729944,0.));
#4303 = DIRECTION('',(-0.,0.,-1.));
#4304 = DIRECTION('',(-2.991758887411E-14,-1.,0.));
#4305 = ORIENTED_EDGE('',*,*,#4306,.T.);
#4306 = EDGE_CURVE('',#4298,#4278,#4307,.T.);
#4307 = CIRCLE('',#4308,0.95);
#4308 = AXIS2_PLACEMENT_3D('',#4309,#4310,#4311);
#4309 = CARTESIAN_POINT('',(233.811975,-128.729944,0.));
#4310 = DIRECTION('',(-0.,0.,-1.));
#4311 = DIRECTION('',(-2.991758887411E-14,-1.,0.));
#4312 = FACE_BOUND('',#4313,.F.);
#4313 = EDGE_LOOP('',(#4314));
#4314 = ORIENTED_EDGE('',*,*,#4315,.T.);
#4315 = EDGE_CURVE('',#4316,#4316,#4318,.T.);
#4316 = VERTEX_POINT('',#4317);
#4317 = CARTESIAN_POINT('',(223.59914,-125.756635,0.));
#4318 = CIRCLE('',#4319,1.5);
#4319 = AXIS2_PLACEMENT_3D('',#4320,#4321,#4322);
#4320 = CARTESIAN_POINT('',(223.59914,-124.256635,0.));
#4321 = DIRECTION('',(-0.,0.,-1.));
#4322 = DIRECTION('',(-0.,-1.,0.));
#4323 = FACE_BOUND('',#4324,.F.);
#4324 = EDGE_LOOP('',(#4325));
#4325 = ORIENTED_EDGE('',*,*,#4326,.T.);
#4326 = EDGE_CURVE('',#4327,#4327,#4329,.T.);
#4327 = VERTEX_POINT('',#4328);
#4328 = CARTESIAN_POINT('',(228.740424,-123.910777,0.));
#4329 = CIRCLE('',#4330,1.5);
#4330 = AXIS2_PLACEMENT_3D('',#4331,#4332,#4333);
#4331 = CARTESIAN_POINT('',(228.740424,-122.410777,0.));
#4332 = DIRECTION('',(-0.,0.,-1.));
#4333 = DIRECTION('',(-0.,-1.,0.));
#4334 = FACE_BOUND('',#4335,.F.);
#4335 = EDGE_LOOP('',(#4336));
#4336 = ORIENTED_EDGE('',*,*,#4337,.T.);
#4337 = EDGE_CURVE('',#4338,#4338,#4340,.T.);
#4338 = VERTEX_POINT('',#4339);
#4339 = CARTESIAN_POINT('',(233.57478,-126.4542,0.));
#4340 = CIRCLE('',#4341,1.5);
#4341 = AXIS2_PLACEMENT_3D('',#4342,#4343,#4344);
#4342 = CARTESIAN_POINT('',(233.57478,-124.9542,0.));
#4343 = DIRECTION('',(-0.,0.,-1.));
#4344 = DIRECTION('',(-0.,-1.,0.));
#4345 = FACE_BOUND('',#4346,.F.);
#4346 = EDGE_LOOP('',(#4347,#4358,#4367,#4376));
#4347 = ORIENTED_EDGE('',*,*,#4348,.T.);
#4348 = EDGE_CURVE('',#4349,#4351,#4353,.T.);
#4349 = VERTEX_POINT('',#4350);
#4350 = CARTESIAN_POINT('',(243.13855902962,-140.8026567518,0.));
#4351 = VERTEX_POINT('',#4352);
#4352 = CARTESIAN_POINT('',(243.184485,-142.701546,0.));
#4353 = CIRCLE('',#4354,0.95);
#4354 = AXIS2_PLACEMENT_3D('',#4355,#4356,#4357);
#4355 = CARTESIAN_POINT('',(243.184485,-141.751546,0.));
#4356 = DIRECTION('',(-0.,0.,-1.));
#4357 = DIRECTION('',(-0.,-1.,0.));
#4358 = ORIENTED_EDGE('',*,*,#4359,.T.);
#4359 = EDGE_CURVE('',#4351,#4360,#4362,.T.);
#4360 = VERTEX_POINT('',#4361);
#4361 = CARTESIAN_POINT('',(242.81679097037,-142.6275032481,0.));
#4362 = CIRCLE('',#4363,0.95);
#4363 = AXIS2_PLACEMENT_3D('',#4364,#4365,#4366);
#4364 = CARTESIAN_POINT('',(243.184485,-141.751546,0.));
#4365 = DIRECTION('',(-0.,0.,-1.));
#4366 = DIRECTION('',(-0.,-1.,0.));
#4367 = ORIENTED_EDGE('',*,*,#4368,.T.);
#4368 = EDGE_CURVE('',#4360,#4369,#4371,.T.);
#4369 = VERTEX_POINT('',#4370);
#4370 = CARTESIAN_POINT('',(242.770865,-142.628614,0.));
#4371 = CIRCLE('',#4372,0.95);
#4372 = AXIS2_PLACEMENT_3D('',#4373,#4374,#4375);
#4373 = CARTESIAN_POINT('',(242.770865,-141.678614,0.));
#4374 = DIRECTION('',(-0.,0.,-1.));
#4375 = DIRECTION('',(-2.991758887411E-14,-1.,0.));
#4376 = ORIENTED_EDGE('',*,*,#4377,.T.);
#4377 = EDGE_CURVE('',#4369,#4349,#4378,.T.);
#4378 = CIRCLE('',#4379,0.95);
#4379 = AXIS2_PLACEMENT_3D('',#4380,#4381,#4382);
#4380 = CARTESIAN_POINT('',(242.770865,-141.678614,0.));
#4381 = DIRECTION('',(-0.,0.,-1.));
#4382 = DIRECTION('',(-2.991758887411E-14,-1.,0.));
#4383 = FACE_BOUND('',#4384,.F.);
#4384 = EDGE_LOOP('',(#4385));
#4385 = ORIENTED_EDGE('',*,*,#4386,.T.);
#4386 = EDGE_CURVE('',#4387,#4387,#4389,.T.);
#4387 = VERTEX_POINT('',#4388);
#4388 = CARTESIAN_POINT('',(248.187308,-145.133679,0.));
#4389 = CIRCLE('',#4390,2.5);
#4390 = AXIS2_PLACEMENT_3D('',#4391,#4392,#4393);
#4391 = CARTESIAN_POINT('',(248.187308,-142.633679,0.));
#4392 = DIRECTION('',(-0.,0.,-1.));
#4393 = DIRECTION('',(-0.,-1.,0.));
#4394 = FACE_BOUND('',#4395,.F.);
#4395 = EDGE_LOOP('',(#4396,#4407,#4416,#4425));
#4396 = ORIENTED_EDGE('',*,*,#4397,.T.);
#4397 = EDGE_CURVE('',#4398,#4400,#4402,.T.);
#4398 = VERTEX_POINT('',#4399);
#4399 = CARTESIAN_POINT('',(253.23605697037,-144.4647012481,0.));
#4400 = VERTEX_POINT('',#4401);
#4401 = CARTESIAN_POINT('',(253.190131,-144.465812,0.));
#4402 = CIRCLE('',#4403,0.95);
#4403 = AXIS2_PLACEMENT_3D('',#4404,#4405,#4406);
#4404 = CARTESIAN_POINT('',(253.190131,-143.515812,0.));
#4405 = DIRECTION('',(-0.,0.,-1.));
#4406 = DIRECTION('',(-0.,-1.,0.));
#4407 = ORIENTED_EDGE('',*,*,#4408,.T.);
#4408 = EDGE_CURVE('',#4400,#4409,#4411,.T.);
#4409 = VERTEX_POINT('',#4410);
#4410 = CARTESIAN_POINT('',(253.55782502962,-142.6398547518,0.));
#4411 = CIRCLE('',#4412,0.95);
#4412 = AXIS2_PLACEMENT_3D('',#4413,#4414,#4415);
#4413 = CARTESIAN_POINT('',(253.190131,-143.515812,0.));
#4414 = DIRECTION('',(-0.,0.,-1.));
#4415 = DIRECTION('',(-0.,-1.,0.));
#4416 = ORIENTED_EDGE('',*,*,#4417,.T.);
#4417 = EDGE_CURVE('',#4409,#4418,#4420,.T.);
#4418 = VERTEX_POINT('',#4419);
#4419 = CARTESIAN_POINT('',(253.603751,-144.538744,0.));
#4420 = CIRCLE('',#4421,0.95);
#4421 = AXIS2_PLACEMENT_3D('',#4422,#4423,#4424);
#4422 = CARTESIAN_POINT('',(253.603751,-143.588744,0.));
#4423 = DIRECTION('',(-0.,0.,-1.));
#4424 = DIRECTION('',(-0.,-1.,0.));
#4425 = ORIENTED_EDGE('',*,*,#4426,.T.);
#4426 = EDGE_CURVE('',#4418,#4398,#4427,.T.);
#4427 = CIRCLE('',#4428,0.95);
#4428 = AXIS2_PLACEMENT_3D('',#4429,#4430,#4431);
#4429 = CARTESIAN_POINT('',(253.603751,-143.588744,0.));
#4430 = DIRECTION('',(-0.,0.,-1.));
#4431 = DIRECTION('',(-0.,-1.,0.));
#4432 = FACE_BOUND('',#4433,.F.);
#4433 = EDGE_LOOP('',(#4434));
#4434 = ORIENTED_EDGE('',*,*,#4435,.T.);
#4435 = EDGE_CURVE('',#4436,#4436,#4438,.T.);
#4436 = VERTEX_POINT('',#4437);
#4437 = CARTESIAN_POINT('',(253.762527,-141.308891,0.));
#4438 = CIRCLE('',#4439,1.5);
#4439 = AXIS2_PLACEMENT_3D('',#4440,#4441,#4442);
#4440 = CARTESIAN_POINT('',(253.762527,-139.808891,0.));
#4441 = DIRECTION('',(-0.,0.,-1.));
#4442 = DIRECTION('',(-0.,-1.,0.));
#4443 = FACE_BOUND('',#4444,.F.);
#4444 = EDGE_LOOP('',(#4445));
#4445 = ORIENTED_EDGE('',*,*,#4446,.T.);
#4446 = EDGE_CURVE('',#4447,#4447,#4449,.T.);
#4447 = VERTEX_POINT('',#4448);
#4448 = CARTESIAN_POINT('',(243.91445,-139.572409,0.));
#4449 = CIRCLE('',#4450,1.5);
#4450 = AXIS2_PLACEMENT_3D('',#4451,#4452,#4453);
#4451 = CARTESIAN_POINT('',(243.91445,-138.072409,0.));
#4452 = DIRECTION('',(-0.,0.,-1.));
#4453 = DIRECTION('',(-0.,-1.,0.));
#4454 = FACE_BOUND('',#4455,.F.);
#4455 = EDGE_LOOP('',(#4456));
#4456 = ORIENTED_EDGE('',*,*,#4457,.T.);
#4457 = EDGE_CURVE('',#4458,#4458,#4460,.T.);
#4458 = VERTEX_POINT('',#4459);
#4459 = CARTESIAN_POINT('',(249.220515,-138.274073,0.));
#4460 = CIRCLE('',#4461,1.5);
#4461 = AXIS2_PLACEMENT_3D('',#4462,#4463,#4464);
#4462 = CARTESIAN_POINT('',(249.220515,-136.774073,0.));
#4463 = DIRECTION('',(-0.,0.,-1.));
#4464 = DIRECTION('',(-0.,-1.,0.));
#4465 = FACE_BOUND('',#4466,.F.);
#4466 = EDGE_LOOP('',(#4467,#4478,#4487));
#4467 = ORIENTED_EDGE('',*,*,#4468,.T.);
#4468 = EDGE_CURVE('',#4469,#4471,#4473,.T.);
#4469 = VERTEX_POINT('',#4470);
#4470 = CARTESIAN_POINT('',(264.383352,-147.070713,0.));
#4471 = VERTEX_POINT('',#4472);
#4472 = CARTESIAN_POINT('',(263.51499742803,-144.3476184258,0.));
#4473 = CIRCLE('',#4474,1.5);
#4474 = AXIS2_PLACEMENT_3D('',#4475,#4476,#4477);
#4475 = CARTESIAN_POINT('',(264.383352,-145.570713,0.));
#4476 = DIRECTION('',(-0.,0.,-1.));
#4477 = DIRECTION('',(-0.,-1.,0.));
#4478 = ORIENTED_EDGE('',*,*,#4479,.T.);
#4479 = EDGE_CURVE('',#4471,#4480,#4482,.T.);
#4480 = VERTEX_POINT('',#4481);
#4481 = CARTESIAN_POINT('',(264.44206657196,-144.0718625741,0.));
#4482 = CIRCLE('',#4483,1.5);
#4483 = AXIS2_PLACEMENT_3D('',#4484,#4485,#4486);
#4484 = CARTESIAN_POINT('',(263.573712,-142.848768,0.));
#4485 = DIRECTION('',(-0.,0.,-1.));
#4486 = DIRECTION('',(-0.,-1.,0.));
#4487 = ORIENTED_EDGE('',*,*,#4488,.T.);
#4488 = EDGE_CURVE('',#4480,#4469,#4489,.T.);
#4489 = CIRCLE('',#4490,1.5);
#4490 = AXIS2_PLACEMENT_3D('',#4491,#4492,#4493);
#4491 = CARTESIAN_POINT('',(264.383352,-145.570713,0.));
#4492 = DIRECTION('',(-0.,0.,-1.));
#4493 = DIRECTION('',(-0.,-1.,0.));
#4494 = FACE_BOUND('',#4495,.F.);
#4495 = EDGE_LOOP('',(#4496,#4507,#4516,#4525));
#4496 = ORIENTED_EDGE('',*,*,#4497,.T.);
#4497 = EDGE_CURVE('',#4498,#4500,#4502,.T.);
#4498 = VERTEX_POINT('',#4499);
#4499 = CARTESIAN_POINT('',(262.71814702962,-139.1779337518,0.));
#4500 = VERTEX_POINT('',#4501);
#4501 = CARTESIAN_POINT('',(262.764073,-141.076823,0.));
#4502 = CIRCLE('',#4503,0.95);
#4503 = AXIS2_PLACEMENT_3D('',#4504,#4505,#4506);
#4504 = CARTESIAN_POINT('',(262.764073,-140.126823,0.));
#4505 = DIRECTION('',(-0.,0.,-1.));
#4506 = DIRECTION('',(-0.,-1.,0.));
#4507 = ORIENTED_EDGE('',*,*,#4508,.T.);
#4508 = EDGE_CURVE('',#4500,#4509,#4511,.T.);
#4509 = VERTEX_POINT('',#4510);
#4510 = CARTESIAN_POINT('',(262.39637897037,-141.0027802481,0.));
#4511 = CIRCLE('',#4512,0.95);
#4512 = AXIS2_PLACEMENT_3D('',#4513,#4514,#4515);
#4513 = CARTESIAN_POINT('',(262.764073,-140.126823,0.));
#4514 = DIRECTION('',(-0.,0.,-1.));
#4515 = DIRECTION('',(-0.,-1.,0.));
#4516 = ORIENTED_EDGE('',*,*,#4517,.T.);
#4517 = EDGE_CURVE('',#4509,#4518,#4520,.T.);
#4518 = VERTEX_POINT('',#4519);
#4519 = CARTESIAN_POINT('',(262.350453,-141.003891,0.));
#4520 = CIRCLE('',#4521,0.95);
#4521 = AXIS2_PLACEMENT_3D('',#4522,#4523,#4524);
#4522 = CARTESIAN_POINT('',(262.350453,-140.053891,0.));
#4523 = DIRECTION('',(-0.,0.,-1.));
#4524 = DIRECTION('',(-0.,-1.,0.));
#4525 = ORIENTED_EDGE('',*,*,#4526,.T.);
#4526 = EDGE_CURVE('',#4518,#4498,#4527,.T.);
#4527 = CIRCLE('',#4528,0.95);
#4528 = AXIS2_PLACEMENT_3D('',#4529,#4530,#4531);
#4529 = CARTESIAN_POINT('',(262.350453,-140.053891,0.));
#4530 = DIRECTION('',(-0.,0.,-1.));
#4531 = DIRECTION('',(-0.,-1.,0.));
#4532 = FACE_BOUND('',#4533,.F.);
#4533 = EDGE_LOOP('',(#4534));
#4534 = ORIENTED_EDGE('',*,*,#4535,.T.);
#4535 = EDGE_CURVE('',#4536,#4536,#4538,.T.);
#4536 = VERTEX_POINT('',#4537);
#4537 = CARTESIAN_POINT('',(267.766896,-143.508956,0.));
#4538 = CIRCLE('',#4539,2.5);
#4539 = AXIS2_PLACEMENT_3D('',#4540,#4541,#4542);
#4540 = CARTESIAN_POINT('',(267.766896,-141.008956,0.));
#4541 = DIRECTION('',(-0.,0.,-1.));
#4542 = DIRECTION('',(-0.,-1.,0.));
#4543 = FACE_BOUND('',#4544,.F.);
#4544 = EDGE_LOOP('',(#4545,#4556,#4565,#4574));
#4545 = ORIENTED_EDGE('',*,*,#4546,.T.);
#4546 = EDGE_CURVE('',#4547,#4549,#4551,.T.);
#4547 = VERTEX_POINT('',#4548);
#4548 = CARTESIAN_POINT('',(272.81564497037,-142.8399782481,0.));
#4549 = VERTEX_POINT('',#4550);
#4550 = CARTESIAN_POINT('',(272.769719,-142.841089,0.));
#4551 = CIRCLE('',#4552,0.95);
#4552 = AXIS2_PLACEMENT_3D('',#4553,#4554,#4555);
#4553 = CARTESIAN_POINT('',(272.769719,-141.891089,0.));
#4554 = DIRECTION('',(-0.,0.,-1.));
#4555 = DIRECTION('',(-0.,-1.,0.));
#4556 = ORIENTED_EDGE('',*,*,#4557,.T.);
#4557 = EDGE_CURVE('',#4549,#4558,#4560,.T.);
#4558 = VERTEX_POINT('',#4559);
#4559 = CARTESIAN_POINT('',(273.13741302962,-141.0151317518,0.));
#4560 = CIRCLE('',#4561,0.95);
#4561 = AXIS2_PLACEMENT_3D('',#4562,#4563,#4564);
#4562 = CARTESIAN_POINT('',(272.769719,-141.891089,0.));
#4563 = DIRECTION('',(-0.,0.,-1.));
#4564 = DIRECTION('',(-0.,-1.,0.));
#4565 = ORIENTED_EDGE('',*,*,#4566,.T.);
#4566 = EDGE_CURVE('',#4558,#4567,#4569,.T.);
#4567 = VERTEX_POINT('',#4568);
#4568 = CARTESIAN_POINT('',(273.183339,-142.914021,0.));
#4569 = CIRCLE('',#4570,0.95);
#4570 = AXIS2_PLACEMENT_3D('',#4571,#4572,#4573);
#4571 = CARTESIAN_POINT('',(273.183339,-141.964021,0.));
#4572 = DIRECTION('',(-0.,0.,-1.));
#4573 = DIRECTION('',(-0.,-1.,0.));
#4574 = ORIENTED_EDGE('',*,*,#4575,.T.);
#4575 = EDGE_CURVE('',#4567,#4547,#4576,.T.);
#4576 = CIRCLE('',#4577,0.95);
#4577 = AXIS2_PLACEMENT_3D('',#4578,#4579,#4580);
#4578 = CARTESIAN_POINT('',(273.183339,-141.964021,0.));
#4579 = DIRECTION('',(-0.,0.,-1.));
#4580 = DIRECTION('',(-0.,-1.,0.));
#4581 = FACE_BOUND('',#4582,.F.);
#4582 = EDGE_LOOP('',(#4583));
#4583 = ORIENTED_EDGE('',*,*,#4584,.T.);
#4584 = EDGE_CURVE('',#4585,#4585,#4587,.T.);
#4585 = VERTEX_POINT('',#4586);
#4586 = CARTESIAN_POINT('',(263.494038,-137.947686,0.));
#4587 = CIRCLE('',#4588,1.5);
#4588 = AXIS2_PLACEMENT_3D('',#4589,#4590,#4591);
#4589 = CARTESIAN_POINT('',(263.494038,-136.447686,0.));
#4590 = DIRECTION('',(-0.,0.,-1.));
#4591 = DIRECTION('',(-0.,-1.,0.));
#4592 = FACE_BOUND('',#4593,.F.);
#4593 = EDGE_LOOP('',(#4594));
#4594 = ORIENTED_EDGE('',*,*,#4595,.T.);
#4595 = EDGE_CURVE('',#4596,#4596,#4598,.T.);
#4596 = VERTEX_POINT('',#4597);
#4597 = CARTESIAN_POINT('',(273.342115,-139.684168,0.));
#4598 = CIRCLE('',#4599,1.5);
#4599 = AXIS2_PLACEMENT_3D('',#4600,#4601,#4602);
#4600 = CARTESIAN_POINT('',(273.342115,-138.184168,0.));
#4601 = DIRECTION('',(-0.,0.,-1.));
#4602 = DIRECTION('',(-0.,-1.,0.));
#4603 = FACE_BOUND('',#4604,.F.);
#4604 = EDGE_LOOP('',(#4605));
#4605 = ORIENTED_EDGE('',*,*,#4606,.T.);
#4606 = EDGE_CURVE('',#4607,#4607,#4609,.T.);
#4607 = VERTEX_POINT('',#4608);
#4608 = CARTESIAN_POINT('',(268.800103,-136.64935,0.));
#4609 = CIRCLE('',#4610,1.5);
#4610 = AXIS2_PLACEMENT_3D('',#4611,#4612,#4613);
#4611 = CARTESIAN_POINT('',(268.800103,-135.14935,0.));
#4612 = DIRECTION('',(-0.,0.,-1.));
#4613 = DIRECTION('',(-0.,-1.,0.));
#4614 = FACE_BOUND('',#4615,.F.);
#4615 = EDGE_LOOP('',(#4616,#4627,#4636));
#4616 = ORIENTED_EDGE('',*,*,#4617,.T.);
#4617 = EDGE_CURVE('',#4618,#4620,#4622,.T.);
#4618 = VERTEX_POINT('',#4619);
#4619 = CARTESIAN_POINT('',(248.10308,-129.984089,0.));
#4620 = VERTEX_POINT('',#4621);
#4621 = CARTESIAN_POINT('',(247.23472542803,-127.2609944258,0.));
#4622 = CIRCLE('',#4623,1.5);
#4623 = AXIS2_PLACEMENT_3D('',#4624,#4625,#4626);
#4624 = CARTESIAN_POINT('',(248.10308,-128.484089,0.));
#4625 = DIRECTION('',(-0.,0.,-1.));
#4626 = DIRECTION('',(-0.,-1.,0.));
#4627 = ORIENTED_EDGE('',*,*,#4628,.T.);
#4628 = EDGE_CURVE('',#4620,#4629,#4631,.T.);
#4629 = VERTEX_POINT('',#4630);
#4630 = CARTESIAN_POINT('',(248.16179457196,-126.9852385741,0.));
#4631 = CIRCLE('',#4632,1.5);
#4632 = AXIS2_PLACEMENT_3D('',#4633,#4634,#4635);
#4633 = CARTESIAN_POINT('',(247.29344,-125.762144,0.));
#4634 = DIRECTION('',(-0.,0.,-1.));
#4635 = DIRECTION('',(-0.,-1.,0.));
#4636 = ORIENTED_EDGE('',*,*,#4637,.T.);
#4637 = EDGE_CURVE('',#4629,#4618,#4638,.T.);
#4638 = CIRCLE('',#4639,1.5);
#4639 = AXIS2_PLACEMENT_3D('',#4640,#4641,#4642);
#4640 = CARTESIAN_POINT('',(248.10308,-128.484089,0.));
#4641 = DIRECTION('',(-0.,0.,-1.));
#4642 = DIRECTION('',(-0.,-1.,0.));
#4643 = FACE_BOUND('',#4644,.F.);
#4644 = EDGE_LOOP('',(#4645,#4656,#4665,#4674));
#4645 = ORIENTED_EDGE('',*,*,#4646,.T.);
#4646 = EDGE_CURVE('',#4647,#4649,#4651,.T.);
#4647 = VERTEX_POINT('',#4648);
#4648 = CARTESIAN_POINT('',(254.34021208385,-128.513883402,0.));
#4649 = VERTEX_POINT('',#4650);
#4650 = CARTESIAN_POINT('',(253.105903,-130.866222,0.));
#4651 = CIRCLE('',#4652,1.5);
#4652 = AXIS2_PLACEMENT_3D('',#4653,#4654,#4655);
#4653 = CARTESIAN_POINT('',(253.105903,-129.366222,0.));
#4654 = DIRECTION('',(-0.,0.,-1.));
#4655 = DIRECTION('',(-0.,-1.,0.));
#4656 = ORIENTED_EDGE('',*,*,#4657,.T.);
#4657 = EDGE_CURVE('',#4649,#4658,#4660,.T.);
#4658 = VERTEX_POINT('',#4659);
#4659 = CARTESIAN_POINT('',(253.56336591614,-127.9376815979,0.));
#4660 = CIRCLE('',#4661,1.5);
#4661 = AXIS2_PLACEMENT_3D('',#4662,#4663,#4664);
#4662 = CARTESIAN_POINT('',(253.105903,-129.366222,0.));
#4663 = DIRECTION('',(-0.,0.,-1.));
#4664 = DIRECTION('',(-0.,-1.,0.));
#4665 = ORIENTED_EDGE('',*,*,#4666,.T.);
#4666 = EDGE_CURVE('',#4658,#4667,#4669,.T.);
#4667 = VERTEX_POINT('',#4668);
#4668 = CARTESIAN_POINT('',(254.797675,-128.585343,0.));
#4669 = CIRCLE('',#4670,1.5);
#4670 = AXIS2_PLACEMENT_3D('',#4671,#4672,#4673);
#4671 = CARTESIAN_POINT('',(254.797675,-127.085343,0.));
#4672 = DIRECTION('',(-0.,0.,-1.));
#4673 = DIRECTION('',(-1.894780628694E-14,-1.,0.));
#4674 = ORIENTED_EDGE('',*,*,#4675,.T.);
#4675 = EDGE_CURVE('',#4667,#4647,#4676,.T.);
#4676 = CIRCLE('',#4677,1.5);
#4677 = AXIS2_PLACEMENT_3D('',#4678,#4679,#4680);
#4678 = CARTESIAN_POINT('',(254.797675,-127.085343,0.));
#4679 = DIRECTION('',(-0.,0.,-1.));
#4680 = DIRECTION('',(-1.894780628694E-14,-1.,0.));
#4681 = FACE_BOUND('',#4682,.F.);
#4682 = EDGE_LOOP('',(#4683,#4694,#4703,#4712));
#4683 = ORIENTED_EDGE('',*,*,#4684,.T.);
#4684 = EDGE_CURVE('',#4685,#4687,#4689,.T.);
#4685 = VERTEX_POINT('',#4686);
#4686 = CARTESIAN_POINT('',(246.43787502962,-122.0913097518,0.));
#4687 = VERTEX_POINT('',#4688);
#4688 = CARTESIAN_POINT('',(246.483801,-123.990199,0.));
#4689 = CIRCLE('',#4690,0.95);
#4690 = AXIS2_PLACEMENT_3D('',#4691,#4692,#4693);
#4691 = CARTESIAN_POINT('',(246.483801,-123.040199,0.));
#4692 = DIRECTION('',(-0.,0.,-1.));
#4693 = DIRECTION('',(-0.,-1.,0.));
#4694 = ORIENTED_EDGE('',*,*,#4695,.T.);
#4695 = EDGE_CURVE('',#4687,#4696,#4698,.T.);
#4696 = VERTEX_POINT('',#4697);
#4697 = CARTESIAN_POINT('',(246.11610697037,-123.9161562481,0.));
#4698 = CIRCLE('',#4699,0.95);
#4699 = AXIS2_PLACEMENT_3D('',#4700,#4701,#4702);
#4700 = CARTESIAN_POINT('',(246.483801,-123.040199,0.));
#4701 = DIRECTION('',(-0.,0.,-1.));
#4702 = DIRECTION('',(-0.,-1.,0.));
#4703 = ORIENTED_EDGE('',*,*,#4704,.T.);
#4704 = EDGE_CURVE('',#4696,#4705,#4707,.T.);
#4705 = VERTEX_POINT('',#4706);
#4706 = CARTESIAN_POINT('',(246.070181,-123.917267,0.));
#4707 = CIRCLE('',#4708,0.95);
#4708 = AXIS2_PLACEMENT_3D('',#4709,#4710,#4711);
#4709 = CARTESIAN_POINT('',(246.070181,-122.967267,0.));
#4710 = DIRECTION('',(-0.,0.,-1.));
#4711 = DIRECTION('',(-0.,-1.,0.));
#4712 = ORIENTED_EDGE('',*,*,#4713,.T.);
#4713 = EDGE_CURVE('',#4705,#4685,#4714,.T.);
#4714 = CIRCLE('',#4715,0.95);
#4715 = AXIS2_PLACEMENT_3D('',#4716,#4717,#4718);
#4716 = CARTESIAN_POINT('',(246.070181,-122.967267,0.));
#4717 = DIRECTION('',(-0.,0.,-1.));
#4718 = DIRECTION('',(-0.,-1.,0.));
#4719 = FACE_BOUND('',#4720,.F.);
#4720 = EDGE_LOOP('',(#4721));
#4721 = ORIENTED_EDGE('',*,*,#4722,.T.);
#4722 = EDGE_CURVE('',#4723,#4723,#4725,.T.);
#4723 = VERTEX_POINT('',#4724);
#4724 = CARTESIAN_POINT('',(251.486624,-126.422332,0.));
#4725 = CIRCLE('',#4726,2.5);
#4726 = AXIS2_PLACEMENT_3D('',#4727,#4728,#4729);
#4727 = CARTESIAN_POINT('',(251.486624,-123.922332,0.));
#4728 = DIRECTION('',(-0.,0.,-1.));
#4729 = DIRECTION('',(-0.,-1.,0.));
#4730 = FACE_BOUND('',#4731,.F.);
#4731 = EDGE_LOOP('',(#4732));
#4732 = ORIENTED_EDGE('',*,*,#4733,.T.);
#4733 = EDGE_CURVE('',#4734,#4734,#4736,.T.);
#4734 = VERTEX_POINT('',#4735);
#4735 = CARTESIAN_POINT('',(247.213766,-120.861062,0.));
#4736 = CIRCLE('',#4737,1.5);
#4737 = AXIS2_PLACEMENT_3D('',#4738,#4739,#4740);
#4738 = CARTESIAN_POINT('',(247.213766,-119.361062,0.));
#4739 = DIRECTION('',(-0.,0.,-1.));
#4740 = DIRECTION('',(-0.,-1.,0.));
#4741 = FACE_BOUND('',#4742,.F.);
#4742 = EDGE_LOOP('',(#4743,#4754,#4763,#4772));
#4743 = ORIENTED_EDGE('',*,*,#4744,.T.);
#4744 = EDGE_CURVE('',#4745,#4747,#4749,.T.);
#4745 = VERTEX_POINT('',#4746);
#4746 = CARTESIAN_POINT('',(256.53537297037,-125.7533542481,0.));
#4747 = VERTEX_POINT('',#4748);
#4748 = CARTESIAN_POINT('',(256.489447,-125.754465,0.));
#4749 = CIRCLE('',#4750,0.95);
#4750 = AXIS2_PLACEMENT_3D('',#4751,#4752,#4753);
#4751 = CARTESIAN_POINT('',(256.489447,-124.804465,0.));
#4752 = DIRECTION('',(-0.,0.,-1.));
#4753 = DIRECTION('',(-0.,-1.,0.));
#4754 = ORIENTED_EDGE('',*,*,#4755,.T.);
#4755 = EDGE_CURVE('',#4747,#4756,#4758,.T.);
#4756 = VERTEX_POINT('',#4757);
#4757 = CARTESIAN_POINT('',(256.85714102962,-123.9285077518,0.));
#4758 = CIRCLE('',#4759,0.95);
#4759 = AXIS2_PLACEMENT_3D('',#4760,#4761,#4762);
#4760 = CARTESIAN_POINT('',(256.489447,-124.804465,0.));
#4761 = DIRECTION('',(-0.,0.,-1.));
#4762 = DIRECTION('',(-0.,-1.,0.));
#4763 = ORIENTED_EDGE('',*,*,#4764,.T.);
#4764 = EDGE_CURVE('',#4756,#4765,#4767,.T.);
#4765 = VERTEX_POINT('',#4766);
#4766 = CARTESIAN_POINT('',(256.903067,-125.827397,0.));
#4767 = CIRCLE('',#4768,0.95);
#4768 = AXIS2_PLACEMENT_3D('',#4769,#4770,#4771);
#4769 = CARTESIAN_POINT('',(256.903067,-124.877397,0.));
#4770 = DIRECTION('',(-0.,0.,-1.));
#4771 = DIRECTION('',(-0.,-1.,0.));
#4772 = ORIENTED_EDGE('',*,*,#4773,.T.);
#4773 = EDGE_CURVE('',#4765,#4745,#4774,.T.);
#4774 = CIRCLE('',#4775,0.95);
#4775 = AXIS2_PLACEMENT_3D('',#4776,#4777,#4778);
#4776 = CARTESIAN_POINT('',(256.903067,-124.877397,0.));
#4777 = DIRECTION('',(-0.,0.,-1.));
#4778 = DIRECTION('',(-0.,-1.,0.));
#4779 = FACE_BOUND('',#4780,.F.);
#4780 = EDGE_LOOP('',(#4781));
#4781 = ORIENTED_EDGE('',*,*,#4782,.T.);
#4782 = EDGE_CURVE('',#4783,#4783,#4785,.T.);
#4783 = VERTEX_POINT('',#4784);
#4784 = CARTESIAN_POINT('',(257.061843,-122.597544,0.));
#4785 = CIRCLE('',#4786,1.5);
#4786 = AXIS2_PLACEMENT_3D('',#4787,#4788,#4789);
#4787 = CARTESIAN_POINT('',(257.061843,-121.097544,0.));
#4788 = DIRECTION('',(-0.,0.,-1.));
#4789 = DIRECTION('',(-0.,-1.,0.));
#4790 = FACE_BOUND('',#4791,.F.);
#4791 = EDGE_LOOP('',(#4792,#4803,#4812,#4821));
#4792 = ORIENTED_EDGE('',*,*,#4793,.T.);
#4793 = EDGE_CURVE('',#4794,#4796,#4798,.T.);
#4794 = VERTEX_POINT('',#4795);
#4795 = CARTESIAN_POINT('',(202.71,-117.0735012142,0.));
#4796 = VERTEX_POINT('',#4797);
#4797 = CARTESIAN_POINT('',(202.92,-118.95,0.));
#4798 = CIRCLE('',#4799,0.95);
#4799 = AXIS2_PLACEMENT_3D('',#4800,#4801,#4802);
#4800 = CARTESIAN_POINT('',(202.92,-118.,0.));
#4801 = DIRECTION('',(-0.,0.,-1.));
#4802 = DIRECTION('',(-2.991758887411E-14,-1.,0.));
#4803 = ORIENTED_EDGE('',*,*,#4804,.T.);
#4804 = EDGE_CURVE('',#4796,#4805,#4807,.T.);
#4805 = VERTEX_POINT('',#4806);
#4806 = CARTESIAN_POINT('',(202.71,-118.9264987857,0.));
#4807 = CIRCLE('',#4808,0.95);
#4808 = AXIS2_PLACEMENT_3D('',#4809,#4810,#4811);
#4809 = CARTESIAN_POINT('',(202.92,-118.,0.));
#4810 = DIRECTION('',(-0.,0.,-1.));
#4811 = DIRECTION('',(-2.991758887411E-14,-1.,0.));
#4812 = ORIENTED_EDGE('',*,*,#4813,.T.);
#4813 = EDGE_CURVE('',#4805,#4814,#4816,.T.);
#4814 = VERTEX_POINT('',#4815);
#4815 = CARTESIAN_POINT('',(202.5,-118.95,0.));
#4816 = CIRCLE('',#4817,0.95);
#4817 = AXIS2_PLACEMENT_3D('',#4818,#4819,#4820);
#4818 = CARTESIAN_POINT('',(202.5,-118.,0.));
#4819 = DIRECTION('',(-0.,0.,-1.));
#4820 = DIRECTION('',(-0.,-1.,0.));
#4821 = ORIENTED_EDGE('',*,*,#4822,.T.);
#4822 = EDGE_CURVE('',#4814,#4794,#4823,.T.);
#4823 = CIRCLE('',#4824,0.95);
#4824 = AXIS2_PLACEMENT_3D('',#4825,#4826,#4827);
#4825 = CARTESIAN_POINT('',(202.5,-118.,0.));
#4826 = DIRECTION('',(-0.,0.,-1.));
#4827 = DIRECTION('',(-0.,-1.,0.));
#4828 = FACE_BOUND('',#4829,.F.);
#4829 = EDGE_LOOP('',(#4830));
#4830 = ORIENTED_EDGE('',*,*,#4831,.T.);
#4831 = EDGE_CURVE('',#4832,#4832,#4834,.T.);
#4832 = VERTEX_POINT('',#4833);
#4833 = CARTESIAN_POINT('',(208.,-120.5,0.));
#4834 = CIRCLE('',#4835,2.5);
#4835 = AXIS2_PLACEMENT_3D('',#4836,#4837,#4838);
#4836 = CARTESIAN_POINT('',(208.,-118.,0.));
#4837 = DIRECTION('',(-0.,0.,-1.));
#4838 = DIRECTION('',(-0.,-1.,0.));
#4839 = FACE_BOUND('',#4840,.F.);
#4840 = EDGE_LOOP('',(#4841));
#4841 = ORIENTED_EDGE('',*,*,#4842,.T.);
#4842 = EDGE_CURVE('',#4843,#4843,#4845,.T.);
#4843 = VERTEX_POINT('',#4844);
#4844 = CARTESIAN_POINT('',(203.,-115.75,0.));
#4845 = CIRCLE('',#4846,1.5);
#4846 = AXIS2_PLACEMENT_3D('',#4847,#4848,#4849);
#4847 = CARTESIAN_POINT('',(203.,-114.25,0.));
#4848 = DIRECTION('',(-0.,0.,-1.));
#4849 = DIRECTION('',(-0.,-1.,0.));
#4850 = FACE_BOUND('',#4851,.F.);
#4851 = EDGE_LOOP('',(#4852));
#4852 = ORIENTED_EDGE('',*,*,#4853,.T.);
#4853 = EDGE_CURVE('',#4854,#4854,#4856,.T.);
#4854 = VERTEX_POINT('',#4855);
#4855 = CARTESIAN_POINT('',(208.,-113.55,0.));
#4856 = CIRCLE('',#4857,1.5);
#4857 = AXIS2_PLACEMENT_3D('',#4858,#4859,#4860);
#4858 = CARTESIAN_POINT('',(208.,-112.05,0.));
#4859 = DIRECTION('',(-0.,0.,-1.));
#4860 = DIRECTION('',(-0.,-1.,0.));
#4861 = FACE_BOUND('',#4862,.F.);
#4862 = EDGE_LOOP('',(#4863,#4874,#4883,#4892));
#4863 = ORIENTED_EDGE('',*,*,#4864,.T.);
#4864 = EDGE_CURVE('',#4865,#4867,#4869,.T.);
#4865 = VERTEX_POINT('',#4866);
#4866 = CARTESIAN_POINT('',(213.29,-118.9264987857,0.));
#4867 = VERTEX_POINT('',#4868);
#4868 = CARTESIAN_POINT('',(213.08,-118.95,0.));
#4869 = CIRCLE('',#4870,0.95);
#4870 = AXIS2_PLACEMENT_3D('',#4871,#4872,#4873);
#4871 = CARTESIAN_POINT('',(213.08,-118.,0.));
#4872 = DIRECTION('',(-0.,0.,-1.));
#4873 = DIRECTION('',(2.991758887411E-14,-1.,-0.));
#4874 = ORIENTED_EDGE('',*,*,#4875,.T.);
#4875 = EDGE_CURVE('',#4867,#4876,#4878,.T.);
#4876 = VERTEX_POINT('',#4877);
#4877 = CARTESIAN_POINT('',(213.29,-117.0735012142,0.));
#4878 = CIRCLE('',#4879,0.95);
#4879 = AXIS2_PLACEMENT_3D('',#4880,#4881,#4882);
#4880 = CARTESIAN_POINT('',(213.08,-118.,0.));
#4881 = DIRECTION('',(-0.,0.,-1.));
#4882 = DIRECTION('',(2.991758887411E-14,-1.,-0.));
#4883 = ORIENTED_EDGE('',*,*,#4884,.T.);
#4884 = EDGE_CURVE('',#4876,#4885,#4887,.T.);
#4885 = VERTEX_POINT('',#4886);
#4886 = CARTESIAN_POINT('',(213.5,-118.95,0.));
#4887 = CIRCLE('',#4888,0.95);
#4888 = AXIS2_PLACEMENT_3D('',#4889,#4890,#4891);
#4889 = CARTESIAN_POINT('',(213.5,-118.,0.));
#4890 = DIRECTION('',(-0.,0.,-1.));
#4891 = DIRECTION('',(-0.,-1.,0.));
#4892 = ORIENTED_EDGE('',*,*,#4893,.T.);
#4893 = EDGE_CURVE('',#4885,#4865,#4894,.T.);
#4894 = CIRCLE('',#4895,0.95);
#4895 = AXIS2_PLACEMENT_3D('',#4896,#4897,#4898);
#4896 = CARTESIAN_POINT('',(213.5,-118.,0.));
#4897 = DIRECTION('',(-0.,0.,-1.));
#4898 = DIRECTION('',(-0.,-1.,0.));
#4899 = FACE_BOUND('',#4900,.F.);
#4900 = EDGE_LOOP('',(#4901));
#4901 = ORIENTED_EDGE('',*,*,#4902,.T.);
#4902 = EDGE_CURVE('',#4903,#4903,#4905,.T.);
#4903 = VERTEX_POINT('',#4904);
#4904 = CARTESIAN_POINT('',(213.,-115.75,0.));
#4905 = CIRCLE('',#4906,1.5);
#4906 = AXIS2_PLACEMENT_3D('',#4907,#4908,#4909);
#4907 = CARTESIAN_POINT('',(213.,-114.25,0.));
#4908 = DIRECTION('',(-0.,0.,-1.));
#4909 = DIRECTION('',(-0.,-1.,0.));
#4910 = FACE_BOUND('',#4911,.F.);
#4911 = EDGE_LOOP('',(#4912,#4923,#4932,#4941));
#4912 = ORIENTED_EDGE('',*,*,#4913,.T.);
#4913 = EDGE_CURVE('',#4914,#4916,#4918,.T.);
#4914 = VERTEX_POINT('',#4915);
#4915 = CARTESIAN_POINT('',(225.77112330892,-113.1573841923,0.));
#4916 = VERTEX_POINT('',#4917);
#4917 = CARTESIAN_POINT('',(225.672848,-113.160607,0.));
#4918 = CIRCLE('',#4919,1.5);
#4919 = AXIS2_PLACEMENT_3D('',#4920,#4921,#4922);
#4920 = CARTESIAN_POINT('',(225.672848,-111.660607,0.));
#4921 = DIRECTION('',(-0.,0.,-1.));
#4922 = DIRECTION('',(-0.,-1.,0.));
#4923 = ORIENTED_EDGE('',*,*,#4924,.T.);
#4924 = EDGE_CURVE('',#4916,#4925,#4927,.T.);
#4925 = VERTEX_POINT('',#4926);
#4926 = CARTESIAN_POINT('',(226.66429469107,-112.7862328076,0.));
#4927 = CIRCLE('',#4928,1.5);
#4928 = AXIS2_PLACEMENT_3D('',#4929,#4930,#4931);
#4929 = CARTESIAN_POINT('',(225.672848,-111.660607,0.));
#4930 = DIRECTION('',(-0.,0.,-1.));
#4931 = DIRECTION('',(-0.,-1.,0.));
#4932 = ORIENTED_EDGE('',*,*,#4933,.T.);
#4933 = EDGE_CURVE('',#4925,#4934,#4936,.T.);
#4934 = VERTEX_POINT('',#4935);
#4935 = CARTESIAN_POINT('',(226.76257,-115.78301,0.));
#4936 = CIRCLE('',#4937,1.5);
#4937 = AXIS2_PLACEMENT_3D('',#4938,#4939,#4940);
#4938 = CARTESIAN_POINT('',(226.76257,-114.28301,0.));
#4939 = DIRECTION('',(-0.,0.,-1.));
#4940 = DIRECTION('',(-0.,-1.,0.));
#4941 = ORIENTED_EDGE('',*,*,#4942,.T.);
#4942 = EDGE_CURVE('',#4934,#4914,#4943,.T.);
#4943 = CIRCLE('',#4944,1.5);
#4944 = AXIS2_PLACEMENT_3D('',#4945,#4946,#4947);
#4945 = CARTESIAN_POINT('',(226.76257,-114.28301,0.));
#4946 = DIRECTION('',(-0.,0.,-1.));
#4947 = DIRECTION('',(-0.,-1.,0.));
#4948 = FACE_BOUND('',#4949,.F.);
#4949 = EDGE_LOOP('',(#4950,#4961,#4970,#4979));
#4950 = ORIENTED_EDGE('',*,*,#4951,.T.);
#4951 = EDGE_CURVE('',#4952,#4954,#4956,.T.);
#4952 = VERTEX_POINT('',#4953);
#4953 = CARTESIAN_POINT('',(232.96865011399,-113.6606835763,0.));
#4954 = VERTEX_POINT('',#4955);
#4955 = CARTESIAN_POINT('',(231.830196,-116.137373,0.));
#4956 = CIRCLE('',#4957,1.5);
#4957 = AXIS2_PLACEMENT_3D('',#4958,#4959,#4960);
#4958 = CARTESIAN_POINT('',(231.830196,-114.637373,0.));
#4959 = DIRECTION('',(-0.,0.,-1.));
#4960 = DIRECTION('',(-0.,-1.,0.));
#4961 = ORIENTED_EDGE('',*,*,#4962,.T.);
#4962 = EDGE_CURVE('',#4954,#4963,#4965,.T.);
#4963 = VERTEX_POINT('',#4964);
#4964 = CARTESIAN_POINT('',(232.135829886,-113.1688404236,0.));
#4965 = CIRCLE('',#4966,1.5);
#4966 = AXIS2_PLACEMENT_3D('',#4967,#4968,#4969);
#4967 = CARTESIAN_POINT('',(231.830196,-114.637373,0.));
#4968 = DIRECTION('',(-0.,0.,-1.));
#4969 = DIRECTION('',(-0.,-1.,0.));
#4970 = ORIENTED_EDGE('',*,*,#4971,.T.);
#4971 = EDGE_CURVE('',#4963,#4972,#4974,.T.);
#4972 = VERTEX_POINT('',#4973);
#4973 = CARTESIAN_POINT('',(233.274284,-113.692151,0.));
#4974 = CIRCLE('',#4975,1.5);
#4975 = AXIS2_PLACEMENT_3D('',#4976,#4977,#4978);
#4976 = CARTESIAN_POINT('',(233.274284,-112.192151,0.));
#4977 = DIRECTION('',(-0.,0.,-1.));
#4978 = DIRECTION('',(-0.,-1.,0.));
#4979 = ORIENTED_EDGE('',*,*,#4980,.T.);
#4980 = EDGE_CURVE('',#4972,#4952,#4981,.T.);
#4981 = CIRCLE('',#4982,1.5);
#4982 = AXIS2_PLACEMENT_3D('',#4983,#4984,#4985);
#4983 = CARTESIAN_POINT('',(233.274284,-112.192151,0.));
#4984 = DIRECTION('',(-0.,0.,-1.));
#4985 = DIRECTION('',(-0.,-1.,0.));
#4986 = FACE_BOUND('',#4987,.F.);
#4987 = EDGE_LOOP('',(#4988,#4999,#5008,#5017));
#4988 = ORIENTED_EDGE('',*,*,#4989,.T.);
#4989 = EDGE_CURVE('',#4990,#4992,#4994,.T.);
#4990 = VERTEX_POINT('',#4991);
#4991 = CARTESIAN_POINT('',(224.30900261097,-109.9477958258,0.));
#4992 = VERTEX_POINT('',#4993);
#4993 = CARTESIAN_POINT('',(224.164144,-109.958905,0.));
#4994 = CIRCLE('',#4995,0.95);
#4995 = AXIS2_PLACEMENT_3D('',#4996,#4997,#4998);
#4996 = CARTESIAN_POINT('',(224.164144,-109.008905,0.));
#4997 = DIRECTION('',(-0.,0.,-1.));
#4998 = DIRECTION('',(-2.991758887411E-14,-1.,0.));
#4999 = ORIENTED_EDGE('',*,*,#5000,.T.);
#5000 = EDGE_CURVE('',#4992,#5001,#5003,.T.);
#5001 = VERTEX_POINT('',#5002);
#5002 = CARTESIAN_POINT('',(224.43826238902,-108.0993121741,0.));
#5003 = CIRCLE('',#5004,0.95);
#5004 = AXIS2_PLACEMENT_3D('',#5005,#5006,#5007);
#5005 = CARTESIAN_POINT('',(224.164144,-109.008905,0.));
#5006 = DIRECTION('',(-0.,0.,-1.));
#5007 = DIRECTION('',(-2.991758887411E-14,-1.,0.));
#5008 = ORIENTED_EDGE('',*,*,#5009,.T.);
#5009 = EDGE_CURVE('',#5001,#5010,#5012,.T.);
#5010 = VERTEX_POINT('',#5011);
#5011 = CARTESIAN_POINT('',(224.583121,-109.988203,0.));
#5012 = CIRCLE('',#5013,0.95);
#5013 = AXIS2_PLACEMENT_3D('',#5014,#5015,#5016);
#5014 = CARTESIAN_POINT('',(224.583121,-109.038203,0.));
#5015 = DIRECTION('',(-0.,0.,-1.));
#5016 = DIRECTION('',(-0.,-1.,0.));
#5017 = ORIENTED_EDGE('',*,*,#5018,.T.);
#5018 = EDGE_CURVE('',#5010,#4990,#5019,.T.);
#5019 = CIRCLE('',#5020,0.95);
#5020 = AXIS2_PLACEMENT_3D('',#5021,#5022,#5023);
#5021 = CARTESIAN_POINT('',(224.583121,-109.038203,0.));
#5022 = DIRECTION('',(-0.,0.,-1.));
#5023 = DIRECTION('',(-0.,-1.,0.));
#5024 = FACE_BOUND('',#5025,.F.);
#5025 = EDGE_LOOP('',(#5026));
#5026 = ORIENTED_EDGE('',*,*,#5027,.T.);
#5027 = EDGE_CURVE('',#5028,#5028,#5030,.T.);
#5028 = VERTEX_POINT('',#5029);
#5029 = CARTESIAN_POINT('',(224.924513,-106.802918,0.));
#5030 = CIRCLE('',#5031,1.5);
#5031 = AXIS2_PLACEMENT_3D('',#5032,#5033,#5034);
#5032 = CARTESIAN_POINT('',(224.924513,-105.302918,0.));
#5033 = DIRECTION('',(-0.,0.,-1.));
#5034 = DIRECTION('',(-0.,-1.,0.));
#5035 = FACE_BOUND('',#5036,.F.);
#5036 = EDGE_LOOP('',(#5037));
#5037 = ORIENTED_EDGE('',*,*,#5038,.T.);
#5038 = EDGE_CURVE('',#5039,#5039,#5041,.T.);
#5039 = VERTEX_POINT('',#5040);
#5040 = CARTESIAN_POINT('',(229.650746,-111.892566,0.));
#5041 = CIRCLE('',#5042,2.5);
#5042 = AXIS2_PLACEMENT_3D('',#5043,#5044,#5045);
#5043 = CARTESIAN_POINT('',(229.650746,-109.392566,0.));
#5044 = DIRECTION('',(-0.,0.,-1.));
#5045 = DIRECTION('',(-0.,-1.,0.));
#5046 = FACE_BOUND('',#5047,.F.);
#5047 = EDGE_LOOP('',(#5048,#5059,#5068,#5077));
#5048 = ORIENTED_EDGE('',*,*,#5049,.T.);
#5049 = EDGE_CURVE('',#5050,#5052,#5054,.T.);
#5050 = VERTEX_POINT('',#5051);
#5051 = CARTESIAN_POINT('',(234.99248938902,-108.8373361741,0.));
#5052 = VERTEX_POINT('',#5053);
#5053 = CARTESIAN_POINT('',(235.137348,-110.726227,0.));
#5054 = CIRCLE('',#5055,0.95);
#5055 = AXIS2_PLACEMENT_3D('',#5056,#5057,#5058);
#5056 = CARTESIAN_POINT('',(235.137348,-109.776227,0.));
#5057 = DIRECTION('',(-0.,0.,-1.));
#5058 = DIRECTION('',(2.991758887411E-14,-1.,-0.));
#5059 = ORIENTED_EDGE('',*,*,#5060,.T.);
#5060 = EDGE_CURVE('',#5052,#5061,#5063,.T.);
#5061 = VERTEX_POINT('',#5062);
#5062 = CARTESIAN_POINT('',(234.86322961097,-110.6858198258,0.));
#5063 = CIRCLE('',#5064,0.95);
#5064 = AXIS2_PLACEMENT_3D('',#5065,#5066,#5067);
#5065 = CARTESIAN_POINT('',(235.137348,-109.776227,0.));
#5066 = DIRECTION('',(-0.,0.,-1.));
#5067 = DIRECTION('',(2.991758887411E-14,-1.,-0.));
#5068 = ORIENTED_EDGE('',*,*,#5069,.T.);
#5069 = EDGE_CURVE('',#5061,#5070,#5072,.T.);
#5070 = VERTEX_POINT('',#5071);
#5071 = CARTESIAN_POINT('',(234.718371,-110.696929,0.));
#5072 = CIRCLE('',#5073,0.95);
#5073 = AXIS2_PLACEMENT_3D('',#5074,#5075,#5076);
#5074 = CARTESIAN_POINT('',(234.718371,-109.746929,0.));
#5075 = DIRECTION('',(-0.,0.,-1.));
#5076 = DIRECTION('',(-0.,-1.,0.));
#5077 = ORIENTED_EDGE('',*,*,#5078,.T.);
#5078 = EDGE_CURVE('',#5070,#5050,#5079,.T.);
#5079 = CIRCLE('',#5080,0.95);
#5080 = AXIS2_PLACEMENT_3D('',#5081,#5082,#5083);
#5081 = CARTESIAN_POINT('',(234.718371,-109.746929,0.));
#5082 = DIRECTION('',(-0.,0.,-1.));
#5083 = DIRECTION('',(-0.,-1.,0.));
#5084 = FACE_BOUND('',#5085,.F.);
#5085 = EDGE_LOOP('',(#5086));
#5086 = ORIENTED_EDGE('',*,*,#5087,.T.);
#5087 = EDGE_CURVE('',#5088,#5088,#5090,.T.);
#5088 = VERTEX_POINT('',#5089);
#5089 = CARTESIAN_POINT('',(234.900153,-107.500483,0.));
#5090 = CIRCLE('',#5091,1.5);
#5091 = AXIS2_PLACEMENT_3D('',#5092,#5093,#5094);
#5092 = CARTESIAN_POINT('',(234.900153,-106.000483,0.));
#5093 = DIRECTION('',(-0.,0.,-1.));
#5094 = DIRECTION('',(-0.,-1.,0.));
#5095 = FACE_BOUND('',#5096,.F.);
#5096 = EDGE_LOOP('',(#5097,#5108,#5117,#5126));
#5097 = ORIENTED_EDGE('',*,*,#5098,.T.);
#5098 = EDGE_CURVE('',#5099,#5101,#5103,.T.);
#5099 = VERTEX_POINT('',#5100);
#5100 = CARTESIAN_POINT('',(204.39244942492,-103.0262752875,0.));
#5101 = VERTEX_POINT('',#5102);
#5102 = CARTESIAN_POINT('',(204.19,-103.04,0.));
#5103 = CIRCLE('',#5104,1.5);
#5104 = AXIS2_PLACEMENT_3D('',#5105,#5106,#5107);
#5105 = CARTESIAN_POINT('',(204.19,-101.54,0.));
#5106 = DIRECTION('',(-0.,0.,-1.));
#5107 = DIRECTION('',(-0.,-1.,0.));
#5108 = ORIENTED_EDGE('',*,*,#5109,.T.);
#5109 = EDGE_CURVE('',#5101,#5110,#5112,.T.);
#5110 = VERTEX_POINT('',#5111);
#5111 = CARTESIAN_POINT('',(205.25755057507,-102.5937247124,0.));
#5112 = CIRCLE('',#5113,1.5);
#5113 = AXIS2_PLACEMENT_3D('',#5114,#5115,#5116);
#5114 = CARTESIAN_POINT('',(204.19,-101.54,0.));
#5115 = DIRECTION('',(-0.,0.,-1.));
#5116 = DIRECTION('',(-0.,-1.,0.));
#5117 = ORIENTED_EDGE('',*,*,#5118,.T.);
#5118 = EDGE_CURVE('',#5110,#5119,#5121,.T.);
#5119 = VERTEX_POINT('',#5120);
#5120 = CARTESIAN_POINT('',(205.46,-105.58,0.));
#5121 = CIRCLE('',#5122,1.5);
#5122 = AXIS2_PLACEMENT_3D('',#5123,#5124,#5125);
#5123 = CARTESIAN_POINT('',(205.46,-104.08,0.));
#5124 = DIRECTION('',(-0.,0.,-1.));
#5125 = DIRECTION('',(-0.,-1.,0.));
#5126 = ORIENTED_EDGE('',*,*,#5127,.T.);
#5127 = EDGE_CURVE('',#5119,#5099,#5128,.T.);
#5128 = CIRCLE('',#5129,1.5);
#5129 = AXIS2_PLACEMENT_3D('',#5130,#5131,#5132);
#5130 = CARTESIAN_POINT('',(205.46,-104.08,0.));
#5131 = DIRECTION('',(-0.,0.,-1.));
#5132 = DIRECTION('',(-0.,-1.,0.));
#5133 = FACE_BOUND('',#5134,.F.);
#5134 = EDGE_LOOP('',(#5135,#5146,#5155,#5164));
#5135 = ORIENTED_EDGE('',*,*,#5136,.T.);
#5136 = EDGE_CURVE('',#5137,#5139,#5141,.T.);
#5137 = VERTEX_POINT('',#5138);
#5138 = CARTESIAN_POINT('',(202.71,-99.92649878575,0.));
#5139 = VERTEX_POINT('',#5140);
#5140 = CARTESIAN_POINT('',(202.5,-99.95,0.));
#5141 = CIRCLE('',#5142,0.95);
#5142 = AXIS2_PLACEMENT_3D('',#5143,#5144,#5145);
#5143 = CARTESIAN_POINT('',(202.5,-99.,0.));
#5144 = DIRECTION('',(-0.,0.,-1.));
#5145 = DIRECTION('',(-0.,-1.,0.));
#5146 = ORIENTED_EDGE('',*,*,#5147,.T.);
#5147 = EDGE_CURVE('',#5139,#5148,#5150,.T.);
#5148 = VERTEX_POINT('',#5149);
#5149 = CARTESIAN_POINT('',(202.71,-98.07350121424,0.));
#5150 = CIRCLE('',#5151,0.95);
#5151 = AXIS2_PLACEMENT_3D('',#5152,#5153,#5154);
#5152 = CARTESIAN_POINT('',(202.5,-99.,0.));
#5153 = DIRECTION('',(-0.,0.,-1.));
#5154 = DIRECTION('',(-0.,-1.,0.));
#5155 = ORIENTED_EDGE('',*,*,#5156,.T.);
#5156 = EDGE_CURVE('',#5148,#5157,#5159,.T.);
#5157 = VERTEX_POINT('',#5158);
#5158 = CARTESIAN_POINT('',(202.92,-99.95,0.));
#5159 = CIRCLE('',#5160,0.95);
#5160 = AXIS2_PLACEMENT_3D('',#5161,#5162,#5163);
#5161 = CARTESIAN_POINT('',(202.92,-99.,0.));
#5162 = DIRECTION('',(-0.,0.,-1.));
#5163 = DIRECTION('',(-2.991758887411E-14,-1.,0.));
#5164 = ORIENTED_EDGE('',*,*,#5165,.T.);
#5165 = EDGE_CURVE('',#5157,#5137,#5166,.T.);
#5166 = CIRCLE('',#5167,0.95);
#5167 = AXIS2_PLACEMENT_3D('',#5168,#5169,#5170);
#5168 = CARTESIAN_POINT('',(202.92,-99.,0.));
#5169 = DIRECTION('',(-0.,0.,-1.));
#5170 = DIRECTION('',(-2.991758887411E-14,-1.,0.));
#5171 = FACE_BOUND('',#5172,.F.);
#5172 = EDGE_LOOP('',(#5173));
#5173 = ORIENTED_EDGE('',*,*,#5174,.T.);
#5174 = EDGE_CURVE('',#5175,#5175,#5177,.T.);
#5175 = VERTEX_POINT('',#5176);
#5176 = CARTESIAN_POINT('',(208.,-101.5,0.));
#5177 = CIRCLE('',#5178,2.5);
#5178 = AXIS2_PLACEMENT_3D('',#5179,#5180,#5181);
#5179 = CARTESIAN_POINT('',(208.,-99.,0.));
#5180 = DIRECTION('',(-0.,0.,-1.));
#5181 = DIRECTION('',(-0.,-1.,0.));
#5182 = FACE_BOUND('',#5183,.F.);
#5183 = EDGE_LOOP('',(#5184,#5195,#5204,#5213));
#5184 = ORIENTED_EDGE('',*,*,#5185,.T.);
#5185 = EDGE_CURVE('',#5186,#5188,#5190,.T.);
#5186 = VERTEX_POINT('',#5187);
#5187 = CARTESIAN_POINT('',(211.60755057507,-103.0262752875,0.));
#5188 = VERTEX_POINT('',#5189);
#5189 = CARTESIAN_POINT('',(210.54,-105.58,0.));
#5190 = CIRCLE('',#5191,1.5);
#5191 = AXIS2_PLACEMENT_3D('',#5192,#5193,#5194);
#5192 = CARTESIAN_POINT('',(210.54,-104.08,0.));
#5193 = DIRECTION('',(-0.,0.,-1.));
#5194 = DIRECTION('',(-0.,-1.,0.));
#5195 = ORIENTED_EDGE('',*,*,#5196,.T.);
#5196 = EDGE_CURVE('',#5188,#5197,#5199,.T.);
#5197 = VERTEX_POINT('',#5198);
#5198 = CARTESIAN_POINT('',(210.74244942492,-102.5937247124,0.));
#5199 = CIRCLE('',#5200,1.5);
#5200 = AXIS2_PLACEMENT_3D('',#5201,#5202,#5203);
#5201 = CARTESIAN_POINT('',(210.54,-104.08,0.));
#5202 = DIRECTION('',(-0.,0.,-1.));
#5203 = DIRECTION('',(-0.,-1.,0.));
#5204 = ORIENTED_EDGE('',*,*,#5205,.T.);
#5205 = EDGE_CURVE('',#5197,#5206,#5208,.T.);
#5206 = VERTEX_POINT('',#5207);
#5207 = CARTESIAN_POINT('',(211.81,-103.04,0.));
#5208 = CIRCLE('',#5209,1.5);
#5209 = AXIS2_PLACEMENT_3D('',#5210,#5211,#5212);
#5210 = CARTESIAN_POINT('',(211.81,-101.54,0.));
#5211 = DIRECTION('',(-0.,0.,-1.));
#5212 = DIRECTION('',(-0.,-1.,0.));
#5213 = ORIENTED_EDGE('',*,*,#5214,.T.);
#5214 = EDGE_CURVE('',#5206,#5186,#5215,.T.);
#5215 = CIRCLE('',#5216,1.5);
#5216 = AXIS2_PLACEMENT_3D('',#5217,#5218,#5219);
#5217 = CARTESIAN_POINT('',(211.81,-101.54,0.));
#5218 = DIRECTION('',(-0.,0.,-1.));
#5219 = DIRECTION('',(-0.,-1.,0.));
#5220 = FACE_BOUND('',#5221,.F.);
#5221 = EDGE_LOOP('',(#5222,#5233,#5242,#5251));
#5222 = ORIENTED_EDGE('',*,*,#5223,.T.);
#5223 = EDGE_CURVE('',#5224,#5226,#5228,.T.);
#5224 = VERTEX_POINT('',#5225);
#5225 = CARTESIAN_POINT('',(213.29,-98.07350121424,0.));
#5226 = VERTEX_POINT('',#5227);
#5227 = CARTESIAN_POINT('',(213.5,-99.95,0.));
#5228 = CIRCLE('',#5229,0.95);
#5229 = AXIS2_PLACEMENT_3D('',#5230,#5231,#5232);
#5230 = CARTESIAN_POINT('',(213.5,-99.,0.));
#5231 = DIRECTION('',(-0.,0.,-1.));
#5232 = DIRECTION('',(-0.,-1.,0.));
#5233 = ORIENTED_EDGE('',*,*,#5234,.T.);
#5234 = EDGE_CURVE('',#5226,#5235,#5237,.T.);
#5235 = VERTEX_POINT('',#5236);
#5236 = CARTESIAN_POINT('',(213.29,-99.92649878575,0.));
#5237 = CIRCLE('',#5238,0.95);
#5238 = AXIS2_PLACEMENT_3D('',#5239,#5240,#5241);
#5239 = CARTESIAN_POINT('',(213.5,-99.,0.));
#5240 = DIRECTION('',(-0.,0.,-1.));
#5241 = DIRECTION('',(-0.,-1.,0.));
#5242 = ORIENTED_EDGE('',*,*,#5243,.T.);
#5243 = EDGE_CURVE('',#5235,#5244,#5246,.T.);
#5244 = VERTEX_POINT('',#5245);
#5245 = CARTESIAN_POINT('',(213.08,-99.95,0.));
#5246 = CIRCLE('',#5247,0.95);
#5247 = AXIS2_PLACEMENT_3D('',#5248,#5249,#5250);
#5248 = CARTESIAN_POINT('',(213.08,-99.,0.));
#5249 = DIRECTION('',(-0.,0.,-1.));
#5250 = DIRECTION('',(2.991758887411E-14,-1.,-0.));
#5251 = ORIENTED_EDGE('',*,*,#5252,.T.);
#5252 = EDGE_CURVE('',#5244,#5224,#5253,.T.);
#5253 = CIRCLE('',#5254,0.95);
#5254 = AXIS2_PLACEMENT_3D('',#5255,#5256,#5257);
#5255 = CARTESIAN_POINT('',(213.08,-99.,0.));
#5256 = DIRECTION('',(-0.,0.,-1.));
#5257 = DIRECTION('',(2.991758887411E-14,-1.,-0.));
#5258 = FACE_BOUND('',#5259,.F.);
#5259 = EDGE_LOOP('',(#5260));
#5260 = ORIENTED_EDGE('',*,*,#5261,.T.);
#5261 = EDGE_CURVE('',#5262,#5262,#5264,.T.);
#5262 = VERTEX_POINT('',#5263);
#5263 = CARTESIAN_POINT('',(203.,-96.75,0.));
#5264 = CIRCLE('',#5265,1.5);
#5265 = AXIS2_PLACEMENT_3D('',#5266,#5267,#5268);
#5266 = CARTESIAN_POINT('',(203.,-95.25,0.));
#5267 = DIRECTION('',(-0.,0.,-1.));
#5268 = DIRECTION('',(-0.,-1.,0.));
#5269 = FACE_BOUND('',#5270,.F.);
#5270 = EDGE_LOOP('',(#5271));
#5271 = ORIENTED_EDGE('',*,*,#5272,.T.);
#5272 = EDGE_CURVE('',#5273,#5273,#5275,.T.);
#5273 = VERTEX_POINT('',#5274);
#5274 = CARTESIAN_POINT('',(208.,-94.55,0.));
#5275 = CIRCLE('',#5276,1.5);
#5276 = AXIS2_PLACEMENT_3D('',#5277,#5278,#5279);
#5277 = CARTESIAN_POINT('',(208.,-93.05,0.));
#5278 = DIRECTION('',(-0.,0.,-1.));
#5279 = DIRECTION('',(-0.,-1.,0.));
#5280 = FACE_BOUND('',#5281,.F.);
#5281 = EDGE_LOOP('',(#5282));
#5282 = ORIENTED_EDGE('',*,*,#5283,.T.);
#5283 = EDGE_CURVE('',#5284,#5284,#5286,.T.);
#5284 = VERTEX_POINT('',#5285);
#5285 = CARTESIAN_POINT('',(213.,-96.75,0.));
#5286 = CIRCLE('',#5287,1.5);
#5287 = AXIS2_PLACEMENT_3D('',#5288,#5289,#5290);
#5288 = CARTESIAN_POINT('',(213.,-95.25,0.));
#5289 = DIRECTION('',(-0.,0.,-1.));
#5290 = DIRECTION('',(-0.,-1.,0.));
#5291 = FACE_BOUND('',#5292,.F.);
#5292 = EDGE_LOOP('',(#5293));
#5293 = ORIENTED_EDGE('',*,*,#5294,.T.);
#5294 = EDGE_CURVE('',#5295,#5295,#5297,.T.);
#5295 = VERTEX_POINT('',#5296);
#5296 = CARTESIAN_POINT('',(230.065797,-104.95706,0.));
#5297 = CIRCLE('',#5298,1.5);
#5298 = AXIS2_PLACEMENT_3D('',#5299,#5300,#5301);
#5299 = CARTESIAN_POINT('',(230.065797,-103.45706,0.));
#5300 = DIRECTION('',(-0.,0.,-1.));
#5301 = DIRECTION('',(-0.,-1.,0.));
#5302 = FACE_BOUND('',#5303,.F.);
#5303 = EDGE_LOOP('',(#5304));
#5304 = ORIENTED_EDGE('',*,*,#5305,.T.);
#5305 = EDGE_CURVE('',#5306,#5306,#5308,.T.);
#5306 = VERTEX_POINT('',#5307);
#5307 = CARTESIAN_POINT('',(223.082,-97.217,0.));
#5308 = CIRCLE('',#5309,1.1);
#5309 = AXIS2_PLACEMENT_3D('',#5310,#5311,#5312);
#5310 = CARTESIAN_POINT('',(223.082,-96.117,0.));
#5311 = DIRECTION('',(-0.,0.,-1.));
#5312 = DIRECTION('',(-0.,-1.,0.));
#5313 = FACE_BOUND('',#5314,.F.);
#5314 = EDGE_LOOP('',(#5315));
#5315 = ORIENTED_EDGE('',*,*,#5316,.T.);
#5316 = EDGE_CURVE('',#5317,#5317,#5319,.T.);
#5317 = VERTEX_POINT('',#5318);
#5318 = CARTESIAN_POINT('',(242.965808,-116.432848,0.));
#5319 = CIRCLE('',#5320,1.1);
#5320 = AXIS2_PLACEMENT_3D('',#5321,#5322,#5323);
#5321 = CARTESIAN_POINT('',(242.965808,-115.332848,0.));
#5322 = DIRECTION('',(-0.,0.,-1.));
#5323 = DIRECTION('',(2.5837917664E-14,-1.,-0.));
#5324 = FACE_BOUND('',#5325,.F.);
#5325 = EDGE_LOOP('',(#5326));
#5326 = ORIENTED_EDGE('',*,*,#5327,.T.);
#5327 = EDGE_CURVE('',#5328,#5328,#5330,.T.);
#5328 = VERTEX_POINT('',#5329);
#5329 = CARTESIAN_POINT('',(252.519831,-119.562726,0.));
#5330 = CIRCLE('',#5331,1.5);
#5331 = AXIS2_PLACEMENT_3D('',#5332,#5333,#5334);
#5332 = CARTESIAN_POINT('',(252.519831,-118.062726,0.));
#5333 = DIRECTION('',(-0.,0.,-1.));
#5334 = DIRECTION('',(-0.,-1.,0.));
#5335 = FACE_BOUND('',#5336,.F.);
#5336 = EDGE_LOOP('',(#5337));
#5337 = ORIENTED_EDGE('',*,*,#5338,.T.);
#5338 = EDGE_CURVE('',#5339,#5339,#5341,.T.);
#5339 = VERTEX_POINT('',#5340);
#5340 = CARTESIAN_POINT('',(237.922,-98.227,0.));
#5341 = CIRCLE('',#5342,1.1);
#5342 = AXIS2_PLACEMENT_3D('',#5343,#5344,#5345);
#5343 = CARTESIAN_POINT('',(237.922,-97.127,0.));
#5344 = DIRECTION('',(-0.,0.,-1.));
#5345 = DIRECTION('',(-0.,-1.,0.));
#5346 = FACE_BOUND('',#5347,.F.);
#5347 = EDGE_LOOP('',(#5348));
#5348 = ORIENTED_EDGE('',*,*,#5349,.T.);
#5349 = EDGE_CURVE('',#5350,#5350,#5352,.T.);
#5350 = VERTEX_POINT('',#5351);
#5351 = CARTESIAN_POINT('',(244.42,-94.6,0.));
#5352 = CIRCLE('',#5353,0.5);
#5353 = AXIS2_PLACEMENT_3D('',#5354,#5355,#5356);
#5354 = CARTESIAN_POINT('',(244.42,-94.1,0.));
#5355 = DIRECTION('',(-0.,0.,-1.));
#5356 = DIRECTION('',(-0.,-1.,0.));
#5357 = FACE_BOUND('',#5358,.F.);
#5358 = EDGE_LOOP('',(#5359));
#5359 = ORIENTED_EDGE('',*,*,#5360,.T.);
#5360 = EDGE_CURVE('',#5361,#5361,#5363,.T.);
#5361 = VERTEX_POINT('',#5362);
#5362 = CARTESIAN_POINT('',(246.96,-94.6,0.));
#5363 = CIRCLE('',#5364,0.5);
#5364 = AXIS2_PLACEMENT_3D('',#5365,#5366,#5367);
#5365 = CARTESIAN_POINT('',(246.96,-94.1,0.));
#5366 = DIRECTION('',(-0.,0.,-1.));
#5367 = DIRECTION('',(-0.,-1.,0.));
#5368 = FACE_BOUND('',#5369,.F.);
#5369 = EDGE_LOOP('',(#5370));
#5370 = ORIENTED_EDGE('',*,*,#5371,.T.);
#5371 = EDGE_CURVE('',#5372,#5372,#5374,.T.);
#5372 = VERTEX_POINT('',#5373);
#5373 = CARTESIAN_POINT('',(249.5,-94.6,0.));
#5374 = CIRCLE('',#5375,0.5);
#5375 = AXIS2_PLACEMENT_3D('',#5376,#5377,#5378);
#5376 = CARTESIAN_POINT('',(249.5,-94.1,0.));
#5377 = DIRECTION('',(-0.,0.,-1.));
#5378 = DIRECTION('',(-0.,-1.,0.));
#5379 = FACE_BOUND('',#5380,.F.);
#5380 = EDGE_LOOP('',(#5381));
#5381 = ORIENTED_EDGE('',*,*,#5382,.T.);
#5382 = EDGE_CURVE('',#5383,#5383,#5385,.T.);
#5383 = VERTEX_POINT('',#5384);
#5384 = CARTESIAN_POINT('',(252.04,-94.6,0.));
#5385 = CIRCLE('',#5386,0.5);
#5386 = AXIS2_PLACEMENT_3D('',#5387,#5388,#5389);
#5387 = CARTESIAN_POINT('',(252.04,-94.1,0.));
#5388 = DIRECTION('',(-0.,0.,-1.));
#5389 = DIRECTION('',(-0.,-1.,0.));
#5390 = FACE_BOUND('',#5391,.F.);
#5391 = EDGE_LOOP('',(#5392));
#5392 = ORIENTED_EDGE('',*,*,#5393,.T.);
#5393 = EDGE_CURVE('',#5394,#5394,#5396,.T.);
#5394 = VERTEX_POINT('',#5395);
#5395 = CARTESIAN_POINT('',(254.58,-94.6,0.));
#5396 = CIRCLE('',#5397,0.5);
#5397 = AXIS2_PLACEMENT_3D('',#5398,#5399,#5400);
#5398 = CARTESIAN_POINT('',(254.58,-94.1,0.));
#5399 = DIRECTION('',(-0.,0.,-1.));
#5400 = DIRECTION('',(-0.,-1.,0.));
#5401 = PLANE('',#5402);
#5402 = AXIS2_PLACEMENT_3D('',#5403,#5404,#5405);
#5403 = CARTESIAN_POINT('',(0.,0.,0.));
#5404 = DIRECTION('',(0.,0.,1.));
#5405 = DIRECTION('',(1.,0.,-0.));
#5406 = ADVANCED_FACE('',(#5407,#5418,#5447,#5485,#5496,#5525,#5536,
    #5547,#5558,#5587,#5598,#5609,#5647,#5676,#5687,#5716,#5727,#5738,
    #5767,#5796,#5834,#5863,#5899,#5910,#5921,#5957,#5993,#6029,#6040,
    #6076,#6087,#6123,#6159,#6195,#6231,#6242,#6253,#6264,#6300,#6311,
    #6322,#6333,#6344,#6373,#6384,#6395,#6433,#6471,#6509,#6520,#6558,
    #6569,#6580,#6591,#6629,#6667,#6705,#6716,#6727,#6765,#6776,#6814,
    #6852,#6863,#6901,#6939,#6950,#6961,#6999,#7037,#7048,#7086,#7124,
    #7162,#7191,#7229,#7240,#7278,#7307,#7345,#7356,#7394,#7432,#7443,
    #7454,#7465,#7494,#7532,#7543,#7554,#7565,#7603,#7614,#7625,#7636,
    #7647,#7658,#7669,#7680,#7691,#7702,#7713,#7724,#7735,#7746,#7757,
    #7768,#7779,#7790,#7801,#7812,#7823,#7834,#7845,#7856,#7894,#7905,
    #7943,#7954,#7965,#7976,#8014,#8025,#8036,#8074,#8085,#8096,#8134,
    #8172,#8183,#8221,#8259,#8270,#8281,#8292,#8303,#8314,#8325,#8336,
    #8347,#8358,#8369,#8380,#8391,#8402,#8413,#8424,#8435,#8446,#8457,
    #8468,#8479,#8490,#8501,#8512,#8523,#8534,#8545,#8556,#8567,#8578,
    #8589,#8600,#8611,#8622,#8633,#8644,#8655,#8666,#8677,#8715,#8753,
    #8764,#8802,#8840,#8851,#8862,#8873,#8911,#8922,#8960,#8998,#9009,
    #9047,#9058,#9069,#9080,#9091,#9129,#9167,#9205,#9216,#9227,#9265,
    #9276,#9287,#9298,#9309,#9320,#9358,#9396,#9407,#9418,#9456,#9494,
    #9532,#9543,#9581,#9592,#9603,#9614,#9652,#9663,#9701,#9712,#9723,
    #9734,#9763,#9801,#9812,#9850,#9861,#9872,#9883,#9912,#9950,#9988,
    #9999,#10010,#10048,#10059,#10097,#10108,#10119,#10130,#10168,#10179
    ,#10217,#10255,#10293,#10304,#10315,#10353,#10364,#10402,#10440,
    #10451,#10489,#10527,#10538,#10549,#10560,#10571,#10582,#10593,
    #10604,#10615,#10626,#10637,#10648,#10659),#10670,.T.);
#5407 = FACE_BOUND('',#5408,.T.);
#5408 = EDGE_LOOP('',(#5409,#5410,#5411,#5417));
#5409 = ORIENTED_EDGE('',*,*,#49,.F.);
#5410 = ORIENTED_EDGE('',*,*,#89,.F.);
#5411 = ORIENTED_EDGE('',*,*,#5412,.F.);
#5412 = EDGE_CURVE('',#112,#82,#5413,.T.);
#5413 = LINE('',#5414,#5415);
#5414 = CARTESIAN_POINT('',(119.959321,-88.625,1.51));
#5415 = VECTOR('',#5416,1.);
#5416 = DIRECTION('',(1.,0.,0.));
#5417 = ORIENTED_EDGE('',*,*,#111,.F.);
#5418 = FACE_BOUND('',#5419,.T.);
#5419 = EDGE_LOOP('',(#5420,#5431,#5440));
#5420 = ORIENTED_EDGE('',*,*,#5421,.T.);
#5421 = EDGE_CURVE('',#5422,#5424,#5426,.T.);
#5422 = VERTEX_POINT('',#5423);
#5423 = CARTESIAN_POINT('',(131.22528905695,-196.5416980569,1.51));
#5424 = VERTEX_POINT('',#5425);
#5425 = CARTESIAN_POINT('',(130.421663,-196.985057,1.51));
#5426 = CIRCLE('',#5427,0.95);
#5427 = AXIS2_PLACEMENT_3D('',#5428,#5429,#5430);
#5428 = CARTESIAN_POINT('',(130.421663,-196.035057,1.51));
#5429 = DIRECTION('',(-0.,0.,-1.));
#5430 = DIRECTION('',(-2.991758887411E-14,-1.,0.));
#5431 = ORIENTED_EDGE('',*,*,#5432,.T.);
#5432 = EDGE_CURVE('',#5424,#5433,#5435,.T.);
#5433 = VERTEX_POINT('',#5434);
#5434 = CARTESIAN_POINT('',(129.91502194304,-195.231430943,1.51));
#5435 = CIRCLE('',#5436,0.95);
#5436 = AXIS2_PLACEMENT_3D('',#5437,#5438,#5439);
#5437 = CARTESIAN_POINT('',(130.421663,-196.035057,1.51));
#5438 = DIRECTION('',(-0.,0.,-1.));
#5439 = DIRECTION('',(-2.991758887411E-14,-1.,0.));
#5440 = ORIENTED_EDGE('',*,*,#5441,.T.);
#5441 = EDGE_CURVE('',#5433,#5422,#5442,.T.);
#5442 = CIRCLE('',#5443,0.95);
#5443 = AXIS2_PLACEMENT_3D('',#5444,#5445,#5446);
#5444 = CARTESIAN_POINT('',(130.718648,-195.738072,1.51));
#5445 = DIRECTION('',(-0.,0.,-1.));
#5446 = DIRECTION('',(-0.,-1.,0.));
#5447 = FACE_BOUND('',#5448,.T.);
#5448 = EDGE_LOOP('',(#5449,#5460,#5469,#5478));
#5449 = ORIENTED_EDGE('',*,*,#5450,.T.);
#5450 = EDGE_CURVE('',#5451,#5453,#5455,.T.);
#5451 = VERTEX_POINT('',#5452);
#5452 = CARTESIAN_POINT('',(134.60683285552,-197.5438997631,1.51));
#5453 = VERTEX_POINT('',#5454);
#5454 = CARTESIAN_POINT('',(133.412724,-198.136098,1.51));
#5455 = CIRCLE('',#5456,1.5);
#5456 = AXIS2_PLACEMENT_3D('',#5457,#5458,#5459);
#5457 = CARTESIAN_POINT('',(133.412724,-196.636098,1.51));
#5458 = DIRECTION('',(-0.,0.,-1.));
#5459 = DIRECTION('',(-0.,-1.,0.));
#5460 = ORIENTED_EDGE('',*,*,#5461,.T.);
#5461 = EDGE_CURVE('',#5453,#5462,#5464,.T.);
#5462 = VERTEX_POINT('',#5463);
#5463 = CARTESIAN_POINT('',(134.91269214448,-196.6263222368,1.51));
#5464 = CIRCLE('',#5465,1.5);
#5465 = AXIS2_PLACEMENT_3D('',#5466,#5467,#5468);
#5466 = CARTESIAN_POINT('',(133.412724,-196.636098,1.51));
#5467 = DIRECTION('',(-0.,0.,-1.));
#5468 = DIRECTION('',(-0.,-1.,0.));
#5469 = ORIENTED_EDGE('',*,*,#5470,.T.);
#5470 = EDGE_CURVE('',#5462,#5471,#5473,.T.);
#5471 = VERTEX_POINT('',#5472);
#5472 = CARTESIAN_POINT('',(136.106801,-199.034124,1.51));
#5473 = CIRCLE('',#5474,1.5);
#5474 = AXIS2_PLACEMENT_3D('',#5475,#5476,#5477);
#5475 = CARTESIAN_POINT('',(136.106801,-197.534124,1.51));
#5476 = DIRECTION('',(-0.,0.,-1.));
#5477 = DIRECTION('',(-0.,-1.,0.));
#5478 = ORIENTED_EDGE('',*,*,#5479,.T.);
#5479 = EDGE_CURVE('',#5471,#5451,#5480,.T.);
#5480 = CIRCLE('',#5481,1.5);
#5481 = AXIS2_PLACEMENT_3D('',#5482,#5483,#5484);
#5482 = CARTESIAN_POINT('',(136.106801,-197.534124,1.51));
#5483 = DIRECTION('',(-0.,0.,-1.));
#5484 = DIRECTION('',(-0.,-1.,0.));
#5485 = FACE_BOUND('',#5486,.T.);
#5486 = EDGE_LOOP('',(#5487));
#5487 = ORIENTED_EDGE('',*,*,#5488,.T.);
#5488 = EDGE_CURVE('',#5489,#5489,#5491,.T.);
#5489 = VERTEX_POINT('',#5490);
#5490 = CARTESIAN_POINT('',(128.123566,-194.529853,1.51));
#5491 = CIRCLE('',#5492,1.5);
#5492 = AXIS2_PLACEMENT_3D('',#5493,#5494,#5495);
#5493 = CARTESIAN_POINT('',(128.123566,-193.029853,1.51));
#5494 = DIRECTION('',(-0.,0.,-1.));
#5495 = DIRECTION('',(-0.,-1.,0.));
#5496 = FACE_BOUND('',#5497,.T.);
#5497 = EDGE_LOOP('',(#5498,#5509,#5518));
#5498 = ORIENTED_EDGE('',*,*,#5499,.T.);
#5499 = EDGE_CURVE('',#5500,#5502,#5504,.T.);
#5500 = VERTEX_POINT('',#5501);
#5501 = CARTESIAN_POINT('',(139.70867976314,-192.4420528555,1.51));
#5502 = VERTEX_POINT('',#5503);
#5503 = CARTESIAN_POINT('',(139.698904,-195.442021,1.51));
#5504 = CIRCLE('',#5505,1.5);
#5505 = AXIS2_PLACEMENT_3D('',#5506,#5507,#5508);
#5506 = CARTESIAN_POINT('',(139.698904,-193.942021,1.51));
#5507 = DIRECTION('',(-0.,0.,-1.));
#5508 = DIRECTION('',(-0.,-1.,0.));
#5509 = ORIENTED_EDGE('',*,*,#5510,.T.);
#5510 = EDGE_CURVE('',#5502,#5511,#5513,.T.);
#5511 = VERTEX_POINT('',#5512);
#5512 = CARTESIAN_POINT('',(138.79110223685,-192.7479121444,1.51));
#5513 = CIRCLE('',#5514,1.5);
#5514 = AXIS2_PLACEMENT_3D('',#5515,#5516,#5517);
#5515 = CARTESIAN_POINT('',(139.698904,-193.942021,1.51));
#5516 = DIRECTION('',(-0.,0.,-1.));
#5517 = DIRECTION('',(-0.,-1.,0.));
#5518 = ORIENTED_EDGE('',*,*,#5519,.T.);
#5519 = EDGE_CURVE('',#5511,#5500,#5520,.T.);
#5520 = CIRCLE('',#5521,1.5);
#5521 = AXIS2_PLACEMENT_3D('',#5522,#5523,#5524);
#5522 = CARTESIAN_POINT('',(138.800878,-191.247944,1.51));
#5523 = DIRECTION('',(-0.,0.,-1.));
#5524 = DIRECTION('',(-0.,-1.,0.));
#5525 = FACE_BOUND('',#5526,.T.);
#5526 = EDGE_LOOP('',(#5527));
#5527 = ORIENTED_EDGE('',*,*,#5528,.T.);
#5528 = EDGE_CURVE('',#5529,#5529,#5531,.T.);
#5529 = VERTEX_POINT('',#5530);
#5530 = CARTESIAN_POINT('',(134.31075,-194.64597,1.51));
#5531 = CIRCLE('',#5532,2.5);
#5532 = AXIS2_PLACEMENT_3D('',#5533,#5534,#5535);
#5533 = CARTESIAN_POINT('',(134.31075,-192.14597,1.51));
#5534 = DIRECTION('',(-0.,0.,-1.));
#5535 = DIRECTION('',(-0.,-1.,0.));
#5536 = FACE_BOUND('',#5537,.T.);
#5537 = EDGE_LOOP('',(#5538));
#5538 = ORIENTED_EDGE('',*,*,#5539,.T.);
#5539 = EDGE_CURVE('',#5540,#5540,#5542,.T.);
#5540 = VERTEX_POINT('',#5541);
#5541 = CARTESIAN_POINT('',(130.103465,-189.438685,1.51));
#5542 = CIRCLE('',#5543,1.5);
#5543 = AXIS2_PLACEMENT_3D('',#5544,#5545,#5546);
#5544 = CARTESIAN_POINT('',(130.103465,-187.938685,1.51));
#5545 = DIRECTION('',(-0.,0.,-1.));
#5546 = DIRECTION('',(-0.,-1.,0.));
#5547 = FACE_BOUND('',#5548,.T.);
#5548 = EDGE_LOOP('',(#5549));
#5549 = ORIENTED_EDGE('',*,*,#5550,.T.);
#5550 = EDGE_CURVE('',#5551,#5551,#5553,.T.);
#5551 = VERTEX_POINT('',#5552);
#5552 = CARTESIAN_POINT('',(135.194633,-187.458786,1.51));
#5553 = CIRCLE('',#5554,1.5);
#5554 = AXIS2_PLACEMENT_3D('',#5555,#5556,#5557);
#5555 = CARTESIAN_POINT('',(135.194633,-185.958786,1.51));
#5556 = DIRECTION('',(-0.,0.,-1.));
#5557 = DIRECTION('',(-0.,-1.,0.));
#5558 = FACE_BOUND('',#5559,.T.);
#5559 = EDGE_LOOP('',(#5560,#5571,#5580));
#5560 = ORIENTED_EDGE('',*,*,#5561,.T.);
#5561 = EDGE_CURVE('',#5562,#5564,#5566,.T.);
#5562 = VERTEX_POINT('',#5563);
#5563 = CARTESIAN_POINT('',(137.902852,-189.503868,1.51));
#5564 = VERTEX_POINT('',#5565);
#5565 = CARTESIAN_POINT('',(137.39621094304,-187.750241943,1.51));
#5566 = CIRCLE('',#5567,0.95);
#5567 = AXIS2_PLACEMENT_3D('',#5568,#5569,#5570);
#5568 = CARTESIAN_POINT('',(137.902852,-188.553868,1.51));
#5569 = DIRECTION('',(-0.,0.,-1.));
#5570 = DIRECTION('',(-0.,-1.,0.));
#5571 = ORIENTED_EDGE('',*,*,#5572,.T.);
#5572 = EDGE_CURVE('',#5564,#5573,#5575,.T.);
#5573 = VERTEX_POINT('',#5574);
#5574 = CARTESIAN_POINT('',(138.70647805695,-189.0605090569,1.51));
#5575 = CIRCLE('',#5576,0.95);
#5576 = AXIS2_PLACEMENT_3D('',#5577,#5578,#5579);
#5577 = CARTESIAN_POINT('',(138.199837,-188.256883,1.51));
#5578 = DIRECTION('',(-0.,0.,-1.));
#5579 = DIRECTION('',(-0.,-1.,0.));
#5580 = ORIENTED_EDGE('',*,*,#5581,.T.);
#5581 = EDGE_CURVE('',#5573,#5562,#5582,.T.);
#5582 = CIRCLE('',#5583,0.95);
#5583 = AXIS2_PLACEMENT_3D('',#5584,#5585,#5586);
#5584 = CARTESIAN_POINT('',(137.902852,-188.553868,1.51));
#5585 = DIRECTION('',(-0.,0.,-1.));
#5586 = DIRECTION('',(-0.,-1.,0.));
#5587 = FACE_BOUND('',#5588,.T.);
#5588 = EDGE_LOOP('',(#5589));
#5589 = ORIENTED_EDGE('',*,*,#5590,.T.);
#5590 = EDGE_CURVE('',#5591,#5591,#5593,.T.);
#5591 = VERTEX_POINT('',#5592);
#5592 = CARTESIAN_POINT('',(132.252,-176.502,1.51));
#5593 = CIRCLE('',#5594,1.1);
#5594 = AXIS2_PLACEMENT_3D('',#5595,#5596,#5597);
#5595 = CARTESIAN_POINT('',(132.252,-175.402,1.51));
#5596 = DIRECTION('',(-0.,0.,-1.));
#5597 = DIRECTION('',(-0.,-1.,0.));
#5598 = FACE_BOUND('',#5599,.T.);
#5599 = EDGE_LOOP('',(#5600));
#5600 = ORIENTED_EDGE('',*,*,#5601,.T.);
#5601 = EDGE_CURVE('',#5602,#5602,#5604,.T.);
#5602 = VERTEX_POINT('',#5603);
#5603 = CARTESIAN_POINT('',(144.980623,-179.836285,1.51));
#5604 = CIRCLE('',#5605,1.5);
#5605 = AXIS2_PLACEMENT_3D('',#5606,#5607,#5608);
#5606 = CARTESIAN_POINT('',(144.980623,-178.336285,1.51));
#5607 = DIRECTION('',(-0.,0.,-1.));
#5608 = DIRECTION('',(-0.,-1.,0.));
#5609 = FACE_BOUND('',#5610,.T.);
#5610 = EDGE_LOOP('',(#5611,#5622,#5631,#5640));
#5611 = ORIENTED_EDGE('',*,*,#5612,.T.);
#5612 = EDGE_CURVE('',#5613,#5615,#5617,.T.);
#5613 = VERTEX_POINT('',#5614);
#5614 = CARTESIAN_POINT('',(150.07465648743,-184.3745128318,1.51));
#5615 = VERTEX_POINT('',#5616);
#5616 = CARTESIAN_POINT('',(149.156193,-184.688585,1.51));
#5617 = CIRCLE('',#5618,1.5);
#5618 = AXIS2_PLACEMENT_3D('',#5619,#5620,#5621);
#5619 = CARTESIAN_POINT('',(149.156193,-183.188585,1.51));
#5620 = DIRECTION('',(-0.,0.,-1.));
#5621 = DIRECTION('',(-0.,-1.,0.));
#5622 = ORIENTED_EDGE('',*,*,#5623,.T.);
#5623 = EDGE_CURVE('',#5615,#5624,#5626,.T.);
#5624 = VERTEX_POINT('',#5625);
#5625 = CARTESIAN_POINT('',(150.60758151256,-183.5673611681,1.51));
#5626 = CIRCLE('',#5627,1.5);
#5627 = AXIS2_PLACEMENT_3D('',#5628,#5629,#5630);
#5628 = CARTESIAN_POINT('',(149.156193,-183.188585,1.51));
#5629 = DIRECTION('',(-0.,0.,-1.));
#5630 = DIRECTION('',(-0.,-1.,0.));
#5631 = ORIENTED_EDGE('',*,*,#5632,.T.);
#5632 = EDGE_CURVE('',#5624,#5633,#5635,.T.);
#5633 = VERTEX_POINT('',#5634);
#5634 = CARTESIAN_POINT('',(151.526045,-186.253289,1.51));
#5635 = CIRCLE('',#5636,1.5);
#5636 = AXIS2_PLACEMENT_3D('',#5637,#5638,#5639);
#5637 = CARTESIAN_POINT('',(151.526045,-184.753289,1.51));
#5638 = DIRECTION('',(-0.,0.,-1.));
#5639 = DIRECTION('',(-0.,-1.,0.));
#5640 = ORIENTED_EDGE('',*,*,#5641,.T.);
#5641 = EDGE_CURVE('',#5633,#5613,#5642,.T.);
#5642 = CIRCLE('',#5643,1.5);
#5643 = AXIS2_PLACEMENT_3D('',#5644,#5645,#5646);
#5644 = CARTESIAN_POINT('',(151.526045,-184.753289,1.51));
#5645 = DIRECTION('',(-0.,0.,-1.));
#5646 = DIRECTION('',(-0.,-1.,0.));
#5647 = FACE_BOUND('',#5648,.T.);
#5648 = EDGE_LOOP('',(#5649,#5660,#5669));
#5649 = ORIENTED_EDGE('',*,*,#5650,.T.);
#5650 = EDGE_CURVE('',#5651,#5653,#5655,.T.);
#5651 = VERTEX_POINT('',#5652);
#5652 = CARTESIAN_POINT('',(146.42261,-182.78388,1.51));
#5653 = VERTEX_POINT('',#5654);
#5654 = CARTESIAN_POINT('',(146.14122643894,-180.9265083608,1.51));
#5655 = CIRCLE('',#5656,0.95);
#5656 = AXIS2_PLACEMENT_3D('',#5657,#5658,#5659);
#5657 = CARTESIAN_POINT('',(146.42261,-181.83388,1.51));
#5658 = DIRECTION('',(-0.,0.,-1.));
#5659 = DIRECTION('',(-2.991758887411E-14,-1.,0.));
#5660 = ORIENTED_EDGE('',*,*,#5661,.T.);
#5661 = EDGE_CURVE('',#5653,#5662,#5664,.T.);
#5662 = VERTEX_POINT('',#5663);
#5663 = CARTESIAN_POINT('',(147.06772456105,-182.5312516391,1.51));
#5664 = CIRCLE('',#5665,0.95);
#5665 = AXIS2_PLACEMENT_3D('',#5666,#5667,#5668);
#5666 = CARTESIAN_POINT('',(146.786341,-181.62388,1.51));
#5667 = DIRECTION('',(-0.,0.,-1.));
#5668 = DIRECTION('',(-0.,-1.,0.));
#5669 = ORIENTED_EDGE('',*,*,#5670,.T.);
#5670 = EDGE_CURVE('',#5662,#5651,#5671,.T.);
#5671 = CIRCLE('',#5672,0.95);
#5672 = AXIS2_PLACEMENT_3D('',#5673,#5674,#5675);
#5673 = CARTESIAN_POINT('',(146.42261,-181.83388,1.51));
#5674 = DIRECTION('',(-0.,0.,-1.));
#5675 = DIRECTION('',(-2.991758887411E-14,-1.,0.));
#5676 = FACE_BOUND('',#5677,.T.);
#5677 = EDGE_LOOP('',(#5678));
#5678 = ORIENTED_EDGE('',*,*,#5679,.T.);
#5679 = EDGE_CURVE('',#5680,#5680,#5682,.T.);
#5680 = VERTEX_POINT('',#5681);
#5681 = CARTESIAN_POINT('',(151.18575,-181.58388,1.51));
#5682 = CIRCLE('',#5683,2.5);
#5683 = AXIS2_PLACEMENT_3D('',#5684,#5685,#5686);
#5684 = CARTESIAN_POINT('',(151.18575,-179.08388,1.51));
#5685 = DIRECTION('',(-0.,0.,-1.));
#5686 = DIRECTION('',(-0.,-1.,0.));
#5687 = FACE_BOUND('',#5688,.T.);
#5688 = EDGE_LOOP('',(#5689,#5700,#5709));
#5689 = ORIENTED_EDGE('',*,*,#5690,.T.);
#5690 = EDGE_CURVE('',#5691,#5693,#5695,.T.);
#5691 = VERTEX_POINT('',#5692);
#5692 = CARTESIAN_POINT('',(156.32311917298,-180.7669615109,1.51));
#5693 = VERTEX_POINT('',#5694);
#5694 = CARTESIAN_POINT('',(155.925455,-183.713289,1.51));
#5695 = CIRCLE('',#5696,1.5);
#5696 = AXIS2_PLACEMENT_3D('',#5697,#5698,#5699);
#5697 = CARTESIAN_POINT('',(155.925455,-182.213289,1.51));
#5698 = DIRECTION('',(-0.,0.,-1.));
#5699 = DIRECTION('',(-0.,-1.,0.));
#5700 = ORIENTED_EDGE('',*,*,#5701,.T.);
#5701 = EDGE_CURVE('',#5693,#5702,#5704,.T.);
#5702 = VERTEX_POINT('',#5703);
#5703 = CARTESIAN_POINT('',(155.35764282701,-180.824912489,1.51));
#5704 = CIRCLE('',#5705,1.5);
#5705 = AXIS2_PLACEMENT_3D('',#5706,#5707,#5708);
#5706 = CARTESIAN_POINT('',(155.925455,-182.213289,1.51));
#5707 = DIRECTION('',(-0.,0.,-1.));
#5708 = DIRECTION('',(-0.,-1.,0.));
#5709 = ORIENTED_EDGE('',*,*,#5710,.T.);
#5710 = EDGE_CURVE('',#5702,#5691,#5711,.T.);
#5711 = CIRCLE('',#5712,1.5);
#5712 = AXIS2_PLACEMENT_3D('',#5713,#5714,#5715);
#5713 = CARTESIAN_POINT('',(155.755307,-179.378585,1.51));
#5714 = DIRECTION('',(-0.,0.,-1.));
#5715 = DIRECTION('',(-0.,-1.,0.));
#5716 = FACE_BOUND('',#5717,.T.);
#5717 = EDGE_LOOP('',(#5718));
#5718 = ORIENTED_EDGE('',*,*,#5719,.T.);
#5719 = EDGE_CURVE('',#5720,#5720,#5722,.T.);
#5720 = VERTEX_POINT('',#5721);
#5721 = CARTESIAN_POINT('',(148.21075,-175.431029,1.51));
#5722 = CIRCLE('',#5723,1.5);
#5723 = AXIS2_PLACEMENT_3D('',#5724,#5725,#5726);
#5724 = CARTESIAN_POINT('',(148.21075,-173.931029,1.51));
#5725 = DIRECTION('',(-0.,0.,-1.));
#5726 = DIRECTION('',(-0.,-1.,0.));
#5727 = FACE_BOUND('',#5728,.T.);
#5728 = EDGE_LOOP('',(#5729));
#5729 = ORIENTED_EDGE('',*,*,#5730,.T.);
#5730 = EDGE_CURVE('',#5731,#5731,#5733,.T.);
#5731 = VERTEX_POINT('',#5732);
#5732 = CARTESIAN_POINT('',(153.640877,-174.836285,1.51));
#5733 = CIRCLE('',#5734,1.5);
#5734 = AXIS2_PLACEMENT_3D('',#5735,#5736,#5737);
#5735 = CARTESIAN_POINT('',(153.640877,-173.336285,1.51));
#5736 = DIRECTION('',(-0.,0.,-1.));
#5737 = DIRECTION('',(-0.,-1.,0.));
#5738 = FACE_BOUND('',#5739,.T.);
#5739 = EDGE_LOOP('',(#5740,#5751,#5760));
#5740 = ORIENTED_EDGE('',*,*,#5741,.T.);
#5741 = EDGE_CURVE('',#5742,#5744,#5746,.T.);
#5742 = VERTEX_POINT('',#5743);
#5743 = CARTESIAN_POINT('',(156.23027356105,-177.2412516391,1.51));
#5744 = VERTEX_POINT('',#5745);
#5745 = CARTESIAN_POINT('',(155.585159,-177.49388,1.51));
#5746 = CIRCLE('',#5747,0.95);
#5747 = AXIS2_PLACEMENT_3D('',#5748,#5749,#5750);
#5748 = CARTESIAN_POINT('',(155.585159,-176.54388,1.51));
#5749 = DIRECTION('',(-0.,0.,-1.));
#5750 = DIRECTION('',(2.991758887411E-14,-1.,-0.));
#5751 = ORIENTED_EDGE('',*,*,#5752,.T.);
#5752 = EDGE_CURVE('',#5744,#5753,#5755,.T.);
#5753 = VERTEX_POINT('',#5754);
#5754 = CARTESIAN_POINT('',(155.30377543894,-175.6365083608,1.51));
#5755 = CIRCLE('',#5756,0.95);
#5756 = AXIS2_PLACEMENT_3D('',#5757,#5758,#5759);
#5757 = CARTESIAN_POINT('',(155.585159,-176.54388,1.51));
#5758 = DIRECTION('',(-0.,0.,-1.));
#5759 = DIRECTION('',(2.991758887411E-14,-1.,-0.));
#5760 = ORIENTED_EDGE('',*,*,#5761,.T.);
#5761 = EDGE_CURVE('',#5753,#5742,#5762,.T.);
#5762 = CIRCLE('',#5763,0.95);
#5763 = AXIS2_PLACEMENT_3D('',#5764,#5765,#5766);
#5764 = CARTESIAN_POINT('',(155.94889,-176.33388,1.51));
#5765 = DIRECTION('',(-0.,0.,-1.));
#5766 = DIRECTION('',(-0.,-1.,0.));
#5767 = FACE_BOUND('',#5768,.T.);
#5768 = EDGE_LOOP('',(#5769,#5780,#5789));
#5769 = ORIENTED_EDGE('',*,*,#5770,.T.);
#5770 = EDGE_CURVE('',#5771,#5773,#5775,.T.);
#5771 = VERTEX_POINT('',#5772);
#5772 = CARTESIAN_POINT('',(165.523158,-173.204585,1.51));
#5773 = VERTEX_POINT('',#5774);
#5774 = CARTESIAN_POINT('',(165.4862070555,-171.305303889,1.51));
#5775 = CIRCLE('',#5776,0.95);
#5776 = AXIS2_PLACEMENT_3D('',#5777,#5778,#5779);
#5777 = CARTESIAN_POINT('',(165.523158,-172.254585,1.51));
#5778 = DIRECTION('',(-0.,0.,-1.));
#5779 = DIRECTION('',(-2.991758887411E-14,-1.,0.));
#5780 = ORIENTED_EDGE('',*,*,#5781,.T.);
#5781 = EDGE_CURVE('',#5773,#5782,#5784,.T.);
#5782 = VERTEX_POINT('',#5783);
#5783 = CARTESIAN_POINT('',(165.96579794449,-173.095162111,1.51));
#5784 = CIRCLE('',#5785,0.95);
#5785 = AXIS2_PLACEMENT_3D('',#5786,#5787,#5788);
#5786 = CARTESIAN_POINT('',(165.928847,-172.145881,1.51));
#5787 = DIRECTION('',(-0.,0.,-1.));
#5788 = DIRECTION('',(-2.991758887411E-14,-1.,0.));
#5789 = ORIENTED_EDGE('',*,*,#5790,.T.);
#5790 = EDGE_CURVE('',#5782,#5771,#5791,.T.);
#5791 = CIRCLE('',#5792,0.95);
#5792 = AXIS2_PLACEMENT_3D('',#5793,#5794,#5795);
#5793 = CARTESIAN_POINT('',(165.523158,-172.254585,1.51));
#5794 = DIRECTION('',(-0.,0.,-1.));
#5795 = DIRECTION('',(-2.991758887411E-14,-1.,0.));
#5796 = FACE_BOUND('',#5797,.T.);
#5797 = EDGE_LOOP('',(#5798,#5809,#5818,#5827));
#5798 = ORIENTED_EDGE('',*,*,#5799,.T.);
#5799 = EDGE_CURVE('',#5800,#5802,#5804,.T.);
#5800 = VERTEX_POINT('',#5801);
#5801 = CARTESIAN_POINT('',(168.39320068981,-175.6538658298,1.51));
#5802 = VERTEX_POINT('',#5803);
#5803 = CARTESIAN_POINT('',(167.812973,-175.770632,1.51));
#5804 = CIRCLE('',#5805,1.5);
#5805 = AXIS2_PLACEMENT_3D('',#5806,#5807,#5808);
#5806 = CARTESIAN_POINT('',(167.812973,-174.270632,1.51));
#5807 = DIRECTION('',(-0.,0.,-1.));
#5808 = DIRECTION('',(-0.,-1.,0.));
#5809 = ORIENTED_EDGE('',*,*,#5810,.T.);
#5810 = EDGE_CURVE('',#5802,#5811,#5813,.T.);
#5811 = VERTEX_POINT('',#5812);
#5812 = CARTESIAN_POINT('',(169.11687131018,-175.0121501701,1.51));
#5813 = CIRCLE('',#5814,1.5);
#5814 = AXIS2_PLACEMENT_3D('',#5815,#5816,#5817);
#5815 = CARTESIAN_POINT('',(167.812973,-174.270632,1.51));
#5816 = DIRECTION('',(-0.,0.,-1.));
#5817 = DIRECTION('',(-0.,-1.,0.));
#5818 = ORIENTED_EDGE('',*,*,#5819,.T.);
#5819 = EDGE_CURVE('',#5811,#5820,#5822,.T.);
#5820 = VERTEX_POINT('',#5821);
#5821 = CARTESIAN_POINT('',(169.697099,-177.895384,1.51));
#5822 = CIRCLE('',#5823,1.5);
#5823 = AXIS2_PLACEMENT_3D('',#5824,#5825,#5826);
#5824 = CARTESIAN_POINT('',(169.697099,-176.395384,1.51));
#5825 = DIRECTION('',(-0.,0.,-1.));
#5826 = DIRECTION('',(-0.,-1.,0.));
#5827 = ORIENTED_EDGE('',*,*,#5828,.T.);
#5828 = EDGE_CURVE('',#5820,#5800,#5829,.T.);
#5829 = CIRCLE('',#5830,1.5);
#5830 = AXIS2_PLACEMENT_3D('',#5831,#5832,#5833);
#5831 = CARTESIAN_POINT('',(169.697099,-176.395384,1.51));
#5832 = DIRECTION('',(-0.,0.,-1.));
#5833 = DIRECTION('',(-0.,-1.,0.));
#5834 = FACE_BOUND('',#5835,.T.);
#5835 = EDGE_LOOP('',(#5836,#5847,#5856));
#5836 = ORIENTED_EDGE('',*,*,#5837,.T.);
#5837 = EDGE_CURVE('',#5838,#5840,#5842,.T.);
#5838 = VERTEX_POINT('',#5839);
#5839 = CARTESIAN_POINT('',(175.36245244996,-173.7864605502,1.51));
#5840 = VERTEX_POINT('',#5841);
#5841 = CARTESIAN_POINT('',(174.604002,-176.580583,1.51));
#5842 = CIRCLE('',#5843,1.5);
#5843 = AXIS2_PLACEMENT_3D('',#5844,#5845,#5846);
#5844 = CARTESIAN_POINT('',(174.604002,-175.080583,1.51));
#5845 = DIRECTION('',(-0.,0.,-1.));
#5846 = DIRECTION('',(-0.,-1.,0.));
#5847 = ORIENTED_EDGE('',*,*,#5848,.T.);
#5848 = EDGE_CURVE('',#5840,#5849,#5851,.T.);
#5849 = VERTEX_POINT('',#5850);
#5850 = CARTESIAN_POINT('',(174.41487755003,-173.5925534497,1.51));
#5851 = CIRCLE('',#5852,1.5);
#5852 = AXIS2_PLACEMENT_3D('',#5853,#5854,#5855);
#5853 = CARTESIAN_POINT('',(174.604002,-175.080583,1.51));
#5854 = DIRECTION('',(-0.,0.,-1.));
#5855 = DIRECTION('',(-0.,-1.,0.));
#5856 = ORIENTED_EDGE('',*,*,#5857,.T.);
#5857 = EDGE_CURVE('',#5849,#5838,#5858,.T.);
#5858 = CIRCLE('',#5859,1.5);
#5859 = AXIS2_PLACEMENT_3D('',#5860,#5861,#5862);
#5860 = CARTESIAN_POINT('',(175.173328,-172.298431,1.51));
#5861 = DIRECTION('',(-0.,0.,-1.));
#5862 = DIRECTION('',(-0.,-1.,0.));
#5863 = FACE_BOUND('',#5864,.T.);
#5864 = EDGE_LOOP('',(#5865,#5876,#5884,#5893));
#5865 = ORIENTED_EDGE('',*,*,#5866,.T.);
#5866 = EDGE_CURVE('',#5867,#5869,#5871,.T.);
#5867 = VERTEX_POINT('',#5868);
#5868 = CARTESIAN_POINT('',(133.308,-170.97,1.51));
#5869 = VERTEX_POINT('',#5870);
#5870 = CARTESIAN_POINT('',(133.308,-171.97,1.51));
#5871 = CIRCLE('',#5872,0.5);
#5872 = AXIS2_PLACEMENT_3D('',#5873,#5874,#5875);
#5873 = CARTESIAN_POINT('',(133.308,-171.47,1.51));
#5874 = DIRECTION('',(-0.,0.,-1.));
#5875 = DIRECTION('',(-0.,-1.,0.));
#5876 = ORIENTED_EDGE('',*,*,#5877,.T.);
#5877 = EDGE_CURVE('',#5869,#5878,#5880,.T.);
#5878 = VERTEX_POINT('',#5879);
#5879 = CARTESIAN_POINT('',(132.808,-171.97,1.51));
#5880 = LINE('',#5881,#5882);
#5881 = CARTESIAN_POINT('',(66.404,-171.97,1.51));
#5882 = VECTOR('',#5883,1.);
#5883 = DIRECTION('',(-1.,0.,0.));
#5884 = ORIENTED_EDGE('',*,*,#5885,.T.);
#5885 = EDGE_CURVE('',#5878,#5886,#5888,.T.);
#5886 = VERTEX_POINT('',#5887);
#5887 = CARTESIAN_POINT('',(132.808,-170.97,1.51));
#5888 = CIRCLE('',#5889,0.5);
#5889 = AXIS2_PLACEMENT_3D('',#5890,#5891,#5892);
#5890 = CARTESIAN_POINT('',(132.808,-171.47,1.51));
#5891 = DIRECTION('',(-0.,0.,-1.));
#5892 = DIRECTION('',(0.,1.,0.));
#5893 = ORIENTED_EDGE('',*,*,#5894,.T.);
#5894 = EDGE_CURVE('',#5886,#5867,#5895,.T.);
#5895 = LINE('',#5896,#5897);
#5896 = CARTESIAN_POINT('',(66.654,-170.97,1.51));
#5897 = VECTOR('',#5898,1.);
#5898 = DIRECTION('',(1.,0.,-0.));
#5899 = FACE_BOUND('',#5900,.T.);
#5900 = EDGE_LOOP('',(#5901));
#5901 = ORIENTED_EDGE('',*,*,#5902,.T.);
#5902 = EDGE_CURVE('',#5903,#5903,#5905,.T.);
#5903 = VERTEX_POINT('',#5904);
#5904 = CARTESIAN_POINT('',(131.258,-169.97,1.51));
#5905 = CIRCLE('',#5906,0.6);
#5906 = AXIS2_PLACEMENT_3D('',#5907,#5908,#5909);
#5907 = CARTESIAN_POINT('',(131.258,-169.37,1.51));
#5908 = DIRECTION('',(-0.,0.,-1.));
#5909 = DIRECTION('',(4.736951571734E-14,-1.,-0.));
#5910 = FACE_BOUND('',#5911,.T.);
#5911 = EDGE_LOOP('',(#5912));
#5912 = ORIENTED_EDGE('',*,*,#5913,.T.);
#5913 = EDGE_CURVE('',#5914,#5914,#5916,.T.);
#5914 = VERTEX_POINT('',#5915);
#5915 = CARTESIAN_POINT('',(131.258,-168.22,1.51));
#5916 = CIRCLE('',#5917,0.6);
#5917 = AXIS2_PLACEMENT_3D('',#5918,#5919,#5920);
#5918 = CARTESIAN_POINT('',(131.258,-167.62,1.51));
#5919 = DIRECTION('',(-0.,0.,-1.));
#5920 = DIRECTION('',(4.736951571734E-14,-1.,-0.));
#5921 = FACE_BOUND('',#5922,.T.);
#5922 = EDGE_LOOP('',(#5923,#5934,#5942,#5951));
#5923 = ORIENTED_EDGE('',*,*,#5924,.T.);
#5924 = EDGE_CURVE('',#5925,#5927,#5929,.T.);
#5925 = VERTEX_POINT('',#5926);
#5926 = CARTESIAN_POINT('',(133.308,-165.02,1.51));
#5927 = VERTEX_POINT('',#5928);
#5928 = CARTESIAN_POINT('',(133.308,-166.02,1.51));
#5929 = CIRCLE('',#5930,0.5);
#5930 = AXIS2_PLACEMENT_3D('',#5931,#5932,#5933);
#5931 = CARTESIAN_POINT('',(133.308,-165.52,1.51));
#5932 = DIRECTION('',(-0.,0.,-1.));
#5933 = DIRECTION('',(-0.,-1.,0.));
#5934 = ORIENTED_EDGE('',*,*,#5935,.T.);
#5935 = EDGE_CURVE('',#5927,#5936,#5938,.T.);
#5936 = VERTEX_POINT('',#5937);
#5937 = CARTESIAN_POINT('',(132.808,-166.02,1.51));
#5938 = LINE('',#5939,#5940);
#5939 = CARTESIAN_POINT('',(66.404,-166.02,1.51));
#5940 = VECTOR('',#5941,1.);
#5941 = DIRECTION('',(-1.,0.,0.));
#5942 = ORIENTED_EDGE('',*,*,#5943,.T.);
#5943 = EDGE_CURVE('',#5936,#5944,#5946,.T.);
#5944 = VERTEX_POINT('',#5945);
#5945 = CARTESIAN_POINT('',(132.808,-165.02,1.51));
#5946 = CIRCLE('',#5947,0.5);
#5947 = AXIS2_PLACEMENT_3D('',#5948,#5949,#5950);
#5948 = CARTESIAN_POINT('',(132.808,-165.52,1.51));
#5949 = DIRECTION('',(-0.,0.,-1.));
#5950 = DIRECTION('',(0.,1.,0.));
#5951 = ORIENTED_EDGE('',*,*,#5952,.T.);
#5952 = EDGE_CURVE('',#5944,#5925,#5953,.T.);
#5953 = LINE('',#5954,#5955);
#5954 = CARTESIAN_POINT('',(66.654,-165.02,1.51));
#5955 = VECTOR('',#5956,1.);
#5956 = DIRECTION('',(1.,0.,-0.));
#5957 = FACE_BOUND('',#5958,.T.);
#5958 = EDGE_LOOP('',(#5959,#5970,#5978,#5987));
#5959 = ORIENTED_EDGE('',*,*,#5960,.T.);
#5960 = EDGE_CURVE('',#5961,#5963,#5965,.T.);
#5961 = VERTEX_POINT('',#5962);
#5962 = CARTESIAN_POINT('',(136.308,-170.97,1.51));
#5963 = VERTEX_POINT('',#5964);
#5964 = CARTESIAN_POINT('',(136.308,-171.97,1.51));
#5965 = CIRCLE('',#5966,0.5);
#5966 = AXIS2_PLACEMENT_3D('',#5967,#5968,#5969);
#5967 = CARTESIAN_POINT('',(136.308,-171.47,1.51));
#5968 = DIRECTION('',(-0.,0.,-1.));
#5969 = DIRECTION('',(-0.,-1.,0.));
#5970 = ORIENTED_EDGE('',*,*,#5971,.T.);
#5971 = EDGE_CURVE('',#5963,#5972,#5974,.T.);
#5972 = VERTEX_POINT('',#5973);
#5973 = CARTESIAN_POINT('',(135.808,-171.97,1.51));
#5974 = LINE('',#5975,#5976);
#5975 = CARTESIAN_POINT('',(67.904,-171.97,1.51));
#5976 = VECTOR('',#5977,1.);
#5977 = DIRECTION('',(-1.,0.,0.));
#5978 = ORIENTED_EDGE('',*,*,#5979,.T.);
#5979 = EDGE_CURVE('',#5972,#5980,#5982,.T.);
#5980 = VERTEX_POINT('',#5981);
#5981 = CARTESIAN_POINT('',(135.808,-170.97,1.51));
#5982 = CIRCLE('',#5983,0.5);
#5983 = AXIS2_PLACEMENT_3D('',#5984,#5985,#5986);
#5984 = CARTESIAN_POINT('',(135.808,-171.47,1.51));
#5985 = DIRECTION('',(-0.,0.,-1.));
#5986 = DIRECTION('',(0.,1.,0.));
#5987 = ORIENTED_EDGE('',*,*,#5988,.T.);
#5988 = EDGE_CURVE('',#5980,#5961,#5989,.T.);
#5989 = LINE('',#5990,#5991);
#5990 = CARTESIAN_POINT('',(68.154,-170.97,1.51));
#5991 = VECTOR('',#5992,1.);
#5992 = DIRECTION('',(1.,0.,-0.));
#5993 = FACE_BOUND('',#5994,.T.);
#5994 = EDGE_LOOP('',(#5995,#6006,#6014,#6023));
#5995 = ORIENTED_EDGE('',*,*,#5996,.T.);
#5996 = EDGE_CURVE('',#5997,#5999,#6001,.T.);
#5997 = VERTEX_POINT('',#5998);
#5998 = CARTESIAN_POINT('',(140.308,-170.97,1.51));
#5999 = VERTEX_POINT('',#6000);
#6000 = CARTESIAN_POINT('',(140.308,-171.97,1.51));
#6001 = CIRCLE('',#6002,0.5);
#6002 = AXIS2_PLACEMENT_3D('',#6003,#6004,#6005);
#6003 = CARTESIAN_POINT('',(140.308,-171.47,1.51));
#6004 = DIRECTION('',(-0.,0.,-1.));
#6005 = DIRECTION('',(-0.,-1.,0.));
#6006 = ORIENTED_EDGE('',*,*,#6007,.T.);
#6007 = EDGE_CURVE('',#5999,#6008,#6010,.T.);
#6008 = VERTEX_POINT('',#6009);
#6009 = CARTESIAN_POINT('',(139.808,-171.97,1.51));
#6010 = LINE('',#6011,#6012);
#6011 = CARTESIAN_POINT('',(69.904,-171.97,1.51));
#6012 = VECTOR('',#6013,1.);
#6013 = DIRECTION('',(-1.,0.,0.));
#6014 = ORIENTED_EDGE('',*,*,#6015,.T.);
#6015 = EDGE_CURVE('',#6008,#6016,#6018,.T.);
#6016 = VERTEX_POINT('',#6017);
#6017 = CARTESIAN_POINT('',(139.808,-170.97,1.51));
#6018 = CIRCLE('',#6019,0.5);
#6019 = AXIS2_PLACEMENT_3D('',#6020,#6021,#6022);
#6020 = CARTESIAN_POINT('',(139.808,-171.47,1.51));
#6021 = DIRECTION('',(-0.,0.,-1.));
#6022 = DIRECTION('',(0.,1.,0.));
#6023 = ORIENTED_EDGE('',*,*,#6024,.T.);
#6024 = EDGE_CURVE('',#6016,#5997,#6025,.T.);
#6025 = LINE('',#6026,#6027);
#6026 = CARTESIAN_POINT('',(70.154,-170.97,1.51));
#6027 = VECTOR('',#6028,1.);
#6028 = DIRECTION('',(1.,0.,-0.));
#6029 = FACE_BOUND('',#6030,.T.);
#6030 = EDGE_LOOP('',(#6031));
#6031 = ORIENTED_EDGE('',*,*,#6032,.T.);
#6032 = EDGE_CURVE('',#6033,#6033,#6035,.T.);
#6033 = VERTEX_POINT('',#6034);
#6034 = CARTESIAN_POINT('',(138.258,-169.97,1.51));
#6035 = CIRCLE('',#6036,0.6);
#6036 = AXIS2_PLACEMENT_3D('',#6037,#6038,#6039);
#6037 = CARTESIAN_POINT('',(138.258,-169.37,1.51));
#6038 = DIRECTION('',(-0.,0.,-1.));
#6039 = DIRECTION('',(4.736951571734E-14,-1.,-0.));
#6040 = FACE_BOUND('',#6041,.T.);
#6041 = EDGE_LOOP('',(#6042,#6053,#6061,#6070));
#6042 = ORIENTED_EDGE('',*,*,#6043,.T.);
#6043 = EDGE_CURVE('',#6044,#6046,#6048,.T.);
#6044 = VERTEX_POINT('',#6045);
#6045 = CARTESIAN_POINT('',(141.808,-169.22,1.51));
#6046 = VERTEX_POINT('',#6047);
#6047 = CARTESIAN_POINT('',(141.808,-170.22,1.51));
#6048 = CIRCLE('',#6049,0.5);
#6049 = AXIS2_PLACEMENT_3D('',#6050,#6051,#6052);
#6050 = CARTESIAN_POINT('',(141.808,-169.72,1.51));
#6051 = DIRECTION('',(-0.,0.,-1.));
#6052 = DIRECTION('',(-0.,-1.,0.));
#6053 = ORIENTED_EDGE('',*,*,#6054,.T.);
#6054 = EDGE_CURVE('',#6046,#6055,#6057,.T.);
#6055 = VERTEX_POINT('',#6056);
#6056 = CARTESIAN_POINT('',(141.308,-170.22,1.51));
#6057 = LINE('',#6058,#6059);
#6058 = CARTESIAN_POINT('',(70.654,-170.22,1.51));
#6059 = VECTOR('',#6060,1.);
#6060 = DIRECTION('',(-1.,0.,0.));
#6061 = ORIENTED_EDGE('',*,*,#6062,.T.);
#6062 = EDGE_CURVE('',#6055,#6063,#6065,.T.);
#6063 = VERTEX_POINT('',#6064);
#6064 = CARTESIAN_POINT('',(141.308,-169.22,1.51));
#6065 = CIRCLE('',#6066,0.5);
#6066 = AXIS2_PLACEMENT_3D('',#6067,#6068,#6069);
#6067 = CARTESIAN_POINT('',(141.308,-169.72,1.51));
#6068 = DIRECTION('',(-0.,0.,-1.));
#6069 = DIRECTION('',(0.,1.,0.));
#6070 = ORIENTED_EDGE('',*,*,#6071,.T.);
#6071 = EDGE_CURVE('',#6063,#6044,#6072,.T.);
#6072 = LINE('',#6073,#6074);
#6073 = CARTESIAN_POINT('',(70.904,-169.22,1.51));
#6074 = VECTOR('',#6075,1.);
#6075 = DIRECTION('',(1.,0.,-0.));
#6076 = FACE_BOUND('',#6077,.T.);
#6077 = EDGE_LOOP('',(#6078));
#6078 = ORIENTED_EDGE('',*,*,#6079,.T.);
#6079 = EDGE_CURVE('',#6080,#6080,#6082,.T.);
#6080 = VERTEX_POINT('',#6081);
#6081 = CARTESIAN_POINT('',(138.258,-168.22,1.51));
#6082 = CIRCLE('',#6083,0.6);
#6083 = AXIS2_PLACEMENT_3D('',#6084,#6085,#6086);
#6084 = CARTESIAN_POINT('',(138.258,-167.62,1.51));
#6085 = DIRECTION('',(-0.,0.,-1.));
#6086 = DIRECTION('',(4.736951571734E-14,-1.,-0.));
#6087 = FACE_BOUND('',#6088,.T.);
#6088 = EDGE_LOOP('',(#6089,#6100,#6108,#6117));
#6089 = ORIENTED_EDGE('',*,*,#6090,.T.);
#6090 = EDGE_CURVE('',#6091,#6093,#6095,.T.);
#6091 = VERTEX_POINT('',#6092);
#6092 = CARTESIAN_POINT('',(136.308,-165.02,1.51));
#6093 = VERTEX_POINT('',#6094);
#6094 = CARTESIAN_POINT('',(136.308,-166.02,1.51));
#6095 = CIRCLE('',#6096,0.5);
#6096 = AXIS2_PLACEMENT_3D('',#6097,#6098,#6099);
#6097 = CARTESIAN_POINT('',(136.308,-165.52,1.51));
#6098 = DIRECTION('',(-0.,0.,-1.));
#6099 = DIRECTION('',(-0.,-1.,0.));
#6100 = ORIENTED_EDGE('',*,*,#6101,.T.);
#6101 = EDGE_CURVE('',#6093,#6102,#6104,.T.);
#6102 = VERTEX_POINT('',#6103);
#6103 = CARTESIAN_POINT('',(135.808,-166.02,1.51));
#6104 = LINE('',#6105,#6106);
#6105 = CARTESIAN_POINT('',(67.904,-166.02,1.51));
#6106 = VECTOR('',#6107,1.);
#6107 = DIRECTION('',(-1.,0.,0.));
#6108 = ORIENTED_EDGE('',*,*,#6109,.T.);
#6109 = EDGE_CURVE('',#6102,#6110,#6112,.T.);
#6110 = VERTEX_POINT('',#6111);
#6111 = CARTESIAN_POINT('',(135.808,-165.02,1.51));
#6112 = CIRCLE('',#6113,0.5);
#6113 = AXIS2_PLACEMENT_3D('',#6114,#6115,#6116);
#6114 = CARTESIAN_POINT('',(135.808,-165.52,1.51));
#6115 = DIRECTION('',(-0.,0.,-1.));
#6116 = DIRECTION('',(0.,1.,0.));
#6117 = ORIENTED_EDGE('',*,*,#6118,.T.);
#6118 = EDGE_CURVE('',#6110,#6091,#6119,.T.);
#6119 = LINE('',#6120,#6121);
#6120 = CARTESIAN_POINT('',(68.154,-165.02,1.51));
#6121 = VECTOR('',#6122,1.);
#6122 = DIRECTION('',(1.,0.,-0.));
#6123 = FACE_BOUND('',#6124,.T.);
#6124 = EDGE_LOOP('',(#6125,#6136,#6144,#6153));
#6125 = ORIENTED_EDGE('',*,*,#6126,.T.);
#6126 = EDGE_CURVE('',#6127,#6129,#6131,.T.);
#6127 = VERTEX_POINT('',#6128);
#6128 = CARTESIAN_POINT('',(140.308,-165.02,1.51));
#6129 = VERTEX_POINT('',#6130);
#6130 = CARTESIAN_POINT('',(140.308,-166.02,1.51));
#6131 = CIRCLE('',#6132,0.5);
#6132 = AXIS2_PLACEMENT_3D('',#6133,#6134,#6135);
#6133 = CARTESIAN_POINT('',(140.308,-165.52,1.51));
#6134 = DIRECTION('',(-0.,0.,-1.));
#6135 = DIRECTION('',(-0.,-1.,0.));
#6136 = ORIENTED_EDGE('',*,*,#6137,.T.);
#6137 = EDGE_CURVE('',#6129,#6138,#6140,.T.);
#6138 = VERTEX_POINT('',#6139);
#6139 = CARTESIAN_POINT('',(139.808,-166.02,1.51));
#6140 = LINE('',#6141,#6142);
#6141 = CARTESIAN_POINT('',(69.904,-166.02,1.51));
#6142 = VECTOR('',#6143,1.);
#6143 = DIRECTION('',(-1.,0.,0.));
#6144 = ORIENTED_EDGE('',*,*,#6145,.T.);
#6145 = EDGE_CURVE('',#6138,#6146,#6148,.T.);
#6146 = VERTEX_POINT('',#6147);
#6147 = CARTESIAN_POINT('',(139.808,-165.02,1.51));
#6148 = CIRCLE('',#6149,0.5);
#6149 = AXIS2_PLACEMENT_3D('',#6150,#6151,#6152);
#6150 = CARTESIAN_POINT('',(139.808,-165.52,1.51));
#6151 = DIRECTION('',(-0.,0.,-1.));
#6152 = DIRECTION('',(0.,1.,0.));
#6153 = ORIENTED_EDGE('',*,*,#6154,.T.);
#6154 = EDGE_CURVE('',#6146,#6127,#6155,.T.);
#6155 = LINE('',#6156,#6157);
#6156 = CARTESIAN_POINT('',(70.154,-165.02,1.51));
#6157 = VECTOR('',#6158,1.);
#6158 = DIRECTION('',(1.,0.,-0.));
#6159 = FACE_BOUND('',#6160,.T.);
#6160 = EDGE_LOOP('',(#6161,#6172,#6180,#6189));
#6161 = ORIENTED_EDGE('',*,*,#6162,.T.);
#6162 = EDGE_CURVE('',#6163,#6165,#6167,.T.);
#6163 = VERTEX_POINT('',#6164);
#6164 = CARTESIAN_POINT('',(141.808,-166.77,1.51));
#6165 = VERTEX_POINT('',#6166);
#6166 = CARTESIAN_POINT('',(141.808,-167.77,1.51));
#6167 = CIRCLE('',#6168,0.5);
#6168 = AXIS2_PLACEMENT_3D('',#6169,#6170,#6171);
#6169 = CARTESIAN_POINT('',(141.808,-167.27,1.51));
#6170 = DIRECTION('',(-0.,0.,-1.));
#6171 = DIRECTION('',(-0.,-1.,0.));
#6172 = ORIENTED_EDGE('',*,*,#6173,.T.);
#6173 = EDGE_CURVE('',#6165,#6174,#6176,.T.);
#6174 = VERTEX_POINT('',#6175);
#6175 = CARTESIAN_POINT('',(141.308,-167.77,1.51));
#6176 = LINE('',#6177,#6178);
#6177 = CARTESIAN_POINT('',(70.654,-167.77,1.51));
#6178 = VECTOR('',#6179,1.);
#6179 = DIRECTION('',(-1.,0.,0.));
#6180 = ORIENTED_EDGE('',*,*,#6181,.T.);
#6181 = EDGE_CURVE('',#6174,#6182,#6184,.T.);
#6182 = VERTEX_POINT('',#6183);
#6183 = CARTESIAN_POINT('',(141.308,-166.77,1.51));
#6184 = CIRCLE('',#6185,0.5);
#6185 = AXIS2_PLACEMENT_3D('',#6186,#6187,#6188);
#6186 = CARTESIAN_POINT('',(141.308,-167.27,1.51));
#6187 = DIRECTION('',(-0.,0.,-1.));
#6188 = DIRECTION('',(0.,1.,0.));
#6189 = ORIENTED_EDGE('',*,*,#6190,.T.);
#6190 = EDGE_CURVE('',#6182,#6163,#6191,.T.);
#6191 = LINE('',#6192,#6193);
#6192 = CARTESIAN_POINT('',(70.904,-166.77,1.51));
#6193 = VECTOR('',#6194,1.);
#6194 = DIRECTION('',(1.,0.,-0.));
#6195 = FACE_BOUND('',#6196,.T.);
#6196 = EDGE_LOOP('',(#6197,#6208,#6216,#6225));
#6197 = ORIENTED_EDGE('',*,*,#6198,.T.);
#6198 = EDGE_CURVE('',#6199,#6201,#6203,.T.);
#6199 = VERTEX_POINT('',#6200);
#6200 = CARTESIAN_POINT('',(145.172,-159.052,1.51));
#6201 = VERTEX_POINT('',#6202);
#6202 = CARTESIAN_POINT('',(145.172,-160.552,1.51));
#6203 = CIRCLE('',#6204,0.75);
#6204 = AXIS2_PLACEMENT_3D('',#6205,#6206,#6207);
#6205 = CARTESIAN_POINT('',(145.172,-159.802,1.51));
#6206 = DIRECTION('',(-0.,0.,-1.));
#6207 = DIRECTION('',(-0.,-1.,0.));
#6208 = ORIENTED_EDGE('',*,*,#6209,.T.);
#6209 = EDGE_CURVE('',#6201,#6210,#6212,.T.);
#6210 = VERTEX_POINT('',#6211);
#6211 = CARTESIAN_POINT('',(143.872,-160.552,1.51));
#6212 = LINE('',#6213,#6214);
#6213 = CARTESIAN_POINT('',(71.936,-160.552,1.51));
#6214 = VECTOR('',#6215,1.);
#6215 = DIRECTION('',(-1.,0.,0.));
#6216 = ORIENTED_EDGE('',*,*,#6217,.T.);
#6217 = EDGE_CURVE('',#6210,#6218,#6220,.T.);
#6218 = VERTEX_POINT('',#6219);
#6219 = CARTESIAN_POINT('',(143.872,-159.052,1.51));
#6220 = CIRCLE('',#6221,0.75);
#6221 = AXIS2_PLACEMENT_3D('',#6222,#6223,#6224);
#6222 = CARTESIAN_POINT('',(143.872,-159.802,1.51));
#6223 = DIRECTION('',(-0.,0.,-1.));
#6224 = DIRECTION('',(0.,1.,0.));
#6225 = ORIENTED_EDGE('',*,*,#6226,.T.);
#6226 = EDGE_CURVE('',#6218,#6199,#6227,.T.);
#6227 = LINE('',#6228,#6229);
#6228 = CARTESIAN_POINT('',(72.586,-159.052,1.51));
#6229 = VECTOR('',#6230,1.);
#6230 = DIRECTION('',(1.,0.,-0.));
#6231 = FACE_BOUND('',#6232,.T.);
#6232 = EDGE_LOOP('',(#6233));
#6233 = ORIENTED_EDGE('',*,*,#6234,.T.);
#6234 = EDGE_CURVE('',#6235,#6235,#6237,.T.);
#6235 = VERTEX_POINT('',#6236);
#6236 = CARTESIAN_POINT('',(137.022,-157.202,1.51));
#6237 = CIRCLE('',#6238,0.5);
#6238 = AXIS2_PLACEMENT_3D('',#6239,#6240,#6241);
#6239 = CARTESIAN_POINT('',(137.022,-156.702,1.51));
#6240 = DIRECTION('',(-0.,0.,-1.));
#6241 = DIRECTION('',(-0.,-1.,0.));
#6242 = FACE_BOUND('',#6243,.T.);
#6243 = EDGE_LOOP('',(#6244));
#6244 = ORIENTED_EDGE('',*,*,#6245,.T.);
#6245 = EDGE_CURVE('',#6246,#6246,#6248,.T.);
#6246 = VERTEX_POINT('',#6247);
#6247 = CARTESIAN_POINT('',(137.022,-154.702,1.51));
#6248 = CIRCLE('',#6249,0.5);
#6249 = AXIS2_PLACEMENT_3D('',#6250,#6251,#6252);
#6250 = CARTESIAN_POINT('',(137.022,-154.202,1.51));
#6251 = DIRECTION('',(-0.,0.,-1.));
#6252 = DIRECTION('',(-0.,-1.,0.));
#6253 = FACE_BOUND('',#6254,.T.);
#6254 = EDGE_LOOP('',(#6255));
#6255 = ORIENTED_EDGE('',*,*,#6256,.T.);
#6256 = EDGE_CURVE('',#6257,#6257,#6259,.T.);
#6257 = VERTEX_POINT('',#6258);
#6258 = CARTESIAN_POINT('',(137.022,-152.202,1.51));
#6259 = CIRCLE('',#6260,0.5);
#6260 = AXIS2_PLACEMENT_3D('',#6261,#6262,#6263);
#6261 = CARTESIAN_POINT('',(137.022,-151.702,1.51));
#6262 = DIRECTION('',(-0.,0.,-1.));
#6263 = DIRECTION('',(-0.,-1.,0.));
#6264 = FACE_BOUND('',#6265,.T.);
#6265 = EDGE_LOOP('',(#6266,#6277,#6285,#6294));
#6266 = ORIENTED_EDGE('',*,*,#6267,.T.);
#6267 = EDGE_CURVE('',#6268,#6270,#6272,.T.);
#6268 = VERTEX_POINT('',#6269);
#6269 = CARTESIAN_POINT('',(145.172,-147.852,1.51));
#6270 = VERTEX_POINT('',#6271);
#6271 = CARTESIAN_POINT('',(145.172,-149.352,1.51));
#6272 = CIRCLE('',#6273,0.75);
#6273 = AXIS2_PLACEMENT_3D('',#6274,#6275,#6276);
#6274 = CARTESIAN_POINT('',(145.172,-148.602,1.51));
#6275 = DIRECTION('',(-0.,0.,-1.));
#6276 = DIRECTION('',(-0.,-1.,0.));
#6277 = ORIENTED_EDGE('',*,*,#6278,.T.);
#6278 = EDGE_CURVE('',#6270,#6279,#6281,.T.);
#6279 = VERTEX_POINT('',#6280);
#6280 = CARTESIAN_POINT('',(143.872,-149.352,1.51));
#6281 = LINE('',#6282,#6283);
#6282 = CARTESIAN_POINT('',(71.936,-149.352,1.51));
#6283 = VECTOR('',#6284,1.);
#6284 = DIRECTION('',(-1.,0.,0.));
#6285 = ORIENTED_EDGE('',*,*,#6286,.T.);
#6286 = EDGE_CURVE('',#6279,#6287,#6289,.T.);
#6287 = VERTEX_POINT('',#6288);
#6288 = CARTESIAN_POINT('',(143.872,-147.852,1.51));
#6289 = CIRCLE('',#6290,0.75);
#6290 = AXIS2_PLACEMENT_3D('',#6291,#6292,#6293);
#6291 = CARTESIAN_POINT('',(143.872,-148.602,1.51));
#6292 = DIRECTION('',(-0.,0.,-1.));
#6293 = DIRECTION('',(0.,1.,0.));
#6294 = ORIENTED_EDGE('',*,*,#6295,.T.);
#6295 = EDGE_CURVE('',#6287,#6268,#6296,.T.);
#6296 = LINE('',#6297,#6298);
#6297 = CARTESIAN_POINT('',(72.586,-147.852,1.51));
#6298 = VECTOR('',#6299,1.);
#6299 = DIRECTION('',(1.,0.,-0.));
#6300 = FACE_BOUND('',#6301,.T.);
#6301 = EDGE_LOOP('',(#6302));
#6302 = ORIENTED_EDGE('',*,*,#6303,.T.);
#6303 = EDGE_CURVE('',#6304,#6304,#6306,.T.);
#6304 = VERTEX_POINT('',#6305);
#6305 = CARTESIAN_POINT('',(151.522,-157.202,1.51));
#6306 = CIRCLE('',#6307,0.5);
#6307 = AXIS2_PLACEMENT_3D('',#6308,#6309,#6310);
#6308 = CARTESIAN_POINT('',(151.522,-156.702,1.51));
#6309 = DIRECTION('',(-0.,0.,-1.));
#6310 = DIRECTION('',(-0.,-1.,0.));
#6311 = FACE_BOUND('',#6312,.T.);
#6312 = EDGE_LOOP('',(#6313));
#6313 = ORIENTED_EDGE('',*,*,#6314,.T.);
#6314 = EDGE_CURVE('',#6315,#6315,#6317,.T.);
#6315 = VERTEX_POINT('',#6316);
#6316 = CARTESIAN_POINT('',(151.522,-152.202,1.51));
#6317 = CIRCLE('',#6318,0.5);
#6318 = AXIS2_PLACEMENT_3D('',#6319,#6320,#6321);
#6319 = CARTESIAN_POINT('',(151.522,-151.702,1.51));
#6320 = DIRECTION('',(-0.,0.,-1.));
#6321 = DIRECTION('',(-0.,-1.,0.));
#6322 = FACE_BOUND('',#6323,.T.);
#6323 = EDGE_LOOP('',(#6324));
#6324 = ORIENTED_EDGE('',*,*,#6325,.T.);
#6325 = EDGE_CURVE('',#6326,#6326,#6328,.T.);
#6326 = VERTEX_POINT('',#6327);
#6327 = CARTESIAN_POINT('',(170.83575,-173.33108,1.51));
#6328 = CIRCLE('',#6329,2.5);
#6329 = AXIS2_PLACEMENT_3D('',#6330,#6331,#6332);
#6330 = CARTESIAN_POINT('',(170.83575,-170.83108,1.51));
#6331 = DIRECTION('',(-0.,0.,-1.));
#6332 = DIRECTION('',(-0.,-1.,0.));
#6333 = FACE_BOUND('',#6334,.T.);
#6334 = EDGE_LOOP('',(#6335));
#6335 = ORIENTED_EDGE('',*,*,#6336,.T.);
#6336 = EDGE_CURVE('',#6337,#6337,#6339,.T.);
#6337 = VERTEX_POINT('',#6338);
#6338 = CARTESIAN_POINT('',(165.035549,-170.002953,1.51));
#6339 = CIRCLE('',#6340,1.5);
#6340 = AXIS2_PLACEMENT_3D('',#6341,#6342,#6343);
#6341 = CARTESIAN_POINT('',(165.035549,-168.502953,1.51));
#6342 = DIRECTION('',(-0.,0.,-1.));
#6343 = DIRECTION('',(-0.,-1.,0.));
#6344 = FACE_BOUND('',#6345,.T.);
#6345 = EDGE_LOOP('',(#6346,#6357,#6366));
#6346 = ORIENTED_EDGE('',*,*,#6347,.T.);
#6347 = EDGE_CURVE('',#6348,#6350,#6352,.T.);
#6348 = VERTEX_POINT('',#6349);
#6349 = CARTESIAN_POINT('',(176.18529294449,-170.356856111,1.51));
#6350 = VERTEX_POINT('',#6351);
#6351 = CARTESIAN_POINT('',(175.742653,-170.466279,1.51));
#6352 = CIRCLE('',#6353,0.95);
#6353 = AXIS2_PLACEMENT_3D('',#6354,#6355,#6356);
#6354 = CARTESIAN_POINT('',(175.742653,-169.516279,1.51));
#6355 = DIRECTION('',(-0.,0.,-1.));
#6356 = DIRECTION('',(-2.991758887411E-14,-1.,0.));
#6357 = ORIENTED_EDGE('',*,*,#6358,.T.);
#6358 = EDGE_CURVE('',#6350,#6359,#6361,.T.);
#6359 = VERTEX_POINT('',#6360);
#6360 = CARTESIAN_POINT('',(175.7057020555,-168.566997889,1.51));
#6361 = CIRCLE('',#6362,0.95);
#6362 = AXIS2_PLACEMENT_3D('',#6363,#6364,#6365);
#6363 = CARTESIAN_POINT('',(175.742653,-169.516279,1.51));
#6364 = DIRECTION('',(-0.,0.,-1.));
#6365 = DIRECTION('',(-2.991758887411E-14,-1.,0.));
#6366 = ORIENTED_EDGE('',*,*,#6367,.T.);
#6367 = EDGE_CURVE('',#6359,#6348,#6368,.T.);
#6368 = CIRCLE('',#6369,0.95);
#6369 = AXIS2_PLACEMENT_3D('',#6370,#6371,#6372);
#6370 = CARTESIAN_POINT('',(176.148342,-169.407575,1.51));
#6371 = DIRECTION('',(-0.,0.,-1.));
#6372 = DIRECTION('',(-0.,-1.,0.));
#6373 = FACE_BOUND('',#6374,.T.);
#6374 = EDGE_LOOP('',(#6375));
#6375 = ORIENTED_EDGE('',*,*,#6376,.T.);
#6376 = EDGE_CURVE('',#6377,#6377,#6379,.T.);
#6377 = VERTEX_POINT('',#6378);
#6378 = CARTESIAN_POINT('',(174.694808,-167.414763,1.51));
#6379 = CIRCLE('',#6380,1.5);
#6380 = AXIS2_PLACEMENT_3D('',#6381,#6382,#6383);
#6381 = CARTESIAN_POINT('',(174.694808,-165.914763,1.51));
#6382 = DIRECTION('',(-0.,0.,-1.));
#6383 = DIRECTION('',(-0.,-1.,0.));
#6384 = FACE_BOUND('',#6385,.T.);
#6385 = EDGE_LOOP('',(#6386));
#6386 = ORIENTED_EDGE('',*,*,#6387,.T.);
#6387 = EDGE_CURVE('',#6388,#6388,#6390,.T.);
#6388 = VERTEX_POINT('',#6389);
#6389 = CARTESIAN_POINT('',(169.295777,-166.583821,1.51));
#6390 = CIRCLE('',#6391,1.5);
#6391 = AXIS2_PLACEMENT_3D('',#6392,#6393,#6394);
#6392 = CARTESIAN_POINT('',(169.295777,-165.083821,1.51));
#6393 = DIRECTION('',(-0.,0.,-1.));
#6394 = DIRECTION('',(-0.,-1.,0.));
#6395 = FACE_BOUND('',#6396,.T.);
#6396 = EDGE_LOOP('',(#6397,#6408,#6417,#6426));
#6397 = ORIENTED_EDGE('',*,*,#6398,.T.);
#6398 = EDGE_CURVE('',#6399,#6401,#6403,.T.);
#6399 = VERTEX_POINT('',#6400);
#6400 = CARTESIAN_POINT('',(188.34244942492,-171.9762752875,1.51));
#6401 = VERTEX_POINT('',#6402);
#6402 = CARTESIAN_POINT('',(188.14,-171.99,1.51));
#6403 = CIRCLE('',#6404,1.5);
#6404 = AXIS2_PLACEMENT_3D('',#6405,#6406,#6407);
#6405 = CARTESIAN_POINT('',(188.14,-170.49,1.51));
#6406 = DIRECTION('',(-0.,0.,-1.));
#6407 = DIRECTION('',(-0.,-1.,0.));
#6408 = ORIENTED_EDGE('',*,*,#6409,.T.);
#6409 = EDGE_CURVE('',#6401,#6410,#6412,.T.);
#6410 = VERTEX_POINT('',#6411);
#6411 = CARTESIAN_POINT('',(189.20755057507,-171.5437247124,1.51));
#6412 = CIRCLE('',#6413,1.5);
#6413 = AXIS2_PLACEMENT_3D('',#6414,#6415,#6416);
#6414 = CARTESIAN_POINT('',(188.14,-170.49,1.51));
#6415 = DIRECTION('',(-0.,0.,-1.));
#6416 = DIRECTION('',(-0.,-1.,0.));
#6417 = ORIENTED_EDGE('',*,*,#6418,.T.);
#6418 = EDGE_CURVE('',#6410,#6419,#6421,.T.);
#6419 = VERTEX_POINT('',#6420);
#6420 = CARTESIAN_POINT('',(189.41,-174.53,1.51));
#6421 = CIRCLE('',#6422,1.5);
#6422 = AXIS2_PLACEMENT_3D('',#6423,#6424,#6425);
#6423 = CARTESIAN_POINT('',(189.41,-173.03,1.51));
#6424 = DIRECTION('',(-0.,0.,-1.));
#6425 = DIRECTION('',(-0.,-1.,0.));
#6426 = ORIENTED_EDGE('',*,*,#6427,.T.);
#6427 = EDGE_CURVE('',#6419,#6399,#6428,.T.);
#6428 = CIRCLE('',#6429,1.5);
#6429 = AXIS2_PLACEMENT_3D('',#6430,#6431,#6432);
#6430 = CARTESIAN_POINT('',(189.41,-173.03,1.51));
#6431 = DIRECTION('',(-0.,0.,-1.));
#6432 = DIRECTION('',(-0.,-1.,0.));
#6433 = FACE_BOUND('',#6434,.T.);
#6434 = EDGE_LOOP('',(#6435,#6446,#6455,#6464));
#6435 = ORIENTED_EDGE('',*,*,#6436,.T.);
#6436 = EDGE_CURVE('',#6437,#6439,#6441,.T.);
#6437 = VERTEX_POINT('',#6438);
#6438 = CARTESIAN_POINT('',(186.66,-167.0235012142,1.51));
#6439 = VERTEX_POINT('',#6440);
#6440 = CARTESIAN_POINT('',(186.87,-168.9,1.51));
#6441 = CIRCLE('',#6442,0.95);
#6442 = AXIS2_PLACEMENT_3D('',#6443,#6444,#6445);
#6443 = CARTESIAN_POINT('',(186.87,-167.95,1.51));
#6444 = DIRECTION('',(-0.,0.,-1.));
#6445 = DIRECTION('',(-0.,-1.,0.));
#6446 = ORIENTED_EDGE('',*,*,#6447,.T.);
#6447 = EDGE_CURVE('',#6439,#6448,#6450,.T.);
#6448 = VERTEX_POINT('',#6449);
#6449 = CARTESIAN_POINT('',(186.66,-168.8764987857,1.51));
#6450 = CIRCLE('',#6451,0.95);
#6451 = AXIS2_PLACEMENT_3D('',#6452,#6453,#6454);
#6452 = CARTESIAN_POINT('',(186.87,-167.95,1.51));
#6453 = DIRECTION('',(-0.,0.,-1.));
#6454 = DIRECTION('',(-0.,-1.,0.));
#6455 = ORIENTED_EDGE('',*,*,#6456,.T.);
#6456 = EDGE_CURVE('',#6448,#6457,#6459,.T.);
#6457 = VERTEX_POINT('',#6458);
#6458 = CARTESIAN_POINT('',(186.45,-168.9,1.51));
#6459 = CIRCLE('',#6460,0.95);
#6460 = AXIS2_PLACEMENT_3D('',#6461,#6462,#6463);
#6461 = CARTESIAN_POINT('',(186.45,-167.95,1.51));
#6462 = DIRECTION('',(-0.,0.,-1.));
#6463 = DIRECTION('',(-0.,-1.,0.));
#6464 = ORIENTED_EDGE('',*,*,#6465,.T.);
#6465 = EDGE_CURVE('',#6457,#6437,#6466,.T.);
#6466 = CIRCLE('',#6467,0.95);
#6467 = AXIS2_PLACEMENT_3D('',#6468,#6469,#6470);
#6468 = CARTESIAN_POINT('',(186.45,-167.95,1.51));
#6469 = DIRECTION('',(-0.,0.,-1.));
#6470 = DIRECTION('',(-0.,-1.,0.));
#6471 = FACE_BOUND('',#6472,.T.);
#6472 = EDGE_LOOP('',(#6473,#6484,#6493,#6502));
#6473 = ORIENTED_EDGE('',*,*,#6474,.T.);
#6474 = EDGE_CURVE('',#6475,#6477,#6479,.T.);
#6475 = VERTEX_POINT('',#6476);
#6476 = CARTESIAN_POINT('',(195.55755057507,-171.9762752875,1.51));
#6477 = VERTEX_POINT('',#6478);
#6478 = CARTESIAN_POINT('',(194.49,-174.53,1.51));
#6479 = CIRCLE('',#6480,1.5);
#6480 = AXIS2_PLACEMENT_3D('',#6481,#6482,#6483);
#6481 = CARTESIAN_POINT('',(194.49,-173.03,1.51));
#6482 = DIRECTION('',(-0.,0.,-1.));
#6483 = DIRECTION('',(-0.,-1.,0.));
#6484 = ORIENTED_EDGE('',*,*,#6485,.T.);
#6485 = EDGE_CURVE('',#6477,#6486,#6488,.T.);
#6486 = VERTEX_POINT('',#6487);
#6487 = CARTESIAN_POINT('',(194.69244942492,-171.5437247124,1.51));
#6488 = CIRCLE('',#6489,1.5);
#6489 = AXIS2_PLACEMENT_3D('',#6490,#6491,#6492);
#6490 = CARTESIAN_POINT('',(194.49,-173.03,1.51));
#6491 = DIRECTION('',(-0.,0.,-1.));
#6492 = DIRECTION('',(-0.,-1.,0.));
#6493 = ORIENTED_EDGE('',*,*,#6494,.T.);
#6494 = EDGE_CURVE('',#6486,#6495,#6497,.T.);
#6495 = VERTEX_POINT('',#6496);
#6496 = CARTESIAN_POINT('',(195.76,-171.99,1.51));
#6497 = CIRCLE('',#6498,1.5);
#6498 = AXIS2_PLACEMENT_3D('',#6499,#6500,#6501);
#6499 = CARTESIAN_POINT('',(195.76,-170.49,1.51));
#6500 = DIRECTION('',(-0.,0.,-1.));
#6501 = DIRECTION('',(-0.,-1.,0.));
#6502 = ORIENTED_EDGE('',*,*,#6503,.T.);
#6503 = EDGE_CURVE('',#6495,#6475,#6504,.T.);
#6504 = CIRCLE('',#6505,1.5);
#6505 = AXIS2_PLACEMENT_3D('',#6506,#6507,#6508);
#6506 = CARTESIAN_POINT('',(195.76,-170.49,1.51));
#6507 = DIRECTION('',(-0.,0.,-1.));
#6508 = DIRECTION('',(-0.,-1.,0.));
#6509 = FACE_BOUND('',#6510,.T.);
#6510 = EDGE_LOOP('',(#6511));
#6511 = ORIENTED_EDGE('',*,*,#6512,.T.);
#6512 = EDGE_CURVE('',#6513,#6513,#6515,.T.);
#6513 = VERTEX_POINT('',#6514);
#6514 = CARTESIAN_POINT('',(191.95,-170.45,1.51));
#6515 = CIRCLE('',#6516,2.5);
#6516 = AXIS2_PLACEMENT_3D('',#6517,#6518,#6519);
#6517 = CARTESIAN_POINT('',(191.95,-167.95,1.51));
#6518 = DIRECTION('',(-0.,0.,-1.));
#6519 = DIRECTION('',(-0.,-1.,0.));
#6520 = FACE_BOUND('',#6521,.T.);
#6521 = EDGE_LOOP('',(#6522,#6533,#6542,#6551));
#6522 = ORIENTED_EDGE('',*,*,#6523,.T.);
#6523 = EDGE_CURVE('',#6524,#6526,#6528,.T.);
#6524 = VERTEX_POINT('',#6525);
#6525 = CARTESIAN_POINT('',(197.24,-168.8764987857,1.51));
#6526 = VERTEX_POINT('',#6527);
#6527 = CARTESIAN_POINT('',(197.03,-168.9,1.51));
#6528 = CIRCLE('',#6529,0.95);
#6529 = AXIS2_PLACEMENT_3D('',#6530,#6531,#6532);
#6530 = CARTESIAN_POINT('',(197.03,-167.95,1.51));
#6531 = DIRECTION('',(-0.,0.,-1.));
#6532 = DIRECTION('',(-0.,-1.,0.));
#6533 = ORIENTED_EDGE('',*,*,#6534,.T.);
#6534 = EDGE_CURVE('',#6526,#6535,#6537,.T.);
#6535 = VERTEX_POINT('',#6536);
#6536 = CARTESIAN_POINT('',(197.24,-167.0235012142,1.51));
#6537 = CIRCLE('',#6538,0.95);
#6538 = AXIS2_PLACEMENT_3D('',#6539,#6540,#6541);
#6539 = CARTESIAN_POINT('',(197.03,-167.95,1.51));
#6540 = DIRECTION('',(-0.,0.,-1.));
#6541 = DIRECTION('',(-0.,-1.,0.));
#6542 = ORIENTED_EDGE('',*,*,#6543,.T.);
#6543 = EDGE_CURVE('',#6535,#6544,#6546,.T.);
#6544 = VERTEX_POINT('',#6545);
#6545 = CARTESIAN_POINT('',(197.45,-168.9,1.51));
#6546 = CIRCLE('',#6547,0.95);
#6547 = AXIS2_PLACEMENT_3D('',#6548,#6549,#6550);
#6548 = CARTESIAN_POINT('',(197.45,-167.95,1.51));
#6549 = DIRECTION('',(-0.,0.,-1.));
#6550 = DIRECTION('',(-0.,-1.,0.));
#6551 = ORIENTED_EDGE('',*,*,#6552,.T.);
#6552 = EDGE_CURVE('',#6544,#6524,#6553,.T.);
#6553 = CIRCLE('',#6554,0.95);
#6554 = AXIS2_PLACEMENT_3D('',#6555,#6556,#6557);
#6555 = CARTESIAN_POINT('',(197.45,-167.95,1.51));
#6556 = DIRECTION('',(-0.,0.,-1.));
#6557 = DIRECTION('',(-0.,-1.,0.));
#6558 = FACE_BOUND('',#6559,.T.);
#6559 = EDGE_LOOP('',(#6560));
#6560 = ORIENTED_EDGE('',*,*,#6561,.T.);
#6561 = EDGE_CURVE('',#6562,#6562,#6564,.T.);
#6562 = VERTEX_POINT('',#6563);
#6563 = CARTESIAN_POINT('',(186.95,-165.7,1.51));
#6564 = CIRCLE('',#6565,1.5);
#6565 = AXIS2_PLACEMENT_3D('',#6566,#6567,#6568);
#6566 = CARTESIAN_POINT('',(186.95,-164.2,1.51));
#6567 = DIRECTION('',(-0.,0.,-1.));
#6568 = DIRECTION('',(-0.,-1.,0.));
#6569 = FACE_BOUND('',#6570,.T.);
#6570 = EDGE_LOOP('',(#6571));
#6571 = ORIENTED_EDGE('',*,*,#6572,.T.);
#6572 = EDGE_CURVE('',#6573,#6573,#6575,.T.);
#6573 = VERTEX_POINT('',#6574);
#6574 = CARTESIAN_POINT('',(196.95,-165.7,1.51));
#6575 = CIRCLE('',#6576,1.5);
#6576 = AXIS2_PLACEMENT_3D('',#6577,#6578,#6579);
#6577 = CARTESIAN_POINT('',(196.95,-164.2,1.51));
#6578 = DIRECTION('',(-0.,0.,-1.));
#6579 = DIRECTION('',(-0.,-1.,0.));
#6580 = FACE_BOUND('',#6581,.T.);
#6581 = EDGE_LOOP('',(#6582));
#6582 = ORIENTED_EDGE('',*,*,#6583,.T.);
#6583 = EDGE_CURVE('',#6584,#6584,#6586,.T.);
#6584 = VERTEX_POINT('',#6585);
#6585 = CARTESIAN_POINT('',(191.95,-163.5,1.51));
#6586 = CIRCLE('',#6587,1.5);
#6587 = AXIS2_PLACEMENT_3D('',#6588,#6589,#6590);
#6588 = CARTESIAN_POINT('',(191.95,-162.,1.51));
#6589 = DIRECTION('',(-0.,0.,-1.));
#6590 = DIRECTION('',(-0.,-1.,0.));
#6591 = FACE_BOUND('',#6592,.T.);
#6592 = EDGE_LOOP('',(#6593,#6604,#6613,#6622));
#6593 = ORIENTED_EDGE('',*,*,#6594,.T.);
#6594 = EDGE_CURVE('',#6595,#6597,#6599,.T.);
#6595 = VERTEX_POINT('',#6596);
#6596 = CARTESIAN_POINT('',(166.39244942492,-154.0262752875,1.51));
#6597 = VERTEX_POINT('',#6598);
#6598 = CARTESIAN_POINT('',(166.19,-154.04,1.51));
#6599 = CIRCLE('',#6600,1.5);
#6600 = AXIS2_PLACEMENT_3D('',#6601,#6602,#6603);
#6601 = CARTESIAN_POINT('',(166.19,-152.54,1.51));
#6602 = DIRECTION('',(-0.,0.,-1.));
#6603 = DIRECTION('',(-0.,-1.,0.));
#6604 = ORIENTED_EDGE('',*,*,#6605,.T.);
#6605 = EDGE_CURVE('',#6597,#6606,#6608,.T.);
#6606 = VERTEX_POINT('',#6607);
#6607 = CARTESIAN_POINT('',(167.25755057507,-153.5937247124,1.51));
#6608 = CIRCLE('',#6609,1.5);
#6609 = AXIS2_PLACEMENT_3D('',#6610,#6611,#6612);
#6610 = CARTESIAN_POINT('',(166.19,-152.54,1.51));
#6611 = DIRECTION('',(-0.,0.,-1.));
#6612 = DIRECTION('',(-0.,-1.,0.));
#6613 = ORIENTED_EDGE('',*,*,#6614,.T.);
#6614 = EDGE_CURVE('',#6606,#6615,#6617,.T.);
#6615 = VERTEX_POINT('',#6616);
#6616 = CARTESIAN_POINT('',(167.46,-156.58,1.51));
#6617 = CIRCLE('',#6618,1.5);
#6618 = AXIS2_PLACEMENT_3D('',#6619,#6620,#6621);
#6619 = CARTESIAN_POINT('',(167.46,-155.08,1.51));
#6620 = DIRECTION('',(-0.,0.,-1.));
#6621 = DIRECTION('',(-0.,-1.,0.));
#6622 = ORIENTED_EDGE('',*,*,#6623,.T.);
#6623 = EDGE_CURVE('',#6615,#6595,#6624,.T.);
#6624 = CIRCLE('',#6625,1.5);
#6625 = AXIS2_PLACEMENT_3D('',#6626,#6627,#6628);
#6626 = CARTESIAN_POINT('',(167.46,-155.08,1.51));
#6627 = DIRECTION('',(-0.,0.,-1.));
#6628 = DIRECTION('',(-0.,-1.,0.));
#6629 = FACE_BOUND('',#6630,.T.);
#6630 = EDGE_LOOP('',(#6631,#6642,#6651,#6660));
#6631 = ORIENTED_EDGE('',*,*,#6632,.T.);
#6632 = EDGE_CURVE('',#6633,#6635,#6637,.T.);
#6633 = VERTEX_POINT('',#6634);
#6634 = CARTESIAN_POINT('',(173.60755057507,-154.0262752875,1.51));
#6635 = VERTEX_POINT('',#6636);
#6636 = CARTESIAN_POINT('',(172.54,-156.58,1.51));
#6637 = CIRCLE('',#6638,1.5);
#6638 = AXIS2_PLACEMENT_3D('',#6639,#6640,#6641);
#6639 = CARTESIAN_POINT('',(172.54,-155.08,1.51));
#6640 = DIRECTION('',(-0.,0.,-1.));
#6641 = DIRECTION('',(-0.,-1.,0.));
#6642 = ORIENTED_EDGE('',*,*,#6643,.T.);
#6643 = EDGE_CURVE('',#6635,#6644,#6646,.T.);
#6644 = VERTEX_POINT('',#6645);
#6645 = CARTESIAN_POINT('',(172.74244942492,-153.5937247124,1.51));
#6646 = CIRCLE('',#6647,1.5);
#6647 = AXIS2_PLACEMENT_3D('',#6648,#6649,#6650);
#6648 = CARTESIAN_POINT('',(172.54,-155.08,1.51));
#6649 = DIRECTION('',(-0.,0.,-1.));
#6650 = DIRECTION('',(-0.,-1.,0.));
#6651 = ORIENTED_EDGE('',*,*,#6652,.T.);
#6652 = EDGE_CURVE('',#6644,#6653,#6655,.T.);
#6653 = VERTEX_POINT('',#6654);
#6654 = CARTESIAN_POINT('',(173.81,-154.04,1.51));
#6655 = CIRCLE('',#6656,1.5);
#6656 = AXIS2_PLACEMENT_3D('',#6657,#6658,#6659);
#6657 = CARTESIAN_POINT('',(173.81,-152.54,1.51));
#6658 = DIRECTION('',(-0.,0.,-1.));
#6659 = DIRECTION('',(-0.,-1.,0.));
#6660 = ORIENTED_EDGE('',*,*,#6661,.T.);
#6661 = EDGE_CURVE('',#6653,#6633,#6662,.T.);
#6662 = CIRCLE('',#6663,1.5);
#6663 = AXIS2_PLACEMENT_3D('',#6664,#6665,#6666);
#6664 = CARTESIAN_POINT('',(173.81,-152.54,1.51));
#6665 = DIRECTION('',(-0.,0.,-1.));
#6666 = DIRECTION('',(-0.,-1.,0.));
#6667 = FACE_BOUND('',#6668,.T.);
#6668 = EDGE_LOOP('',(#6669,#6680,#6689,#6698));
#6669 = ORIENTED_EDGE('',*,*,#6670,.T.);
#6670 = EDGE_CURVE('',#6671,#6673,#6675,.T.);
#6671 = VERTEX_POINT('',#6672);
#6672 = CARTESIAN_POINT('',(164.71,-149.0735012142,1.51));
#6673 = VERTEX_POINT('',#6674);
#6674 = CARTESIAN_POINT('',(164.92,-150.95,1.51));
#6675 = CIRCLE('',#6676,0.95);
#6676 = AXIS2_PLACEMENT_3D('',#6677,#6678,#6679);
#6677 = CARTESIAN_POINT('',(164.92,-150.,1.51));
#6678 = DIRECTION('',(-0.,0.,-1.));
#6679 = DIRECTION('',(-2.991758887411E-14,-1.,0.));
#6680 = ORIENTED_EDGE('',*,*,#6681,.T.);
#6681 = EDGE_CURVE('',#6673,#6682,#6684,.T.);
#6682 = VERTEX_POINT('',#6683);
#6683 = CARTESIAN_POINT('',(164.71,-150.9264987857,1.51));
#6684 = CIRCLE('',#6685,0.95);
#6685 = AXIS2_PLACEMENT_3D('',#6686,#6687,#6688);
#6686 = CARTESIAN_POINT('',(164.92,-150.,1.51));
#6687 = DIRECTION('',(-0.,0.,-1.));
#6688 = DIRECTION('',(-2.991758887411E-14,-1.,0.));
#6689 = ORIENTED_EDGE('',*,*,#6690,.T.);
#6690 = EDGE_CURVE('',#6682,#6691,#6693,.T.);
#6691 = VERTEX_POINT('',#6692);
#6692 = CARTESIAN_POINT('',(164.5,-150.95,1.51));
#6693 = CIRCLE('',#6694,0.95);
#6694 = AXIS2_PLACEMENT_3D('',#6695,#6696,#6697);
#6695 = CARTESIAN_POINT('',(164.5,-150.,1.51));
#6696 = DIRECTION('',(-0.,0.,-1.));
#6697 = DIRECTION('',(-0.,-1.,0.));
#6698 = ORIENTED_EDGE('',*,*,#6699,.T.);
#6699 = EDGE_CURVE('',#6691,#6671,#6700,.T.);
#6700 = CIRCLE('',#6701,0.95);
#6701 = AXIS2_PLACEMENT_3D('',#6702,#6703,#6704);
#6702 = CARTESIAN_POINT('',(164.5,-150.,1.51));
#6703 = DIRECTION('',(-0.,0.,-1.));
#6704 = DIRECTION('',(-0.,-1.,0.));
#6705 = FACE_BOUND('',#6706,.T.);
#6706 = EDGE_LOOP('',(#6707));
#6707 = ORIENTED_EDGE('',*,*,#6708,.T.);
#6708 = EDGE_CURVE('',#6709,#6709,#6711,.T.);
#6709 = VERTEX_POINT('',#6710);
#6710 = CARTESIAN_POINT('',(170.,-152.5,1.51));
#6711 = CIRCLE('',#6712,2.5);
#6712 = AXIS2_PLACEMENT_3D('',#6713,#6714,#6715);
#6713 = CARTESIAN_POINT('',(170.,-150.,1.51));
#6714 = DIRECTION('',(-0.,0.,-1.));
#6715 = DIRECTION('',(-0.,-1.,0.));
#6716 = FACE_BOUND('',#6717,.T.);
#6717 = EDGE_LOOP('',(#6718));
#6718 = ORIENTED_EDGE('',*,*,#6719,.T.);
#6719 = EDGE_CURVE('',#6720,#6720,#6722,.T.);
#6720 = VERTEX_POINT('',#6721);
#6721 = CARTESIAN_POINT('',(165.,-147.75,1.51));
#6722 = CIRCLE('',#6723,1.5);
#6723 = AXIS2_PLACEMENT_3D('',#6724,#6725,#6726);
#6724 = CARTESIAN_POINT('',(165.,-146.25,1.51));
#6725 = DIRECTION('',(-0.,0.,-1.));
#6726 = DIRECTION('',(-0.,-1.,0.));
#6727 = FACE_BOUND('',#6728,.T.);
#6728 = EDGE_LOOP('',(#6729,#6740,#6749,#6758));
#6729 = ORIENTED_EDGE('',*,*,#6730,.T.);
#6730 = EDGE_CURVE('',#6731,#6733,#6735,.T.);
#6731 = VERTEX_POINT('',#6732);
#6732 = CARTESIAN_POINT('',(175.29,-150.9264987857,1.51));
#6733 = VERTEX_POINT('',#6734);
#6734 = CARTESIAN_POINT('',(175.08,-150.95,1.51));
#6735 = CIRCLE('',#6736,0.95);
#6736 = AXIS2_PLACEMENT_3D('',#6737,#6738,#6739);
#6737 = CARTESIAN_POINT('',(175.08,-150.,1.51));
#6738 = DIRECTION('',(-0.,0.,-1.));
#6739 = DIRECTION('',(2.991758887411E-14,-1.,-0.));
#6740 = ORIENTED_EDGE('',*,*,#6741,.T.);
#6741 = EDGE_CURVE('',#6733,#6742,#6744,.T.);
#6742 = VERTEX_POINT('',#6743);
#6743 = CARTESIAN_POINT('',(175.29,-149.0735012142,1.51));
#6744 = CIRCLE('',#6745,0.95);
#6745 = AXIS2_PLACEMENT_3D('',#6746,#6747,#6748);
#6746 = CARTESIAN_POINT('',(175.08,-150.,1.51));
#6747 = DIRECTION('',(-0.,0.,-1.));
#6748 = DIRECTION('',(2.991758887411E-14,-1.,-0.));
#6749 = ORIENTED_EDGE('',*,*,#6750,.T.);
#6750 = EDGE_CURVE('',#6742,#6751,#6753,.T.);
#6751 = VERTEX_POINT('',#6752);
#6752 = CARTESIAN_POINT('',(175.5,-150.95,1.51));
#6753 = CIRCLE('',#6754,0.95);
#6754 = AXIS2_PLACEMENT_3D('',#6755,#6756,#6757);
#6755 = CARTESIAN_POINT('',(175.5,-150.,1.51));
#6756 = DIRECTION('',(-0.,0.,-1.));
#6757 = DIRECTION('',(-0.,-1.,0.));
#6758 = ORIENTED_EDGE('',*,*,#6759,.T.);
#6759 = EDGE_CURVE('',#6751,#6731,#6760,.T.);
#6760 = CIRCLE('',#6761,0.95);
#6761 = AXIS2_PLACEMENT_3D('',#6762,#6763,#6764);
#6762 = CARTESIAN_POINT('',(175.5,-150.,1.51));
#6763 = DIRECTION('',(-0.,0.,-1.));
#6764 = DIRECTION('',(-0.,-1.,0.));
#6765 = FACE_BOUND('',#6766,.T.);
#6766 = EDGE_LOOP('',(#6767));
#6767 = ORIENTED_EDGE('',*,*,#6768,.T.);
#6768 = EDGE_CURVE('',#6769,#6769,#6771,.T.);
#6769 = VERTEX_POINT('',#6770);
#6770 = CARTESIAN_POINT('',(175.,-147.75,1.51));
#6771 = CIRCLE('',#6772,1.5);
#6772 = AXIS2_PLACEMENT_3D('',#6773,#6774,#6775);
#6773 = CARTESIAN_POINT('',(175.,-146.25,1.51));
#6774 = DIRECTION('',(-0.,0.,-1.));
#6775 = DIRECTION('',(-0.,-1.,0.));
#6776 = FACE_BOUND('',#6777,.T.);
#6777 = EDGE_LOOP('',(#6778,#6789,#6798,#6807));
#6778 = ORIENTED_EDGE('',*,*,#6779,.T.);
#6779 = EDGE_CURVE('',#6780,#6782,#6784,.T.);
#6780 = VERTEX_POINT('',#6781);
#6781 = CARTESIAN_POINT('',(185.39244942492,-150.0262752875,1.51));
#6782 = VERTEX_POINT('',#6783);
#6783 = CARTESIAN_POINT('',(185.19,-150.04,1.51));
#6784 = CIRCLE('',#6785,1.5);
#6785 = AXIS2_PLACEMENT_3D('',#6786,#6787,#6788);
#6786 = CARTESIAN_POINT('',(185.19,-148.54,1.51));
#6787 = DIRECTION('',(-0.,0.,-1.));
#6788 = DIRECTION('',(-0.,-1.,0.));
#6789 = ORIENTED_EDGE('',*,*,#6790,.T.);
#6790 = EDGE_CURVE('',#6782,#6791,#6793,.T.);
#6791 = VERTEX_POINT('',#6792);
#6792 = CARTESIAN_POINT('',(186.25755057507,-149.5937247124,1.51));
#6793 = CIRCLE('',#6794,1.5);
#6794 = AXIS2_PLACEMENT_3D('',#6795,#6796,#6797);
#6795 = CARTESIAN_POINT('',(185.19,-148.54,1.51));
#6796 = DIRECTION('',(-0.,0.,-1.));
#6797 = DIRECTION('',(-0.,-1.,0.));
#6798 = ORIENTED_EDGE('',*,*,#6799,.T.);
#6799 = EDGE_CURVE('',#6791,#6800,#6802,.T.);
#6800 = VERTEX_POINT('',#6801);
#6801 = CARTESIAN_POINT('',(186.46,-152.58,1.51));
#6802 = CIRCLE('',#6803,1.5);
#6803 = AXIS2_PLACEMENT_3D('',#6804,#6805,#6806);
#6804 = CARTESIAN_POINT('',(186.46,-151.08,1.51));
#6805 = DIRECTION('',(-0.,0.,-1.));
#6806 = DIRECTION('',(-0.,-1.,0.));
#6807 = ORIENTED_EDGE('',*,*,#6808,.T.);
#6808 = EDGE_CURVE('',#6800,#6780,#6809,.T.);
#6809 = CIRCLE('',#6810,1.5);
#6810 = AXIS2_PLACEMENT_3D('',#6811,#6812,#6813);
#6811 = CARTESIAN_POINT('',(186.46,-151.08,1.51));
#6812 = DIRECTION('',(-0.,0.,-1.));
#6813 = DIRECTION('',(-0.,-1.,0.));
#6814 = FACE_BOUND('',#6815,.T.);
#6815 = EDGE_LOOP('',(#6816,#6827,#6836,#6845));
#6816 = ORIENTED_EDGE('',*,*,#6817,.T.);
#6817 = EDGE_CURVE('',#6818,#6820,#6822,.T.);
#6818 = VERTEX_POINT('',#6819);
#6819 = CARTESIAN_POINT('',(183.71,-146.9264987857,1.51));
#6820 = VERTEX_POINT('',#6821);
#6821 = CARTESIAN_POINT('',(183.5,-146.95,1.51));
#6822 = CIRCLE('',#6823,0.95);
#6823 = AXIS2_PLACEMENT_3D('',#6824,#6825,#6826);
#6824 = CARTESIAN_POINT('',(183.5,-146.,1.51));
#6825 = DIRECTION('',(-0.,0.,-1.));
#6826 = DIRECTION('',(-0.,-1.,0.));
#6827 = ORIENTED_EDGE('',*,*,#6828,.T.);
#6828 = EDGE_CURVE('',#6820,#6829,#6831,.T.);
#6829 = VERTEX_POINT('',#6830);
#6830 = CARTESIAN_POINT('',(183.71,-145.0735012142,1.51));
#6831 = CIRCLE('',#6832,0.95);
#6832 = AXIS2_PLACEMENT_3D('',#6833,#6834,#6835);
#6833 = CARTESIAN_POINT('',(183.5,-146.,1.51));
#6834 = DIRECTION('',(-0.,0.,-1.));
#6835 = DIRECTION('',(-0.,-1.,0.));
#6836 = ORIENTED_EDGE('',*,*,#6837,.T.);
#6837 = EDGE_CURVE('',#6829,#6838,#6840,.T.);
#6838 = VERTEX_POINT('',#6839);
#6839 = CARTESIAN_POINT('',(183.92,-146.95,1.51));
#6840 = CIRCLE('',#6841,0.95);
#6841 = AXIS2_PLACEMENT_3D('',#6842,#6843,#6844);
#6842 = CARTESIAN_POINT('',(183.92,-146.,1.51));
#6843 = DIRECTION('',(-0.,0.,-1.));
#6844 = DIRECTION('',(-2.991758887411E-14,-1.,0.));
#6845 = ORIENTED_EDGE('',*,*,#6846,.T.);
#6846 = EDGE_CURVE('',#6838,#6818,#6847,.T.);
#6847 = CIRCLE('',#6848,0.95);
#6848 = AXIS2_PLACEMENT_3D('',#6849,#6850,#6851);
#6849 = CARTESIAN_POINT('',(183.92,-146.,1.51));
#6850 = DIRECTION('',(-0.,0.,-1.));
#6851 = DIRECTION('',(-2.991758887411E-14,-1.,0.));
#6852 = FACE_BOUND('',#6853,.T.);
#6853 = EDGE_LOOP('',(#6854));
#6854 = ORIENTED_EDGE('',*,*,#6855,.T.);
#6855 = EDGE_CURVE('',#6856,#6856,#6858,.T.);
#6856 = VERTEX_POINT('',#6857);
#6857 = CARTESIAN_POINT('',(189.,-148.5,1.51));
#6858 = CIRCLE('',#6859,2.5);
#6859 = AXIS2_PLACEMENT_3D('',#6860,#6861,#6862);
#6860 = CARTESIAN_POINT('',(189.,-146.,1.51));
#6861 = DIRECTION('',(-0.,0.,-1.));
#6862 = DIRECTION('',(-0.,-1.,0.));
#6863 = FACE_BOUND('',#6864,.T.);
#6864 = EDGE_LOOP('',(#6865,#6876,#6885,#6894));
#6865 = ORIENTED_EDGE('',*,*,#6866,.T.);
#6866 = EDGE_CURVE('',#6867,#6869,#6871,.T.);
#6867 = VERTEX_POINT('',#6868);
#6868 = CARTESIAN_POINT('',(192.60755057507,-150.0262752875,1.51));
#6869 = VERTEX_POINT('',#6870);
#6870 = CARTESIAN_POINT('',(191.54,-152.58,1.51));
#6871 = CIRCLE('',#6872,1.5);
#6872 = AXIS2_PLACEMENT_3D('',#6873,#6874,#6875);
#6873 = CARTESIAN_POINT('',(191.54,-151.08,1.51));
#6874 = DIRECTION('',(-0.,0.,-1.));
#6875 = DIRECTION('',(-0.,-1.,0.));
#6876 = ORIENTED_EDGE('',*,*,#6877,.T.);
#6877 = EDGE_CURVE('',#6869,#6878,#6880,.T.);
#6878 = VERTEX_POINT('',#6879);
#6879 = CARTESIAN_POINT('',(191.74244942492,-149.5937247124,1.51));
#6880 = CIRCLE('',#6881,1.5);
#6881 = AXIS2_PLACEMENT_3D('',#6882,#6883,#6884);
#6882 = CARTESIAN_POINT('',(191.54,-151.08,1.51));
#6883 = DIRECTION('',(-0.,0.,-1.));
#6884 = DIRECTION('',(-0.,-1.,0.));
#6885 = ORIENTED_EDGE('',*,*,#6886,.T.);
#6886 = EDGE_CURVE('',#6878,#6887,#6889,.T.);
#6887 = VERTEX_POINT('',#6888);
#6888 = CARTESIAN_POINT('',(192.81,-150.04,1.51));
#6889 = CIRCLE('',#6890,1.5);
#6890 = AXIS2_PLACEMENT_3D('',#6891,#6892,#6893);
#6891 = CARTESIAN_POINT('',(192.81,-148.54,1.51));
#6892 = DIRECTION('',(-0.,0.,-1.));
#6893 = DIRECTION('',(-0.,-1.,0.));
#6894 = ORIENTED_EDGE('',*,*,#6895,.T.);
#6895 = EDGE_CURVE('',#6887,#6867,#6896,.T.);
#6896 = CIRCLE('',#6897,1.5);
#6897 = AXIS2_PLACEMENT_3D('',#6898,#6899,#6900);
#6898 = CARTESIAN_POINT('',(192.81,-148.54,1.51));
#6899 = DIRECTION('',(-0.,0.,-1.));
#6900 = DIRECTION('',(-0.,-1.,0.));
#6901 = FACE_BOUND('',#6902,.T.);
#6902 = EDGE_LOOP('',(#6903,#6914,#6923,#6932));
#6903 = ORIENTED_EDGE('',*,*,#6904,.T.);
#6904 = EDGE_CURVE('',#6905,#6907,#6909,.T.);
#6905 = VERTEX_POINT('',#6906);
#6906 = CARTESIAN_POINT('',(194.29,-145.0735012142,1.51));
#6907 = VERTEX_POINT('',#6908);
#6908 = CARTESIAN_POINT('',(194.5,-146.95,1.51));
#6909 = CIRCLE('',#6910,0.95);
#6910 = AXIS2_PLACEMENT_3D('',#6911,#6912,#6913);
#6911 = CARTESIAN_POINT('',(194.5,-146.,1.51));
#6912 = DIRECTION('',(-0.,0.,-1.));
#6913 = DIRECTION('',(-0.,-1.,0.));
#6914 = ORIENTED_EDGE('',*,*,#6915,.T.);
#6915 = EDGE_CURVE('',#6907,#6916,#6918,.T.);
#6916 = VERTEX_POINT('',#6917);
#6917 = CARTESIAN_POINT('',(194.29,-146.9264987857,1.51));
#6918 = CIRCLE('',#6919,0.95);
#6919 = AXIS2_PLACEMENT_3D('',#6920,#6921,#6922);
#6920 = CARTESIAN_POINT('',(194.5,-146.,1.51));
#6921 = DIRECTION('',(-0.,0.,-1.));
#6922 = DIRECTION('',(-0.,-1.,0.));
#6923 = ORIENTED_EDGE('',*,*,#6924,.T.);
#6924 = EDGE_CURVE('',#6916,#6925,#6927,.T.);
#6925 = VERTEX_POINT('',#6926);
#6926 = CARTESIAN_POINT('',(194.08,-146.95,1.51));
#6927 = CIRCLE('',#6928,0.95);
#6928 = AXIS2_PLACEMENT_3D('',#6929,#6930,#6931);
#6929 = CARTESIAN_POINT('',(194.08,-146.,1.51));
#6930 = DIRECTION('',(-0.,0.,-1.));
#6931 = DIRECTION('',(2.991758887411E-14,-1.,-0.));
#6932 = ORIENTED_EDGE('',*,*,#6933,.T.);
#6933 = EDGE_CURVE('',#6925,#6905,#6934,.T.);
#6934 = CIRCLE('',#6935,0.95);
#6935 = AXIS2_PLACEMENT_3D('',#6936,#6937,#6938);
#6936 = CARTESIAN_POINT('',(194.08,-146.,1.51));
#6937 = DIRECTION('',(-0.,0.,-1.));
#6938 = DIRECTION('',(2.991758887411E-14,-1.,-0.));
#6939 = FACE_BOUND('',#6940,.T.);
#6940 = EDGE_LOOP('',(#6941));
#6941 = ORIENTED_EDGE('',*,*,#6942,.T.);
#6942 = EDGE_CURVE('',#6943,#6943,#6945,.T.);
#6943 = VERTEX_POINT('',#6944);
#6944 = CARTESIAN_POINT('',(216.467728,-161.353861,1.51));
#6945 = CIRCLE('',#6946,1.1);
#6946 = AXIS2_PLACEMENT_3D('',#6947,#6948,#6949);
#6947 = CARTESIAN_POINT('',(216.467728,-160.253861,1.51));
#6948 = DIRECTION('',(-0.,0.,-1.));
#6949 = DIRECTION('',(-0.,-1.,0.));
#6950 = FACE_BOUND('',#6951,.T.);
#6951 = EDGE_LOOP('',(#6952));
#6952 = ORIENTED_EDGE('',*,*,#6953,.T.);
#6953 = EDGE_CURVE('',#6954,#6954,#6956,.T.);
#6954 = VERTEX_POINT('',#6955);
#6955 = CARTESIAN_POINT('',(227.996432,-162.921882,1.51));
#6956 = CIRCLE('',#6957,1.1);
#6957 = AXIS2_PLACEMENT_3D('',#6958,#6959,#6960);
#6958 = CARTESIAN_POINT('',(227.996432,-161.821882,1.51));
#6959 = DIRECTION('',(-0.,0.,-1.));
#6960 = DIRECTION('',(-0.,-1.,0.));
#6961 = FACE_BOUND('',#6962,.T.);
#6962 = EDGE_LOOP('',(#6963,#6974,#6983,#6992));
#6963 = ORIENTED_EDGE('',*,*,#6964,.T.);
#6964 = EDGE_CURVE('',#6965,#6967,#6969,.T.);
#6965 = VERTEX_POINT('',#6966);
#6966 = CARTESIAN_POINT('',(223.12037730892,-151.0648181923,1.51));
#6967 = VERTEX_POINT('',#6968);
#6968 = CARTESIAN_POINT('',(223.022102,-151.068041,1.51));
#6969 = CIRCLE('',#6970,1.5);
#6970 = AXIS2_PLACEMENT_3D('',#6971,#6972,#6973);
#6971 = CARTESIAN_POINT('',(223.022102,-149.568041,1.51));
#6972 = DIRECTION('',(-0.,0.,-1.));
#6973 = DIRECTION('',(-0.,-1.,0.));
#6974 = ORIENTED_EDGE('',*,*,#6975,.T.);
#6975 = EDGE_CURVE('',#6967,#6976,#6978,.T.);
#6976 = VERTEX_POINT('',#6977);
#6977 = CARTESIAN_POINT('',(224.01354869107,-150.6936668076,1.51));
#6978 = CIRCLE('',#6979,1.5);
#6979 = AXIS2_PLACEMENT_3D('',#6980,#6981,#6982);
#6980 = CARTESIAN_POINT('',(223.022102,-149.568041,1.51));
#6981 = DIRECTION('',(-0.,0.,-1.));
#6982 = DIRECTION('',(-0.,-1.,0.));
#6983 = ORIENTED_EDGE('',*,*,#6984,.T.);
#6984 = EDGE_CURVE('',#6976,#6985,#6987,.T.);
#6985 = VERTEX_POINT('',#6986);
#6986 = CARTESIAN_POINT('',(224.111824,-153.690444,1.51));
#6987 = CIRCLE('',#6988,1.5);
#6988 = AXIS2_PLACEMENT_3D('',#6989,#6990,#6991);
#6989 = CARTESIAN_POINT('',(224.111824,-152.190444,1.51));
#6990 = DIRECTION('',(-0.,0.,-1.));
#6991 = DIRECTION('',(-0.,-1.,0.));
#6992 = ORIENTED_EDGE('',*,*,#6993,.T.);
#6993 = EDGE_CURVE('',#6985,#6965,#6994,.T.);
#6994 = CIRCLE('',#6995,1.5);
#6995 = AXIS2_PLACEMENT_3D('',#6996,#6997,#6998);
#6996 = CARTESIAN_POINT('',(224.111824,-152.190444,1.51));
#6997 = DIRECTION('',(-0.,0.,-1.));
#6998 = DIRECTION('',(-0.,-1.,0.));
#6999 = FACE_BOUND('',#7000,.T.);
#7000 = EDGE_LOOP('',(#7001,#7012,#7021,#7030));
#7001 = ORIENTED_EDGE('',*,*,#7002,.T.);
#7002 = EDGE_CURVE('',#7003,#7005,#7007,.T.);
#7003 = VERTEX_POINT('',#7004);
#7004 = CARTESIAN_POINT('',(221.78751638902,-146.0067461741,1.51));
#7005 = VERTEX_POINT('',#7006);
#7006 = CARTESIAN_POINT('',(221.932375,-147.895637,1.51));
#7007 = CIRCLE('',#7008,0.95);
#7008 = AXIS2_PLACEMENT_3D('',#7009,#7010,#7011);
#7009 = CARTESIAN_POINT('',(221.932375,-146.945637,1.51));
#7010 = DIRECTION('',(-0.,0.,-1.));
#7011 = DIRECTION('',(2.991758887411E-14,-1.,-0.));
#7012 = ORIENTED_EDGE('',*,*,#7013,.T.);
#7013 = EDGE_CURVE('',#7005,#7014,#7016,.T.);
#7014 = VERTEX_POINT('',#7015);
#7015 = CARTESIAN_POINT('',(221.65825661097,-147.8552298258,1.51));
#7016 = CIRCLE('',#7017,0.95);
#7017 = AXIS2_PLACEMENT_3D('',#7018,#7019,#7020);
#7018 = CARTESIAN_POINT('',(221.932375,-146.945637,1.51));
#7019 = DIRECTION('',(-0.,0.,-1.));
#7020 = DIRECTION('',(2.991758887411E-14,-1.,-0.));
#7021 = ORIENTED_EDGE('',*,*,#7022,.T.);
#7022 = EDGE_CURVE('',#7014,#7023,#7025,.T.);
#7023 = VERTEX_POINT('',#7024);
#7024 = CARTESIAN_POINT('',(221.513398,-147.866339,1.51));
#7025 = CIRCLE('',#7026,0.95);
#7026 = AXIS2_PLACEMENT_3D('',#7027,#7028,#7029);
#7027 = CARTESIAN_POINT('',(221.513398,-146.916339,1.51));
#7028 = DIRECTION('',(-0.,0.,-1.));
#7029 = DIRECTION('',(-0.,-1.,0.));
#7030 = ORIENTED_EDGE('',*,*,#7031,.T.);
#7031 = EDGE_CURVE('',#7023,#7003,#7032,.T.);
#7032 = CIRCLE('',#7033,0.95);
#7033 = AXIS2_PLACEMENT_3D('',#7034,#7035,#7036);
#7034 = CARTESIAN_POINT('',(221.513398,-146.916339,1.51));
#7035 = DIRECTION('',(-0.,0.,-1.));
#7036 = DIRECTION('',(-0.,-1.,0.));
#7037 = FACE_BOUND('',#7038,.T.);
#7038 = EDGE_LOOP('',(#7039));
#7039 = ORIENTED_EDGE('',*,*,#7040,.T.);
#7040 = EDGE_CURVE('',#7041,#7041,#7043,.T.);
#7041 = VERTEX_POINT('',#7042);
#7042 = CARTESIAN_POINT('',(227.,-149.8,1.51));
#7043 = CIRCLE('',#7044,2.5);
#7044 = AXIS2_PLACEMENT_3D('',#7045,#7046,#7047);
#7045 = CARTESIAN_POINT('',(227.,-147.3,1.51));
#7046 = DIRECTION('',(-0.,0.,-1.));
#7047 = DIRECTION('',(-0.,-1.,0.));
#7048 = FACE_BOUND('',#7049,.T.);
#7049 = EDGE_LOOP('',(#7050,#7061,#7070,#7079));
#7050 = ORIENTED_EDGE('',*,*,#7051,.T.);
#7051 = EDGE_CURVE('',#7052,#7054,#7056,.T.);
#7052 = VERTEX_POINT('',#7053);
#7053 = CARTESIAN_POINT('',(230.31790411399,-151.5681175763,1.51));
#7054 = VERTEX_POINT('',#7055);
#7055 = CARTESIAN_POINT('',(229.17945,-154.044807,1.51));
#7056 = CIRCLE('',#7057,1.5);
#7057 = AXIS2_PLACEMENT_3D('',#7058,#7059,#7060);
#7058 = CARTESIAN_POINT('',(229.17945,-152.544807,1.51));
#7059 = DIRECTION('',(-0.,0.,-1.));
#7060 = DIRECTION('',(-0.,-1.,0.));
#7061 = ORIENTED_EDGE('',*,*,#7062,.T.);
#7062 = EDGE_CURVE('',#7054,#7063,#7065,.T.);
#7063 = VERTEX_POINT('',#7064);
#7064 = CARTESIAN_POINT('',(229.485083886,-151.0762744236,1.51));
#7065 = CIRCLE('',#7066,1.5);
#7066 = AXIS2_PLACEMENT_3D('',#7067,#7068,#7069);
#7067 = CARTESIAN_POINT('',(229.17945,-152.544807,1.51));
#7068 = DIRECTION('',(-0.,0.,-1.));
#7069 = DIRECTION('',(-0.,-1.,0.));
#7070 = ORIENTED_EDGE('',*,*,#7071,.T.);
#7071 = EDGE_CURVE('',#7063,#7072,#7074,.T.);
#7072 = VERTEX_POINT('',#7073);
#7073 = CARTESIAN_POINT('',(230.623538,-151.599585,1.51));
#7074 = CIRCLE('',#7075,1.5);
#7075 = AXIS2_PLACEMENT_3D('',#7076,#7077,#7078);
#7076 = CARTESIAN_POINT('',(230.623538,-150.099585,1.51));
#7077 = DIRECTION('',(-0.,0.,-1.));
#7078 = DIRECTION('',(-0.,-1.,0.));
#7079 = ORIENTED_EDGE('',*,*,#7080,.T.);
#7080 = EDGE_CURVE('',#7072,#7052,#7081,.T.);
#7081 = CIRCLE('',#7082,1.5);
#7082 = AXIS2_PLACEMENT_3D('',#7083,#7084,#7085);
#7083 = CARTESIAN_POINT('',(230.623538,-150.099585,1.51));
#7084 = DIRECTION('',(-0.,0.,-1.));
#7085 = DIRECTION('',(-0.,-1.,0.));
#7086 = FACE_BOUND('',#7087,.T.);
#7087 = EDGE_LOOP('',(#7088,#7099,#7108,#7117));
#7088 = ORIENTED_EDGE('',*,*,#7089,.T.);
#7089 = EDGE_CURVE('',#7090,#7092,#7094,.T.);
#7090 = VERTEX_POINT('',#7091);
#7091 = CARTESIAN_POINT('',(232.21248361097,-148.5932538258,1.51));
#7092 = VERTEX_POINT('',#7093);
#7093 = CARTESIAN_POINT('',(232.067625,-148.604363,1.51));
#7094 = CIRCLE('',#7095,0.95);
#7095 = AXIS2_PLACEMENT_3D('',#7096,#7097,#7098);
#7096 = CARTESIAN_POINT('',(232.067625,-147.654363,1.51));
#7097 = DIRECTION('',(-0.,0.,-1.));
#7098 = DIRECTION('',(-2.991758887411E-14,-1.,0.));
#7099 = ORIENTED_EDGE('',*,*,#7100,.T.);
#7100 = EDGE_CURVE('',#7092,#7101,#7103,.T.);
#7101 = VERTEX_POINT('',#7102);
#7102 = CARTESIAN_POINT('',(232.34174338902,-146.7447701741,1.51));
#7103 = CIRCLE('',#7104,0.95);
#7104 = AXIS2_PLACEMENT_3D('',#7105,#7106,#7107);
#7105 = CARTESIAN_POINT('',(232.067625,-147.654363,1.51));
#7106 = DIRECTION('',(-0.,0.,-1.));
#7107 = DIRECTION('',(-2.991758887411E-14,-1.,0.));
#7108 = ORIENTED_EDGE('',*,*,#7109,.T.);
#7109 = EDGE_CURVE('',#7101,#7110,#7112,.T.);
#7110 = VERTEX_POINT('',#7111);
#7111 = CARTESIAN_POINT('',(232.486602,-148.633661,1.51));
#7112 = CIRCLE('',#7113,0.95);
#7113 = AXIS2_PLACEMENT_3D('',#7114,#7115,#7116);
#7114 = CARTESIAN_POINT('',(232.486602,-147.683661,1.51));
#7115 = DIRECTION('',(-0.,0.,-1.));
#7116 = DIRECTION('',(-0.,-1.,0.));
#7117 = ORIENTED_EDGE('',*,*,#7118,.T.);
#7118 = EDGE_CURVE('',#7110,#7090,#7119,.T.);
#7119 = CIRCLE('',#7120,0.95);
#7120 = AXIS2_PLACEMENT_3D('',#7121,#7122,#7123);
#7121 = CARTESIAN_POINT('',(232.486602,-147.683661,1.51));
#7122 = DIRECTION('',(-0.,0.,-1.));
#7123 = DIRECTION('',(-0.,-1.,0.));
#7124 = FACE_BOUND('',#7125,.T.);
#7125 = EDGE_LOOP('',(#7126,#7137,#7146,#7155));
#7126 = ORIENTED_EDGE('',*,*,#7127,.T.);
#7127 = EDGE_CURVE('',#7128,#7130,#7132,.T.);
#7128 = VERTEX_POINT('',#7129);
#7129 = CARTESIAN_POINT('',(247.74158108385,-165.936577402,1.51));
#7130 = VERTEX_POINT('',#7131);
#7131 = CARTESIAN_POINT('',(246.507272,-168.288916,1.51));
#7132 = CIRCLE('',#7133,1.5);
#7133 = AXIS2_PLACEMENT_3D('',#7134,#7135,#7136);
#7134 = CARTESIAN_POINT('',(246.507272,-166.788916,1.51));
#7135 = DIRECTION('',(-0.,0.,-1.));
#7136 = DIRECTION('',(-0.,-1.,0.));
#7137 = ORIENTED_EDGE('',*,*,#7138,.T.);
#7138 = EDGE_CURVE('',#7130,#7139,#7141,.T.);
#7139 = VERTEX_POINT('',#7140);
#7140 = CARTESIAN_POINT('',(246.96473491614,-165.3603755979,1.51));
#7141 = CIRCLE('',#7142,1.5);
#7142 = AXIS2_PLACEMENT_3D('',#7143,#7144,#7145);
#7143 = CARTESIAN_POINT('',(246.507272,-166.788916,1.51));
#7144 = DIRECTION('',(-0.,0.,-1.));
#7145 = DIRECTION('',(-0.,-1.,0.));
#7146 = ORIENTED_EDGE('',*,*,#7147,.T.);
#7147 = EDGE_CURVE('',#7139,#7148,#7150,.T.);
#7148 = VERTEX_POINT('',#7149);
#7149 = CARTESIAN_POINT('',(248.199044,-166.008037,1.51));
#7150 = CIRCLE('',#7151,1.5);
#7151 = AXIS2_PLACEMENT_3D('',#7152,#7153,#7154);
#7152 = CARTESIAN_POINT('',(248.199044,-164.508037,1.51));
#7153 = DIRECTION('',(-0.,0.,-1.));
#7154 = DIRECTION('',(-0.,-1.,0.));
#7155 = ORIENTED_EDGE('',*,*,#7156,.T.);
#7156 = EDGE_CURVE('',#7148,#7128,#7157,.T.);
#7157 = CIRCLE('',#7158,1.5);
#7158 = AXIS2_PLACEMENT_3D('',#7159,#7160,#7161);
#7159 = CARTESIAN_POINT('',(248.199044,-164.508037,1.51));
#7160 = DIRECTION('',(-0.,0.,-1.));
#7161 = DIRECTION('',(-0.,-1.,0.));
#7162 = FACE_BOUND('',#7163,.T.);
#7163 = EDGE_LOOP('',(#7164,#7175,#7184));
#7164 = ORIENTED_EDGE('',*,*,#7165,.T.);
#7165 = EDGE_CURVE('',#7166,#7168,#7170,.T.);
#7166 = VERTEX_POINT('',#7167);
#7167 = CARTESIAN_POINT('',(241.504449,-167.406783,1.51));
#7168 = VERTEX_POINT('',#7169);
#7169 = CARTESIAN_POINT('',(240.63609442803,-164.6836884258,1.51));
#7170 = CIRCLE('',#7171,1.5);
#7171 = AXIS2_PLACEMENT_3D('',#7172,#7173,#7174);
#7172 = CARTESIAN_POINT('',(241.504449,-165.906783,1.51));
#7173 = DIRECTION('',(-0.,0.,-1.));
#7174 = DIRECTION('',(-0.,-1.,0.));
#7175 = ORIENTED_EDGE('',*,*,#7176,.T.);
#7176 = EDGE_CURVE('',#7168,#7177,#7179,.T.);
#7177 = VERTEX_POINT('',#7178);
#7178 = CARTESIAN_POINT('',(241.56316357196,-164.4079325741,1.51));
#7179 = CIRCLE('',#7180,1.5);
#7180 = AXIS2_PLACEMENT_3D('',#7181,#7182,#7183);
#7181 = CARTESIAN_POINT('',(240.694809,-163.184838,1.51));
#7182 = DIRECTION('',(-0.,0.,-1.));
#7183 = DIRECTION('',(-0.,-1.,0.));
#7184 = ORIENTED_EDGE('',*,*,#7185,.T.);
#7185 = EDGE_CURVE('',#7177,#7166,#7186,.T.);
#7186 = CIRCLE('',#7187,1.5);
#7187 = AXIS2_PLACEMENT_3D('',#7188,#7189,#7190);
#7188 = CARTESIAN_POINT('',(241.504449,-165.906783,1.51));
#7189 = DIRECTION('',(-0.,0.,-1.));
#7190 = DIRECTION('',(-0.,-1.,0.));
#7191 = FACE_BOUND('',#7192,.T.);
#7192 = EDGE_LOOP('',(#7193,#7204,#7213,#7222));
#7193 = ORIENTED_EDGE('',*,*,#7194,.T.);
#7194 = EDGE_CURVE('',#7195,#7197,#7199,.T.);
#7195 = VERTEX_POINT('',#7196);
#7196 = CARTESIAN_POINT('',(239.51747597037,-161.3388502481,1.51));
#7197 = VERTEX_POINT('',#7198);
#7198 = CARTESIAN_POINT('',(239.47155,-161.339961,1.51));
#7199 = CIRCLE('',#7200,0.95);
#7200 = AXIS2_PLACEMENT_3D('',#7201,#7202,#7203);
#7201 = CARTESIAN_POINT('',(239.47155,-160.389961,1.51));
#7202 = DIRECTION('',(-0.,0.,-1.));
#7203 = DIRECTION('',(2.991758887411E-14,-1.,-0.));
#7204 = ORIENTED_EDGE('',*,*,#7205,.T.);
#7205 = EDGE_CURVE('',#7197,#7206,#7208,.T.);
#7206 = VERTEX_POINT('',#7207);
#7207 = CARTESIAN_POINT('',(239.83924402962,-159.5140037518,1.51));
#7208 = CIRCLE('',#7209,0.95);
#7209 = AXIS2_PLACEMENT_3D('',#7210,#7211,#7212);
#7210 = CARTESIAN_POINT('',(239.47155,-160.389961,1.51));
#7211 = DIRECTION('',(-0.,0.,-1.));
#7212 = DIRECTION('',(2.991758887411E-14,-1.,-0.));
#7213 = ORIENTED_EDGE('',*,*,#7214,.T.);
#7214 = EDGE_CURVE('',#7206,#7215,#7217,.T.);
#7215 = VERTEX_POINT('',#7216);
#7216 = CARTESIAN_POINT('',(239.88517,-161.412893,1.51));
#7217 = CIRCLE('',#7218,0.95);
#7218 = AXIS2_PLACEMENT_3D('',#7219,#7220,#7221);
#7219 = CARTESIAN_POINT('',(239.88517,-160.462893,1.51));
#7220 = DIRECTION('',(-0.,0.,-1.));
#7221 = DIRECTION('',(-2.991758887411E-14,-1.,0.));
#7222 = ORIENTED_EDGE('',*,*,#7223,.T.);
#7223 = EDGE_CURVE('',#7215,#7195,#7224,.T.);
#7224 = CIRCLE('',#7225,0.95);
#7225 = AXIS2_PLACEMENT_3D('',#7226,#7227,#7228);
#7226 = CARTESIAN_POINT('',(239.88517,-160.462893,1.51));
#7227 = DIRECTION('',(-0.,0.,-1.));
#7228 = DIRECTION('',(-2.991758887411E-14,-1.,0.));
#7229 = FACE_BOUND('',#7230,.T.);
#7230 = EDGE_LOOP('',(#7231));
#7231 = ORIENTED_EDGE('',*,*,#7232,.T.);
#7232 = EDGE_CURVE('',#7233,#7233,#7235,.T.);
#7233 = VERTEX_POINT('',#7234);
#7234 = CARTESIAN_POINT('',(244.887993,-163.845026,1.51));
#7235 = CIRCLE('',#7236,2.5);
#7236 = AXIS2_PLACEMENT_3D('',#7237,#7238,#7239);
#7237 = CARTESIAN_POINT('',(244.887993,-161.345026,1.51));
#7238 = DIRECTION('',(-0.,0.,-1.));
#7239 = DIRECTION('',(-0.,-1.,0.));
#7240 = FACE_BOUND('',#7241,.T.);
#7241 = EDGE_LOOP('',(#7242,#7253,#7262,#7271));
#7242 = ORIENTED_EDGE('',*,*,#7243,.T.);
#7243 = EDGE_CURVE('',#7244,#7246,#7248,.T.);
#7244 = VERTEX_POINT('',#7245);
#7245 = CARTESIAN_POINT('',(250.25851002962,-161.3512017518,1.51));
#7246 = VERTEX_POINT('',#7247);
#7247 = CARTESIAN_POINT('',(250.304436,-163.250091,1.51));
#7248 = CIRCLE('',#7249,0.95);
#7249 = AXIS2_PLACEMENT_3D('',#7250,#7251,#7252);
#7250 = CARTESIAN_POINT('',(250.304436,-162.300091,1.51));
#7251 = DIRECTION('',(-0.,0.,-1.));
#7252 = DIRECTION('',(-0.,-1.,0.));
#7253 = ORIENTED_EDGE('',*,*,#7254,.T.);
#7254 = EDGE_CURVE('',#7246,#7255,#7257,.T.);
#7255 = VERTEX_POINT('',#7256);
#7256 = CARTESIAN_POINT('',(249.93674197037,-163.1760482481,1.51));
#7257 = CIRCLE('',#7258,0.95);
#7258 = AXIS2_PLACEMENT_3D('',#7259,#7260,#7261);
#7259 = CARTESIAN_POINT('',(250.304436,-162.300091,1.51));
#7260 = DIRECTION('',(-0.,0.,-1.));
#7261 = DIRECTION('',(-0.,-1.,0.));
#7262 = ORIENTED_EDGE('',*,*,#7263,.T.);
#7263 = EDGE_CURVE('',#7255,#7264,#7266,.T.);
#7264 = VERTEX_POINT('',#7265);
#7265 = CARTESIAN_POINT('',(249.890816,-163.177159,1.51));
#7266 = CIRCLE('',#7267,0.95);
#7267 = AXIS2_PLACEMENT_3D('',#7268,#7269,#7270);
#7268 = CARTESIAN_POINT('',(249.890816,-162.227159,1.51));
#7269 = DIRECTION('',(-0.,0.,-1.));
#7270 = DIRECTION('',(-0.,-1.,0.));
#7271 = ORIENTED_EDGE('',*,*,#7272,.T.);
#7272 = EDGE_CURVE('',#7264,#7244,#7273,.T.);
#7273 = CIRCLE('',#7274,0.95);
#7274 = AXIS2_PLACEMENT_3D('',#7275,#7276,#7277);
#7275 = CARTESIAN_POINT('',(249.890816,-162.227159,1.51));
#7276 = DIRECTION('',(-0.,0.,-1.));
#7277 = DIRECTION('',(-0.,-1.,0.));
#7278 = FACE_BOUND('',#7279,.T.);
#7279 = EDGE_LOOP('',(#7280,#7291,#7300));
#7280 = ORIENTED_EDGE('',*,*,#7281,.T.);
#7281 = EDGE_CURVE('',#7282,#7284,#7286,.T.);
#7282 = VERTEX_POINT('',#7283);
#7283 = CARTESIAN_POINT('',(261.084037,-165.78206,1.51));
#7284 = VERTEX_POINT('',#7285);
#7285 = CARTESIAN_POINT('',(260.21568242803,-163.0589654258,1.51));
#7286 = CIRCLE('',#7287,1.5);
#7287 = AXIS2_PLACEMENT_3D('',#7288,#7289,#7290);
#7288 = CARTESIAN_POINT('',(261.084037,-164.28206,1.51));
#7289 = DIRECTION('',(-0.,0.,-1.));
#7290 = DIRECTION('',(-0.,-1.,0.));
#7291 = ORIENTED_EDGE('',*,*,#7292,.T.);
#7292 = EDGE_CURVE('',#7284,#7293,#7295,.T.);
#7293 = VERTEX_POINT('',#7294);
#7294 = CARTESIAN_POINT('',(261.14275157196,-162.7832095741,1.51));
#7295 = CIRCLE('',#7296,1.5);
#7296 = AXIS2_PLACEMENT_3D('',#7297,#7298,#7299);
#7297 = CARTESIAN_POINT('',(260.274397,-161.560115,1.51));
#7298 = DIRECTION('',(-0.,0.,-1.));
#7299 = DIRECTION('',(-0.,-1.,0.));
#7300 = ORIENTED_EDGE('',*,*,#7301,.T.);
#7301 = EDGE_CURVE('',#7293,#7282,#7302,.T.);
#7302 = CIRCLE('',#7303,1.5);
#7303 = AXIS2_PLACEMENT_3D('',#7304,#7305,#7306);
#7304 = CARTESIAN_POINT('',(261.084037,-164.28206,1.51));
#7305 = DIRECTION('',(-0.,0.,-1.));
#7306 = DIRECTION('',(-0.,-1.,0.));
#7307 = FACE_BOUND('',#7308,.T.);
#7308 = EDGE_LOOP('',(#7309,#7320,#7329,#7338));
#7309 = ORIENTED_EDGE('',*,*,#7310,.T.);
#7310 = EDGE_CURVE('',#7311,#7313,#7315,.T.);
#7311 = VERTEX_POINT('',#7312);
#7312 = CARTESIAN_POINT('',(259.41883202962,-157.8892807518,1.51));
#7313 = VERTEX_POINT('',#7314);
#7314 = CARTESIAN_POINT('',(259.464758,-159.78817,1.51));
#7315 = CIRCLE('',#7316,0.95);
#7316 = AXIS2_PLACEMENT_3D('',#7317,#7318,#7319);
#7317 = CARTESIAN_POINT('',(259.464758,-158.83817,1.51));
#7318 = DIRECTION('',(-0.,0.,-1.));
#7319 = DIRECTION('',(5.983517774822E-14,-1.,-0.));
#7320 = ORIENTED_EDGE('',*,*,#7321,.T.);
#7321 = EDGE_CURVE('',#7313,#7322,#7324,.T.);
#7322 = VERTEX_POINT('',#7323);
#7323 = CARTESIAN_POINT('',(259.09706397037,-159.7141272481,1.51));
#7324 = CIRCLE('',#7325,0.95);
#7325 = AXIS2_PLACEMENT_3D('',#7326,#7327,#7328);
#7326 = CARTESIAN_POINT('',(259.464758,-158.83817,1.51));
#7327 = DIRECTION('',(-0.,0.,-1.));
#7328 = DIRECTION('',(5.983517774822E-14,-1.,-0.));
#7329 = ORIENTED_EDGE('',*,*,#7330,.T.);
#7330 = EDGE_CURVE('',#7322,#7331,#7333,.T.);
#7331 = VERTEX_POINT('',#7332);
#7332 = CARTESIAN_POINT('',(259.051138,-159.715238,1.51));
#7333 = CIRCLE('',#7334,0.95);
#7334 = AXIS2_PLACEMENT_3D('',#7335,#7336,#7337);
#7335 = CARTESIAN_POINT('',(259.051138,-158.765238,1.51));
#7336 = DIRECTION('',(-0.,0.,-1.));
#7337 = DIRECTION('',(-5.983517774822E-14,-1.,0.));
#7338 = ORIENTED_EDGE('',*,*,#7339,.T.);
#7339 = EDGE_CURVE('',#7331,#7311,#7340,.T.);
#7340 = CIRCLE('',#7341,0.95);
#7341 = AXIS2_PLACEMENT_3D('',#7342,#7343,#7344);
#7342 = CARTESIAN_POINT('',(259.051138,-158.765238,1.51));
#7343 = DIRECTION('',(-0.,0.,-1.));
#7344 = DIRECTION('',(-5.983517774822E-14,-1.,0.));
#7345 = FACE_BOUND('',#7346,.T.);
#7346 = EDGE_LOOP('',(#7347));
#7347 = ORIENTED_EDGE('',*,*,#7348,.T.);
#7348 = EDGE_CURVE('',#7349,#7349,#7351,.T.);
#7349 = VERTEX_POINT('',#7350);
#7350 = CARTESIAN_POINT('',(264.467581,-162.220303,1.51));
#7351 = CIRCLE('',#7352,2.5);
#7352 = AXIS2_PLACEMENT_3D('',#7353,#7354,#7355);
#7353 = CARTESIAN_POINT('',(264.467581,-159.720303,1.51));
#7354 = DIRECTION('',(-0.,0.,-1.));
#7355 = DIRECTION('',(-0.,-1.,0.));
#7356 = FACE_BOUND('',#7357,.T.);
#7357 = EDGE_LOOP('',(#7358,#7369,#7378,#7387));
#7358 = ORIENTED_EDGE('',*,*,#7359,.T.);
#7359 = EDGE_CURVE('',#7360,#7362,#7364,.T.);
#7360 = VERTEX_POINT('',#7361);
#7361 = CARTESIAN_POINT('',(267.32116908385,-164.311854402,1.51));
#7362 = VERTEX_POINT('',#7363);
#7363 = CARTESIAN_POINT('',(266.08686,-166.664193,1.51));
#7364 = CIRCLE('',#7365,1.5);
#7365 = AXIS2_PLACEMENT_3D('',#7366,#7367,#7368);
#7366 = CARTESIAN_POINT('',(266.08686,-165.164193,1.51));
#7367 = DIRECTION('',(-0.,0.,-1.));
#7368 = DIRECTION('',(-0.,-1.,0.));
#7369 = ORIENTED_EDGE('',*,*,#7370,.T.);
#7370 = EDGE_CURVE('',#7362,#7371,#7373,.T.);
#7371 = VERTEX_POINT('',#7372);
#7372 = CARTESIAN_POINT('',(266.54432291614,-163.7356525979,1.51));
#7373 = CIRCLE('',#7374,1.5);
#7374 = AXIS2_PLACEMENT_3D('',#7375,#7376,#7377);
#7375 = CARTESIAN_POINT('',(266.08686,-165.164193,1.51));
#7376 = DIRECTION('',(-0.,0.,-1.));
#7377 = DIRECTION('',(-0.,-1.,0.));
#7378 = ORIENTED_EDGE('',*,*,#7379,.T.);
#7379 = EDGE_CURVE('',#7371,#7380,#7382,.T.);
#7380 = VERTEX_POINT('',#7381);
#7381 = CARTESIAN_POINT('',(267.778632,-164.383314,1.51));
#7382 = CIRCLE('',#7383,1.5);
#7383 = AXIS2_PLACEMENT_3D('',#7384,#7385,#7386);
#7384 = CARTESIAN_POINT('',(267.778632,-162.883314,1.51));
#7385 = DIRECTION('',(-0.,0.,-1.));
#7386 = DIRECTION('',(-0.,-1.,0.));
#7387 = ORIENTED_EDGE('',*,*,#7388,.T.);
#7388 = EDGE_CURVE('',#7380,#7360,#7389,.T.);
#7389 = CIRCLE('',#7390,1.5);
#7390 = AXIS2_PLACEMENT_3D('',#7391,#7392,#7393);
#7391 = CARTESIAN_POINT('',(267.778632,-162.883314,1.51));
#7392 = DIRECTION('',(-0.,0.,-1.));
#7393 = DIRECTION('',(-0.,-1.,0.));
#7394 = FACE_BOUND('',#7395,.T.);
#7395 = EDGE_LOOP('',(#7396,#7407,#7416,#7425));
#7396 = ORIENTED_EDGE('',*,*,#7397,.T.);
#7397 = EDGE_CURVE('',#7398,#7400,#7402,.T.);
#7398 = VERTEX_POINT('',#7399);
#7399 = CARTESIAN_POINT('',(269.51632997037,-161.5513252481,1.51));
#7400 = VERTEX_POINT('',#7401);
#7401 = CARTESIAN_POINT('',(269.470404,-161.552436,1.51));
#7402 = CIRCLE('',#7403,0.95);
#7403 = AXIS2_PLACEMENT_3D('',#7404,#7405,#7406);
#7404 = CARTESIAN_POINT('',(269.470404,-160.602436,1.51));
#7405 = DIRECTION('',(-0.,0.,-1.));
#7406 = DIRECTION('',(-5.983517774822E-14,-1.,0.));
#7407 = ORIENTED_EDGE('',*,*,#7408,.T.);
#7408 = EDGE_CURVE('',#7400,#7409,#7411,.T.);
#7409 = VERTEX_POINT('',#7410);
#7410 = CARTESIAN_POINT('',(269.83809802962,-159.7264787518,1.51));
#7411 = CIRCLE('',#7412,0.95);
#7412 = AXIS2_PLACEMENT_3D('',#7413,#7414,#7415);
#7413 = CARTESIAN_POINT('',(269.470404,-160.602436,1.51));
#7414 = DIRECTION('',(-0.,0.,-1.));
#7415 = DIRECTION('',(-5.983517774822E-14,-1.,0.));
#7416 = ORIENTED_EDGE('',*,*,#7417,.T.);
#7417 = EDGE_CURVE('',#7409,#7418,#7420,.T.);
#7418 = VERTEX_POINT('',#7419);
#7419 = CARTESIAN_POINT('',(269.884024,-161.625368,1.51));
#7420 = CIRCLE('',#7421,0.95);
#7421 = AXIS2_PLACEMENT_3D('',#7422,#7423,#7424);
#7422 = CARTESIAN_POINT('',(269.884024,-160.675368,1.51));
#7423 = DIRECTION('',(-0.,0.,-1.));
#7424 = DIRECTION('',(-0.,-1.,0.));
#7425 = ORIENTED_EDGE('',*,*,#7426,.T.);
#7426 = EDGE_CURVE('',#7418,#7398,#7427,.T.);
#7427 = CIRCLE('',#7428,0.95);
#7428 = AXIS2_PLACEMENT_3D('',#7429,#7430,#7431);
#7429 = CARTESIAN_POINT('',(269.884024,-160.675368,1.51));
#7430 = DIRECTION('',(-0.,0.,-1.));
#7431 = DIRECTION('',(-0.,-1.,0.));
#7432 = FACE_BOUND('',#7433,.T.);
#7433 = EDGE_LOOP('',(#7434));
#7434 = ORIENTED_EDGE('',*,*,#7435,.T.);
#7435 = EDGE_CURVE('',#7436,#7436,#7438,.T.);
#7436 = VERTEX_POINT('',#7437);
#7437 = CARTESIAN_POINT('',(240.615135,-158.283756,1.51));
#7438 = CIRCLE('',#7439,1.5);
#7439 = AXIS2_PLACEMENT_3D('',#7440,#7441,#7442);
#7440 = CARTESIAN_POINT('',(240.615135,-156.783756,1.51));
#7441 = DIRECTION('',(-0.,0.,-1.));
#7442 = DIRECTION('',(-0.,-1.,0.));
#7443 = FACE_BOUND('',#7444,.T.);
#7444 = EDGE_LOOP('',(#7445));
#7445 = ORIENTED_EDGE('',*,*,#7446,.T.);
#7446 = EDGE_CURVE('',#7447,#7447,#7449,.T.);
#7447 = VERTEX_POINT('',#7448);
#7448 = CARTESIAN_POINT('',(245.9212,-156.98542,1.51));
#7449 = CIRCLE('',#7450,1.5);
#7450 = AXIS2_PLACEMENT_3D('',#7451,#7452,#7453);
#7451 = CARTESIAN_POINT('',(245.9212,-155.48542,1.51));
#7452 = DIRECTION('',(-0.,0.,-1.));
#7453 = DIRECTION('',(-0.,-1.,0.));
#7454 = FACE_BOUND('',#7455,.T.);
#7455 = EDGE_LOOP('',(#7456));
#7456 = ORIENTED_EDGE('',*,*,#7457,.T.);
#7457 = EDGE_CURVE('',#7458,#7458,#7460,.T.);
#7458 = VERTEX_POINT('',#7459);
#7459 = CARTESIAN_POINT('',(250.463212,-160.020238,1.51));
#7460 = CIRCLE('',#7461,1.5);
#7461 = AXIS2_PLACEMENT_3D('',#7462,#7463,#7464);
#7462 = CARTESIAN_POINT('',(250.463212,-158.520238,1.51));
#7463 = DIRECTION('',(-0.,0.,-1.));
#7464 = DIRECTION('',(-0.,-1.,0.));
#7465 = FACE_BOUND('',#7466,.T.);
#7466 = EDGE_LOOP('',(#7467,#7478,#7487));
#7467 = ORIENTED_EDGE('',*,*,#7468,.T.);
#7468 = EDGE_CURVE('',#7469,#7471,#7473,.T.);
#7469 = VERTEX_POINT('',#7470);
#7470 = CARTESIAN_POINT('',(244.803764,-148.695436,1.51));
#7471 = VERTEX_POINT('',#7472);
#7472 = CARTESIAN_POINT('',(243.93540942803,-145.9723414258,1.51));
#7473 = CIRCLE('',#7474,1.5);
#7474 = AXIS2_PLACEMENT_3D('',#7475,#7476,#7477);
#7475 = CARTESIAN_POINT('',(244.803764,-147.195436,1.51));
#7476 = DIRECTION('',(-0.,0.,-1.));
#7477 = DIRECTION('',(-0.,-1.,0.));
#7478 = ORIENTED_EDGE('',*,*,#7479,.T.);
#7479 = EDGE_CURVE('',#7471,#7480,#7482,.T.);
#7480 = VERTEX_POINT('',#7481);
#7481 = CARTESIAN_POINT('',(244.86247857196,-145.6965855741,1.51));
#7482 = CIRCLE('',#7483,1.5);
#7483 = AXIS2_PLACEMENT_3D('',#7484,#7485,#7486);
#7484 = CARTESIAN_POINT('',(243.994124,-144.473491,1.51));
#7485 = DIRECTION('',(-0.,0.,-1.));
#7486 = DIRECTION('',(-0.,-1.,0.));
#7487 = ORIENTED_EDGE('',*,*,#7488,.T.);
#7488 = EDGE_CURVE('',#7480,#7469,#7489,.T.);
#7489 = CIRCLE('',#7490,1.5);
#7490 = AXIS2_PLACEMENT_3D('',#7491,#7492,#7493);
#7491 = CARTESIAN_POINT('',(244.803764,-147.195436,1.51));
#7492 = DIRECTION('',(-0.,0.,-1.));
#7493 = DIRECTION('',(-0.,-1.,0.));
#7494 = FACE_BOUND('',#7495,.T.);
#7495 = EDGE_LOOP('',(#7496,#7507,#7516,#7525));
#7496 = ORIENTED_EDGE('',*,*,#7497,.T.);
#7497 = EDGE_CURVE('',#7498,#7500,#7502,.T.);
#7498 = VERTEX_POINT('',#7499);
#7499 = CARTESIAN_POINT('',(251.04089608385,-147.225230402,1.51));
#7500 = VERTEX_POINT('',#7501);
#7501 = CARTESIAN_POINT('',(249.806587,-149.577569,1.51));
#7502 = CIRCLE('',#7503,1.5);
#7503 = AXIS2_PLACEMENT_3D('',#7504,#7505,#7506);
#7504 = CARTESIAN_POINT('',(249.806587,-148.077569,1.51));
#7505 = DIRECTION('',(-0.,0.,-1.));
#7506 = DIRECTION('',(-0.,-1.,0.));
#7507 = ORIENTED_EDGE('',*,*,#7508,.T.);
#7508 = EDGE_CURVE('',#7500,#7509,#7511,.T.);
#7509 = VERTEX_POINT('',#7510);
#7510 = CARTESIAN_POINT('',(250.26404991614,-146.6490285979,1.51));
#7511 = CIRCLE('',#7512,1.5);
#7512 = AXIS2_PLACEMENT_3D('',#7513,#7514,#7515);
#7513 = CARTESIAN_POINT('',(249.806587,-148.077569,1.51));
#7514 = DIRECTION('',(-0.,0.,-1.));
#7515 = DIRECTION('',(-0.,-1.,0.));
#7516 = ORIENTED_EDGE('',*,*,#7517,.T.);
#7517 = EDGE_CURVE('',#7509,#7518,#7520,.T.);
#7518 = VERTEX_POINT('',#7519);
#7519 = CARTESIAN_POINT('',(251.498359,-147.29669,1.51));
#7520 = CIRCLE('',#7521,1.5);
#7521 = AXIS2_PLACEMENT_3D('',#7522,#7523,#7524);
#7522 = CARTESIAN_POINT('',(251.498359,-145.79669,1.51));
#7523 = DIRECTION('',(-0.,0.,-1.));
#7524 = DIRECTION('',(-0.,-1.,0.));
#7525 = ORIENTED_EDGE('',*,*,#7526,.T.);
#7526 = EDGE_CURVE('',#7518,#7498,#7527,.T.);
#7527 = CIRCLE('',#7528,1.5);
#7528 = AXIS2_PLACEMENT_3D('',#7529,#7530,#7531);
#7529 = CARTESIAN_POINT('',(251.498359,-145.79669,1.51));
#7530 = DIRECTION('',(-0.,0.,-1.));
#7531 = DIRECTION('',(-0.,-1.,0.));
#7532 = FACE_BOUND('',#7533,.T.);
#7533 = EDGE_LOOP('',(#7534));
#7534 = ORIENTED_EDGE('',*,*,#7535,.T.);
#7535 = EDGE_CURVE('',#7536,#7536,#7538,.T.);
#7536 = VERTEX_POINT('',#7537);
#7537 = CARTESIAN_POINT('',(260.194723,-156.659033,1.51));
#7538 = CIRCLE('',#7539,1.5);
#7539 = AXIS2_PLACEMENT_3D('',#7540,#7541,#7542);
#7540 = CARTESIAN_POINT('',(260.194723,-155.159033,1.51));
#7541 = DIRECTION('',(-0.,0.,-1.));
#7542 = DIRECTION('',(-0.,-1.,0.));
#7543 = FACE_BOUND('',#7544,.T.);
#7544 = EDGE_LOOP('',(#7545));
#7545 = ORIENTED_EDGE('',*,*,#7546,.T.);
#7546 = EDGE_CURVE('',#7547,#7547,#7549,.T.);
#7547 = VERTEX_POINT('',#7548);
#7548 = CARTESIAN_POINT('',(265.500788,-155.360697,1.51));
#7549 = CIRCLE('',#7550,1.5);
#7550 = AXIS2_PLACEMENT_3D('',#7551,#7552,#7553);
#7551 = CARTESIAN_POINT('',(265.500788,-153.860697,1.51));
#7552 = DIRECTION('',(-0.,0.,-1.));
#7553 = DIRECTION('',(-0.,-1.,0.));
#7554 = FACE_BOUND('',#7555,.T.);
#7555 = EDGE_LOOP('',(#7556));
#7556 = ORIENTED_EDGE('',*,*,#7557,.T.);
#7557 = EDGE_CURVE('',#7558,#7558,#7560,.T.);
#7558 = VERTEX_POINT('',#7559);
#7559 = CARTESIAN_POINT('',(270.0428,-158.395515,1.51));
#7560 = CIRCLE('',#7561,1.5);
#7561 = AXIS2_PLACEMENT_3D('',#7562,#7563,#7564);
#7562 = CARTESIAN_POINT('',(270.0428,-156.895515,1.51));
#7563 = DIRECTION('',(-0.,0.,-1.));
#7564 = DIRECTION('',(-0.,-1.,0.));
#7565 = FACE_BOUND('',#7566,.T.);
#7566 = EDGE_LOOP('',(#7567,#7578,#7587,#7596));
#7567 = ORIENTED_EDGE('',*,*,#7568,.T.);
#7568 = EDGE_CURVE('',#7569,#7571,#7573,.T.);
#7569 = VERTEX_POINT('',#7570);
#7570 = CARTESIAN_POINT('',(270.62048408385,-145.600507402,1.51));
#7571 = VERTEX_POINT('',#7572);
#7572 = CARTESIAN_POINT('',(269.386175,-147.952846,1.51));
#7573 = CIRCLE('',#7574,1.5);
#7574 = AXIS2_PLACEMENT_3D('',#7575,#7576,#7577);
#7575 = CARTESIAN_POINT('',(269.386175,-146.452846,1.51));
#7576 = DIRECTION('',(-0.,0.,-1.));
#7577 = DIRECTION('',(-0.,-1.,0.));
#7578 = ORIENTED_EDGE('',*,*,#7579,.T.);
#7579 = EDGE_CURVE('',#7571,#7580,#7582,.T.);
#7580 = VERTEX_POINT('',#7581);
#7581 = CARTESIAN_POINT('',(269.84363791614,-145.0243055979,1.51));
#7582 = CIRCLE('',#7583,1.5);
#7583 = AXIS2_PLACEMENT_3D('',#7584,#7585,#7586);
#7584 = CARTESIAN_POINT('',(269.386175,-146.452846,1.51));
#7585 = DIRECTION('',(-0.,0.,-1.));
#7586 = DIRECTION('',(-0.,-1.,0.));
#7587 = ORIENTED_EDGE('',*,*,#7588,.T.);
#7588 = EDGE_CURVE('',#7580,#7589,#7591,.T.);
#7589 = VERTEX_POINT('',#7590);
#7590 = CARTESIAN_POINT('',(271.077947,-145.671967,1.51));
#7591 = CIRCLE('',#7592,1.5);
#7592 = AXIS2_PLACEMENT_3D('',#7593,#7594,#7595);
#7593 = CARTESIAN_POINT('',(271.077947,-144.171967,1.51));
#7594 = DIRECTION('',(-0.,0.,-1.));
#7595 = DIRECTION('',(-0.,-1.,0.));
#7596 = ORIENTED_EDGE('',*,*,#7597,.T.);
#7597 = EDGE_CURVE('',#7589,#7569,#7598,.T.);
#7598 = CIRCLE('',#7599,1.5);
#7599 = AXIS2_PLACEMENT_3D('',#7600,#7601,#7602);
#7600 = CARTESIAN_POINT('',(271.077947,-144.171967,1.51));
#7601 = DIRECTION('',(-0.,0.,-1.));
#7602 = DIRECTION('',(-0.,-1.,0.));
#7603 = FACE_BOUND('',#7604,.T.);
#7604 = EDGE_LOOP('',(#7605));
#7605 = ORIENTED_EDGE('',*,*,#7606,.T.);
#7606 = EDGE_CURVE('',#7607,#7607,#7609,.T.);
#7607 = VERTEX_POINT('',#7608);
#7608 = CARTESIAN_POINT('',(131.282,-145.5,1.51));
#7609 = CIRCLE('',#7610,0.375);
#7610 = AXIS2_PLACEMENT_3D('',#7611,#7612,#7613);
#7611 = CARTESIAN_POINT('',(131.282,-145.125,1.51));
#7612 = DIRECTION('',(-0.,0.,-1.));
#7613 = DIRECTION('',(-0.,-1.,0.));
#7614 = FACE_BOUND('',#7615,.T.);
#7615 = EDGE_LOOP('',(#7616));
#7616 = ORIENTED_EDGE('',*,*,#7617,.T.);
#7617 = EDGE_CURVE('',#7618,#7618,#7620,.T.);
#7618 = VERTEX_POINT('',#7619);
#7619 = CARTESIAN_POINT('',(131.282,-143.5,1.51));
#7620 = CIRCLE('',#7621,0.375);
#7621 = AXIS2_PLACEMENT_3D('',#7622,#7623,#7624);
#7622 = CARTESIAN_POINT('',(131.282,-143.125,1.51));
#7623 = DIRECTION('',(-0.,0.,-1.));
#7624 = DIRECTION('',(-0.,-1.,0.));
#7625 = FACE_BOUND('',#7626,.T.);
#7626 = EDGE_LOOP('',(#7627));
#7627 = ORIENTED_EDGE('',*,*,#7628,.T.);
#7628 = EDGE_CURVE('',#7629,#7629,#7631,.T.);
#7629 = VERTEX_POINT('',#7630);
#7630 = CARTESIAN_POINT('',(141.6,-139.3,1.51));
#7631 = CIRCLE('',#7632,0.5);
#7632 = AXIS2_PLACEMENT_3D('',#7633,#7634,#7635);
#7633 = CARTESIAN_POINT('',(141.6,-138.8,1.51));
#7634 = DIRECTION('',(-0.,0.,-1.));
#7635 = DIRECTION('',(-0.,-1.,0.));
#7636 = FACE_BOUND('',#7637,.T.);
#7637 = EDGE_LOOP('',(#7638));
#7638 = ORIENTED_EDGE('',*,*,#7639,.T.);
#7639 = EDGE_CURVE('',#7640,#7640,#7642,.T.);
#7640 = VERTEX_POINT('',#7641);
#7641 = CARTESIAN_POINT('',(144.14,-139.3,1.51));
#7642 = CIRCLE('',#7643,0.5);
#7643 = AXIS2_PLACEMENT_3D('',#7644,#7645,#7646);
#7644 = CARTESIAN_POINT('',(144.14,-138.8,1.51));
#7645 = DIRECTION('',(-0.,0.,-1.));
#7646 = DIRECTION('',(-0.,-1.,0.));
#7647 = FACE_BOUND('',#7648,.T.);
#7648 = EDGE_LOOP('',(#7649));
#7649 = ORIENTED_EDGE('',*,*,#7650,.T.);
#7650 = EDGE_CURVE('',#7651,#7651,#7653,.T.);
#7651 = VERTEX_POINT('',#7652);
#7652 = CARTESIAN_POINT('',(146.68,-139.3,1.51));
#7653 = CIRCLE('',#7654,0.5);
#7654 = AXIS2_PLACEMENT_3D('',#7655,#7656,#7657);
#7655 = CARTESIAN_POINT('',(146.68,-138.8,1.51));
#7656 = DIRECTION('',(-0.,0.,-1.));
#7657 = DIRECTION('',(-0.,-1.,0.));
#7658 = FACE_BOUND('',#7659,.T.);
#7659 = EDGE_LOOP('',(#7660));
#7660 = ORIENTED_EDGE('',*,*,#7661,.T.);
#7661 = EDGE_CURVE('',#7662,#7662,#7664,.T.);
#7662 = VERTEX_POINT('',#7663);
#7663 = CARTESIAN_POINT('',(149.22,-139.3,1.51));
#7664 = CIRCLE('',#7665,0.5);
#7665 = AXIS2_PLACEMENT_3D('',#7666,#7667,#7668);
#7666 = CARTESIAN_POINT('',(149.22,-138.8,1.51));
#7667 = DIRECTION('',(-0.,0.,-1.));
#7668 = DIRECTION('',(-0.,-1.,0.));
#7669 = FACE_BOUND('',#7670,.T.);
#7670 = EDGE_LOOP('',(#7671));
#7671 = ORIENTED_EDGE('',*,*,#7672,.T.);
#7672 = EDGE_CURVE('',#7673,#7673,#7675,.T.);
#7673 = VERTEX_POINT('',#7674);
#7674 = CARTESIAN_POINT('',(138.38,-126.74,1.51));
#7675 = CIRCLE('',#7676,0.5);
#7676 = AXIS2_PLACEMENT_3D('',#7677,#7678,#7679);
#7677 = CARTESIAN_POINT('',(138.38,-126.24,1.51));
#7678 = DIRECTION('',(-0.,0.,-1.));
#7679 = DIRECTION('',(-0.,-1.,0.));
#7680 = FACE_BOUND('',#7681,.T.);
#7681 = EDGE_LOOP('',(#7682));
#7682 = ORIENTED_EDGE('',*,*,#7683,.T.);
#7683 = EDGE_CURVE('',#7684,#7684,#7686,.T.);
#7684 = VERTEX_POINT('',#7685);
#7685 = CARTESIAN_POINT('',(142.6,-126.44,1.51));
#7686 = CIRCLE('',#7687,0.2);
#7687 = AXIS2_PLACEMENT_3D('',#7688,#7689,#7690);
#7688 = CARTESIAN_POINT('',(142.6,-126.24,1.51));
#7689 = DIRECTION('',(-0.,0.,-1.));
#7690 = DIRECTION('',(-1.42108547152E-13,-1.,0.));
#7691 = FACE_BOUND('',#7692,.T.);
#7692 = EDGE_LOOP('',(#7693));
#7693 = ORIENTED_EDGE('',*,*,#7694,.T.);
#7694 = EDGE_CURVE('',#7695,#7695,#7697,.T.);
#7695 = VERTEX_POINT('',#7696);
#7696 = CARTESIAN_POINT('',(138.38,-124.2,1.51));
#7697 = CIRCLE('',#7698,0.5);
#7698 = AXIS2_PLACEMENT_3D('',#7699,#7700,#7701);
#7699 = CARTESIAN_POINT('',(138.38,-123.7,1.51));
#7700 = DIRECTION('',(-0.,0.,-1.));
#7701 = DIRECTION('',(-0.,-1.,0.));
#7702 = FACE_BOUND('',#7703,.T.);
#7703 = EDGE_LOOP('',(#7704));
#7704 = ORIENTED_EDGE('',*,*,#7705,.T.);
#7705 = EDGE_CURVE('',#7706,#7706,#7708,.T.);
#7706 = VERTEX_POINT('',#7707);
#7707 = CARTESIAN_POINT('',(142.6,-123.9,1.51));
#7708 = CIRCLE('',#7709,0.2);
#7709 = AXIS2_PLACEMENT_3D('',#7710,#7711,#7712);
#7710 = CARTESIAN_POINT('',(142.6,-123.7,1.51));
#7711 = DIRECTION('',(-0.,0.,-1.));
#7712 = DIRECTION('',(-1.42108547152E-13,-1.,0.));
#7713 = FACE_BOUND('',#7714,.T.);
#7714 = EDGE_LOOP('',(#7715));
#7715 = ORIENTED_EDGE('',*,*,#7716,.T.);
#7716 = EDGE_CURVE('',#7717,#7717,#7719,.T.);
#7717 = VERTEX_POINT('',#7718);
#7718 = CARTESIAN_POINT('',(138.38,-121.66,1.51));
#7719 = CIRCLE('',#7720,0.5);
#7720 = AXIS2_PLACEMENT_3D('',#7721,#7722,#7723);
#7721 = CARTESIAN_POINT('',(138.38,-121.16,1.51));
#7722 = DIRECTION('',(-0.,0.,-1.));
#7723 = DIRECTION('',(-0.,-1.,0.));
#7724 = FACE_BOUND('',#7725,.T.);
#7725 = EDGE_LOOP('',(#7726));
#7726 = ORIENTED_EDGE('',*,*,#7727,.T.);
#7727 = EDGE_CURVE('',#7728,#7728,#7730,.T.);
#7728 = VERTEX_POINT('',#7729);
#7729 = CARTESIAN_POINT('',(138.38,-119.12,1.51));
#7730 = CIRCLE('',#7731,0.5);
#7731 = AXIS2_PLACEMENT_3D('',#7732,#7733,#7734);
#7732 = CARTESIAN_POINT('',(138.38,-118.62,1.51));
#7733 = DIRECTION('',(-0.,0.,-1.));
#7734 = DIRECTION('',(-0.,-1.,0.));
#7735 = FACE_BOUND('',#7736,.T.);
#7736 = EDGE_LOOP('',(#7737));
#7737 = ORIENTED_EDGE('',*,*,#7738,.T.);
#7738 = EDGE_CURVE('',#7739,#7739,#7741,.T.);
#7739 = VERTEX_POINT('',#7740);
#7740 = CARTESIAN_POINT('',(142.6,-121.36,1.51));
#7741 = CIRCLE('',#7742,0.2);
#7742 = AXIS2_PLACEMENT_3D('',#7743,#7744,#7745);
#7743 = CARTESIAN_POINT('',(142.6,-121.16,1.51));
#7744 = DIRECTION('',(-0.,0.,-1.));
#7745 = DIRECTION('',(-1.42108547152E-13,-1.,0.));
#7746 = FACE_BOUND('',#7747,.T.);
#7747 = EDGE_LOOP('',(#7748));
#7748 = ORIENTED_EDGE('',*,*,#7749,.T.);
#7749 = EDGE_CURVE('',#7750,#7750,#7752,.T.);
#7750 = VERTEX_POINT('',#7751);
#7751 = CARTESIAN_POINT('',(142.6,-118.82,1.51));
#7752 = CIRCLE('',#7753,0.2);
#7753 = AXIS2_PLACEMENT_3D('',#7754,#7755,#7756);
#7754 = CARTESIAN_POINT('',(142.6,-118.62,1.51));
#7755 = DIRECTION('',(-0.,0.,-1.));
#7756 = DIRECTION('',(-1.42108547152E-13,-1.,0.));
#7757 = FACE_BOUND('',#7758,.T.);
#7758 = EDGE_LOOP('',(#7759));
#7759 = ORIENTED_EDGE('',*,*,#7760,.T.);
#7760 = EDGE_CURVE('',#7761,#7761,#7763,.T.);
#7761 = VERTEX_POINT('',#7762);
#7762 = CARTESIAN_POINT('',(149.4,-126.44,1.51));
#7763 = CIRCLE('',#7764,0.2);
#7764 = AXIS2_PLACEMENT_3D('',#7765,#7766,#7767);
#7765 = CARTESIAN_POINT('',(149.4,-126.24,1.51));
#7766 = DIRECTION('',(-0.,0.,-1.));
#7767 = DIRECTION('',(1.42108547152E-13,-1.,-0.));
#7768 = FACE_BOUND('',#7769,.T.);
#7769 = EDGE_LOOP('',(#7770));
#7770 = ORIENTED_EDGE('',*,*,#7771,.T.);
#7771 = EDGE_CURVE('',#7772,#7772,#7774,.T.);
#7772 = VERTEX_POINT('',#7773);
#7773 = CARTESIAN_POINT('',(153.62,-126.74,1.51));
#7774 = CIRCLE('',#7775,0.5);
#7775 = AXIS2_PLACEMENT_3D('',#7776,#7777,#7778);
#7776 = CARTESIAN_POINT('',(153.62,-126.24,1.51));
#7777 = DIRECTION('',(-0.,0.,-1.));
#7778 = DIRECTION('',(-0.,-1.,0.));
#7779 = FACE_BOUND('',#7780,.T.);
#7780 = EDGE_LOOP('',(#7781));
#7781 = ORIENTED_EDGE('',*,*,#7782,.T.);
#7782 = EDGE_CURVE('',#7783,#7783,#7785,.T.);
#7783 = VERTEX_POINT('',#7784);
#7784 = CARTESIAN_POINT('',(149.4,-123.9,1.51));
#7785 = CIRCLE('',#7786,0.2);
#7786 = AXIS2_PLACEMENT_3D('',#7787,#7788,#7789);
#7787 = CARTESIAN_POINT('',(149.4,-123.7,1.51));
#7788 = DIRECTION('',(-0.,0.,-1.));
#7789 = DIRECTION('',(1.42108547152E-13,-1.,-0.));
#7790 = FACE_BOUND('',#7791,.T.);
#7791 = EDGE_LOOP('',(#7792));
#7792 = ORIENTED_EDGE('',*,*,#7793,.T.);
#7793 = EDGE_CURVE('',#7794,#7794,#7796,.T.);
#7794 = VERTEX_POINT('',#7795);
#7795 = CARTESIAN_POINT('',(153.62,-124.2,1.51));
#7796 = CIRCLE('',#7797,0.5);
#7797 = AXIS2_PLACEMENT_3D('',#7798,#7799,#7800);
#7798 = CARTESIAN_POINT('',(153.62,-123.7,1.51));
#7799 = DIRECTION('',(-0.,0.,-1.));
#7800 = DIRECTION('',(-0.,-1.,0.));
#7801 = FACE_BOUND('',#7802,.T.);
#7802 = EDGE_LOOP('',(#7803));
#7803 = ORIENTED_EDGE('',*,*,#7804,.T.);
#7804 = EDGE_CURVE('',#7805,#7805,#7807,.T.);
#7805 = VERTEX_POINT('',#7806);
#7806 = CARTESIAN_POINT('',(149.4,-121.36,1.51));
#7807 = CIRCLE('',#7808,0.2);
#7808 = AXIS2_PLACEMENT_3D('',#7809,#7810,#7811);
#7809 = CARTESIAN_POINT('',(149.4,-121.16,1.51));
#7810 = DIRECTION('',(-0.,0.,-1.));
#7811 = DIRECTION('',(1.42108547152E-13,-1.,-0.));
#7812 = FACE_BOUND('',#7813,.T.);
#7813 = EDGE_LOOP('',(#7814));
#7814 = ORIENTED_EDGE('',*,*,#7815,.T.);
#7815 = EDGE_CURVE('',#7816,#7816,#7818,.T.);
#7816 = VERTEX_POINT('',#7817);
#7817 = CARTESIAN_POINT('',(149.4,-118.82,1.51));
#7818 = CIRCLE('',#7819,0.2);
#7819 = AXIS2_PLACEMENT_3D('',#7820,#7821,#7822);
#7820 = CARTESIAN_POINT('',(149.4,-118.62,1.51));
#7821 = DIRECTION('',(-0.,0.,-1.));
#7822 = DIRECTION('',(1.42108547152E-13,-1.,-0.));
#7823 = FACE_BOUND('',#7824,.T.);
#7824 = EDGE_LOOP('',(#7825));
#7825 = ORIENTED_EDGE('',*,*,#7826,.T.);
#7826 = EDGE_CURVE('',#7827,#7827,#7829,.T.);
#7827 = VERTEX_POINT('',#7828);
#7828 = CARTESIAN_POINT('',(153.62,-121.66,1.51));
#7829 = CIRCLE('',#7830,0.5);
#7830 = AXIS2_PLACEMENT_3D('',#7831,#7832,#7833);
#7831 = CARTESIAN_POINT('',(153.62,-121.16,1.51));
#7832 = DIRECTION('',(-0.,0.,-1.));
#7833 = DIRECTION('',(-0.,-1.,0.));
#7834 = FACE_BOUND('',#7835,.T.);
#7835 = EDGE_LOOP('',(#7836));
#7836 = ORIENTED_EDGE('',*,*,#7837,.T.);
#7837 = EDGE_CURVE('',#7838,#7838,#7840,.T.);
#7838 = VERTEX_POINT('',#7839);
#7839 = CARTESIAN_POINT('',(153.62,-119.12,1.51));
#7840 = CIRCLE('',#7841,0.5);
#7841 = AXIS2_PLACEMENT_3D('',#7842,#7843,#7844);
#7842 = CARTESIAN_POINT('',(153.62,-118.62,1.51));
#7843 = DIRECTION('',(-0.,0.,-1.));
#7844 = DIRECTION('',(-0.,-1.,0.));
#7845 = FACE_BOUND('',#7846,.T.);
#7846 = EDGE_LOOP('',(#7847));
#7847 = ORIENTED_EDGE('',*,*,#7848,.T.);
#7848 = EDGE_CURVE('',#7849,#7849,#7851,.T.);
#7849 = VERTEX_POINT('',#7850);
#7850 = CARTESIAN_POINT('',(170.,-145.55,1.51));
#7851 = CIRCLE('',#7852,1.5);
#7852 = AXIS2_PLACEMENT_3D('',#7853,#7854,#7855);
#7853 = CARTESIAN_POINT('',(170.,-144.05,1.51));
#7854 = DIRECTION('',(-0.,0.,-1.));
#7855 = DIRECTION('',(-0.,-1.,0.));
#7856 = FACE_BOUND('',#7857,.T.);
#7857 = EDGE_LOOP('',(#7858,#7869,#7878,#7887));
#7858 = ORIENTED_EDGE('',*,*,#7859,.T.);
#7859 = EDGE_CURVE('',#7860,#7862,#7864,.T.);
#7860 = VERTEX_POINT('',#7861);
#7861 = CARTESIAN_POINT('',(166.39244942492,-135.0262752875,1.51));
#7862 = VERTEX_POINT('',#7863);
#7863 = CARTESIAN_POINT('',(166.19,-135.04,1.51));
#7864 = CIRCLE('',#7865,1.5);
#7865 = AXIS2_PLACEMENT_3D('',#7866,#7867,#7868);
#7866 = CARTESIAN_POINT('',(166.19,-133.54,1.51));
#7867 = DIRECTION('',(-0.,0.,-1.));
#7868 = DIRECTION('',(-0.,-1.,0.));
#7869 = ORIENTED_EDGE('',*,*,#7870,.T.);
#7870 = EDGE_CURVE('',#7862,#7871,#7873,.T.);
#7871 = VERTEX_POINT('',#7872);
#7872 = CARTESIAN_POINT('',(167.25755057507,-134.5937247124,1.51));
#7873 = CIRCLE('',#7874,1.5);
#7874 = AXIS2_PLACEMENT_3D('',#7875,#7876,#7877);
#7875 = CARTESIAN_POINT('',(166.19,-133.54,1.51));
#7876 = DIRECTION('',(-0.,0.,-1.));
#7877 = DIRECTION('',(-0.,-1.,0.));
#7878 = ORIENTED_EDGE('',*,*,#7879,.T.);
#7879 = EDGE_CURVE('',#7871,#7880,#7882,.T.);
#7880 = VERTEX_POINT('',#7881);
#7881 = CARTESIAN_POINT('',(167.46,-137.58,1.51));
#7882 = CIRCLE('',#7883,1.5);
#7883 = AXIS2_PLACEMENT_3D('',#7884,#7885,#7886);
#7884 = CARTESIAN_POINT('',(167.46,-136.08,1.51));
#7885 = DIRECTION('',(-0.,0.,-1.));
#7886 = DIRECTION('',(-0.,-1.,0.));
#7887 = ORIENTED_EDGE('',*,*,#7888,.T.);
#7888 = EDGE_CURVE('',#7880,#7860,#7889,.T.);
#7889 = CIRCLE('',#7890,1.5);
#7890 = AXIS2_PLACEMENT_3D('',#7891,#7892,#7893);
#7891 = CARTESIAN_POINT('',(167.46,-136.08,1.51));
#7892 = DIRECTION('',(-0.,0.,-1.));
#7893 = DIRECTION('',(-0.,-1.,0.));
#7894 = FACE_BOUND('',#7895,.T.);
#7895 = EDGE_LOOP('',(#7896));
#7896 = ORIENTED_EDGE('',*,*,#7897,.T.);
#7897 = EDGE_CURVE('',#7898,#7898,#7900,.T.);
#7898 = VERTEX_POINT('',#7899);
#7899 = CARTESIAN_POINT('',(179.488,-136.825,1.51));
#7900 = CIRCLE('',#7901,1.1);
#7901 = AXIS2_PLACEMENT_3D('',#7902,#7903,#7904);
#7902 = CARTESIAN_POINT('',(179.488,-135.725,1.51));
#7903 = DIRECTION('',(-0.,0.,-1.));
#7904 = DIRECTION('',(-0.,-1.,0.));
#7905 = FACE_BOUND('',#7906,.T.);
#7906 = EDGE_LOOP('',(#7907,#7918,#7927,#7936));
#7907 = ORIENTED_EDGE('',*,*,#7908,.T.);
#7908 = EDGE_CURVE('',#7909,#7911,#7913,.T.);
#7909 = VERTEX_POINT('',#7910);
#7910 = CARTESIAN_POINT('',(173.60755057507,-135.0262752875,1.51));
#7911 = VERTEX_POINT('',#7912);
#7912 = CARTESIAN_POINT('',(172.54,-137.58,1.51));
#7913 = CIRCLE('',#7914,1.5);
#7914 = AXIS2_PLACEMENT_3D('',#7915,#7916,#7917);
#7915 = CARTESIAN_POINT('',(172.54,-136.08,1.51));
#7916 = DIRECTION('',(-0.,0.,-1.));
#7917 = DIRECTION('',(-0.,-1.,0.));
#7918 = ORIENTED_EDGE('',*,*,#7919,.T.);
#7919 = EDGE_CURVE('',#7911,#7920,#7922,.T.);
#7920 = VERTEX_POINT('',#7921);
#7921 = CARTESIAN_POINT('',(172.74244942492,-134.5937247124,1.51));
#7922 = CIRCLE('',#7923,1.5);
#7923 = AXIS2_PLACEMENT_3D('',#7924,#7925,#7926);
#7924 = CARTESIAN_POINT('',(172.54,-136.08,1.51));
#7925 = DIRECTION('',(-0.,0.,-1.));
#7926 = DIRECTION('',(-0.,-1.,0.));
#7927 = ORIENTED_EDGE('',*,*,#7928,.T.);
#7928 = EDGE_CURVE('',#7920,#7929,#7931,.T.);
#7929 = VERTEX_POINT('',#7930);
#7930 = CARTESIAN_POINT('',(173.81,-135.04,1.51));
#7931 = CIRCLE('',#7932,1.5);
#7932 = AXIS2_PLACEMENT_3D('',#7933,#7934,#7935);
#7933 = CARTESIAN_POINT('',(173.81,-133.54,1.51));
#7934 = DIRECTION('',(-0.,0.,-1.));
#7935 = DIRECTION('',(-0.,-1.,0.));
#7936 = ORIENTED_EDGE('',*,*,#7937,.T.);
#7937 = EDGE_CURVE('',#7929,#7909,#7938,.T.);
#7938 = CIRCLE('',#7939,1.5);
#7939 = AXIS2_PLACEMENT_3D('',#7940,#7941,#7942);
#7940 = CARTESIAN_POINT('',(173.81,-133.54,1.51));
#7941 = DIRECTION('',(-0.,0.,-1.));
#7942 = DIRECTION('',(-0.,-1.,0.));
#7943 = FACE_BOUND('',#7944,.T.);
#7944 = EDGE_LOOP('',(#7945));
#7945 = ORIENTED_EDGE('',*,*,#7946,.T.);
#7946 = EDGE_CURVE('',#7947,#7947,#7949,.T.);
#7947 = VERTEX_POINT('',#7948);
#7948 = CARTESIAN_POINT('',(184.,-143.75,1.51));
#7949 = CIRCLE('',#7950,1.5);
#7950 = AXIS2_PLACEMENT_3D('',#7951,#7952,#7953);
#7951 = CARTESIAN_POINT('',(184.,-142.25,1.51));
#7952 = DIRECTION('',(-0.,0.,-1.));
#7953 = DIRECTION('',(-0.,-1.,0.));
#7954 = FACE_BOUND('',#7955,.T.);
#7955 = EDGE_LOOP('',(#7956));
#7956 = ORIENTED_EDGE('',*,*,#7957,.T.);
#7957 = EDGE_CURVE('',#7958,#7958,#7960,.T.);
#7958 = VERTEX_POINT('',#7959);
#7959 = CARTESIAN_POINT('',(189.,-141.55,1.51));
#7960 = CIRCLE('',#7961,1.5);
#7961 = AXIS2_PLACEMENT_3D('',#7962,#7963,#7964);
#7962 = CARTESIAN_POINT('',(189.,-140.05,1.51));
#7963 = DIRECTION('',(-0.,0.,-1.));
#7964 = DIRECTION('',(-0.,-1.,0.));
#7965 = FACE_BOUND('',#7966,.T.);
#7966 = EDGE_LOOP('',(#7967));
#7967 = ORIENTED_EDGE('',*,*,#7968,.T.);
#7968 = EDGE_CURVE('',#7969,#7969,#7971,.T.);
#7969 = VERTEX_POINT('',#7970);
#7970 = CARTESIAN_POINT('',(194.,-143.75,1.51));
#7971 = CIRCLE('',#7972,1.5);
#7972 = AXIS2_PLACEMENT_3D('',#7973,#7974,#7975);
#7973 = CARTESIAN_POINT('',(194.,-142.25,1.51));
#7974 = DIRECTION('',(-0.,0.,-1.));
#7975 = DIRECTION('',(-0.,-1.,0.));
#7976 = FACE_BOUND('',#7977,.T.);
#7977 = EDGE_LOOP('',(#7978,#7989,#7998,#8007));
#7978 = ORIENTED_EDGE('',*,*,#7979,.T.);
#7979 = EDGE_CURVE('',#7980,#7982,#7984,.T.);
#7980 = VERTEX_POINT('',#7981);
#7981 = CARTESIAN_POINT('',(164.71,-131.9264987857,1.51));
#7982 = VERTEX_POINT('',#7983);
#7983 = CARTESIAN_POINT('',(164.5,-131.95,1.51));
#7984 = CIRCLE('',#7985,0.95);
#7985 = AXIS2_PLACEMENT_3D('',#7986,#7987,#7988);
#7986 = CARTESIAN_POINT('',(164.5,-131.,1.51));
#7987 = DIRECTION('',(-0.,0.,-1.));
#7988 = DIRECTION('',(-0.,-1.,0.));
#7989 = ORIENTED_EDGE('',*,*,#7990,.T.);
#7990 = EDGE_CURVE('',#7982,#7991,#7993,.T.);
#7991 = VERTEX_POINT('',#7992);
#7992 = CARTESIAN_POINT('',(164.71,-130.0735012142,1.51));
#7993 = CIRCLE('',#7994,0.95);
#7994 = AXIS2_PLACEMENT_3D('',#7995,#7996,#7997);
#7995 = CARTESIAN_POINT('',(164.5,-131.,1.51));
#7996 = DIRECTION('',(-0.,0.,-1.));
#7997 = DIRECTION('',(-0.,-1.,0.));
#7998 = ORIENTED_EDGE('',*,*,#7999,.T.);
#7999 = EDGE_CURVE('',#7991,#8000,#8002,.T.);
#8000 = VERTEX_POINT('',#8001);
#8001 = CARTESIAN_POINT('',(164.92,-131.95,1.51));
#8002 = CIRCLE('',#8003,0.95);
#8003 = AXIS2_PLACEMENT_3D('',#8004,#8005,#8006);
#8004 = CARTESIAN_POINT('',(164.92,-131.,1.51));
#8005 = DIRECTION('',(-0.,0.,-1.));
#8006 = DIRECTION('',(-2.991758887411E-14,-1.,0.));
#8007 = ORIENTED_EDGE('',*,*,#8008,.T.);
#8008 = EDGE_CURVE('',#8000,#7980,#8009,.T.);
#8009 = CIRCLE('',#8010,0.95);
#8010 = AXIS2_PLACEMENT_3D('',#8011,#8012,#8013);
#8011 = CARTESIAN_POINT('',(164.92,-131.,1.51));
#8012 = DIRECTION('',(-0.,0.,-1.));
#8013 = DIRECTION('',(-2.991758887411E-14,-1.,0.));
#8014 = FACE_BOUND('',#8015,.T.);
#8015 = EDGE_LOOP('',(#8016));
#8016 = ORIENTED_EDGE('',*,*,#8017,.T.);
#8017 = EDGE_CURVE('',#8018,#8018,#8020,.T.);
#8018 = VERTEX_POINT('',#8019);
#8019 = CARTESIAN_POINT('',(170.,-133.5,1.51));
#8020 = CIRCLE('',#8021,2.5);
#8021 = AXIS2_PLACEMENT_3D('',#8022,#8023,#8024);
#8022 = CARTESIAN_POINT('',(170.,-131.,1.51));
#8023 = DIRECTION('',(-0.,0.,-1.));
#8024 = DIRECTION('',(-0.,-1.,0.));
#8025 = FACE_BOUND('',#8026,.T.);
#8026 = EDGE_LOOP('',(#8027));
#8027 = ORIENTED_EDGE('',*,*,#8028,.T.);
#8028 = EDGE_CURVE('',#8029,#8029,#8031,.T.);
#8029 = VERTEX_POINT('',#8030);
#8030 = CARTESIAN_POINT('',(165.,-128.75,1.51));
#8031 = CIRCLE('',#8032,1.5);
#8032 = AXIS2_PLACEMENT_3D('',#8033,#8034,#8035);
#8033 = CARTESIAN_POINT('',(165.,-127.25,1.51));
#8034 = DIRECTION('',(-0.,0.,-1.));
#8035 = DIRECTION('',(-0.,-1.,0.));
#8036 = FACE_BOUND('',#8037,.T.);
#8037 = EDGE_LOOP('',(#8038,#8049,#8058,#8067));
#8038 = ORIENTED_EDGE('',*,*,#8039,.T.);
#8039 = EDGE_CURVE('',#8040,#8042,#8044,.T.);
#8040 = VERTEX_POINT('',#8041);
#8041 = CARTESIAN_POINT('',(175.29,-130.0735012142,1.51));
#8042 = VERTEX_POINT('',#8043);
#8043 = CARTESIAN_POINT('',(175.5,-131.95,1.51));
#8044 = CIRCLE('',#8045,0.95);
#8045 = AXIS2_PLACEMENT_3D('',#8046,#8047,#8048);
#8046 = CARTESIAN_POINT('',(175.5,-131.,1.51));
#8047 = DIRECTION('',(-0.,0.,-1.));
#8048 = DIRECTION('',(-0.,-1.,0.));
#8049 = ORIENTED_EDGE('',*,*,#8050,.T.);
#8050 = EDGE_CURVE('',#8042,#8051,#8053,.T.);
#8051 = VERTEX_POINT('',#8052);
#8052 = CARTESIAN_POINT('',(175.29,-131.9264987857,1.51));
#8053 = CIRCLE('',#8054,0.95);
#8054 = AXIS2_PLACEMENT_3D('',#8055,#8056,#8057);
#8055 = CARTESIAN_POINT('',(175.5,-131.,1.51));
#8056 = DIRECTION('',(-0.,0.,-1.));
#8057 = DIRECTION('',(-0.,-1.,0.));
#8058 = ORIENTED_EDGE('',*,*,#8059,.T.);
#8059 = EDGE_CURVE('',#8051,#8060,#8062,.T.);
#8060 = VERTEX_POINT('',#8061);
#8061 = CARTESIAN_POINT('',(175.08,-131.95,1.51));
#8062 = CIRCLE('',#8063,0.95);
#8063 = AXIS2_PLACEMENT_3D('',#8064,#8065,#8066);
#8064 = CARTESIAN_POINT('',(175.08,-131.,1.51));
#8065 = DIRECTION('',(-0.,0.,-1.));
#8066 = DIRECTION('',(2.991758887411E-14,-1.,-0.));
#8067 = ORIENTED_EDGE('',*,*,#8068,.T.);
#8068 = EDGE_CURVE('',#8060,#8040,#8069,.T.);
#8069 = CIRCLE('',#8070,0.95);
#8070 = AXIS2_PLACEMENT_3D('',#8071,#8072,#8073);
#8071 = CARTESIAN_POINT('',(175.08,-131.,1.51));
#8072 = DIRECTION('',(-0.,0.,-1.));
#8073 = DIRECTION('',(2.991758887411E-14,-1.,-0.));
#8074 = FACE_BOUND('',#8075,.T.);
#8075 = EDGE_LOOP('',(#8076));
#8076 = ORIENTED_EDGE('',*,*,#8077,.T.);
#8077 = EDGE_CURVE('',#8078,#8078,#8080,.T.);
#8078 = VERTEX_POINT('',#8079);
#8079 = CARTESIAN_POINT('',(175.,-128.75,1.51));
#8080 = CIRCLE('',#8081,1.5);
#8081 = AXIS2_PLACEMENT_3D('',#8082,#8083,#8084);
#8082 = CARTESIAN_POINT('',(175.,-127.25,1.51));
#8083 = DIRECTION('',(-0.,0.,-1.));
#8084 = DIRECTION('',(-0.,-1.,0.));
#8085 = FACE_BOUND('',#8086,.T.);
#8086 = EDGE_LOOP('',(#8087));
#8087 = ORIENTED_EDGE('',*,*,#8088,.T.);
#8088 = EDGE_CURVE('',#8089,#8089,#8091,.T.);
#8089 = VERTEX_POINT('',#8090);
#8090 = CARTESIAN_POINT('',(170.,-126.55,1.51));
#8091 = CIRCLE('',#8092,1.5);
#8092 = AXIS2_PLACEMENT_3D('',#8093,#8094,#8095);
#8093 = CARTESIAN_POINT('',(170.,-125.05,1.51));
#8094 = DIRECTION('',(-0.,0.,-1.));
#8095 = DIRECTION('',(-0.,-1.,0.));
#8096 = FACE_BOUND('',#8097,.T.);
#8097 = EDGE_LOOP('',(#8098,#8109,#8118,#8127));
#8098 = ORIENTED_EDGE('',*,*,#8099,.T.);
#8099 = EDGE_CURVE('',#8100,#8102,#8104,.T.);
#8100 = VERTEX_POINT('',#8101);
#8101 = CARTESIAN_POINT('',(185.39244942492,-131.0262752875,1.51));
#8102 = VERTEX_POINT('',#8103);
#8103 = CARTESIAN_POINT('',(185.19,-131.04,1.51));
#8104 = CIRCLE('',#8105,1.5);
#8105 = AXIS2_PLACEMENT_3D('',#8106,#8107,#8108);
#8106 = CARTESIAN_POINT('',(185.19,-129.54,1.51));
#8107 = DIRECTION('',(-0.,0.,-1.));
#8108 = DIRECTION('',(-0.,-1.,0.));
#8109 = ORIENTED_EDGE('',*,*,#8110,.T.);
#8110 = EDGE_CURVE('',#8102,#8111,#8113,.T.);
#8111 = VERTEX_POINT('',#8112);
#8112 = CARTESIAN_POINT('',(186.25755057507,-130.5937247124,1.51));
#8113 = CIRCLE('',#8114,1.5);
#8114 = AXIS2_PLACEMENT_3D('',#8115,#8116,#8117);
#8115 = CARTESIAN_POINT('',(185.19,-129.54,1.51));
#8116 = DIRECTION('',(-0.,0.,-1.));
#8117 = DIRECTION('',(-0.,-1.,0.));
#8118 = ORIENTED_EDGE('',*,*,#8119,.T.);
#8119 = EDGE_CURVE('',#8111,#8120,#8122,.T.);
#8120 = VERTEX_POINT('',#8121);
#8121 = CARTESIAN_POINT('',(186.46,-133.58,1.51));
#8122 = CIRCLE('',#8123,1.5);
#8123 = AXIS2_PLACEMENT_3D('',#8124,#8125,#8126);
#8124 = CARTESIAN_POINT('',(186.46,-132.08,1.51));
#8125 = DIRECTION('',(-0.,0.,-1.));
#8126 = DIRECTION('',(-0.,-1.,0.));
#8127 = ORIENTED_EDGE('',*,*,#8128,.T.);
#8128 = EDGE_CURVE('',#8120,#8100,#8129,.T.);
#8129 = CIRCLE('',#8130,1.5);
#8130 = AXIS2_PLACEMENT_3D('',#8131,#8132,#8133);
#8131 = CARTESIAN_POINT('',(186.46,-132.08,1.51));
#8132 = DIRECTION('',(-0.,0.,-1.));
#8133 = DIRECTION('',(-0.,-1.,0.));
#8134 = FACE_BOUND('',#8135,.T.);
#8135 = EDGE_LOOP('',(#8136,#8147,#8156,#8165));
#8136 = ORIENTED_EDGE('',*,*,#8137,.T.);
#8137 = EDGE_CURVE('',#8138,#8140,#8142,.T.);
#8138 = VERTEX_POINT('',#8139);
#8139 = CARTESIAN_POINT('',(183.71,-126.0735012142,1.51));
#8140 = VERTEX_POINT('',#8141);
#8141 = CARTESIAN_POINT('',(183.92,-127.95,1.51));
#8142 = CIRCLE('',#8143,0.95);
#8143 = AXIS2_PLACEMENT_3D('',#8144,#8145,#8146);
#8144 = CARTESIAN_POINT('',(183.92,-127.,1.51));
#8145 = DIRECTION('',(-0.,0.,-1.));
#8146 = DIRECTION('',(-2.991758887411E-14,-1.,0.));
#8147 = ORIENTED_EDGE('',*,*,#8148,.T.);
#8148 = EDGE_CURVE('',#8140,#8149,#8151,.T.);
#8149 = VERTEX_POINT('',#8150);
#8150 = CARTESIAN_POINT('',(183.71,-127.9264987857,1.51));
#8151 = CIRCLE('',#8152,0.95);
#8152 = AXIS2_PLACEMENT_3D('',#8153,#8154,#8155);
#8153 = CARTESIAN_POINT('',(183.92,-127.,1.51));
#8154 = DIRECTION('',(-0.,0.,-1.));
#8155 = DIRECTION('',(-2.991758887411E-14,-1.,0.));
#8156 = ORIENTED_EDGE('',*,*,#8157,.T.);
#8157 = EDGE_CURVE('',#8149,#8158,#8160,.T.);
#8158 = VERTEX_POINT('',#8159);
#8159 = CARTESIAN_POINT('',(183.5,-127.95,1.51));
#8160 = CIRCLE('',#8161,0.95);
#8161 = AXIS2_PLACEMENT_3D('',#8162,#8163,#8164);
#8162 = CARTESIAN_POINT('',(183.5,-127.,1.51));
#8163 = DIRECTION('',(-0.,0.,-1.));
#8164 = DIRECTION('',(-0.,-1.,0.));
#8165 = ORIENTED_EDGE('',*,*,#8166,.T.);
#8166 = EDGE_CURVE('',#8158,#8138,#8167,.T.);
#8167 = CIRCLE('',#8168,0.95);
#8168 = AXIS2_PLACEMENT_3D('',#8169,#8170,#8171);
#8169 = CARTESIAN_POINT('',(183.5,-127.,1.51));
#8170 = DIRECTION('',(-0.,0.,-1.));
#8171 = DIRECTION('',(-0.,-1.,0.));
#8172 = FACE_BOUND('',#8173,.T.);
#8173 = EDGE_LOOP('',(#8174));
#8174 = ORIENTED_EDGE('',*,*,#8175,.T.);
#8175 = EDGE_CURVE('',#8176,#8176,#8178,.T.);
#8176 = VERTEX_POINT('',#8177);
#8177 = CARTESIAN_POINT('',(189.,-129.5,1.51));
#8178 = CIRCLE('',#8179,2.5);
#8179 = AXIS2_PLACEMENT_3D('',#8180,#8181,#8182);
#8180 = CARTESIAN_POINT('',(189.,-127.,1.51));
#8181 = DIRECTION('',(-0.,0.,-1.));
#8182 = DIRECTION('',(-0.,-1.,0.));
#8183 = FACE_BOUND('',#8184,.T.);
#8184 = EDGE_LOOP('',(#8185,#8196,#8205,#8214));
#8185 = ORIENTED_EDGE('',*,*,#8186,.T.);
#8186 = EDGE_CURVE('',#8187,#8189,#8191,.T.);
#8187 = VERTEX_POINT('',#8188);
#8188 = CARTESIAN_POINT('',(192.60755057507,-131.0262752875,1.51));
#8189 = VERTEX_POINT('',#8190);
#8190 = CARTESIAN_POINT('',(191.54,-133.58,1.51));
#8191 = CIRCLE('',#8192,1.5);
#8192 = AXIS2_PLACEMENT_3D('',#8193,#8194,#8195);
#8193 = CARTESIAN_POINT('',(191.54,-132.08,1.51));
#8194 = DIRECTION('',(-0.,0.,-1.));
#8195 = DIRECTION('',(-0.,-1.,0.));
#8196 = ORIENTED_EDGE('',*,*,#8197,.T.);
#8197 = EDGE_CURVE('',#8189,#8198,#8200,.T.);
#8198 = VERTEX_POINT('',#8199);
#8199 = CARTESIAN_POINT('',(191.74244942492,-130.5937247124,1.51));
#8200 = CIRCLE('',#8201,1.5);
#8201 = AXIS2_PLACEMENT_3D('',#8202,#8203,#8204);
#8202 = CARTESIAN_POINT('',(191.54,-132.08,1.51));
#8203 = DIRECTION('',(-0.,0.,-1.));
#8204 = DIRECTION('',(-0.,-1.,0.));
#8205 = ORIENTED_EDGE('',*,*,#8206,.T.);
#8206 = EDGE_CURVE('',#8198,#8207,#8209,.T.);
#8207 = VERTEX_POINT('',#8208);
#8208 = CARTESIAN_POINT('',(192.81,-131.04,1.51));
#8209 = CIRCLE('',#8210,1.5);
#8210 = AXIS2_PLACEMENT_3D('',#8211,#8212,#8213);
#8211 = CARTESIAN_POINT('',(192.81,-129.54,1.51));
#8212 = DIRECTION('',(-0.,0.,-1.));
#8213 = DIRECTION('',(-0.,-1.,0.));
#8214 = ORIENTED_EDGE('',*,*,#8215,.T.);
#8215 = EDGE_CURVE('',#8207,#8187,#8216,.T.);
#8216 = CIRCLE('',#8217,1.5);
#8217 = AXIS2_PLACEMENT_3D('',#8218,#8219,#8220);
#8218 = CARTESIAN_POINT('',(192.81,-129.54,1.51));
#8219 = DIRECTION('',(-0.,0.,-1.));
#8220 = DIRECTION('',(-0.,-1.,0.));
#8221 = FACE_BOUND('',#8222,.T.);
#8222 = EDGE_LOOP('',(#8223,#8234,#8243,#8252));
#8223 = ORIENTED_EDGE('',*,*,#8224,.T.);
#8224 = EDGE_CURVE('',#8225,#8227,#8229,.T.);
#8225 = VERTEX_POINT('',#8226);
#8226 = CARTESIAN_POINT('',(194.29,-127.9264987857,1.51));
#8227 = VERTEX_POINT('',#8228);
#8228 = CARTESIAN_POINT('',(194.08,-127.95,1.51));
#8229 = CIRCLE('',#8230,0.95);
#8230 = AXIS2_PLACEMENT_3D('',#8231,#8232,#8233);
#8231 = CARTESIAN_POINT('',(194.08,-127.,1.51));
#8232 = DIRECTION('',(-0.,0.,-1.));
#8233 = DIRECTION('',(2.991758887411E-14,-1.,-0.));
#8234 = ORIENTED_EDGE('',*,*,#8235,.T.);
#8235 = EDGE_CURVE('',#8227,#8236,#8238,.T.);
#8236 = VERTEX_POINT('',#8237);
#8237 = CARTESIAN_POINT('',(194.29,-126.0735012142,1.51));
#8238 = CIRCLE('',#8239,0.95);
#8239 = AXIS2_PLACEMENT_3D('',#8240,#8241,#8242);
#8240 = CARTESIAN_POINT('',(194.08,-127.,1.51));
#8241 = DIRECTION('',(-0.,0.,-1.));
#8242 = DIRECTION('',(2.991758887411E-14,-1.,-0.));
#8243 = ORIENTED_EDGE('',*,*,#8244,.T.);
#8244 = EDGE_CURVE('',#8236,#8245,#8247,.T.);
#8245 = VERTEX_POINT('',#8246);
#8246 = CARTESIAN_POINT('',(194.5,-127.95,1.51));
#8247 = CIRCLE('',#8248,0.95);
#8248 = AXIS2_PLACEMENT_3D('',#8249,#8250,#8251);
#8249 = CARTESIAN_POINT('',(194.5,-127.,1.51));
#8250 = DIRECTION('',(-0.,0.,-1.));
#8251 = DIRECTION('',(-0.,-1.,0.));
#8252 = ORIENTED_EDGE('',*,*,#8253,.T.);
#8253 = EDGE_CURVE('',#8245,#8225,#8254,.T.);
#8254 = CIRCLE('',#8255,0.95);
#8255 = AXIS2_PLACEMENT_3D('',#8256,#8257,#8258);
#8256 = CARTESIAN_POINT('',(194.5,-127.,1.51));
#8257 = DIRECTION('',(-0.,0.,-1.));
#8258 = DIRECTION('',(-0.,-1.,0.));
#8259 = FACE_BOUND('',#8260,.T.);
#8260 = EDGE_LOOP('',(#8261));
#8261 = ORIENTED_EDGE('',*,*,#8262,.T.);
#8262 = EDGE_CURVE('',#8263,#8263,#8265,.T.);
#8263 = VERTEX_POINT('',#8264);
#8264 = CARTESIAN_POINT('',(184.,-124.75,1.51));
#8265 = CIRCLE('',#8266,1.5);
#8266 = AXIS2_PLACEMENT_3D('',#8267,#8268,#8269);
#8267 = CARTESIAN_POINT('',(184.,-123.25,1.51));
#8268 = DIRECTION('',(-0.,0.,-1.));
#8269 = DIRECTION('',(-0.,-1.,0.));
#8270 = FACE_BOUND('',#8271,.T.);
#8271 = EDGE_LOOP('',(#8272));
#8272 = ORIENTED_EDGE('',*,*,#8273,.T.);
#8273 = EDGE_CURVE('',#8274,#8274,#8276,.T.);
#8274 = VERTEX_POINT('',#8275);
#8275 = CARTESIAN_POINT('',(189.,-122.55,1.51));
#8276 = CIRCLE('',#8277,1.5);
#8277 = AXIS2_PLACEMENT_3D('',#8278,#8279,#8280);
#8278 = CARTESIAN_POINT('',(189.,-121.05,1.51));
#8279 = DIRECTION('',(-0.,0.,-1.));
#8280 = DIRECTION('',(-0.,-1.,0.));
#8281 = FACE_BOUND('',#8282,.T.);
#8282 = EDGE_LOOP('',(#8283));
#8283 = ORIENTED_EDGE('',*,*,#8284,.T.);
#8284 = EDGE_CURVE('',#8285,#8285,#8287,.T.);
#8285 = VERTEX_POINT('',#8286);
#8286 = CARTESIAN_POINT('',(194.,-124.75,1.51));
#8287 = CIRCLE('',#8288,1.5);
#8288 = AXIS2_PLACEMENT_3D('',#8289,#8290,#8291);
#8289 = CARTESIAN_POINT('',(194.,-123.25,1.51));
#8290 = DIRECTION('',(-0.,0.,-1.));
#8291 = DIRECTION('',(-0.,-1.,0.));
#8292 = FACE_BOUND('',#8293,.T.);
#8293 = EDGE_LOOP('',(#8294));
#8294 = ORIENTED_EDGE('',*,*,#8295,.T.);
#8295 = EDGE_CURVE('',#8296,#8296,#8298,.T.);
#8296 = VERTEX_POINT('',#8297);
#8297 = CARTESIAN_POINT('',(138.38,-116.58,1.51));
#8298 = CIRCLE('',#8299,0.5);
#8299 = AXIS2_PLACEMENT_3D('',#8300,#8301,#8302);
#8300 = CARTESIAN_POINT('',(138.38,-116.08,1.51));
#8301 = DIRECTION('',(-0.,0.,-1.));
#8302 = DIRECTION('',(-0.,-1.,0.));
#8303 = FACE_BOUND('',#8304,.T.);
#8304 = EDGE_LOOP('',(#8305));
#8305 = ORIENTED_EDGE('',*,*,#8306,.T.);
#8306 = EDGE_CURVE('',#8307,#8307,#8309,.T.);
#8307 = VERTEX_POINT('',#8308);
#8308 = CARTESIAN_POINT('',(142.6,-116.28,1.51));
#8309 = CIRCLE('',#8310,0.2);
#8310 = AXIS2_PLACEMENT_3D('',#8311,#8312,#8313);
#8311 = CARTESIAN_POINT('',(142.6,-116.08,1.51));
#8312 = DIRECTION('',(-0.,0.,-1.));
#8313 = DIRECTION('',(-1.42108547152E-13,-1.,0.));
#8314 = FACE_BOUND('',#8315,.T.);
#8315 = EDGE_LOOP('',(#8316));
#8316 = ORIENTED_EDGE('',*,*,#8317,.T.);
#8317 = EDGE_CURVE('',#8318,#8318,#8320,.T.);
#8318 = VERTEX_POINT('',#8319);
#8319 = CARTESIAN_POINT('',(138.38,-114.04,1.51));
#8320 = CIRCLE('',#8321,0.5);
#8321 = AXIS2_PLACEMENT_3D('',#8322,#8323,#8324);
#8322 = CARTESIAN_POINT('',(138.38,-113.54,1.51));
#8323 = DIRECTION('',(-0.,0.,-1.));
#8324 = DIRECTION('',(-0.,-1.,0.));
#8325 = FACE_BOUND('',#8326,.T.);
#8326 = EDGE_LOOP('',(#8327));
#8327 = ORIENTED_EDGE('',*,*,#8328,.T.);
#8328 = EDGE_CURVE('',#8329,#8329,#8331,.T.);
#8329 = VERTEX_POINT('',#8330);
#8330 = CARTESIAN_POINT('',(142.6,-113.74,1.51));
#8331 = CIRCLE('',#8332,0.2);
#8332 = AXIS2_PLACEMENT_3D('',#8333,#8334,#8335);
#8333 = CARTESIAN_POINT('',(142.6,-113.54,1.51));
#8334 = DIRECTION('',(-0.,0.,-1.));
#8335 = DIRECTION('',(-1.42108547152E-13,-1.,0.));
#8336 = FACE_BOUND('',#8337,.T.);
#8337 = EDGE_LOOP('',(#8338));
#8338 = ORIENTED_EDGE('',*,*,#8339,.T.);
#8339 = EDGE_CURVE('',#8340,#8340,#8342,.T.);
#8340 = VERTEX_POINT('',#8341);
#8341 = CARTESIAN_POINT('',(131.39,-106.35,1.51));
#8342 = CIRCLE('',#8343,0.45);
#8343 = AXIS2_PLACEMENT_3D('',#8344,#8345,#8346);
#8344 = CARTESIAN_POINT('',(131.39,-105.9,1.51));
#8345 = DIRECTION('',(-0.,0.,-1.));
#8346 = DIRECTION('',(-0.,-1.,0.));
#8347 = FACE_BOUND('',#8348,.T.);
#8348 = EDGE_LOOP('',(#8349));
#8349 = ORIENTED_EDGE('',*,*,#8350,.T.);
#8350 = EDGE_CURVE('',#8351,#8351,#8353,.T.);
#8351 = VERTEX_POINT('',#8352);
#8352 = CARTESIAN_POINT('',(138.38,-111.5,1.51));
#8353 = CIRCLE('',#8354,0.5);
#8354 = AXIS2_PLACEMENT_3D('',#8355,#8356,#8357);
#8355 = CARTESIAN_POINT('',(138.38,-111.,1.51));
#8356 = DIRECTION('',(-0.,0.,-1.));
#8357 = DIRECTION('',(-0.,-1.,0.));
#8358 = FACE_BOUND('',#8359,.T.);
#8359 = EDGE_LOOP('',(#8360));
#8360 = ORIENTED_EDGE('',*,*,#8361,.T.);
#8361 = EDGE_CURVE('',#8362,#8362,#8364,.T.);
#8362 = VERTEX_POINT('',#8363);
#8363 = CARTESIAN_POINT('',(138.38,-108.96,1.51));
#8364 = CIRCLE('',#8365,0.5);
#8365 = AXIS2_PLACEMENT_3D('',#8366,#8367,#8368);
#8366 = CARTESIAN_POINT('',(138.38,-108.46,1.51));
#8367 = DIRECTION('',(-0.,0.,-1.));
#8368 = DIRECTION('',(-0.,-1.,0.));
#8369 = FACE_BOUND('',#8370,.T.);
#8370 = EDGE_LOOP('',(#8371));
#8371 = ORIENTED_EDGE('',*,*,#8372,.T.);
#8372 = EDGE_CURVE('',#8373,#8373,#8375,.T.);
#8373 = VERTEX_POINT('',#8374);
#8374 = CARTESIAN_POINT('',(142.6,-111.2,1.51));
#8375 = CIRCLE('',#8376,0.2);
#8376 = AXIS2_PLACEMENT_3D('',#8377,#8378,#8379);
#8377 = CARTESIAN_POINT('',(142.6,-111.,1.51));
#8378 = DIRECTION('',(-0.,0.,-1.));
#8379 = DIRECTION('',(-1.42108547152E-13,-1.,0.));
#8380 = FACE_BOUND('',#8381,.T.);
#8381 = EDGE_LOOP('',(#8382));
#8382 = ORIENTED_EDGE('',*,*,#8383,.T.);
#8383 = EDGE_CURVE('',#8384,#8384,#8386,.T.);
#8384 = VERTEX_POINT('',#8385);
#8385 = CARTESIAN_POINT('',(142.6,-108.66,1.51));
#8386 = CIRCLE('',#8387,0.2);
#8387 = AXIS2_PLACEMENT_3D('',#8388,#8389,#8390);
#8388 = CARTESIAN_POINT('',(142.6,-108.46,1.51));
#8389 = DIRECTION('',(-0.,0.,-1.));
#8390 = DIRECTION('',(-1.42108547152E-13,-1.,0.));
#8391 = FACE_BOUND('',#8392,.T.);
#8392 = EDGE_LOOP('',(#8393));
#8393 = ORIENTED_EDGE('',*,*,#8394,.T.);
#8394 = EDGE_CURVE('',#8395,#8395,#8397,.T.);
#8395 = VERTEX_POINT('',#8396);
#8396 = CARTESIAN_POINT('',(138.38,-106.42,1.51));
#8397 = CIRCLE('',#8398,0.5);
#8398 = AXIS2_PLACEMENT_3D('',#8399,#8400,#8401);
#8399 = CARTESIAN_POINT('',(138.38,-105.92,1.51));
#8400 = DIRECTION('',(-0.,0.,-1.));
#8401 = DIRECTION('',(-0.,-1.,0.));
#8402 = FACE_BOUND('',#8403,.T.);
#8403 = EDGE_LOOP('',(#8404));
#8404 = ORIENTED_EDGE('',*,*,#8405,.T.);
#8405 = EDGE_CURVE('',#8406,#8406,#8408,.T.);
#8406 = VERTEX_POINT('',#8407);
#8407 = CARTESIAN_POINT('',(142.6,-106.12,1.51));
#8408 = CIRCLE('',#8409,0.2);
#8409 = AXIS2_PLACEMENT_3D('',#8410,#8411,#8412);
#8410 = CARTESIAN_POINT('',(142.6,-105.92,1.51));
#8411 = DIRECTION('',(-0.,0.,-1.));
#8412 = DIRECTION('',(-1.42108547152E-13,-1.,0.));
#8413 = FACE_BOUND('',#8414,.T.);
#8414 = EDGE_LOOP('',(#8415));
#8415 = ORIENTED_EDGE('',*,*,#8416,.T.);
#8416 = EDGE_CURVE('',#8417,#8417,#8419,.T.);
#8417 = VERTEX_POINT('',#8418);
#8418 = CARTESIAN_POINT('',(149.4,-116.28,1.51));
#8419 = CIRCLE('',#8420,0.2);
#8420 = AXIS2_PLACEMENT_3D('',#8421,#8422,#8423);
#8421 = CARTESIAN_POINT('',(149.4,-116.08,1.51));
#8422 = DIRECTION('',(-0.,0.,-1.));
#8423 = DIRECTION('',(1.42108547152E-13,-1.,-0.));
#8424 = FACE_BOUND('',#8425,.T.);
#8425 = EDGE_LOOP('',(#8426));
#8426 = ORIENTED_EDGE('',*,*,#8427,.T.);
#8427 = EDGE_CURVE('',#8428,#8428,#8430,.T.);
#8428 = VERTEX_POINT('',#8429);
#8429 = CARTESIAN_POINT('',(153.62,-116.58,1.51));
#8430 = CIRCLE('',#8431,0.5);
#8431 = AXIS2_PLACEMENT_3D('',#8432,#8433,#8434);
#8432 = CARTESIAN_POINT('',(153.62,-116.08,1.51));
#8433 = DIRECTION('',(-0.,0.,-1.));
#8434 = DIRECTION('',(-0.,-1.,0.));
#8435 = FACE_BOUND('',#8436,.T.);
#8436 = EDGE_LOOP('',(#8437));
#8437 = ORIENTED_EDGE('',*,*,#8438,.T.);
#8438 = EDGE_CURVE('',#8439,#8439,#8441,.T.);
#8439 = VERTEX_POINT('',#8440);
#8440 = CARTESIAN_POINT('',(149.4,-113.74,1.51));
#8441 = CIRCLE('',#8442,0.2);
#8442 = AXIS2_PLACEMENT_3D('',#8443,#8444,#8445);
#8443 = CARTESIAN_POINT('',(149.4,-113.54,1.51));
#8444 = DIRECTION('',(-0.,0.,-1.));
#8445 = DIRECTION('',(1.42108547152E-13,-1.,-0.));
#8446 = FACE_BOUND('',#8447,.T.);
#8447 = EDGE_LOOP('',(#8448));
#8448 = ORIENTED_EDGE('',*,*,#8449,.T.);
#8449 = EDGE_CURVE('',#8450,#8450,#8452,.T.);
#8450 = VERTEX_POINT('',#8451);
#8451 = CARTESIAN_POINT('',(153.62,-114.04,1.51));
#8452 = CIRCLE('',#8453,0.5);
#8453 = AXIS2_PLACEMENT_3D('',#8454,#8455,#8456);
#8454 = CARTESIAN_POINT('',(153.62,-113.54,1.51));
#8455 = DIRECTION('',(-0.,0.,-1.));
#8456 = DIRECTION('',(-0.,-1.,0.));
#8457 = FACE_BOUND('',#8458,.T.);
#8458 = EDGE_LOOP('',(#8459));
#8459 = ORIENTED_EDGE('',*,*,#8460,.T.);
#8460 = EDGE_CURVE('',#8461,#8461,#8463,.T.);
#8461 = VERTEX_POINT('',#8462);
#8462 = CARTESIAN_POINT('',(149.4,-111.2,1.51));
#8463 = CIRCLE('',#8464,0.2);
#8464 = AXIS2_PLACEMENT_3D('',#8465,#8466,#8467);
#8465 = CARTESIAN_POINT('',(149.4,-111.,1.51));
#8466 = DIRECTION('',(-0.,0.,-1.));
#8467 = DIRECTION('',(1.42108547152E-13,-1.,-0.));
#8468 = FACE_BOUND('',#8469,.T.);
#8469 = EDGE_LOOP('',(#8470));
#8470 = ORIENTED_EDGE('',*,*,#8471,.T.);
#8471 = EDGE_CURVE('',#8472,#8472,#8474,.T.);
#8472 = VERTEX_POINT('',#8473);
#8473 = CARTESIAN_POINT('',(149.4,-108.66,1.51));
#8474 = CIRCLE('',#8475,0.2);
#8475 = AXIS2_PLACEMENT_3D('',#8476,#8477,#8478);
#8476 = CARTESIAN_POINT('',(149.4,-108.46,1.51));
#8477 = DIRECTION('',(-0.,0.,-1.));
#8478 = DIRECTION('',(1.42108547152E-13,-1.,-0.));
#8479 = FACE_BOUND('',#8480,.T.);
#8480 = EDGE_LOOP('',(#8481));
#8481 = ORIENTED_EDGE('',*,*,#8482,.T.);
#8482 = EDGE_CURVE('',#8483,#8483,#8485,.T.);
#8483 = VERTEX_POINT('',#8484);
#8484 = CARTESIAN_POINT('',(153.62,-111.5,1.51));
#8485 = CIRCLE('',#8486,0.5);
#8486 = AXIS2_PLACEMENT_3D('',#8487,#8488,#8489);
#8487 = CARTESIAN_POINT('',(153.62,-111.,1.51));
#8488 = DIRECTION('',(-0.,0.,-1.));
#8489 = DIRECTION('',(-0.,-1.,0.));
#8490 = FACE_BOUND('',#8491,.T.);
#8491 = EDGE_LOOP('',(#8492));
#8492 = ORIENTED_EDGE('',*,*,#8493,.T.);
#8493 = EDGE_CURVE('',#8494,#8494,#8496,.T.);
#8494 = VERTEX_POINT('',#8495);
#8495 = CARTESIAN_POINT('',(153.62,-108.96,1.51));
#8496 = CIRCLE('',#8497,0.5);
#8497 = AXIS2_PLACEMENT_3D('',#8498,#8499,#8500);
#8498 = CARTESIAN_POINT('',(153.62,-108.46,1.51));
#8499 = DIRECTION('',(-0.,0.,-1.));
#8500 = DIRECTION('',(-0.,-1.,0.));
#8501 = FACE_BOUND('',#8502,.T.);
#8502 = EDGE_LOOP('',(#8503));
#8503 = ORIENTED_EDGE('',*,*,#8504,.T.);
#8504 = EDGE_CURVE('',#8505,#8505,#8507,.T.);
#8505 = VERTEX_POINT('',#8506);
#8506 = CARTESIAN_POINT('',(149.4,-106.12,1.51));
#8507 = CIRCLE('',#8508,0.2);
#8508 = AXIS2_PLACEMENT_3D('',#8509,#8510,#8511);
#8509 = CARTESIAN_POINT('',(149.4,-105.92,1.51));
#8510 = DIRECTION('',(-0.,0.,-1.));
#8511 = DIRECTION('',(1.42108547152E-13,-1.,-0.));
#8512 = FACE_BOUND('',#8513,.T.);
#8513 = EDGE_LOOP('',(#8514));
#8514 = ORIENTED_EDGE('',*,*,#8515,.T.);
#8515 = EDGE_CURVE('',#8516,#8516,#8518,.T.);
#8516 = VERTEX_POINT('',#8517);
#8517 = CARTESIAN_POINT('',(153.62,-106.42,1.51));
#8518 = CIRCLE('',#8519,0.5);
#8519 = AXIS2_PLACEMENT_3D('',#8520,#8521,#8522);
#8520 = CARTESIAN_POINT('',(153.62,-105.92,1.51));
#8521 = DIRECTION('',(-0.,0.,-1.));
#8522 = DIRECTION('',(-0.,-1.,0.));
#8523 = FACE_BOUND('',#8524,.T.);
#8524 = EDGE_LOOP('',(#8525));
#8525 = ORIENTED_EDGE('',*,*,#8526,.T.);
#8526 = EDGE_CURVE('',#8527,#8527,#8529,.T.);
#8527 = VERTEX_POINT('',#8528);
#8528 = CARTESIAN_POINT('',(131.39,-103.35,1.51));
#8529 = CIRCLE('',#8530,0.45);
#8530 = AXIS2_PLACEMENT_3D('',#8531,#8532,#8533);
#8531 = CARTESIAN_POINT('',(131.39,-102.9,1.51));
#8532 = DIRECTION('',(-0.,0.,-1.));
#8533 = DIRECTION('',(-0.,-1.,0.));
#8534 = FACE_BOUND('',#8535,.T.);
#8535 = EDGE_LOOP('',(#8536));
#8536 = ORIENTED_EDGE('',*,*,#8537,.T.);
#8537 = EDGE_CURVE('',#8538,#8538,#8540,.T.);
#8538 = VERTEX_POINT('',#8539);
#8539 = CARTESIAN_POINT('',(138.38,-103.88,1.51));
#8540 = CIRCLE('',#8541,0.5);
#8541 = AXIS2_PLACEMENT_3D('',#8542,#8543,#8544);
#8542 = CARTESIAN_POINT('',(138.38,-103.38,1.51));
#8543 = DIRECTION('',(-0.,0.,-1.));
#8544 = DIRECTION('',(-0.,-1.,0.));
#8545 = FACE_BOUND('',#8546,.T.);
#8546 = EDGE_LOOP('',(#8547));
#8547 = ORIENTED_EDGE('',*,*,#8548,.T.);
#8548 = EDGE_CURVE('',#8549,#8549,#8551,.T.);
#8549 = VERTEX_POINT('',#8550);
#8550 = CARTESIAN_POINT('',(142.6,-103.58,1.51));
#8551 = CIRCLE('',#8552,0.2);
#8552 = AXIS2_PLACEMENT_3D('',#8553,#8554,#8555);
#8553 = CARTESIAN_POINT('',(142.6,-103.38,1.51));
#8554 = DIRECTION('',(-0.,0.,-1.));
#8555 = DIRECTION('',(-1.42108547152E-13,-1.,0.));
#8556 = FACE_BOUND('',#8557,.T.);
#8557 = EDGE_LOOP('',(#8558));
#8558 = ORIENTED_EDGE('',*,*,#8559,.T.);
#8559 = EDGE_CURVE('',#8560,#8560,#8562,.T.);
#8560 = VERTEX_POINT('',#8561);
#8561 = CARTESIAN_POINT('',(138.38,-101.34,1.51));
#8562 = CIRCLE('',#8563,0.5);
#8563 = AXIS2_PLACEMENT_3D('',#8564,#8565,#8566);
#8564 = CARTESIAN_POINT('',(138.38,-100.84,1.51));
#8565 = DIRECTION('',(-0.,0.,-1.));
#8566 = DIRECTION('',(-0.,-1.,0.));
#8567 = FACE_BOUND('',#8568,.T.);
#8568 = EDGE_LOOP('',(#8569));
#8569 = ORIENTED_EDGE('',*,*,#8570,.T.);
#8570 = EDGE_CURVE('',#8571,#8571,#8573,.T.);
#8571 = VERTEX_POINT('',#8572);
#8572 = CARTESIAN_POINT('',(138.38,-98.8,1.51));
#8573 = CIRCLE('',#8574,0.5);
#8574 = AXIS2_PLACEMENT_3D('',#8575,#8576,#8577);
#8575 = CARTESIAN_POINT('',(138.38,-98.3,1.51));
#8576 = DIRECTION('',(-0.,0.,-1.));
#8577 = DIRECTION('',(-0.,-1.,0.));
#8578 = FACE_BOUND('',#8579,.T.);
#8579 = EDGE_LOOP('',(#8580));
#8580 = ORIENTED_EDGE('',*,*,#8581,.T.);
#8581 = EDGE_CURVE('',#8582,#8582,#8584,.T.);
#8582 = VERTEX_POINT('',#8583);
#8583 = CARTESIAN_POINT('',(142.6,-101.04,1.51));
#8584 = CIRCLE('',#8585,0.2);
#8585 = AXIS2_PLACEMENT_3D('',#8586,#8587,#8588);
#8586 = CARTESIAN_POINT('',(142.6,-100.84,1.51));
#8587 = DIRECTION('',(-0.,0.,-1.));
#8588 = DIRECTION('',(-1.42108547152E-13,-1.,0.));
#8589 = FACE_BOUND('',#8590,.T.);
#8590 = EDGE_LOOP('',(#8591));
#8591 = ORIENTED_EDGE('',*,*,#8592,.T.);
#8592 = EDGE_CURVE('',#8593,#8593,#8595,.T.);
#8593 = VERTEX_POINT('',#8594);
#8594 = CARTESIAN_POINT('',(142.6,-98.5,1.51));
#8595 = CIRCLE('',#8596,0.2);
#8596 = AXIS2_PLACEMENT_3D('',#8597,#8598,#8599);
#8597 = CARTESIAN_POINT('',(142.6,-98.3,1.51));
#8598 = DIRECTION('',(-0.,0.,-1.));
#8599 = DIRECTION('',(-1.42108547152E-13,-1.,0.));
#8600 = FACE_BOUND('',#8601,.T.);
#8601 = EDGE_LOOP('',(#8602));
#8602 = ORIENTED_EDGE('',*,*,#8603,.T.);
#8603 = EDGE_CURVE('',#8604,#8604,#8606,.T.);
#8604 = VERTEX_POINT('',#8605);
#8605 = CARTESIAN_POINT('',(132.252,-97.217,1.51));
#8606 = CIRCLE('',#8607,1.1);
#8607 = AXIS2_PLACEMENT_3D('',#8608,#8609,#8610);
#8608 = CARTESIAN_POINT('',(132.252,-96.117,1.51));
#8609 = DIRECTION('',(-0.,0.,-1.));
#8610 = DIRECTION('',(-0.,-1.,0.));
#8611 = FACE_BOUND('',#8612,.T.);
#8612 = EDGE_LOOP('',(#8613));
#8613 = ORIENTED_EDGE('',*,*,#8614,.T.);
#8614 = EDGE_CURVE('',#8615,#8615,#8617,.T.);
#8615 = VERTEX_POINT('',#8616);
#8616 = CARTESIAN_POINT('',(149.4,-103.58,1.51));
#8617 = CIRCLE('',#8618,0.2);
#8618 = AXIS2_PLACEMENT_3D('',#8619,#8620,#8621);
#8619 = CARTESIAN_POINT('',(149.4,-103.38,1.51));
#8620 = DIRECTION('',(-0.,0.,-1.));
#8621 = DIRECTION('',(1.42108547152E-13,-1.,-0.));
#8622 = FACE_BOUND('',#8623,.T.);
#8623 = EDGE_LOOP('',(#8624));
#8624 = ORIENTED_EDGE('',*,*,#8625,.T.);
#8625 = EDGE_CURVE('',#8626,#8626,#8628,.T.);
#8626 = VERTEX_POINT('',#8627);
#8627 = CARTESIAN_POINT('',(153.62,-103.88,1.51));
#8628 = CIRCLE('',#8629,0.5);
#8629 = AXIS2_PLACEMENT_3D('',#8630,#8631,#8632);
#8630 = CARTESIAN_POINT('',(153.62,-103.38,1.51));
#8631 = DIRECTION('',(-0.,0.,-1.));
#8632 = DIRECTION('',(-0.,-1.,0.));
#8633 = FACE_BOUND('',#8634,.T.);
#8634 = EDGE_LOOP('',(#8635));
#8635 = ORIENTED_EDGE('',*,*,#8636,.T.);
#8636 = EDGE_CURVE('',#8637,#8637,#8639,.T.);
#8637 = VERTEX_POINT('',#8638);
#8638 = CARTESIAN_POINT('',(149.4,-101.04,1.51));
#8639 = CIRCLE('',#8640,0.2);
#8640 = AXIS2_PLACEMENT_3D('',#8641,#8642,#8643);
#8641 = CARTESIAN_POINT('',(149.4,-100.84,1.51));
#8642 = DIRECTION('',(-0.,0.,-1.));
#8643 = DIRECTION('',(1.42108547152E-13,-1.,-0.));
#8644 = FACE_BOUND('',#8645,.T.);
#8645 = EDGE_LOOP('',(#8646));
#8646 = ORIENTED_EDGE('',*,*,#8647,.T.);
#8647 = EDGE_CURVE('',#8648,#8648,#8650,.T.);
#8648 = VERTEX_POINT('',#8649);
#8649 = CARTESIAN_POINT('',(149.4,-98.5,1.51));
#8650 = CIRCLE('',#8651,0.2);
#8651 = AXIS2_PLACEMENT_3D('',#8652,#8653,#8654);
#8652 = CARTESIAN_POINT('',(149.4,-98.3,1.51));
#8653 = DIRECTION('',(-0.,0.,-1.));
#8654 = DIRECTION('',(1.42108547152E-13,-1.,-0.));
#8655 = FACE_BOUND('',#8656,.T.);
#8656 = EDGE_LOOP('',(#8657));
#8657 = ORIENTED_EDGE('',*,*,#8658,.T.);
#8658 = EDGE_CURVE('',#8659,#8659,#8661,.T.);
#8659 = VERTEX_POINT('',#8660);
#8660 = CARTESIAN_POINT('',(153.62,-101.34,1.51));
#8661 = CIRCLE('',#8662,0.5);
#8662 = AXIS2_PLACEMENT_3D('',#8663,#8664,#8665);
#8663 = CARTESIAN_POINT('',(153.62,-100.84,1.51));
#8664 = DIRECTION('',(-0.,0.,-1.));
#8665 = DIRECTION('',(-0.,-1.,0.));
#8666 = FACE_BOUND('',#8667,.T.);
#8667 = EDGE_LOOP('',(#8668));
#8668 = ORIENTED_EDGE('',*,*,#8669,.T.);
#8669 = EDGE_CURVE('',#8670,#8670,#8672,.T.);
#8670 = VERTEX_POINT('',#8671);
#8671 = CARTESIAN_POINT('',(153.62,-98.8,1.51));
#8672 = CIRCLE('',#8673,0.5);
#8673 = AXIS2_PLACEMENT_3D('',#8674,#8675,#8676);
#8674 = CARTESIAN_POINT('',(153.62,-98.3,1.51));
#8675 = DIRECTION('',(-0.,0.,-1.));
#8676 = DIRECTION('',(-0.,-1.,0.));
#8677 = FACE_BOUND('',#8678,.T.);
#8678 = EDGE_LOOP('',(#8679,#8690,#8699,#8708));
#8679 = ORIENTED_EDGE('',*,*,#8680,.T.);
#8680 = EDGE_CURVE('',#8681,#8683,#8685,.T.);
#8681 = VERTEX_POINT('',#8682);
#8682 = CARTESIAN_POINT('',(166.39244942492,-116.0262752875,1.51));
#8683 = VERTEX_POINT('',#8684);
#8684 = CARTESIAN_POINT('',(166.19,-116.04,1.51));
#8685 = CIRCLE('',#8686,1.5);
#8686 = AXIS2_PLACEMENT_3D('',#8687,#8688,#8689);
#8687 = CARTESIAN_POINT('',(166.19,-114.54,1.51));
#8688 = DIRECTION('',(-0.,0.,-1.));
#8689 = DIRECTION('',(-0.,-1.,0.));
#8690 = ORIENTED_EDGE('',*,*,#8691,.T.);
#8691 = EDGE_CURVE('',#8683,#8692,#8694,.T.);
#8692 = VERTEX_POINT('',#8693);
#8693 = CARTESIAN_POINT('',(167.25755057507,-115.5937247124,1.51));
#8694 = CIRCLE('',#8695,1.5);
#8695 = AXIS2_PLACEMENT_3D('',#8696,#8697,#8698);
#8696 = CARTESIAN_POINT('',(166.19,-114.54,1.51));
#8697 = DIRECTION('',(-0.,0.,-1.));
#8698 = DIRECTION('',(-0.,-1.,0.));
#8699 = ORIENTED_EDGE('',*,*,#8700,.T.);
#8700 = EDGE_CURVE('',#8692,#8701,#8703,.T.);
#8701 = VERTEX_POINT('',#8702);
#8702 = CARTESIAN_POINT('',(167.46,-118.58,1.51));
#8703 = CIRCLE('',#8704,1.5);
#8704 = AXIS2_PLACEMENT_3D('',#8705,#8706,#8707);
#8705 = CARTESIAN_POINT('',(167.46,-117.08,1.51));
#8706 = DIRECTION('',(-0.,0.,-1.));
#8707 = DIRECTION('',(-0.,-1.,0.));
#8708 = ORIENTED_EDGE('',*,*,#8709,.T.);
#8709 = EDGE_CURVE('',#8701,#8681,#8710,.T.);
#8710 = CIRCLE('',#8711,1.5);
#8711 = AXIS2_PLACEMENT_3D('',#8712,#8713,#8714);
#8712 = CARTESIAN_POINT('',(167.46,-117.08,1.51));
#8713 = DIRECTION('',(-0.,0.,-1.));
#8714 = DIRECTION('',(-0.,-1.,0.));
#8715 = FACE_BOUND('',#8716,.T.);
#8716 = EDGE_LOOP('',(#8717,#8728,#8737,#8746));
#8717 = ORIENTED_EDGE('',*,*,#8718,.T.);
#8718 = EDGE_CURVE('',#8719,#8721,#8723,.T.);
#8719 = VERTEX_POINT('',#8720);
#8720 = CARTESIAN_POINT('',(164.71,-111.0735012142,1.51));
#8721 = VERTEX_POINT('',#8722);
#8722 = CARTESIAN_POINT('',(164.92,-112.95,1.51));
#8723 = CIRCLE('',#8724,0.95);
#8724 = AXIS2_PLACEMENT_3D('',#8725,#8726,#8727);
#8725 = CARTESIAN_POINT('',(164.92,-112.,1.51));
#8726 = DIRECTION('',(-0.,0.,-1.));
#8727 = DIRECTION('',(-2.991758887411E-14,-1.,0.));
#8728 = ORIENTED_EDGE('',*,*,#8729,.T.);
#8729 = EDGE_CURVE('',#8721,#8730,#8732,.T.);
#8730 = VERTEX_POINT('',#8731);
#8731 = CARTESIAN_POINT('',(164.71,-112.9264987857,1.51));
#8732 = CIRCLE('',#8733,0.95);
#8733 = AXIS2_PLACEMENT_3D('',#8734,#8735,#8736);
#8734 = CARTESIAN_POINT('',(164.92,-112.,1.51));
#8735 = DIRECTION('',(-0.,0.,-1.));
#8736 = DIRECTION('',(-2.991758887411E-14,-1.,0.));
#8737 = ORIENTED_EDGE('',*,*,#8738,.T.);
#8738 = EDGE_CURVE('',#8730,#8739,#8741,.T.);
#8739 = VERTEX_POINT('',#8740);
#8740 = CARTESIAN_POINT('',(164.5,-112.95,1.51));
#8741 = CIRCLE('',#8742,0.95);
#8742 = AXIS2_PLACEMENT_3D('',#8743,#8744,#8745);
#8743 = CARTESIAN_POINT('',(164.5,-112.,1.51));
#8744 = DIRECTION('',(-0.,0.,-1.));
#8745 = DIRECTION('',(-0.,-1.,0.));
#8746 = ORIENTED_EDGE('',*,*,#8747,.T.);
#8747 = EDGE_CURVE('',#8739,#8719,#8748,.T.);
#8748 = CIRCLE('',#8749,0.95);
#8749 = AXIS2_PLACEMENT_3D('',#8750,#8751,#8752);
#8750 = CARTESIAN_POINT('',(164.5,-112.,1.51));
#8751 = DIRECTION('',(-0.,0.,-1.));
#8752 = DIRECTION('',(-0.,-1.,0.));
#8753 = FACE_BOUND('',#8754,.T.);
#8754 = EDGE_LOOP('',(#8755));
#8755 = ORIENTED_EDGE('',*,*,#8756,.T.);
#8756 = EDGE_CURVE('',#8757,#8757,#8759,.T.);
#8757 = VERTEX_POINT('',#8758);
#8758 = CARTESIAN_POINT('',(170.,-114.5,1.51));
#8759 = CIRCLE('',#8760,2.5);
#8760 = AXIS2_PLACEMENT_3D('',#8761,#8762,#8763);
#8761 = CARTESIAN_POINT('',(170.,-112.,1.51));
#8762 = DIRECTION('',(-0.,0.,-1.));
#8763 = DIRECTION('',(-0.,-1.,0.));
#8764 = FACE_BOUND('',#8765,.T.);
#8765 = EDGE_LOOP('',(#8766,#8777,#8786,#8795));
#8766 = ORIENTED_EDGE('',*,*,#8767,.T.);
#8767 = EDGE_CURVE('',#8768,#8770,#8772,.T.);
#8768 = VERTEX_POINT('',#8769);
#8769 = CARTESIAN_POINT('',(173.60755057507,-116.0262752875,1.51));
#8770 = VERTEX_POINT('',#8771);
#8771 = CARTESIAN_POINT('',(172.54,-118.58,1.51));
#8772 = CIRCLE('',#8773,1.5);
#8773 = AXIS2_PLACEMENT_3D('',#8774,#8775,#8776);
#8774 = CARTESIAN_POINT('',(172.54,-117.08,1.51));
#8775 = DIRECTION('',(-0.,0.,-1.));
#8776 = DIRECTION('',(-0.,-1.,0.));
#8777 = ORIENTED_EDGE('',*,*,#8778,.T.);
#8778 = EDGE_CURVE('',#8770,#8779,#8781,.T.);
#8779 = VERTEX_POINT('',#8780);
#8780 = CARTESIAN_POINT('',(172.74244942492,-115.5937247124,1.51));
#8781 = CIRCLE('',#8782,1.5);
#8782 = AXIS2_PLACEMENT_3D('',#8783,#8784,#8785);
#8783 = CARTESIAN_POINT('',(172.54,-117.08,1.51));
#8784 = DIRECTION('',(-0.,0.,-1.));
#8785 = DIRECTION('',(-0.,-1.,0.));
#8786 = ORIENTED_EDGE('',*,*,#8787,.T.);
#8787 = EDGE_CURVE('',#8779,#8788,#8790,.T.);
#8788 = VERTEX_POINT('',#8789);
#8789 = CARTESIAN_POINT('',(173.81,-116.04,1.51));
#8790 = CIRCLE('',#8791,1.5);
#8791 = AXIS2_PLACEMENT_3D('',#8792,#8793,#8794);
#8792 = CARTESIAN_POINT('',(173.81,-114.54,1.51));
#8793 = DIRECTION('',(-0.,0.,-1.));
#8794 = DIRECTION('',(-0.,-1.,0.));
#8795 = ORIENTED_EDGE('',*,*,#8796,.T.);
#8796 = EDGE_CURVE('',#8788,#8768,#8797,.T.);
#8797 = CIRCLE('',#8798,1.5);
#8798 = AXIS2_PLACEMENT_3D('',#8799,#8800,#8801);
#8799 = CARTESIAN_POINT('',(173.81,-114.54,1.51));
#8800 = DIRECTION('',(-0.,0.,-1.));
#8801 = DIRECTION('',(-0.,-1.,0.));
#8802 = FACE_BOUND('',#8803,.T.);
#8803 = EDGE_LOOP('',(#8804,#8815,#8824,#8833));
#8804 = ORIENTED_EDGE('',*,*,#8805,.T.);
#8805 = EDGE_CURVE('',#8806,#8808,#8810,.T.);
#8806 = VERTEX_POINT('',#8807);
#8807 = CARTESIAN_POINT('',(175.29,-112.9264987857,1.51));
#8808 = VERTEX_POINT('',#8809);
#8809 = CARTESIAN_POINT('',(175.08,-112.95,1.51));
#8810 = CIRCLE('',#8811,0.95);
#8811 = AXIS2_PLACEMENT_3D('',#8812,#8813,#8814);
#8812 = CARTESIAN_POINT('',(175.08,-112.,1.51));
#8813 = DIRECTION('',(-0.,0.,-1.));
#8814 = DIRECTION('',(2.991758887411E-14,-1.,-0.));
#8815 = ORIENTED_EDGE('',*,*,#8816,.T.);
#8816 = EDGE_CURVE('',#8808,#8817,#8819,.T.);
#8817 = VERTEX_POINT('',#8818);
#8818 = CARTESIAN_POINT('',(175.29,-111.0735012142,1.51));
#8819 = CIRCLE('',#8820,0.95);
#8820 = AXIS2_PLACEMENT_3D('',#8821,#8822,#8823);
#8821 = CARTESIAN_POINT('',(175.08,-112.,1.51));
#8822 = DIRECTION('',(-0.,0.,-1.));
#8823 = DIRECTION('',(2.991758887411E-14,-1.,-0.));
#8824 = ORIENTED_EDGE('',*,*,#8825,.T.);
#8825 = EDGE_CURVE('',#8817,#8826,#8828,.T.);
#8826 = VERTEX_POINT('',#8827);
#8827 = CARTESIAN_POINT('',(175.5,-112.95,1.51));
#8828 = CIRCLE('',#8829,0.95);
#8829 = AXIS2_PLACEMENT_3D('',#8830,#8831,#8832);
#8830 = CARTESIAN_POINT('',(175.5,-112.,1.51));
#8831 = DIRECTION('',(-0.,0.,-1.));
#8832 = DIRECTION('',(-0.,-1.,0.));
#8833 = ORIENTED_EDGE('',*,*,#8834,.T.);
#8834 = EDGE_CURVE('',#8826,#8806,#8835,.T.);
#8835 = CIRCLE('',#8836,0.95);
#8836 = AXIS2_PLACEMENT_3D('',#8837,#8838,#8839);
#8837 = CARTESIAN_POINT('',(175.5,-112.,1.51));
#8838 = DIRECTION('',(-0.,0.,-1.));
#8839 = DIRECTION('',(-0.,-1.,0.));
#8840 = FACE_BOUND('',#8841,.T.);
#8841 = EDGE_LOOP('',(#8842));
#8842 = ORIENTED_EDGE('',*,*,#8843,.T.);
#8843 = EDGE_CURVE('',#8844,#8844,#8846,.T.);
#8844 = VERTEX_POINT('',#8845);
#8845 = CARTESIAN_POINT('',(165.,-109.75,1.51));
#8846 = CIRCLE('',#8847,1.5);
#8847 = AXIS2_PLACEMENT_3D('',#8848,#8849,#8850);
#8848 = CARTESIAN_POINT('',(165.,-108.25,1.51));
#8849 = DIRECTION('',(-0.,0.,-1.));
#8850 = DIRECTION('',(-0.,-1.,0.));
#8851 = FACE_BOUND('',#8852,.T.);
#8852 = EDGE_LOOP('',(#8853));
#8853 = ORIENTED_EDGE('',*,*,#8854,.T.);
#8854 = EDGE_CURVE('',#8855,#8855,#8857,.T.);
#8855 = VERTEX_POINT('',#8856);
#8856 = CARTESIAN_POINT('',(170.,-107.55,1.51));
#8857 = CIRCLE('',#8858,1.5);
#8858 = AXIS2_PLACEMENT_3D('',#8859,#8860,#8861);
#8859 = CARTESIAN_POINT('',(170.,-106.05,1.51));
#8860 = DIRECTION('',(-0.,0.,-1.));
#8861 = DIRECTION('',(-0.,-1.,0.));
#8862 = FACE_BOUND('',#8863,.T.);
#8863 = EDGE_LOOP('',(#8864));
#8864 = ORIENTED_EDGE('',*,*,#8865,.T.);
#8865 = EDGE_CURVE('',#8866,#8866,#8868,.T.);
#8866 = VERTEX_POINT('',#8867);
#8867 = CARTESIAN_POINT('',(175.,-109.75,1.51));
#8868 = CIRCLE('',#8869,1.5);
#8869 = AXIS2_PLACEMENT_3D('',#8870,#8871,#8872);
#8870 = CARTESIAN_POINT('',(175.,-108.25,1.51));
#8871 = DIRECTION('',(-0.,0.,-1.));
#8872 = DIRECTION('',(-0.,-1.,0.));
#8873 = FACE_BOUND('',#8874,.T.);
#8874 = EDGE_LOOP('',(#8875,#8886,#8895,#8904));
#8875 = ORIENTED_EDGE('',*,*,#8876,.T.);
#8876 = EDGE_CURVE('',#8877,#8879,#8881,.T.);
#8877 = VERTEX_POINT('',#8878);
#8878 = CARTESIAN_POINT('',(185.39244942492,-112.0262752875,1.51));
#8879 = VERTEX_POINT('',#8880);
#8880 = CARTESIAN_POINT('',(185.19,-112.04,1.51));
#8881 = CIRCLE('',#8882,1.5);
#8882 = AXIS2_PLACEMENT_3D('',#8883,#8884,#8885);
#8883 = CARTESIAN_POINT('',(185.19,-110.54,1.51));
#8884 = DIRECTION('',(-0.,0.,-1.));
#8885 = DIRECTION('',(-0.,-1.,0.));
#8886 = ORIENTED_EDGE('',*,*,#8887,.T.);
#8887 = EDGE_CURVE('',#8879,#8888,#8890,.T.);
#8888 = VERTEX_POINT('',#8889);
#8889 = CARTESIAN_POINT('',(186.25755057507,-111.5937247124,1.51));
#8890 = CIRCLE('',#8891,1.5);
#8891 = AXIS2_PLACEMENT_3D('',#8892,#8893,#8894);
#8892 = CARTESIAN_POINT('',(185.19,-110.54,1.51));
#8893 = DIRECTION('',(-0.,0.,-1.));
#8894 = DIRECTION('',(-0.,-1.,0.));
#8895 = ORIENTED_EDGE('',*,*,#8896,.T.);
#8896 = EDGE_CURVE('',#8888,#8897,#8899,.T.);
#8897 = VERTEX_POINT('',#8898);
#8898 = CARTESIAN_POINT('',(186.46,-114.58,1.51));
#8899 = CIRCLE('',#8900,1.5);
#8900 = AXIS2_PLACEMENT_3D('',#8901,#8902,#8903);
#8901 = CARTESIAN_POINT('',(186.46,-113.08,1.51));
#8902 = DIRECTION('',(-0.,0.,-1.));
#8903 = DIRECTION('',(-0.,-1.,0.));
#8904 = ORIENTED_EDGE('',*,*,#8905,.T.);
#8905 = EDGE_CURVE('',#8897,#8877,#8906,.T.);
#8906 = CIRCLE('',#8907,1.5);
#8907 = AXIS2_PLACEMENT_3D('',#8908,#8909,#8910);
#8908 = CARTESIAN_POINT('',(186.46,-113.08,1.51));
#8909 = DIRECTION('',(-0.,0.,-1.));
#8910 = DIRECTION('',(-0.,-1.,0.));
#8911 = FACE_BOUND('',#8912,.T.);
#8912 = EDGE_LOOP('',(#8913));
#8913 = ORIENTED_EDGE('',*,*,#8914,.T.);
#8914 = EDGE_CURVE('',#8915,#8915,#8917,.T.);
#8915 = VERTEX_POINT('',#8916);
#8916 = CARTESIAN_POINT('',(198.538,-117.775,1.51));
#8917 = CIRCLE('',#8918,1.1);
#8918 = AXIS2_PLACEMENT_3D('',#8919,#8920,#8921);
#8919 = CARTESIAN_POINT('',(198.538,-116.675,1.51));
#8920 = DIRECTION('',(-0.,0.,-1.));
#8921 = DIRECTION('',(-0.,-1.,0.));
#8922 = FACE_BOUND('',#8923,.T.);
#8923 = EDGE_LOOP('',(#8924,#8935,#8944,#8953));
#8924 = ORIENTED_EDGE('',*,*,#8925,.T.);
#8925 = EDGE_CURVE('',#8926,#8928,#8930,.T.);
#8926 = VERTEX_POINT('',#8927);
#8927 = CARTESIAN_POINT('',(192.60755057507,-112.0262752875,1.51));
#8928 = VERTEX_POINT('',#8929);
#8929 = CARTESIAN_POINT('',(191.54,-114.58,1.51));
#8930 = CIRCLE('',#8931,1.5);
#8931 = AXIS2_PLACEMENT_3D('',#8932,#8933,#8934);
#8932 = CARTESIAN_POINT('',(191.54,-113.08,1.51));
#8933 = DIRECTION('',(-0.,0.,-1.));
#8934 = DIRECTION('',(-0.,-1.,0.));
#8935 = ORIENTED_EDGE('',*,*,#8936,.T.);
#8936 = EDGE_CURVE('',#8928,#8937,#8939,.T.);
#8937 = VERTEX_POINT('',#8938);
#8938 = CARTESIAN_POINT('',(191.74244942492,-111.5937247124,1.51));
#8939 = CIRCLE('',#8940,1.5);
#8940 = AXIS2_PLACEMENT_3D('',#8941,#8942,#8943);
#8941 = CARTESIAN_POINT('',(191.54,-113.08,1.51));
#8942 = DIRECTION('',(-0.,0.,-1.));
#8943 = DIRECTION('',(-0.,-1.,0.));
#8944 = ORIENTED_EDGE('',*,*,#8945,.T.);
#8945 = EDGE_CURVE('',#8937,#8946,#8948,.T.);
#8946 = VERTEX_POINT('',#8947);
#8947 = CARTESIAN_POINT('',(192.81,-112.04,1.51));
#8948 = CIRCLE('',#8949,1.5);
#8949 = AXIS2_PLACEMENT_3D('',#8950,#8951,#8952);
#8950 = CARTESIAN_POINT('',(192.81,-110.54,1.51));
#8951 = DIRECTION('',(-0.,0.,-1.));
#8952 = DIRECTION('',(-0.,-1.,0.));
#8953 = ORIENTED_EDGE('',*,*,#8954,.T.);
#8954 = EDGE_CURVE('',#8946,#8926,#8955,.T.);
#8955 = CIRCLE('',#8956,1.5);
#8956 = AXIS2_PLACEMENT_3D('',#8957,#8958,#8959);
#8957 = CARTESIAN_POINT('',(192.81,-110.54,1.51));
#8958 = DIRECTION('',(-0.,0.,-1.));
#8959 = DIRECTION('',(-0.,-1.,0.));
#8960 = FACE_BOUND('',#8961,.T.);
#8961 = EDGE_LOOP('',(#8962,#8973,#8982,#8991));
#8962 = ORIENTED_EDGE('',*,*,#8963,.T.);
#8963 = EDGE_CURVE('',#8964,#8966,#8968,.T.);
#8964 = VERTEX_POINT('',#8965);
#8965 = CARTESIAN_POINT('',(183.71,-107.0735012142,1.51));
#8966 = VERTEX_POINT('',#8967);
#8967 = CARTESIAN_POINT('',(183.92,-108.95,1.51));
#8968 = CIRCLE('',#8969,0.95);
#8969 = AXIS2_PLACEMENT_3D('',#8970,#8971,#8972);
#8970 = CARTESIAN_POINT('',(183.92,-108.,1.51));
#8971 = DIRECTION('',(-0.,0.,-1.));
#8972 = DIRECTION('',(-2.991758887411E-14,-1.,0.));
#8973 = ORIENTED_EDGE('',*,*,#8974,.T.);
#8974 = EDGE_CURVE('',#8966,#8975,#8977,.T.);
#8975 = VERTEX_POINT('',#8976);
#8976 = CARTESIAN_POINT('',(183.71,-108.9264987857,1.51));
#8977 = CIRCLE('',#8978,0.95);
#8978 = AXIS2_PLACEMENT_3D('',#8979,#8980,#8981);
#8979 = CARTESIAN_POINT('',(183.92,-108.,1.51));
#8980 = DIRECTION('',(-0.,0.,-1.));
#8981 = DIRECTION('',(-2.991758887411E-14,-1.,0.));
#8982 = ORIENTED_EDGE('',*,*,#8983,.T.);
#8983 = EDGE_CURVE('',#8975,#8984,#8986,.T.);
#8984 = VERTEX_POINT('',#8985);
#8985 = CARTESIAN_POINT('',(183.5,-108.95,1.51));
#8986 = CIRCLE('',#8987,0.95);
#8987 = AXIS2_PLACEMENT_3D('',#8988,#8989,#8990);
#8988 = CARTESIAN_POINT('',(183.5,-108.,1.51));
#8989 = DIRECTION('',(-0.,0.,-1.));
#8990 = DIRECTION('',(-0.,-1.,0.));
#8991 = ORIENTED_EDGE('',*,*,#8992,.T.);
#8992 = EDGE_CURVE('',#8984,#8964,#8993,.T.);
#8993 = CIRCLE('',#8994,0.95);
#8994 = AXIS2_PLACEMENT_3D('',#8995,#8996,#8997);
#8995 = CARTESIAN_POINT('',(183.5,-108.,1.51));
#8996 = DIRECTION('',(-0.,0.,-1.));
#8997 = DIRECTION('',(-0.,-1.,0.));
#8998 = FACE_BOUND('',#8999,.T.);
#8999 = EDGE_LOOP('',(#9000));
#9000 = ORIENTED_EDGE('',*,*,#9001,.T.);
#9001 = EDGE_CURVE('',#9002,#9002,#9004,.T.);
#9002 = VERTEX_POINT('',#9003);
#9003 = CARTESIAN_POINT('',(189.,-110.5,1.51));
#9004 = CIRCLE('',#9005,2.5);
#9005 = AXIS2_PLACEMENT_3D('',#9006,#9007,#9008);
#9006 = CARTESIAN_POINT('',(189.,-108.,1.51));
#9007 = DIRECTION('',(-0.,0.,-1.));
#9008 = DIRECTION('',(-0.,-1.,0.));
#9009 = FACE_BOUND('',#9010,.T.);
#9010 = EDGE_LOOP('',(#9011,#9022,#9031,#9040));
#9011 = ORIENTED_EDGE('',*,*,#9012,.T.);
#9012 = EDGE_CURVE('',#9013,#9015,#9017,.T.);
#9013 = VERTEX_POINT('',#9014);
#9014 = CARTESIAN_POINT('',(194.29,-108.9264987857,1.51));
#9015 = VERTEX_POINT('',#9016);
#9016 = CARTESIAN_POINT('',(194.08,-108.95,1.51));
#9017 = CIRCLE('',#9018,0.95);
#9018 = AXIS2_PLACEMENT_3D('',#9019,#9020,#9021);
#9019 = CARTESIAN_POINT('',(194.08,-108.,1.51));
#9020 = DIRECTION('',(-0.,0.,-1.));
#9021 = DIRECTION('',(2.991758887411E-14,-1.,-0.));
#9022 = ORIENTED_EDGE('',*,*,#9023,.T.);
#9023 = EDGE_CURVE('',#9015,#9024,#9026,.T.);
#9024 = VERTEX_POINT('',#9025);
#9025 = CARTESIAN_POINT('',(194.29,-107.0735012142,1.51));
#9026 = CIRCLE('',#9027,0.95);
#9027 = AXIS2_PLACEMENT_3D('',#9028,#9029,#9030);
#9028 = CARTESIAN_POINT('',(194.08,-108.,1.51));
#9029 = DIRECTION('',(-0.,0.,-1.));
#9030 = DIRECTION('',(2.991758887411E-14,-1.,-0.));
#9031 = ORIENTED_EDGE('',*,*,#9032,.T.);
#9032 = EDGE_CURVE('',#9024,#9033,#9035,.T.);
#9033 = VERTEX_POINT('',#9034);
#9034 = CARTESIAN_POINT('',(194.5,-108.95,1.51));
#9035 = CIRCLE('',#9036,0.95);
#9036 = AXIS2_PLACEMENT_3D('',#9037,#9038,#9039);
#9037 = CARTESIAN_POINT('',(194.5,-108.,1.51));
#9038 = DIRECTION('',(-0.,0.,-1.));
#9039 = DIRECTION('',(-0.,-1.,0.));
#9040 = ORIENTED_EDGE('',*,*,#9041,.T.);
#9041 = EDGE_CURVE('',#9033,#9013,#9042,.T.);
#9042 = CIRCLE('',#9043,0.95);
#9043 = AXIS2_PLACEMENT_3D('',#9044,#9045,#9046);
#9044 = CARTESIAN_POINT('',(194.5,-108.,1.51));
#9045 = DIRECTION('',(-0.,0.,-1.));
#9046 = DIRECTION('',(-0.,-1.,0.));
#9047 = FACE_BOUND('',#9048,.T.);
#9048 = EDGE_LOOP('',(#9049));
#9049 = ORIENTED_EDGE('',*,*,#9050,.T.);
#9050 = EDGE_CURVE('',#9051,#9051,#9053,.T.);
#9051 = VERTEX_POINT('',#9052);
#9052 = CARTESIAN_POINT('',(184.,-105.75,1.51));
#9053 = CIRCLE('',#9054,1.5);
#9054 = AXIS2_PLACEMENT_3D('',#9055,#9056,#9057);
#9055 = CARTESIAN_POINT('',(184.,-104.25,1.51));
#9056 = DIRECTION('',(-0.,0.,-1.));
#9057 = DIRECTION('',(-0.,-1.,0.));
#9058 = FACE_BOUND('',#9059,.T.);
#9059 = EDGE_LOOP('',(#9060));
#9060 = ORIENTED_EDGE('',*,*,#9061,.T.);
#9061 = EDGE_CURVE('',#9062,#9062,#9064,.T.);
#9062 = VERTEX_POINT('',#9063);
#9063 = CARTESIAN_POINT('',(189.,-103.55,1.51));
#9064 = CIRCLE('',#9065,1.5);
#9065 = AXIS2_PLACEMENT_3D('',#9066,#9067,#9068);
#9066 = CARTESIAN_POINT('',(189.,-102.05,1.51));
#9067 = DIRECTION('',(-0.,0.,-1.));
#9068 = DIRECTION('',(-0.,-1.,0.));
#9069 = FACE_BOUND('',#9070,.T.);
#9070 = EDGE_LOOP('',(#9071));
#9071 = ORIENTED_EDGE('',*,*,#9072,.T.);
#9072 = EDGE_CURVE('',#9073,#9073,#9075,.T.);
#9073 = VERTEX_POINT('',#9074);
#9074 = CARTESIAN_POINT('',(194.,-105.75,1.51));
#9075 = CIRCLE('',#9076,1.5);
#9076 = AXIS2_PLACEMENT_3D('',#9077,#9078,#9079);
#9077 = CARTESIAN_POINT('',(194.,-104.25,1.51));
#9078 = DIRECTION('',(-0.,0.,-1.));
#9079 = DIRECTION('',(-0.,-1.,0.));
#9080 = FACE_BOUND('',#9081,.T.);
#9081 = EDGE_LOOP('',(#9082));
#9082 = ORIENTED_EDGE('',*,*,#9083,.T.);
#9083 = EDGE_CURVE('',#9084,#9084,#9086,.T.);
#9084 = VERTEX_POINT('',#9085);
#9085 = CARTESIAN_POINT('',(194.332,-97.217,1.51));
#9086 = CIRCLE('',#9087,1.1);
#9087 = AXIS2_PLACEMENT_3D('',#9088,#9089,#9090);
#9088 = CARTESIAN_POINT('',(194.332,-96.117,1.51));
#9089 = DIRECTION('',(-0.,0.,-1.));
#9090 = DIRECTION('',(-0.,-1.,0.));
#9091 = FACE_BOUND('',#9092,.T.);
#9092 = EDGE_LOOP('',(#9093,#9104,#9113,#9122));
#9093 = ORIENTED_EDGE('',*,*,#9094,.T.);
#9094 = EDGE_CURVE('',#9095,#9097,#9099,.T.);
#9095 = VERTEX_POINT('',#9096);
#9096 = CARTESIAN_POINT('',(204.39244942492,-141.0262752875,1.51));
#9097 = VERTEX_POINT('',#9098);
#9098 = CARTESIAN_POINT('',(204.19,-141.04,1.51));
#9099 = CIRCLE('',#9100,1.5);
#9100 = AXIS2_PLACEMENT_3D('',#9101,#9102,#9103);
#9101 = CARTESIAN_POINT('',(204.19,-139.54,1.51));
#9102 = DIRECTION('',(-0.,0.,-1.));
#9103 = DIRECTION('',(-0.,-1.,0.));
#9104 = ORIENTED_EDGE('',*,*,#9105,.T.);
#9105 = EDGE_CURVE('',#9097,#9106,#9108,.T.);
#9106 = VERTEX_POINT('',#9107);
#9107 = CARTESIAN_POINT('',(205.25755057507,-140.5937247124,1.51));
#9108 = CIRCLE('',#9109,1.5);
#9109 = AXIS2_PLACEMENT_3D('',#9110,#9111,#9112);
#9110 = CARTESIAN_POINT('',(204.19,-139.54,1.51));
#9111 = DIRECTION('',(-0.,0.,-1.));
#9112 = DIRECTION('',(-0.,-1.,0.));
#9113 = ORIENTED_EDGE('',*,*,#9114,.T.);
#9114 = EDGE_CURVE('',#9106,#9115,#9117,.T.);
#9115 = VERTEX_POINT('',#9116);
#9116 = CARTESIAN_POINT('',(205.46,-143.58,1.51));
#9117 = CIRCLE('',#9118,1.5);
#9118 = AXIS2_PLACEMENT_3D('',#9119,#9120,#9121);
#9119 = CARTESIAN_POINT('',(205.46,-142.08,1.51));
#9120 = DIRECTION('',(-0.,0.,-1.));
#9121 = DIRECTION('',(-0.,-1.,0.));
#9122 = ORIENTED_EDGE('',*,*,#9123,.T.);
#9123 = EDGE_CURVE('',#9115,#9095,#9124,.T.);
#9124 = CIRCLE('',#9125,1.5);
#9125 = AXIS2_PLACEMENT_3D('',#9126,#9127,#9128);
#9126 = CARTESIAN_POINT('',(205.46,-142.08,1.51));
#9127 = DIRECTION('',(-0.,0.,-1.));
#9128 = DIRECTION('',(-0.,-1.,0.));
#9129 = FACE_BOUND('',#9130,.T.);
#9130 = EDGE_LOOP('',(#9131,#9142,#9151,#9160));
#9131 = ORIENTED_EDGE('',*,*,#9132,.T.);
#9132 = EDGE_CURVE('',#9133,#9135,#9137,.T.);
#9133 = VERTEX_POINT('',#9134);
#9134 = CARTESIAN_POINT('',(211.60755057507,-141.0262752875,1.51));
#9135 = VERTEX_POINT('',#9136);
#9136 = CARTESIAN_POINT('',(210.54,-143.58,1.51));
#9137 = CIRCLE('',#9138,1.5);
#9138 = AXIS2_PLACEMENT_3D('',#9139,#9140,#9141);
#9139 = CARTESIAN_POINT('',(210.54,-142.08,1.51));
#9140 = DIRECTION('',(-0.,0.,-1.));
#9141 = DIRECTION('',(-0.,-1.,0.));
#9142 = ORIENTED_EDGE('',*,*,#9143,.T.);
#9143 = EDGE_CURVE('',#9135,#9144,#9146,.T.);
#9144 = VERTEX_POINT('',#9145);
#9145 = CARTESIAN_POINT('',(210.74244942492,-140.5937247124,1.51));
#9146 = CIRCLE('',#9147,1.5);
#9147 = AXIS2_PLACEMENT_3D('',#9148,#9149,#9150);
#9148 = CARTESIAN_POINT('',(210.54,-142.08,1.51));
#9149 = DIRECTION('',(-0.,0.,-1.));
#9150 = DIRECTION('',(-0.,-1.,0.));
#9151 = ORIENTED_EDGE('',*,*,#9152,.T.);
#9152 = EDGE_CURVE('',#9144,#9153,#9155,.T.);
#9153 = VERTEX_POINT('',#9154);
#9154 = CARTESIAN_POINT('',(211.81,-141.04,1.51));
#9155 = CIRCLE('',#9156,1.5);
#9156 = AXIS2_PLACEMENT_3D('',#9157,#9158,#9159);
#9157 = CARTESIAN_POINT('',(211.81,-139.54,1.51));
#9158 = DIRECTION('',(-0.,0.,-1.));
#9159 = DIRECTION('',(-0.,-1.,0.));
#9160 = ORIENTED_EDGE('',*,*,#9161,.T.);
#9161 = EDGE_CURVE('',#9153,#9133,#9162,.T.);
#9162 = CIRCLE('',#9163,1.5);
#9163 = AXIS2_PLACEMENT_3D('',#9164,#9165,#9166);
#9164 = CARTESIAN_POINT('',(211.81,-139.54,1.51));
#9165 = DIRECTION('',(-0.,0.,-1.));
#9166 = DIRECTION('',(-0.,-1.,0.));
#9167 = FACE_BOUND('',#9168,.T.);
#9168 = EDGE_LOOP('',(#9169,#9180,#9189,#9198));
#9169 = ORIENTED_EDGE('',*,*,#9170,.T.);
#9170 = EDGE_CURVE('',#9171,#9173,#9175,.T.);
#9171 = VERTEX_POINT('',#9172);
#9172 = CARTESIAN_POINT('',(202.71,-137.9264987857,1.51));
#9173 = VERTEX_POINT('',#9174);
#9174 = CARTESIAN_POINT('',(202.5,-137.95,1.51));
#9175 = CIRCLE('',#9176,0.95);
#9176 = AXIS2_PLACEMENT_3D('',#9177,#9178,#9179);
#9177 = CARTESIAN_POINT('',(202.5,-137.,1.51));
#9178 = DIRECTION('',(-0.,0.,-1.));
#9179 = DIRECTION('',(-0.,-1.,0.));
#9180 = ORIENTED_EDGE('',*,*,#9181,.T.);
#9181 = EDGE_CURVE('',#9173,#9182,#9184,.T.);
#9182 = VERTEX_POINT('',#9183);
#9183 = CARTESIAN_POINT('',(202.71,-136.0735012142,1.51));
#9184 = CIRCLE('',#9185,0.95);
#9185 = AXIS2_PLACEMENT_3D('',#9186,#9187,#9188);
#9186 = CARTESIAN_POINT('',(202.5,-137.,1.51));
#9187 = DIRECTION('',(-0.,0.,-1.));
#9188 = DIRECTION('',(-0.,-1.,0.));
#9189 = ORIENTED_EDGE('',*,*,#9190,.T.);
#9190 = EDGE_CURVE('',#9182,#9191,#9193,.T.);
#9191 = VERTEX_POINT('',#9192);
#9192 = CARTESIAN_POINT('',(202.92,-137.95,1.51));
#9193 = CIRCLE('',#9194,0.95);
#9194 = AXIS2_PLACEMENT_3D('',#9195,#9196,#9197);
#9195 = CARTESIAN_POINT('',(202.92,-137.,1.51));
#9196 = DIRECTION('',(-0.,0.,-1.));
#9197 = DIRECTION('',(-2.991758887411E-14,-1.,0.));
#9198 = ORIENTED_EDGE('',*,*,#9199,.T.);
#9199 = EDGE_CURVE('',#9191,#9171,#9200,.T.);
#9200 = CIRCLE('',#9201,0.95);
#9201 = AXIS2_PLACEMENT_3D('',#9202,#9203,#9204);
#9202 = CARTESIAN_POINT('',(202.92,-137.,1.51));
#9203 = DIRECTION('',(-0.,0.,-1.));
#9204 = DIRECTION('',(-2.991758887411E-14,-1.,0.));
#9205 = FACE_BOUND('',#9206,.T.);
#9206 = EDGE_LOOP('',(#9207));
#9207 = ORIENTED_EDGE('',*,*,#9208,.T.);
#9208 = EDGE_CURVE('',#9209,#9209,#9211,.T.);
#9209 = VERTEX_POINT('',#9210);
#9210 = CARTESIAN_POINT('',(208.,-139.5,1.51));
#9211 = CIRCLE('',#9212,2.5);
#9212 = AXIS2_PLACEMENT_3D('',#9213,#9214,#9215);
#9213 = CARTESIAN_POINT('',(208.,-137.,1.51));
#9214 = DIRECTION('',(-0.,0.,-1.));
#9215 = DIRECTION('',(-0.,-1.,0.));
#9216 = FACE_BOUND('',#9217,.T.);
#9217 = EDGE_LOOP('',(#9218));
#9218 = ORIENTED_EDGE('',*,*,#9219,.T.);
#9219 = EDGE_CURVE('',#9220,#9220,#9222,.T.);
#9220 = VERTEX_POINT('',#9221);
#9221 = CARTESIAN_POINT('',(203.,-134.75,1.51));
#9222 = CIRCLE('',#9223,1.5);
#9223 = AXIS2_PLACEMENT_3D('',#9224,#9225,#9226);
#9224 = CARTESIAN_POINT('',(203.,-133.25,1.51));
#9225 = DIRECTION('',(-0.,0.,-1.));
#9226 = DIRECTION('',(-0.,-1.,0.));
#9227 = FACE_BOUND('',#9228,.T.);
#9228 = EDGE_LOOP('',(#9229,#9240,#9249,#9258));
#9229 = ORIENTED_EDGE('',*,*,#9230,.T.);
#9230 = EDGE_CURVE('',#9231,#9233,#9235,.T.);
#9231 = VERTEX_POINT('',#9232);
#9232 = CARTESIAN_POINT('',(213.29,-136.0735012142,1.51));
#9233 = VERTEX_POINT('',#9234);
#9234 = CARTESIAN_POINT('',(213.5,-137.95,1.51));
#9235 = CIRCLE('',#9236,0.95);
#9236 = AXIS2_PLACEMENT_3D('',#9237,#9238,#9239);
#9237 = CARTESIAN_POINT('',(213.5,-137.,1.51));
#9238 = DIRECTION('',(-0.,0.,-1.));
#9239 = DIRECTION('',(-0.,-1.,0.));
#9240 = ORIENTED_EDGE('',*,*,#9241,.T.);
#9241 = EDGE_CURVE('',#9233,#9242,#9244,.T.);
#9242 = VERTEX_POINT('',#9243);
#9243 = CARTESIAN_POINT('',(213.29,-137.9264987857,1.51));
#9244 = CIRCLE('',#9245,0.95);
#9245 = AXIS2_PLACEMENT_3D('',#9246,#9247,#9248);
#9246 = CARTESIAN_POINT('',(213.5,-137.,1.51));
#9247 = DIRECTION('',(-0.,0.,-1.));
#9248 = DIRECTION('',(-0.,-1.,0.));
#9249 = ORIENTED_EDGE('',*,*,#9250,.T.);
#9250 = EDGE_CURVE('',#9242,#9251,#9253,.T.);
#9251 = VERTEX_POINT('',#9252);
#9252 = CARTESIAN_POINT('',(213.08,-137.95,1.51));
#9253 = CIRCLE('',#9254,0.95);
#9254 = AXIS2_PLACEMENT_3D('',#9255,#9256,#9257);
#9255 = CARTESIAN_POINT('',(213.08,-137.,1.51));
#9256 = DIRECTION('',(-0.,0.,-1.));
#9257 = DIRECTION('',(2.991758887411E-14,-1.,-0.));
#9258 = ORIENTED_EDGE('',*,*,#9259,.T.);
#9259 = EDGE_CURVE('',#9251,#9231,#9260,.T.);
#9260 = CIRCLE('',#9261,0.95);
#9261 = AXIS2_PLACEMENT_3D('',#9262,#9263,#9264);
#9262 = CARTESIAN_POINT('',(213.08,-137.,1.51));
#9263 = DIRECTION('',(-0.,0.,-1.));
#9264 = DIRECTION('',(2.991758887411E-14,-1.,-0.));
#9265 = FACE_BOUND('',#9266,.T.);
#9266 = EDGE_LOOP('',(#9267));
#9267 = ORIENTED_EDGE('',*,*,#9268,.T.);
#9268 = EDGE_CURVE('',#9269,#9269,#9271,.T.);
#9269 = VERTEX_POINT('',#9270);
#9270 = CARTESIAN_POINT('',(217.588,-136.825,1.51));
#9271 = CIRCLE('',#9272,1.1);
#9272 = AXIS2_PLACEMENT_3D('',#9273,#9274,#9275);
#9273 = CARTESIAN_POINT('',(217.588,-135.725,1.51));
#9274 = DIRECTION('',(-0.,0.,-1.));
#9275 = DIRECTION('',(-0.,-1.,0.));
#9276 = FACE_BOUND('',#9277,.T.);
#9277 = EDGE_LOOP('',(#9278));
#9278 = ORIENTED_EDGE('',*,*,#9279,.T.);
#9279 = EDGE_CURVE('',#9280,#9280,#9282,.T.);
#9280 = VERTEX_POINT('',#9281);
#9281 = CARTESIAN_POINT('',(213.,-134.75,1.51));
#9282 = CIRCLE('',#9283,1.5);
#9283 = AXIS2_PLACEMENT_3D('',#9284,#9285,#9286);
#9284 = CARTESIAN_POINT('',(213.,-133.25,1.51));
#9285 = DIRECTION('',(-0.,0.,-1.));
#9286 = DIRECTION('',(-0.,-1.,0.));
#9287 = FACE_BOUND('',#9288,.T.);
#9288 = EDGE_LOOP('',(#9289));
#9289 = ORIENTED_EDGE('',*,*,#9290,.T.);
#9290 = EDGE_CURVE('',#9291,#9291,#9293,.T.);
#9291 = VERTEX_POINT('',#9292);
#9292 = CARTESIAN_POINT('',(222.273767,-144.710352,1.51));
#9293 = CIRCLE('',#9294,1.5);
#9294 = AXIS2_PLACEMENT_3D('',#9295,#9296,#9297);
#9295 = CARTESIAN_POINT('',(222.273767,-143.210352,1.51));
#9296 = DIRECTION('',(-0.,0.,-1.));
#9297 = DIRECTION('',(-0.,-1.,0.));
#9298 = FACE_BOUND('',#9299,.T.);
#9299 = EDGE_LOOP('',(#9300));
#9300 = ORIENTED_EDGE('',*,*,#9301,.T.);
#9301 = EDGE_CURVE('',#9302,#9302,#9304,.T.);
#9302 = VERTEX_POINT('',#9303);
#9303 = CARTESIAN_POINT('',(227.415051,-142.864494,1.51));
#9304 = CIRCLE('',#9305,1.5);
#9305 = AXIS2_PLACEMENT_3D('',#9306,#9307,#9308);
#9306 = CARTESIAN_POINT('',(227.415051,-141.364494,1.51));
#9307 = DIRECTION('',(-0.,0.,-1.));
#9308 = DIRECTION('',(-0.,-1.,0.));
#9309 = FACE_BOUND('',#9310,.T.);
#9310 = EDGE_LOOP('',(#9311));
#9311 = ORIENTED_EDGE('',*,*,#9312,.T.);
#9312 = EDGE_CURVE('',#9313,#9313,#9315,.T.);
#9313 = VERTEX_POINT('',#9314);
#9314 = CARTESIAN_POINT('',(232.249407,-145.407917,1.51));
#9315 = CIRCLE('',#9316,1.5);
#9316 = AXIS2_PLACEMENT_3D('',#9317,#9318,#9319);
#9317 = CARTESIAN_POINT('',(232.249407,-143.907917,1.51));
#9318 = DIRECTION('',(-0.,0.,-1.));
#9319 = DIRECTION('',(-0.,-1.,0.));
#9320 = FACE_BOUND('',#9321,.T.);
#9321 = EDGE_LOOP('',(#9322,#9333,#9342,#9351));
#9322 = ORIENTED_EDGE('',*,*,#9323,.T.);
#9323 = EDGE_CURVE('',#9324,#9326,#9328,.T.);
#9324 = VERTEX_POINT('',#9325);
#9325 = CARTESIAN_POINT('',(224.44575030892,-132.1111011923,1.51));
#9326 = VERTEX_POINT('',#9327);
#9327 = CARTESIAN_POINT('',(224.347475,-132.114324,1.51));
#9328 = CIRCLE('',#9329,1.5);
#9329 = AXIS2_PLACEMENT_3D('',#9330,#9331,#9332);
#9330 = CARTESIAN_POINT('',(224.347475,-130.614324,1.51));
#9331 = DIRECTION('',(-0.,0.,-1.));
#9332 = DIRECTION('',(-0.,-1.,0.));
#9333 = ORIENTED_EDGE('',*,*,#9334,.T.);
#9334 = EDGE_CURVE('',#9326,#9335,#9337,.T.);
#9335 = VERTEX_POINT('',#9336);
#9336 = CARTESIAN_POINT('',(225.33892169107,-131.7399498076,1.51));
#9337 = CIRCLE('',#9338,1.5);
#9338 = AXIS2_PLACEMENT_3D('',#9339,#9340,#9341);
#9339 = CARTESIAN_POINT('',(224.347475,-130.614324,1.51));
#9340 = DIRECTION('',(-0.,0.,-1.));
#9341 = DIRECTION('',(-0.,-1.,0.));
#9342 = ORIENTED_EDGE('',*,*,#9343,.T.);
#9343 = EDGE_CURVE('',#9335,#9344,#9346,.T.);
#9344 = VERTEX_POINT('',#9345);
#9345 = CARTESIAN_POINT('',(225.437197,-134.736727,1.51));
#9346 = CIRCLE('',#9347,1.5);
#9347 = AXIS2_PLACEMENT_3D('',#9348,#9349,#9350);
#9348 = CARTESIAN_POINT('',(225.437197,-133.236727,1.51));
#9349 = DIRECTION('',(-0.,0.,-1.));
#9350 = DIRECTION('',(-0.,-1.,0.));
#9351 = ORIENTED_EDGE('',*,*,#9352,.T.);
#9352 = EDGE_CURVE('',#9344,#9324,#9353,.T.);
#9353 = CIRCLE('',#9354,1.5);
#9354 = AXIS2_PLACEMENT_3D('',#9355,#9356,#9357);
#9355 = CARTESIAN_POINT('',(225.437197,-133.236727,1.51));
#9356 = DIRECTION('',(-0.,0.,-1.));
#9357 = DIRECTION('',(-0.,-1.,0.));
#9358 = FACE_BOUND('',#9359,.T.);
#9359 = EDGE_LOOP('',(#9360,#9371,#9380,#9389));
#9360 = ORIENTED_EDGE('',*,*,#9361,.T.);
#9361 = EDGE_CURVE('',#9362,#9364,#9366,.T.);
#9362 = VERTEX_POINT('',#9363);
#9363 = CARTESIAN_POINT('',(231.64327711399,-132.6144005763,1.51));
#9364 = VERTEX_POINT('',#9365);
#9365 = CARTESIAN_POINT('',(230.504823,-135.09109,1.51));
#9366 = CIRCLE('',#9367,1.5);
#9367 = AXIS2_PLACEMENT_3D('',#9368,#9369,#9370);
#9368 = CARTESIAN_POINT('',(230.504823,-133.59109,1.51));
#9369 = DIRECTION('',(-0.,0.,-1.));
#9370 = DIRECTION('',(-0.,-1.,0.));
#9371 = ORIENTED_EDGE('',*,*,#9372,.T.);
#9372 = EDGE_CURVE('',#9364,#9373,#9375,.T.);
#9373 = VERTEX_POINT('',#9374);
#9374 = CARTESIAN_POINT('',(230.810456886,-132.1225574236,1.51));
#9375 = CIRCLE('',#9376,1.5);
#9376 = AXIS2_PLACEMENT_3D('',#9377,#9378,#9379);
#9377 = CARTESIAN_POINT('',(230.504823,-133.59109,1.51));
#9378 = DIRECTION('',(-0.,0.,-1.));
#9379 = DIRECTION('',(-0.,-1.,0.));
#9380 = ORIENTED_EDGE('',*,*,#9381,.T.);
#9381 = EDGE_CURVE('',#9373,#9382,#9384,.T.);
#9382 = VERTEX_POINT('',#9383);
#9383 = CARTESIAN_POINT('',(231.948911,-132.645868,1.51));
#9384 = CIRCLE('',#9385,1.5);
#9385 = AXIS2_PLACEMENT_3D('',#9386,#9387,#9388);
#9386 = CARTESIAN_POINT('',(231.948911,-131.145868,1.51));
#9387 = DIRECTION('',(-0.,0.,-1.));
#9388 = DIRECTION('',(-0.,-1.,0.));
#9389 = ORIENTED_EDGE('',*,*,#9390,.T.);
#9390 = EDGE_CURVE('',#9382,#9362,#9391,.T.);
#9391 = CIRCLE('',#9392,1.5);
#9392 = AXIS2_PLACEMENT_3D('',#9393,#9394,#9395);
#9393 = CARTESIAN_POINT('',(231.948911,-131.145868,1.51));
#9394 = DIRECTION('',(-0.,0.,-1.));
#9395 = DIRECTION('',(-0.,-1.,0.));
#9396 = FACE_BOUND('',#9397,.T.);
#9397 = EDGE_LOOP('',(#9398));
#9398 = ORIENTED_EDGE('',*,*,#9399,.T.);
#9399 = EDGE_CURVE('',#9400,#9400,#9402,.T.);
#9400 = VERTEX_POINT('',#9401);
#9401 = CARTESIAN_POINT('',(208.,-132.55,1.51));
#9402 = CIRCLE('',#9403,1.5);
#9403 = AXIS2_PLACEMENT_3D('',#9404,#9405,#9406);
#9404 = CARTESIAN_POINT('',(208.,-131.05,1.51));
#9405 = DIRECTION('',(-0.,0.,-1.));
#9406 = DIRECTION('',(-0.,-1.,0.));
#9407 = FACE_BOUND('',#9408,.T.);
#9408 = EDGE_LOOP('',(#9409));
#9409 = ORIENTED_EDGE('',*,*,#9410,.T.);
#9410 = EDGE_CURVE('',#9411,#9411,#9413,.T.);
#9411 = VERTEX_POINT('',#9412);
#9412 = CARTESIAN_POINT('',(216.172186,-127.591,1.51));
#9413 = CIRCLE('',#9414,1.1);
#9414 = AXIS2_PLACEMENT_3D('',#9415,#9416,#9417);
#9415 = CARTESIAN_POINT('',(216.172186,-126.491,1.51));
#9416 = DIRECTION('',(-0.,0.,-1.));
#9417 = DIRECTION('',(-0.,-1.,0.));
#9418 = FACE_BOUND('',#9419,.T.);
#9419 = EDGE_LOOP('',(#9420,#9431,#9440,#9449));
#9420 = ORIENTED_EDGE('',*,*,#9421,.T.);
#9421 = EDGE_CURVE('',#9422,#9424,#9426,.T.);
#9422 = VERTEX_POINT('',#9423);
#9423 = CARTESIAN_POINT('',(204.39244942492,-122.0262752875,1.51));
#9424 = VERTEX_POINT('',#9425);
#9425 = CARTESIAN_POINT('',(204.19,-122.04,1.51));
#9426 = CIRCLE('',#9427,1.5);
#9427 = AXIS2_PLACEMENT_3D('',#9428,#9429,#9430);
#9428 = CARTESIAN_POINT('',(204.19,-120.54,1.51));
#9429 = DIRECTION('',(-0.,0.,-1.));
#9430 = DIRECTION('',(-0.,-1.,0.));
#9431 = ORIENTED_EDGE('',*,*,#9432,.T.);
#9432 = EDGE_CURVE('',#9424,#9433,#9435,.T.);
#9433 = VERTEX_POINT('',#9434);
#9434 = CARTESIAN_POINT('',(205.25755057507,-121.5937247124,1.51));
#9435 = CIRCLE('',#9436,1.5);
#9436 = AXIS2_PLACEMENT_3D('',#9437,#9438,#9439);
#9437 = CARTESIAN_POINT('',(204.19,-120.54,1.51));
#9438 = DIRECTION('',(-0.,0.,-1.));
#9439 = DIRECTION('',(-0.,-1.,0.));
#9440 = ORIENTED_EDGE('',*,*,#9441,.T.);
#9441 = EDGE_CURVE('',#9433,#9442,#9444,.T.);
#9442 = VERTEX_POINT('',#9443);
#9443 = CARTESIAN_POINT('',(205.46,-124.58,1.51));
#9444 = CIRCLE('',#9445,1.5);
#9445 = AXIS2_PLACEMENT_3D('',#9446,#9447,#9448);
#9446 = CARTESIAN_POINT('',(205.46,-123.08,1.51));
#9447 = DIRECTION('',(-0.,0.,-1.));
#9448 = DIRECTION('',(-0.,-1.,0.));
#9449 = ORIENTED_EDGE('',*,*,#9450,.T.);
#9450 = EDGE_CURVE('',#9442,#9422,#9451,.T.);
#9451 = CIRCLE('',#9452,1.5);
#9452 = AXIS2_PLACEMENT_3D('',#9453,#9454,#9455);
#9453 = CARTESIAN_POINT('',(205.46,-123.08,1.51));
#9454 = DIRECTION('',(-0.,0.,-1.));
#9455 = DIRECTION('',(-0.,-1.,0.));
#9456 = FACE_BOUND('',#9457,.T.);
#9457 = EDGE_LOOP('',(#9458,#9469,#9478,#9487));
#9458 = ORIENTED_EDGE('',*,*,#9459,.T.);
#9459 = EDGE_CURVE('',#9460,#9462,#9464,.T.);
#9460 = VERTEX_POINT('',#9461);
#9461 = CARTESIAN_POINT('',(211.60755057507,-122.0262752875,1.51));
#9462 = VERTEX_POINT('',#9463);
#9463 = CARTESIAN_POINT('',(210.54,-124.58,1.51));
#9464 = CIRCLE('',#9465,1.5);
#9465 = AXIS2_PLACEMENT_3D('',#9466,#9467,#9468);
#9466 = CARTESIAN_POINT('',(210.54,-123.08,1.51));
#9467 = DIRECTION('',(-0.,0.,-1.));
#9468 = DIRECTION('',(-0.,-1.,0.));
#9469 = ORIENTED_EDGE('',*,*,#9470,.T.);
#9470 = EDGE_CURVE('',#9462,#9471,#9473,.T.);
#9471 = VERTEX_POINT('',#9472);
#9472 = CARTESIAN_POINT('',(210.74244942492,-121.5937247124,1.51));
#9473 = CIRCLE('',#9474,1.5);
#9474 = AXIS2_PLACEMENT_3D('',#9475,#9476,#9477);
#9475 = CARTESIAN_POINT('',(210.54,-123.08,1.51));
#9476 = DIRECTION('',(-0.,0.,-1.));
#9477 = DIRECTION('',(-0.,-1.,0.));
#9478 = ORIENTED_EDGE('',*,*,#9479,.T.);
#9479 = EDGE_CURVE('',#9471,#9480,#9482,.T.);
#9480 = VERTEX_POINT('',#9481);
#9481 = CARTESIAN_POINT('',(211.81,-122.04,1.51));
#9482 = CIRCLE('',#9483,1.5);
#9483 = AXIS2_PLACEMENT_3D('',#9484,#9485,#9486);
#9484 = CARTESIAN_POINT('',(211.81,-120.54,1.51));
#9485 = DIRECTION('',(-0.,0.,-1.));
#9486 = DIRECTION('',(-0.,-1.,0.));
#9487 = ORIENTED_EDGE('',*,*,#9488,.T.);
#9488 = EDGE_CURVE('',#9480,#9460,#9489,.T.);
#9489 = CIRCLE('',#9490,1.5);
#9490 = AXIS2_PLACEMENT_3D('',#9491,#9492,#9493);
#9491 = CARTESIAN_POINT('',(211.81,-120.54,1.51));
#9492 = DIRECTION('',(-0.,0.,-1.));
#9493 = DIRECTION('',(-0.,-1.,0.));
#9494 = FACE_BOUND('',#9495,.T.);
#9495 = EDGE_LOOP('',(#9496,#9507,#9516,#9525));
#9496 = ORIENTED_EDGE('',*,*,#9497,.T.);
#9497 = EDGE_CURVE('',#9498,#9500,#9502,.T.);
#9498 = VERTEX_POINT('',#9499);
#9499 = CARTESIAN_POINT('',(223.11288938902,-127.0530291741,1.51));
#9500 = VERTEX_POINT('',#9501);
#9501 = CARTESIAN_POINT('',(223.257748,-128.94192,1.51));
#9502 = CIRCLE('',#9503,0.95);
#9503 = AXIS2_PLACEMENT_3D('',#9504,#9505,#9506);
#9504 = CARTESIAN_POINT('',(223.257748,-127.99192,1.51));
#9505 = DIRECTION('',(-0.,0.,-1.));
#9506 = DIRECTION('',(-0.,-1.,0.));
#9507 = ORIENTED_EDGE('',*,*,#9508,.T.);
#9508 = EDGE_CURVE('',#9500,#9509,#9511,.T.);
#9509 = VERTEX_POINT('',#9510);
#9510 = CARTESIAN_POINT('',(222.98362961097,-128.9015128258,1.51));
#9511 = CIRCLE('',#9512,0.95);
#9512 = AXIS2_PLACEMENT_3D('',#9513,#9514,#9515);
#9513 = CARTESIAN_POINT('',(223.257748,-127.99192,1.51));
#9514 = DIRECTION('',(-0.,0.,-1.));
#9515 = DIRECTION('',(-0.,-1.,0.));
#9516 = ORIENTED_EDGE('',*,*,#9517,.T.);
#9517 = EDGE_CURVE('',#9509,#9518,#9520,.T.);
#9518 = VERTEX_POINT('',#9519);
#9519 = CARTESIAN_POINT('',(222.838771,-128.912622,1.51));
#9520 = CIRCLE('',#9521,0.95);
#9521 = AXIS2_PLACEMENT_3D('',#9522,#9523,#9524);
#9522 = CARTESIAN_POINT('',(222.838771,-127.962622,1.51));
#9523 = DIRECTION('',(-0.,0.,-1.));
#9524 = DIRECTION('',(-0.,-1.,0.));
#9525 = ORIENTED_EDGE('',*,*,#9526,.T.);
#9526 = EDGE_CURVE('',#9518,#9498,#9527,.T.);
#9527 = CIRCLE('',#9528,0.95);
#9528 = AXIS2_PLACEMENT_3D('',#9529,#9530,#9531);
#9529 = CARTESIAN_POINT('',(222.838771,-127.962622,1.51));
#9530 = DIRECTION('',(-0.,0.,-1.));
#9531 = DIRECTION('',(-0.,-1.,0.));
#9532 = FACE_BOUND('',#9533,.T.);
#9533 = EDGE_LOOP('',(#9534));
#9534 = ORIENTED_EDGE('',*,*,#9535,.T.);
#9535 = EDGE_CURVE('',#9536,#9536,#9538,.T.);
#9536 = VERTEX_POINT('',#9537);
#9537 = CARTESIAN_POINT('',(228.325373,-130.846283,1.51));
#9538 = CIRCLE('',#9539,2.5);
#9539 = AXIS2_PLACEMENT_3D('',#9540,#9541,#9542);
#9540 = CARTESIAN_POINT('',(228.325373,-128.346283,1.51));
#9541 = DIRECTION('',(-0.,0.,-1.));
#9542 = DIRECTION('',(-0.,-1.,0.));
#9543 = FACE_BOUND('',#9544,.T.);
#9544 = EDGE_LOOP('',(#9545,#9556,#9565,#9574));
#9545 = ORIENTED_EDGE('',*,*,#9546,.T.);
#9546 = EDGE_CURVE('',#9547,#9549,#9551,.T.);
#9547 = VERTEX_POINT('',#9548);
#9548 = CARTESIAN_POINT('',(233.53785661097,-129.6395368258,1.51));
#9549 = VERTEX_POINT('',#9550);
#9550 = CARTESIAN_POINT('',(233.392998,-129.650646,1.51));
#9551 = CIRCLE('',#9552,0.95);
#9552 = AXIS2_PLACEMENT_3D('',#9553,#9554,#9555);
#9553 = CARTESIAN_POINT('',(233.392998,-128.700646,1.51));
#9554 = DIRECTION('',(-0.,0.,-1.));
#9555 = DIRECTION('',(2.991758887411E-14,-1.,-0.));
#9556 = ORIENTED_EDGE('',*,*,#9557,.T.);
#9557 = EDGE_CURVE('',#9549,#9558,#9560,.T.);
#9558 = VERTEX_POINT('',#9559);
#9559 = CARTESIAN_POINT('',(233.66711638902,-127.7910531741,1.51));
#9560 = CIRCLE('',#9561,0.95);
#9561 = AXIS2_PLACEMENT_3D('',#9562,#9563,#9564);
#9562 = CARTESIAN_POINT('',(233.392998,-128.700646,1.51));
#9563 = DIRECTION('',(-0.,0.,-1.));
#9564 = DIRECTION('',(2.991758887411E-14,-1.,-0.));
#9565 = ORIENTED_EDGE('',*,*,#9566,.T.);
#9566 = EDGE_CURVE('',#9558,#9567,#9569,.T.);
#9567 = VERTEX_POINT('',#9568);
#9568 = CARTESIAN_POINT('',(233.811975,-129.679944,1.51));
#9569 = CIRCLE('',#9570,0.95);
#9570 = AXIS2_PLACEMENT_3D('',#9571,#9572,#9573);
#9571 = CARTESIAN_POINT('',(233.811975,-128.729944,1.51));
#9572 = DIRECTION('',(-0.,0.,-1.));
#9573 = DIRECTION('',(-2.991758887411E-14,-1.,0.));
#9574 = ORIENTED_EDGE('',*,*,#9575,.T.);
#9575 = EDGE_CURVE('',#9567,#9547,#9576,.T.);
#9576 = CIRCLE('',#9577,0.95);
#9577 = AXIS2_PLACEMENT_3D('',#9578,#9579,#9580);
#9578 = CARTESIAN_POINT('',(233.811975,-128.729944,1.51));
#9579 = DIRECTION('',(-0.,0.,-1.));
#9580 = DIRECTION('',(-2.991758887411E-14,-1.,0.));
#9581 = FACE_BOUND('',#9582,.T.);
#9582 = EDGE_LOOP('',(#9583));
#9583 = ORIENTED_EDGE('',*,*,#9584,.T.);
#9584 = EDGE_CURVE('',#9585,#9585,#9587,.T.);
#9585 = VERTEX_POINT('',#9586);
#9586 = CARTESIAN_POINT('',(223.59914,-125.756635,1.51));
#9587 = CIRCLE('',#9588,1.5);
#9588 = AXIS2_PLACEMENT_3D('',#9589,#9590,#9591);
#9589 = CARTESIAN_POINT('',(223.59914,-124.256635,1.51));
#9590 = DIRECTION('',(-0.,0.,-1.));
#9591 = DIRECTION('',(-0.,-1.,0.));
#9592 = FACE_BOUND('',#9593,.T.);
#9593 = EDGE_LOOP('',(#9594));
#9594 = ORIENTED_EDGE('',*,*,#9595,.T.);
#9595 = EDGE_CURVE('',#9596,#9596,#9598,.T.);
#9596 = VERTEX_POINT('',#9597);
#9597 = CARTESIAN_POINT('',(228.740424,-123.910777,1.51));
#9598 = CIRCLE('',#9599,1.5);
#9599 = AXIS2_PLACEMENT_3D('',#9600,#9601,#9602);
#9600 = CARTESIAN_POINT('',(228.740424,-122.410777,1.51));
#9601 = DIRECTION('',(-0.,0.,-1.));
#9602 = DIRECTION('',(-0.,-1.,0.));
#9603 = FACE_BOUND('',#9604,.T.);
#9604 = EDGE_LOOP('',(#9605));
#9605 = ORIENTED_EDGE('',*,*,#9606,.T.);
#9606 = EDGE_CURVE('',#9607,#9607,#9609,.T.);
#9607 = VERTEX_POINT('',#9608);
#9608 = CARTESIAN_POINT('',(233.57478,-126.4542,1.51));
#9609 = CIRCLE('',#9610,1.5);
#9610 = AXIS2_PLACEMENT_3D('',#9611,#9612,#9613);
#9611 = CARTESIAN_POINT('',(233.57478,-124.9542,1.51));
#9612 = DIRECTION('',(-0.,0.,-1.));
#9613 = DIRECTION('',(-0.,-1.,0.));
#9614 = FACE_BOUND('',#9615,.T.);
#9615 = EDGE_LOOP('',(#9616,#9627,#9636,#9645));
#9616 = ORIENTED_EDGE('',*,*,#9617,.T.);
#9617 = EDGE_CURVE('',#9618,#9620,#9622,.T.);
#9618 = VERTEX_POINT('',#9619);
#9619 = CARTESIAN_POINT('',(243.13855902962,-140.8026567518,1.51));
#9620 = VERTEX_POINT('',#9621);
#9621 = CARTESIAN_POINT('',(243.184485,-142.701546,1.51));
#9622 = CIRCLE('',#9623,0.95);
#9623 = AXIS2_PLACEMENT_3D('',#9624,#9625,#9626);
#9624 = CARTESIAN_POINT('',(243.184485,-141.751546,1.51));
#9625 = DIRECTION('',(-0.,0.,-1.));
#9626 = DIRECTION('',(-0.,-1.,0.));
#9627 = ORIENTED_EDGE('',*,*,#9628,.T.);
#9628 = EDGE_CURVE('',#9620,#9629,#9631,.T.);
#9629 = VERTEX_POINT('',#9630);
#9630 = CARTESIAN_POINT('',(242.81679097037,-142.6275032481,1.51));
#9631 = CIRCLE('',#9632,0.95);
#9632 = AXIS2_PLACEMENT_3D('',#9633,#9634,#9635);
#9633 = CARTESIAN_POINT('',(243.184485,-141.751546,1.51));
#9634 = DIRECTION('',(-0.,0.,-1.));
#9635 = DIRECTION('',(-0.,-1.,0.));
#9636 = ORIENTED_EDGE('',*,*,#9637,.T.);
#9637 = EDGE_CURVE('',#9629,#9638,#9640,.T.);
#9638 = VERTEX_POINT('',#9639);
#9639 = CARTESIAN_POINT('',(242.770865,-142.628614,1.51));
#9640 = CIRCLE('',#9641,0.95);
#9641 = AXIS2_PLACEMENT_3D('',#9642,#9643,#9644);
#9642 = CARTESIAN_POINT('',(242.770865,-141.678614,1.51));
#9643 = DIRECTION('',(-0.,0.,-1.));
#9644 = DIRECTION('',(-2.991758887411E-14,-1.,0.));
#9645 = ORIENTED_EDGE('',*,*,#9646,.T.);
#9646 = EDGE_CURVE('',#9638,#9618,#9647,.T.);
#9647 = CIRCLE('',#9648,0.95);
#9648 = AXIS2_PLACEMENT_3D('',#9649,#9650,#9651);
#9649 = CARTESIAN_POINT('',(242.770865,-141.678614,1.51));
#9650 = DIRECTION('',(-0.,0.,-1.));
#9651 = DIRECTION('',(-2.991758887411E-14,-1.,0.));
#9652 = FACE_BOUND('',#9653,.T.);
#9653 = EDGE_LOOP('',(#9654));
#9654 = ORIENTED_EDGE('',*,*,#9655,.T.);
#9655 = EDGE_CURVE('',#9656,#9656,#9658,.T.);
#9656 = VERTEX_POINT('',#9657);
#9657 = CARTESIAN_POINT('',(248.187308,-145.133679,1.51));
#9658 = CIRCLE('',#9659,2.5);
#9659 = AXIS2_PLACEMENT_3D('',#9660,#9661,#9662);
#9660 = CARTESIAN_POINT('',(248.187308,-142.633679,1.51));
#9661 = DIRECTION('',(-0.,0.,-1.));
#9662 = DIRECTION('',(-0.,-1.,0.));
#9663 = FACE_BOUND('',#9664,.T.);
#9664 = EDGE_LOOP('',(#9665,#9676,#9685,#9694));
#9665 = ORIENTED_EDGE('',*,*,#9666,.T.);
#9666 = EDGE_CURVE('',#9667,#9669,#9671,.T.);
#9667 = VERTEX_POINT('',#9668);
#9668 = CARTESIAN_POINT('',(253.23605697037,-144.4647012481,1.51));
#9669 = VERTEX_POINT('',#9670);
#9670 = CARTESIAN_POINT('',(253.190131,-144.465812,1.51));
#9671 = CIRCLE('',#9672,0.95);
#9672 = AXIS2_PLACEMENT_3D('',#9673,#9674,#9675);
#9673 = CARTESIAN_POINT('',(253.190131,-143.515812,1.51));
#9674 = DIRECTION('',(-0.,0.,-1.));
#9675 = DIRECTION('',(-0.,-1.,0.));
#9676 = ORIENTED_EDGE('',*,*,#9677,.T.);
#9677 = EDGE_CURVE('',#9669,#9678,#9680,.T.);
#9678 = VERTEX_POINT('',#9679);
#9679 = CARTESIAN_POINT('',(253.55782502962,-142.6398547518,1.51));
#9680 = CIRCLE('',#9681,0.95);
#9681 = AXIS2_PLACEMENT_3D('',#9682,#9683,#9684);
#9682 = CARTESIAN_POINT('',(253.190131,-143.515812,1.51));
#9683 = DIRECTION('',(-0.,0.,-1.));
#9684 = DIRECTION('',(-0.,-1.,0.));
#9685 = ORIENTED_EDGE('',*,*,#9686,.T.);
#9686 = EDGE_CURVE('',#9678,#9687,#9689,.T.);
#9687 = VERTEX_POINT('',#9688);
#9688 = CARTESIAN_POINT('',(253.603751,-144.538744,1.51));
#9689 = CIRCLE('',#9690,0.95);
#9690 = AXIS2_PLACEMENT_3D('',#9691,#9692,#9693);
#9691 = CARTESIAN_POINT('',(253.603751,-143.588744,1.51));
#9692 = DIRECTION('',(-0.,0.,-1.));
#9693 = DIRECTION('',(-0.,-1.,0.));
#9694 = ORIENTED_EDGE('',*,*,#9695,.T.);
#9695 = EDGE_CURVE('',#9687,#9667,#9696,.T.);
#9696 = CIRCLE('',#9697,0.95);
#9697 = AXIS2_PLACEMENT_3D('',#9698,#9699,#9700);
#9698 = CARTESIAN_POINT('',(253.603751,-143.588744,1.51));
#9699 = DIRECTION('',(-0.,0.,-1.));
#9700 = DIRECTION('',(-0.,-1.,0.));
#9701 = FACE_BOUND('',#9702,.T.);
#9702 = EDGE_LOOP('',(#9703));
#9703 = ORIENTED_EDGE('',*,*,#9704,.T.);
#9704 = EDGE_CURVE('',#9705,#9705,#9707,.T.);
#9705 = VERTEX_POINT('',#9706);
#9706 = CARTESIAN_POINT('',(253.762527,-141.308891,1.51));
#9707 = CIRCLE('',#9708,1.5);
#9708 = AXIS2_PLACEMENT_3D('',#9709,#9710,#9711);
#9709 = CARTESIAN_POINT('',(253.762527,-139.808891,1.51));
#9710 = DIRECTION('',(-0.,0.,-1.));
#9711 = DIRECTION('',(-0.,-1.,0.));
#9712 = FACE_BOUND('',#9713,.T.);
#9713 = EDGE_LOOP('',(#9714));
#9714 = ORIENTED_EDGE('',*,*,#9715,.T.);
#9715 = EDGE_CURVE('',#9716,#9716,#9718,.T.);
#9716 = VERTEX_POINT('',#9717);
#9717 = CARTESIAN_POINT('',(243.91445,-139.572409,1.51));
#9718 = CIRCLE('',#9719,1.5);
#9719 = AXIS2_PLACEMENT_3D('',#9720,#9721,#9722);
#9720 = CARTESIAN_POINT('',(243.91445,-138.072409,1.51));
#9721 = DIRECTION('',(-0.,0.,-1.));
#9722 = DIRECTION('',(-0.,-1.,0.));
#9723 = FACE_BOUND('',#9724,.T.);
#9724 = EDGE_LOOP('',(#9725));
#9725 = ORIENTED_EDGE('',*,*,#9726,.T.);
#9726 = EDGE_CURVE('',#9727,#9727,#9729,.T.);
#9727 = VERTEX_POINT('',#9728);
#9728 = CARTESIAN_POINT('',(249.220515,-138.274073,1.51));
#9729 = CIRCLE('',#9730,1.5);
#9730 = AXIS2_PLACEMENT_3D('',#9731,#9732,#9733);
#9731 = CARTESIAN_POINT('',(249.220515,-136.774073,1.51));
#9732 = DIRECTION('',(-0.,0.,-1.));
#9733 = DIRECTION('',(-0.,-1.,0.));
#9734 = FACE_BOUND('',#9735,.T.);
#9735 = EDGE_LOOP('',(#9736,#9747,#9756));
#9736 = ORIENTED_EDGE('',*,*,#9737,.T.);
#9737 = EDGE_CURVE('',#9738,#9740,#9742,.T.);
#9738 = VERTEX_POINT('',#9739);
#9739 = CARTESIAN_POINT('',(264.383352,-147.070713,1.51));
#9740 = VERTEX_POINT('',#9741);
#9741 = CARTESIAN_POINT('',(263.51499742803,-144.3476184258,1.51));
#9742 = CIRCLE('',#9743,1.5);
#9743 = AXIS2_PLACEMENT_3D('',#9744,#9745,#9746);
#9744 = CARTESIAN_POINT('',(264.383352,-145.570713,1.51));
#9745 = DIRECTION('',(-0.,0.,-1.));
#9746 = DIRECTION('',(-0.,-1.,0.));
#9747 = ORIENTED_EDGE('',*,*,#9748,.T.);
#9748 = EDGE_CURVE('',#9740,#9749,#9751,.T.);
#9749 = VERTEX_POINT('',#9750);
#9750 = CARTESIAN_POINT('',(264.44206657196,-144.0718625741,1.51));
#9751 = CIRCLE('',#9752,1.5);
#9752 = AXIS2_PLACEMENT_3D('',#9753,#9754,#9755);
#9753 = CARTESIAN_POINT('',(263.573712,-142.848768,1.51));
#9754 = DIRECTION('',(-0.,0.,-1.));
#9755 = DIRECTION('',(-0.,-1.,0.));
#9756 = ORIENTED_EDGE('',*,*,#9757,.T.);
#9757 = EDGE_CURVE('',#9749,#9738,#9758,.T.);
#9758 = CIRCLE('',#9759,1.5);
#9759 = AXIS2_PLACEMENT_3D('',#9760,#9761,#9762);
#9760 = CARTESIAN_POINT('',(264.383352,-145.570713,1.51));
#9761 = DIRECTION('',(-0.,0.,-1.));
#9762 = DIRECTION('',(-0.,-1.,0.));
#9763 = FACE_BOUND('',#9764,.T.);
#9764 = EDGE_LOOP('',(#9765,#9776,#9785,#9794));
#9765 = ORIENTED_EDGE('',*,*,#9766,.T.);
#9766 = EDGE_CURVE('',#9767,#9769,#9771,.T.);
#9767 = VERTEX_POINT('',#9768);
#9768 = CARTESIAN_POINT('',(262.71814702962,-139.1779337518,1.51));
#9769 = VERTEX_POINT('',#9770);
#9770 = CARTESIAN_POINT('',(262.764073,-141.076823,1.51));
#9771 = CIRCLE('',#9772,0.95);
#9772 = AXIS2_PLACEMENT_3D('',#9773,#9774,#9775);
#9773 = CARTESIAN_POINT('',(262.764073,-140.126823,1.51));
#9774 = DIRECTION('',(-0.,0.,-1.));
#9775 = DIRECTION('',(-0.,-1.,0.));
#9776 = ORIENTED_EDGE('',*,*,#9777,.T.);
#9777 = EDGE_CURVE('',#9769,#9778,#9780,.T.);
#9778 = VERTEX_POINT('',#9779);
#9779 = CARTESIAN_POINT('',(262.39637897037,-141.0027802481,1.51));
#9780 = CIRCLE('',#9781,0.95);
#9781 = AXIS2_PLACEMENT_3D('',#9782,#9783,#9784);
#9782 = CARTESIAN_POINT('',(262.764073,-140.126823,1.51));
#9783 = DIRECTION('',(-0.,0.,-1.));
#9784 = DIRECTION('',(-0.,-1.,0.));
#9785 = ORIENTED_EDGE('',*,*,#9786,.T.);
#9786 = EDGE_CURVE('',#9778,#9787,#9789,.T.);
#9787 = VERTEX_POINT('',#9788);
#9788 = CARTESIAN_POINT('',(262.350453,-141.003891,1.51));
#9789 = CIRCLE('',#9790,0.95);
#9790 = AXIS2_PLACEMENT_3D('',#9791,#9792,#9793);
#9791 = CARTESIAN_POINT('',(262.350453,-140.053891,1.51));
#9792 = DIRECTION('',(-0.,0.,-1.));
#9793 = DIRECTION('',(-0.,-1.,0.));
#9794 = ORIENTED_EDGE('',*,*,#9795,.T.);
#9795 = EDGE_CURVE('',#9787,#9767,#9796,.T.);
#9796 = CIRCLE('',#9797,0.95);
#9797 = AXIS2_PLACEMENT_3D('',#9798,#9799,#9800);
#9798 = CARTESIAN_POINT('',(262.350453,-140.053891,1.51));
#9799 = DIRECTION('',(-0.,0.,-1.));
#9800 = DIRECTION('',(-0.,-1.,0.));
#9801 = FACE_BOUND('',#9802,.T.);
#9802 = EDGE_LOOP('',(#9803));
#9803 = ORIENTED_EDGE('',*,*,#9804,.T.);
#9804 = EDGE_CURVE('',#9805,#9805,#9807,.T.);
#9805 = VERTEX_POINT('',#9806);
#9806 = CARTESIAN_POINT('',(267.766896,-143.508956,1.51));
#9807 = CIRCLE('',#9808,2.5);
#9808 = AXIS2_PLACEMENT_3D('',#9809,#9810,#9811);
#9809 = CARTESIAN_POINT('',(267.766896,-141.008956,1.51));
#9810 = DIRECTION('',(-0.,0.,-1.));
#9811 = DIRECTION('',(-0.,-1.,0.));
#9812 = FACE_BOUND('',#9813,.T.);
#9813 = EDGE_LOOP('',(#9814,#9825,#9834,#9843));
#9814 = ORIENTED_EDGE('',*,*,#9815,.T.);
#9815 = EDGE_CURVE('',#9816,#9818,#9820,.T.);
#9816 = VERTEX_POINT('',#9817);
#9817 = CARTESIAN_POINT('',(272.81564497037,-142.8399782481,1.51));
#9818 = VERTEX_POINT('',#9819);
#9819 = CARTESIAN_POINT('',(272.769719,-142.841089,1.51));
#9820 = CIRCLE('',#9821,0.95);
#9821 = AXIS2_PLACEMENT_3D('',#9822,#9823,#9824);
#9822 = CARTESIAN_POINT('',(272.769719,-141.891089,1.51));
#9823 = DIRECTION('',(-0.,0.,-1.));
#9824 = DIRECTION('',(-0.,-1.,0.));
#9825 = ORIENTED_EDGE('',*,*,#9826,.T.);
#9826 = EDGE_CURVE('',#9818,#9827,#9829,.T.);
#9827 = VERTEX_POINT('',#9828);
#9828 = CARTESIAN_POINT('',(273.13741302962,-141.0151317518,1.51));
#9829 = CIRCLE('',#9830,0.95);
#9830 = AXIS2_PLACEMENT_3D('',#9831,#9832,#9833);
#9831 = CARTESIAN_POINT('',(272.769719,-141.891089,1.51));
#9832 = DIRECTION('',(-0.,0.,-1.));
#9833 = DIRECTION('',(-0.,-1.,0.));
#9834 = ORIENTED_EDGE('',*,*,#9835,.T.);
#9835 = EDGE_CURVE('',#9827,#9836,#9838,.T.);
#9836 = VERTEX_POINT('',#9837);
#9837 = CARTESIAN_POINT('',(273.183339,-142.914021,1.51));
#9838 = CIRCLE('',#9839,0.95);
#9839 = AXIS2_PLACEMENT_3D('',#9840,#9841,#9842);
#9840 = CARTESIAN_POINT('',(273.183339,-141.964021,1.51));
#9841 = DIRECTION('',(-0.,0.,-1.));
#9842 = DIRECTION('',(-0.,-1.,0.));
#9843 = ORIENTED_EDGE('',*,*,#9844,.T.);
#9844 = EDGE_CURVE('',#9836,#9816,#9845,.T.);
#9845 = CIRCLE('',#9846,0.95);
#9846 = AXIS2_PLACEMENT_3D('',#9847,#9848,#9849);
#9847 = CARTESIAN_POINT('',(273.183339,-141.964021,1.51));
#9848 = DIRECTION('',(-0.,0.,-1.));
#9849 = DIRECTION('',(-0.,-1.,0.));
#9850 = FACE_BOUND('',#9851,.T.);
#9851 = EDGE_LOOP('',(#9852));
#9852 = ORIENTED_EDGE('',*,*,#9853,.T.);
#9853 = EDGE_CURVE('',#9854,#9854,#9856,.T.);
#9854 = VERTEX_POINT('',#9855);
#9855 = CARTESIAN_POINT('',(263.494038,-137.947686,1.51));
#9856 = CIRCLE('',#9857,1.5);
#9857 = AXIS2_PLACEMENT_3D('',#9858,#9859,#9860);
#9858 = CARTESIAN_POINT('',(263.494038,-136.447686,1.51));
#9859 = DIRECTION('',(-0.,0.,-1.));
#9860 = DIRECTION('',(-0.,-1.,0.));
#9861 = FACE_BOUND('',#9862,.T.);
#9862 = EDGE_LOOP('',(#9863));
#9863 = ORIENTED_EDGE('',*,*,#9864,.T.);
#9864 = EDGE_CURVE('',#9865,#9865,#9867,.T.);
#9865 = VERTEX_POINT('',#9866);
#9866 = CARTESIAN_POINT('',(273.342115,-139.684168,1.51));
#9867 = CIRCLE('',#9868,1.5);
#9868 = AXIS2_PLACEMENT_3D('',#9869,#9870,#9871);
#9869 = CARTESIAN_POINT('',(273.342115,-138.184168,1.51));
#9870 = DIRECTION('',(-0.,0.,-1.));
#9871 = DIRECTION('',(-0.,-1.,0.));
#9872 = FACE_BOUND('',#9873,.T.);
#9873 = EDGE_LOOP('',(#9874));
#9874 = ORIENTED_EDGE('',*,*,#9875,.T.);
#9875 = EDGE_CURVE('',#9876,#9876,#9878,.T.);
#9876 = VERTEX_POINT('',#9877);
#9877 = CARTESIAN_POINT('',(268.800103,-136.64935,1.51));
#9878 = CIRCLE('',#9879,1.5);
#9879 = AXIS2_PLACEMENT_3D('',#9880,#9881,#9882);
#9880 = CARTESIAN_POINT('',(268.800103,-135.14935,1.51));
#9881 = DIRECTION('',(-0.,0.,-1.));
#9882 = DIRECTION('',(-0.,-1.,0.));
#9883 = FACE_BOUND('',#9884,.T.);
#9884 = EDGE_LOOP('',(#9885,#9896,#9905));
#9885 = ORIENTED_EDGE('',*,*,#9886,.T.);
#9886 = EDGE_CURVE('',#9887,#9889,#9891,.T.);
#9887 = VERTEX_POINT('',#9888);
#9888 = CARTESIAN_POINT('',(248.10308,-129.984089,1.51));
#9889 = VERTEX_POINT('',#9890);
#9890 = CARTESIAN_POINT('',(247.23472542803,-127.2609944258,1.51));
#9891 = CIRCLE('',#9892,1.5);
#9892 = AXIS2_PLACEMENT_3D('',#9893,#9894,#9895);
#9893 = CARTESIAN_POINT('',(248.10308,-128.484089,1.51));
#9894 = DIRECTION('',(-0.,0.,-1.));
#9895 = DIRECTION('',(-0.,-1.,0.));
#9896 = ORIENTED_EDGE('',*,*,#9897,.T.);
#9897 = EDGE_CURVE('',#9889,#9898,#9900,.T.);
#9898 = VERTEX_POINT('',#9899);
#9899 = CARTESIAN_POINT('',(248.16179457196,-126.9852385741,1.51));
#9900 = CIRCLE('',#9901,1.5);
#9901 = AXIS2_PLACEMENT_3D('',#9902,#9903,#9904);
#9902 = CARTESIAN_POINT('',(247.29344,-125.762144,1.51));
#9903 = DIRECTION('',(-0.,0.,-1.));
#9904 = DIRECTION('',(-0.,-1.,0.));
#9905 = ORIENTED_EDGE('',*,*,#9906,.T.);
#9906 = EDGE_CURVE('',#9898,#9887,#9907,.T.);
#9907 = CIRCLE('',#9908,1.5);
#9908 = AXIS2_PLACEMENT_3D('',#9909,#9910,#9911);
#9909 = CARTESIAN_POINT('',(248.10308,-128.484089,1.51));
#9910 = DIRECTION('',(-0.,0.,-1.));
#9911 = DIRECTION('',(-0.,-1.,0.));
#9912 = FACE_BOUND('',#9913,.T.);
#9913 = EDGE_LOOP('',(#9914,#9925,#9934,#9943));
#9914 = ORIENTED_EDGE('',*,*,#9915,.T.);
#9915 = EDGE_CURVE('',#9916,#9918,#9920,.T.);
#9916 = VERTEX_POINT('',#9917);
#9917 = CARTESIAN_POINT('',(254.34021208385,-128.513883402,1.51));
#9918 = VERTEX_POINT('',#9919);
#9919 = CARTESIAN_POINT('',(253.105903,-130.866222,1.51));
#9920 = CIRCLE('',#9921,1.5);
#9921 = AXIS2_PLACEMENT_3D('',#9922,#9923,#9924);
#9922 = CARTESIAN_POINT('',(253.105903,-129.366222,1.51));
#9923 = DIRECTION('',(-0.,0.,-1.));
#9924 = DIRECTION('',(-0.,-1.,0.));
#9925 = ORIENTED_EDGE('',*,*,#9926,.T.);
#9926 = EDGE_CURVE('',#9918,#9927,#9929,.T.);
#9927 = VERTEX_POINT('',#9928);
#9928 = CARTESIAN_POINT('',(253.56336591614,-127.9376815979,1.51));
#9929 = CIRCLE('',#9930,1.5);
#9930 = AXIS2_PLACEMENT_3D('',#9931,#9932,#9933);
#9931 = CARTESIAN_POINT('',(253.105903,-129.366222,1.51));
#9932 = DIRECTION('',(-0.,0.,-1.));
#9933 = DIRECTION('',(-0.,-1.,0.));
#9934 = ORIENTED_EDGE('',*,*,#9935,.T.);
#9935 = EDGE_CURVE('',#9927,#9936,#9938,.T.);
#9936 = VERTEX_POINT('',#9937);
#9937 = CARTESIAN_POINT('',(254.797675,-128.585343,1.51));
#9938 = CIRCLE('',#9939,1.5);
#9939 = AXIS2_PLACEMENT_3D('',#9940,#9941,#9942);
#9940 = CARTESIAN_POINT('',(254.797675,-127.085343,1.51));
#9941 = DIRECTION('',(-0.,0.,-1.));
#9942 = DIRECTION('',(-1.894780628694E-14,-1.,0.));
#9943 = ORIENTED_EDGE('',*,*,#9944,.T.);
#9944 = EDGE_CURVE('',#9936,#9916,#9945,.T.);
#9945 = CIRCLE('',#9946,1.5);
#9946 = AXIS2_PLACEMENT_3D('',#9947,#9948,#9949);
#9947 = CARTESIAN_POINT('',(254.797675,-127.085343,1.51));
#9948 = DIRECTION('',(-0.,0.,-1.));
#9949 = DIRECTION('',(-1.894780628694E-14,-1.,0.));
#9950 = FACE_BOUND('',#9951,.T.);
#9951 = EDGE_LOOP('',(#9952,#9963,#9972,#9981));
#9952 = ORIENTED_EDGE('',*,*,#9953,.T.);
#9953 = EDGE_CURVE('',#9954,#9956,#9958,.T.);
#9954 = VERTEX_POINT('',#9955);
#9955 = CARTESIAN_POINT('',(246.43787502962,-122.0913097518,1.51));
#9956 = VERTEX_POINT('',#9957);
#9957 = CARTESIAN_POINT('',(246.483801,-123.990199,1.51));
#9958 = CIRCLE('',#9959,0.95);
#9959 = AXIS2_PLACEMENT_3D('',#9960,#9961,#9962);
#9960 = CARTESIAN_POINT('',(246.483801,-123.040199,1.51));
#9961 = DIRECTION('',(-0.,0.,-1.));
#9962 = DIRECTION('',(-0.,-1.,0.));
#9963 = ORIENTED_EDGE('',*,*,#9964,.T.);
#9964 = EDGE_CURVE('',#9956,#9965,#9967,.T.);
#9965 = VERTEX_POINT('',#9966);
#9966 = CARTESIAN_POINT('',(246.11610697037,-123.9161562481,1.51));
#9967 = CIRCLE('',#9968,0.95);
#9968 = AXIS2_PLACEMENT_3D('',#9969,#9970,#9971);
#9969 = CARTESIAN_POINT('',(246.483801,-123.040199,1.51));
#9970 = DIRECTION('',(-0.,0.,-1.));
#9971 = DIRECTION('',(-0.,-1.,0.));
#9972 = ORIENTED_EDGE('',*,*,#9973,.T.);
#9973 = EDGE_CURVE('',#9965,#9974,#9976,.T.);
#9974 = VERTEX_POINT('',#9975);
#9975 = CARTESIAN_POINT('',(246.070181,-123.917267,1.51));
#9976 = CIRCLE('',#9977,0.95);
#9977 = AXIS2_PLACEMENT_3D('',#9978,#9979,#9980);
#9978 = CARTESIAN_POINT('',(246.070181,-122.967267,1.51));
#9979 = DIRECTION('',(-0.,0.,-1.));
#9980 = DIRECTION('',(-0.,-1.,0.));
#9981 = ORIENTED_EDGE('',*,*,#9982,.T.);
#9982 = EDGE_CURVE('',#9974,#9954,#9983,.T.);
#9983 = CIRCLE('',#9984,0.95);
#9984 = AXIS2_PLACEMENT_3D('',#9985,#9986,#9987);
#9985 = CARTESIAN_POINT('',(246.070181,-122.967267,1.51));
#9986 = DIRECTION('',(-0.,0.,-1.));
#9987 = DIRECTION('',(-0.,-1.,0.));
#9988 = FACE_BOUND('',#9989,.T.);
#9989 = EDGE_LOOP('',(#9990));
#9990 = ORIENTED_EDGE('',*,*,#9991,.T.);
#9991 = EDGE_CURVE('',#9992,#9992,#9994,.T.);
#9992 = VERTEX_POINT('',#9993);
#9993 = CARTESIAN_POINT('',(251.486624,-126.422332,1.51));
#9994 = CIRCLE('',#9995,2.5);
#9995 = AXIS2_PLACEMENT_3D('',#9996,#9997,#9998);
#9996 = CARTESIAN_POINT('',(251.486624,-123.922332,1.51));
#9997 = DIRECTION('',(-0.,0.,-1.));
#9998 = DIRECTION('',(-0.,-1.,0.));
#9999 = FACE_BOUND('',#10000,.T.);
#10000 = EDGE_LOOP('',(#10001));
#10001 = ORIENTED_EDGE('',*,*,#10002,.T.);
#10002 = EDGE_CURVE('',#10003,#10003,#10005,.T.);
#10003 = VERTEX_POINT('',#10004);
#10004 = CARTESIAN_POINT('',(247.213766,-120.861062,1.51));
#10005 = CIRCLE('',#10006,1.5);
#10006 = AXIS2_PLACEMENT_3D('',#10007,#10008,#10009);
#10007 = CARTESIAN_POINT('',(247.213766,-119.361062,1.51));
#10008 = DIRECTION('',(-0.,0.,-1.));
#10009 = DIRECTION('',(-0.,-1.,0.));
#10010 = FACE_BOUND('',#10011,.T.);
#10011 = EDGE_LOOP('',(#10012,#10023,#10032,#10041));
#10012 = ORIENTED_EDGE('',*,*,#10013,.T.);
#10013 = EDGE_CURVE('',#10014,#10016,#10018,.T.);
#10014 = VERTEX_POINT('',#10015);
#10015 = CARTESIAN_POINT('',(256.53537297037,-125.7533542481,1.51));
#10016 = VERTEX_POINT('',#10017);
#10017 = CARTESIAN_POINT('',(256.489447,-125.754465,1.51));
#10018 = CIRCLE('',#10019,0.95);
#10019 = AXIS2_PLACEMENT_3D('',#10020,#10021,#10022);
#10020 = CARTESIAN_POINT('',(256.489447,-124.804465,1.51));
#10021 = DIRECTION('',(-0.,0.,-1.));
#10022 = DIRECTION('',(-0.,-1.,0.));
#10023 = ORIENTED_EDGE('',*,*,#10024,.T.);
#10024 = EDGE_CURVE('',#10016,#10025,#10027,.T.);
#10025 = VERTEX_POINT('',#10026);
#10026 = CARTESIAN_POINT('',(256.85714102962,-123.9285077518,1.51));
#10027 = CIRCLE('',#10028,0.95);
#10028 = AXIS2_PLACEMENT_3D('',#10029,#10030,#10031);
#10029 = CARTESIAN_POINT('',(256.489447,-124.804465,1.51));
#10030 = DIRECTION('',(-0.,0.,-1.));
#10031 = DIRECTION('',(-0.,-1.,0.));
#10032 = ORIENTED_EDGE('',*,*,#10033,.T.);
#10033 = EDGE_CURVE('',#10025,#10034,#10036,.T.);
#10034 = VERTEX_POINT('',#10035);
#10035 = CARTESIAN_POINT('',(256.903067,-125.827397,1.51));
#10036 = CIRCLE('',#10037,0.95);
#10037 = AXIS2_PLACEMENT_3D('',#10038,#10039,#10040);
#10038 = CARTESIAN_POINT('',(256.903067,-124.877397,1.51));
#10039 = DIRECTION('',(-0.,0.,-1.));
#10040 = DIRECTION('',(-0.,-1.,0.));
#10041 = ORIENTED_EDGE('',*,*,#10042,.T.);
#10042 = EDGE_CURVE('',#10034,#10014,#10043,.T.);
#10043 = CIRCLE('',#10044,0.95);
#10044 = AXIS2_PLACEMENT_3D('',#10045,#10046,#10047);
#10045 = CARTESIAN_POINT('',(256.903067,-124.877397,1.51));
#10046 = DIRECTION('',(-0.,0.,-1.));
#10047 = DIRECTION('',(-0.,-1.,0.));
#10048 = FACE_BOUND('',#10049,.T.);
#10049 = EDGE_LOOP('',(#10050));
#10050 = ORIENTED_EDGE('',*,*,#10051,.T.);
#10051 = EDGE_CURVE('',#10052,#10052,#10054,.T.);
#10052 = VERTEX_POINT('',#10053);
#10053 = CARTESIAN_POINT('',(257.061843,-122.597544,1.51));
#10054 = CIRCLE('',#10055,1.5);
#10055 = AXIS2_PLACEMENT_3D('',#10056,#10057,#10058);
#10056 = CARTESIAN_POINT('',(257.061843,-121.097544,1.51));
#10057 = DIRECTION('',(-0.,0.,-1.));
#10058 = DIRECTION('',(-0.,-1.,0.));
#10059 = FACE_BOUND('',#10060,.T.);
#10060 = EDGE_LOOP('',(#10061,#10072,#10081,#10090));
#10061 = ORIENTED_EDGE('',*,*,#10062,.T.);
#10062 = EDGE_CURVE('',#10063,#10065,#10067,.T.);
#10063 = VERTEX_POINT('',#10064);
#10064 = CARTESIAN_POINT('',(202.71,-117.0735012142,1.51));
#10065 = VERTEX_POINT('',#10066);
#10066 = CARTESIAN_POINT('',(202.92,-118.95,1.51));
#10067 = CIRCLE('',#10068,0.95);
#10068 = AXIS2_PLACEMENT_3D('',#10069,#10070,#10071);
#10069 = CARTESIAN_POINT('',(202.92,-118.,1.51));
#10070 = DIRECTION('',(-0.,0.,-1.));
#10071 = DIRECTION('',(-2.991758887411E-14,-1.,0.));
#10072 = ORIENTED_EDGE('',*,*,#10073,.T.);
#10073 = EDGE_CURVE('',#10065,#10074,#10076,.T.);
#10074 = VERTEX_POINT('',#10075);
#10075 = CARTESIAN_POINT('',(202.71,-118.9264987857,1.51));
#10076 = CIRCLE('',#10077,0.95);
#10077 = AXIS2_PLACEMENT_3D('',#10078,#10079,#10080);
#10078 = CARTESIAN_POINT('',(202.92,-118.,1.51));
#10079 = DIRECTION('',(-0.,0.,-1.));
#10080 = DIRECTION('',(-2.991758887411E-14,-1.,0.));
#10081 = ORIENTED_EDGE('',*,*,#10082,.T.);
#10082 = EDGE_CURVE('',#10074,#10083,#10085,.T.);
#10083 = VERTEX_POINT('',#10084);
#10084 = CARTESIAN_POINT('',(202.5,-118.95,1.51));
#10085 = CIRCLE('',#10086,0.95);
#10086 = AXIS2_PLACEMENT_3D('',#10087,#10088,#10089);
#10087 = CARTESIAN_POINT('',(202.5,-118.,1.51));
#10088 = DIRECTION('',(-0.,0.,-1.));
#10089 = DIRECTION('',(-0.,-1.,0.));
#10090 = ORIENTED_EDGE('',*,*,#10091,.T.);
#10091 = EDGE_CURVE('',#10083,#10063,#10092,.T.);
#10092 = CIRCLE('',#10093,0.95);
#10093 = AXIS2_PLACEMENT_3D('',#10094,#10095,#10096);
#10094 = CARTESIAN_POINT('',(202.5,-118.,1.51));
#10095 = DIRECTION('',(-0.,0.,-1.));
#10096 = DIRECTION('',(-0.,-1.,0.));
#10097 = FACE_BOUND('',#10098,.T.);
#10098 = EDGE_LOOP('',(#10099));
#10099 = ORIENTED_EDGE('',*,*,#10100,.T.);
#10100 = EDGE_CURVE('',#10101,#10101,#10103,.T.);
#10101 = VERTEX_POINT('',#10102);
#10102 = CARTESIAN_POINT('',(208.,-120.5,1.51));
#10103 = CIRCLE('',#10104,2.5);
#10104 = AXIS2_PLACEMENT_3D('',#10105,#10106,#10107);
#10105 = CARTESIAN_POINT('',(208.,-118.,1.51));
#10106 = DIRECTION('',(-0.,0.,-1.));
#10107 = DIRECTION('',(-0.,-1.,0.));
#10108 = FACE_BOUND('',#10109,.T.);
#10109 = EDGE_LOOP('',(#10110));
#10110 = ORIENTED_EDGE('',*,*,#10111,.T.);
#10111 = EDGE_CURVE('',#10112,#10112,#10114,.T.);
#10112 = VERTEX_POINT('',#10113);
#10113 = CARTESIAN_POINT('',(203.,-115.75,1.51));
#10114 = CIRCLE('',#10115,1.5);
#10115 = AXIS2_PLACEMENT_3D('',#10116,#10117,#10118);
#10116 = CARTESIAN_POINT('',(203.,-114.25,1.51));
#10117 = DIRECTION('',(-0.,0.,-1.));
#10118 = DIRECTION('',(-0.,-1.,0.));
#10119 = FACE_BOUND('',#10120,.T.);
#10120 = EDGE_LOOP('',(#10121));
#10121 = ORIENTED_EDGE('',*,*,#10122,.T.);
#10122 = EDGE_CURVE('',#10123,#10123,#10125,.T.);
#10123 = VERTEX_POINT('',#10124);
#10124 = CARTESIAN_POINT('',(208.,-113.55,1.51));
#10125 = CIRCLE('',#10126,1.5);
#10126 = AXIS2_PLACEMENT_3D('',#10127,#10128,#10129);
#10127 = CARTESIAN_POINT('',(208.,-112.05,1.51));
#10128 = DIRECTION('',(-0.,0.,-1.));
#10129 = DIRECTION('',(-0.,-1.,0.));
#10130 = FACE_BOUND('',#10131,.T.);
#10131 = EDGE_LOOP('',(#10132,#10143,#10152,#10161));
#10132 = ORIENTED_EDGE('',*,*,#10133,.T.);
#10133 = EDGE_CURVE('',#10134,#10136,#10138,.T.);
#10134 = VERTEX_POINT('',#10135);
#10135 = CARTESIAN_POINT('',(213.29,-118.9264987857,1.51));
#10136 = VERTEX_POINT('',#10137);
#10137 = CARTESIAN_POINT('',(213.08,-118.95,1.51));
#10138 = CIRCLE('',#10139,0.95);
#10139 = AXIS2_PLACEMENT_3D('',#10140,#10141,#10142);
#10140 = CARTESIAN_POINT('',(213.08,-118.,1.51));
#10141 = DIRECTION('',(-0.,0.,-1.));
#10142 = DIRECTION('',(2.991758887411E-14,-1.,-0.));
#10143 = ORIENTED_EDGE('',*,*,#10144,.T.);
#10144 = EDGE_CURVE('',#10136,#10145,#10147,.T.);
#10145 = VERTEX_POINT('',#10146);
#10146 = CARTESIAN_POINT('',(213.29,-117.0735012142,1.51));
#10147 = CIRCLE('',#10148,0.95);
#10148 = AXIS2_PLACEMENT_3D('',#10149,#10150,#10151);
#10149 = CARTESIAN_POINT('',(213.08,-118.,1.51));
#10150 = DIRECTION('',(-0.,0.,-1.));
#10151 = DIRECTION('',(2.991758887411E-14,-1.,-0.));
#10152 = ORIENTED_EDGE('',*,*,#10153,.T.);
#10153 = EDGE_CURVE('',#10145,#10154,#10156,.T.);
#10154 = VERTEX_POINT('',#10155);
#10155 = CARTESIAN_POINT('',(213.5,-118.95,1.51));
#10156 = CIRCLE('',#10157,0.95);
#10157 = AXIS2_PLACEMENT_3D('',#10158,#10159,#10160);
#10158 = CARTESIAN_POINT('',(213.5,-118.,1.51));
#10159 = DIRECTION('',(-0.,0.,-1.));
#10160 = DIRECTION('',(-0.,-1.,0.));
#10161 = ORIENTED_EDGE('',*,*,#10162,.T.);
#10162 = EDGE_CURVE('',#10154,#10134,#10163,.T.);
#10163 = CIRCLE('',#10164,0.95);
#10164 = AXIS2_PLACEMENT_3D('',#10165,#10166,#10167);
#10165 = CARTESIAN_POINT('',(213.5,-118.,1.51));
#10166 = DIRECTION('',(-0.,0.,-1.));
#10167 = DIRECTION('',(-0.,-1.,0.));
#10168 = FACE_BOUND('',#10169,.T.);
#10169 = EDGE_LOOP('',(#10170));
#10170 = ORIENTED_EDGE('',*,*,#10171,.T.);
#10171 = EDGE_CURVE('',#10172,#10172,#10174,.T.);
#10172 = VERTEX_POINT('',#10173);
#10173 = CARTESIAN_POINT('',(213.,-115.75,1.51));
#10174 = CIRCLE('',#10175,1.5);
#10175 = AXIS2_PLACEMENT_3D('',#10176,#10177,#10178);
#10176 = CARTESIAN_POINT('',(213.,-114.25,1.51));
#10177 = DIRECTION('',(-0.,0.,-1.));
#10178 = DIRECTION('',(-0.,-1.,0.));
#10179 = FACE_BOUND('',#10180,.T.);
#10180 = EDGE_LOOP('',(#10181,#10192,#10201,#10210));
#10181 = ORIENTED_EDGE('',*,*,#10182,.T.);
#10182 = EDGE_CURVE('',#10183,#10185,#10187,.T.);
#10183 = VERTEX_POINT('',#10184);
#10184 = CARTESIAN_POINT('',(225.77112330892,-113.1573841923,1.51));
#10185 = VERTEX_POINT('',#10186);
#10186 = CARTESIAN_POINT('',(225.672848,-113.160607,1.51));
#10187 = CIRCLE('',#10188,1.5);
#10188 = AXIS2_PLACEMENT_3D('',#10189,#10190,#10191);
#10189 = CARTESIAN_POINT('',(225.672848,-111.660607,1.51));
#10190 = DIRECTION('',(-0.,0.,-1.));
#10191 = DIRECTION('',(-0.,-1.,0.));
#10192 = ORIENTED_EDGE('',*,*,#10193,.T.);
#10193 = EDGE_CURVE('',#10185,#10194,#10196,.T.);
#10194 = VERTEX_POINT('',#10195);
#10195 = CARTESIAN_POINT('',(226.66429469107,-112.7862328076,1.51));
#10196 = CIRCLE('',#10197,1.5);
#10197 = AXIS2_PLACEMENT_3D('',#10198,#10199,#10200);
#10198 = CARTESIAN_POINT('',(225.672848,-111.660607,1.51));
#10199 = DIRECTION('',(-0.,0.,-1.));
#10200 = DIRECTION('',(-0.,-1.,0.));
#10201 = ORIENTED_EDGE('',*,*,#10202,.T.);
#10202 = EDGE_CURVE('',#10194,#10203,#10205,.T.);
#10203 = VERTEX_POINT('',#10204);
#10204 = CARTESIAN_POINT('',(226.76257,-115.78301,1.51));
#10205 = CIRCLE('',#10206,1.5);
#10206 = AXIS2_PLACEMENT_3D('',#10207,#10208,#10209);
#10207 = CARTESIAN_POINT('',(226.76257,-114.28301,1.51));
#10208 = DIRECTION('',(-0.,0.,-1.));
#10209 = DIRECTION('',(-0.,-1.,0.));
#10210 = ORIENTED_EDGE('',*,*,#10211,.T.);
#10211 = EDGE_CURVE('',#10203,#10183,#10212,.T.);
#10212 = CIRCLE('',#10213,1.5);
#10213 = AXIS2_PLACEMENT_3D('',#10214,#10215,#10216);
#10214 = CARTESIAN_POINT('',(226.76257,-114.28301,1.51));
#10215 = DIRECTION('',(-0.,0.,-1.));
#10216 = DIRECTION('',(-0.,-1.,0.));
#10217 = FACE_BOUND('',#10218,.T.);
#10218 = EDGE_LOOP('',(#10219,#10230,#10239,#10248));
#10219 = ORIENTED_EDGE('',*,*,#10220,.T.);
#10220 = EDGE_CURVE('',#10221,#10223,#10225,.T.);
#10221 = VERTEX_POINT('',#10222);
#10222 = CARTESIAN_POINT('',(232.96865011399,-113.6606835763,1.51));
#10223 = VERTEX_POINT('',#10224);
#10224 = CARTESIAN_POINT('',(231.830196,-116.137373,1.51));
#10225 = CIRCLE('',#10226,1.5);
#10226 = AXIS2_PLACEMENT_3D('',#10227,#10228,#10229);
#10227 = CARTESIAN_POINT('',(231.830196,-114.637373,1.51));
#10228 = DIRECTION('',(-0.,0.,-1.));
#10229 = DIRECTION('',(-0.,-1.,0.));
#10230 = ORIENTED_EDGE('',*,*,#10231,.T.);
#10231 = EDGE_CURVE('',#10223,#10232,#10234,.T.);
#10232 = VERTEX_POINT('',#10233);
#10233 = CARTESIAN_POINT('',(232.135829886,-113.1688404236,1.51));
#10234 = CIRCLE('',#10235,1.5);
#10235 = AXIS2_PLACEMENT_3D('',#10236,#10237,#10238);
#10236 = CARTESIAN_POINT('',(231.830196,-114.637373,1.51));
#10237 = DIRECTION('',(-0.,0.,-1.));
#10238 = DIRECTION('',(-0.,-1.,0.));
#10239 = ORIENTED_EDGE('',*,*,#10240,.T.);
#10240 = EDGE_CURVE('',#10232,#10241,#10243,.T.);
#10241 = VERTEX_POINT('',#10242);
#10242 = CARTESIAN_POINT('',(233.274284,-113.692151,1.51));
#10243 = CIRCLE('',#10244,1.5);
#10244 = AXIS2_PLACEMENT_3D('',#10245,#10246,#10247);
#10245 = CARTESIAN_POINT('',(233.274284,-112.192151,1.51));
#10246 = DIRECTION('',(-0.,0.,-1.));
#10247 = DIRECTION('',(-0.,-1.,0.));
#10248 = ORIENTED_EDGE('',*,*,#10249,.T.);
#10249 = EDGE_CURVE('',#10241,#10221,#10250,.T.);
#10250 = CIRCLE('',#10251,1.5);
#10251 = AXIS2_PLACEMENT_3D('',#10252,#10253,#10254);
#10252 = CARTESIAN_POINT('',(233.274284,-112.192151,1.51));
#10253 = DIRECTION('',(-0.,0.,-1.));
#10254 = DIRECTION('',(-0.,-1.,0.));
#10255 = FACE_BOUND('',#10256,.T.);
#10256 = EDGE_LOOP('',(#10257,#10268,#10277,#10286));
#10257 = ORIENTED_EDGE('',*,*,#10258,.T.);
#10258 = EDGE_CURVE('',#10259,#10261,#10263,.T.);
#10259 = VERTEX_POINT('',#10260);
#10260 = CARTESIAN_POINT('',(224.30900261097,-109.9477958258,1.51));
#10261 = VERTEX_POINT('',#10262);
#10262 = CARTESIAN_POINT('',(224.164144,-109.958905,1.51));
#10263 = CIRCLE('',#10264,0.95);
#10264 = AXIS2_PLACEMENT_3D('',#10265,#10266,#10267);
#10265 = CARTESIAN_POINT('',(224.164144,-109.008905,1.51));
#10266 = DIRECTION('',(-0.,0.,-1.));
#10267 = DIRECTION('',(-2.991758887411E-14,-1.,0.));
#10268 = ORIENTED_EDGE('',*,*,#10269,.T.);
#10269 = EDGE_CURVE('',#10261,#10270,#10272,.T.);
#10270 = VERTEX_POINT('',#10271);
#10271 = CARTESIAN_POINT('',(224.43826238902,-108.0993121741,1.51));
#10272 = CIRCLE('',#10273,0.95);
#10273 = AXIS2_PLACEMENT_3D('',#10274,#10275,#10276);
#10274 = CARTESIAN_POINT('',(224.164144,-109.008905,1.51));
#10275 = DIRECTION('',(-0.,0.,-1.));
#10276 = DIRECTION('',(-2.991758887411E-14,-1.,0.));
#10277 = ORIENTED_EDGE('',*,*,#10278,.T.);
#10278 = EDGE_CURVE('',#10270,#10279,#10281,.T.);
#10279 = VERTEX_POINT('',#10280);
#10280 = CARTESIAN_POINT('',(224.583121,-109.988203,1.51));
#10281 = CIRCLE('',#10282,0.95);
#10282 = AXIS2_PLACEMENT_3D('',#10283,#10284,#10285);
#10283 = CARTESIAN_POINT('',(224.583121,-109.038203,1.51));
#10284 = DIRECTION('',(-0.,0.,-1.));
#10285 = DIRECTION('',(-0.,-1.,0.));
#10286 = ORIENTED_EDGE('',*,*,#10287,.T.);
#10287 = EDGE_CURVE('',#10279,#10259,#10288,.T.);
#10288 = CIRCLE('',#10289,0.95);
#10289 = AXIS2_PLACEMENT_3D('',#10290,#10291,#10292);
#10290 = CARTESIAN_POINT('',(224.583121,-109.038203,1.51));
#10291 = DIRECTION('',(-0.,0.,-1.));
#10292 = DIRECTION('',(-0.,-1.,0.));
#10293 = FACE_BOUND('',#10294,.T.);
#10294 = EDGE_LOOP('',(#10295));
#10295 = ORIENTED_EDGE('',*,*,#10296,.T.);
#10296 = EDGE_CURVE('',#10297,#10297,#10299,.T.);
#10297 = VERTEX_POINT('',#10298);
#10298 = CARTESIAN_POINT('',(224.924513,-106.802918,1.51));
#10299 = CIRCLE('',#10300,1.5);
#10300 = AXIS2_PLACEMENT_3D('',#10301,#10302,#10303);
#10301 = CARTESIAN_POINT('',(224.924513,-105.302918,1.51));
#10302 = DIRECTION('',(-0.,0.,-1.));
#10303 = DIRECTION('',(-0.,-1.,0.));
#10304 = FACE_BOUND('',#10305,.T.);
#10305 = EDGE_LOOP('',(#10306));
#10306 = ORIENTED_EDGE('',*,*,#10307,.T.);
#10307 = EDGE_CURVE('',#10308,#10308,#10310,.T.);
#10308 = VERTEX_POINT('',#10309);
#10309 = CARTESIAN_POINT('',(229.650746,-111.892566,1.51));
#10310 = CIRCLE('',#10311,2.5);
#10311 = AXIS2_PLACEMENT_3D('',#10312,#10313,#10314);
#10312 = CARTESIAN_POINT('',(229.650746,-109.392566,1.51));
#10313 = DIRECTION('',(-0.,0.,-1.));
#10314 = DIRECTION('',(-0.,-1.,0.));
#10315 = FACE_BOUND('',#10316,.T.);
#10316 = EDGE_LOOP('',(#10317,#10328,#10337,#10346));
#10317 = ORIENTED_EDGE('',*,*,#10318,.T.);
#10318 = EDGE_CURVE('',#10319,#10321,#10323,.T.);
#10319 = VERTEX_POINT('',#10320);
#10320 = CARTESIAN_POINT('',(234.99248938902,-108.8373361741,1.51));
#10321 = VERTEX_POINT('',#10322);
#10322 = CARTESIAN_POINT('',(235.137348,-110.726227,1.51));
#10323 = CIRCLE('',#10324,0.95);
#10324 = AXIS2_PLACEMENT_3D('',#10325,#10326,#10327);
#10325 = CARTESIAN_POINT('',(235.137348,-109.776227,1.51));
#10326 = DIRECTION('',(-0.,0.,-1.));
#10327 = DIRECTION('',(2.991758887411E-14,-1.,-0.));
#10328 = ORIENTED_EDGE('',*,*,#10329,.T.);
#10329 = EDGE_CURVE('',#10321,#10330,#10332,.T.);
#10330 = VERTEX_POINT('',#10331);
#10331 = CARTESIAN_POINT('',(234.86322961097,-110.6858198258,1.51));
#10332 = CIRCLE('',#10333,0.95);
#10333 = AXIS2_PLACEMENT_3D('',#10334,#10335,#10336);
#10334 = CARTESIAN_POINT('',(235.137348,-109.776227,1.51));
#10335 = DIRECTION('',(-0.,0.,-1.));
#10336 = DIRECTION('',(2.991758887411E-14,-1.,-0.));
#10337 = ORIENTED_EDGE('',*,*,#10338,.T.);
#10338 = EDGE_CURVE('',#10330,#10339,#10341,.T.);
#10339 = VERTEX_POINT('',#10340);
#10340 = CARTESIAN_POINT('',(234.718371,-110.696929,1.51));
#10341 = CIRCLE('',#10342,0.95);
#10342 = AXIS2_PLACEMENT_3D('',#10343,#10344,#10345);
#10343 = CARTESIAN_POINT('',(234.718371,-109.746929,1.51));
#10344 = DIRECTION('',(-0.,0.,-1.));
#10345 = DIRECTION('',(-0.,-1.,0.));
#10346 = ORIENTED_EDGE('',*,*,#10347,.T.);
#10347 = EDGE_CURVE('',#10339,#10319,#10348,.T.);
#10348 = CIRCLE('',#10349,0.95);
#10349 = AXIS2_PLACEMENT_3D('',#10350,#10351,#10352);
#10350 = CARTESIAN_POINT('',(234.718371,-109.746929,1.51));
#10351 = DIRECTION('',(-0.,0.,-1.));
#10352 = DIRECTION('',(-0.,-1.,0.));
#10353 = FACE_BOUND('',#10354,.T.);
#10354 = EDGE_LOOP('',(#10355));
#10355 = ORIENTED_EDGE('',*,*,#10356,.T.);
#10356 = EDGE_CURVE('',#10357,#10357,#10359,.T.);
#10357 = VERTEX_POINT('',#10358);
#10358 = CARTESIAN_POINT('',(234.900153,-107.500483,1.51));
#10359 = CIRCLE('',#10360,1.5);
#10360 = AXIS2_PLACEMENT_3D('',#10361,#10362,#10363);
#10361 = CARTESIAN_POINT('',(234.900153,-106.000483,1.51));
#10362 = DIRECTION('',(-0.,0.,-1.));
#10363 = DIRECTION('',(-0.,-1.,0.));
#10364 = FACE_BOUND('',#10365,.T.);
#10365 = EDGE_LOOP('',(#10366,#10377,#10386,#10395));
#10366 = ORIENTED_EDGE('',*,*,#10367,.T.);
#10367 = EDGE_CURVE('',#10368,#10370,#10372,.T.);
#10368 = VERTEX_POINT('',#10369);
#10369 = CARTESIAN_POINT('',(204.39244942492,-103.0262752875,1.51));
#10370 = VERTEX_POINT('',#10371);
#10371 = CARTESIAN_POINT('',(204.19,-103.04,1.51));
#10372 = CIRCLE('',#10373,1.5);
#10373 = AXIS2_PLACEMENT_3D('',#10374,#10375,#10376);
#10374 = CARTESIAN_POINT('',(204.19,-101.54,1.51));
#10375 = DIRECTION('',(-0.,0.,-1.));
#10376 = DIRECTION('',(-0.,-1.,0.));
#10377 = ORIENTED_EDGE('',*,*,#10378,.T.);
#10378 = EDGE_CURVE('',#10370,#10379,#10381,.T.);
#10379 = VERTEX_POINT('',#10380);
#10380 = CARTESIAN_POINT('',(205.25755057507,-102.5937247124,1.51));
#10381 = CIRCLE('',#10382,1.5);
#10382 = AXIS2_PLACEMENT_3D('',#10383,#10384,#10385);
#10383 = CARTESIAN_POINT('',(204.19,-101.54,1.51));
#10384 = DIRECTION('',(-0.,0.,-1.));
#10385 = DIRECTION('',(-0.,-1.,0.));
#10386 = ORIENTED_EDGE('',*,*,#10387,.T.);
#10387 = EDGE_CURVE('',#10379,#10388,#10390,.T.);
#10388 = VERTEX_POINT('',#10389);
#10389 = CARTESIAN_POINT('',(205.46,-105.58,1.51));
#10390 = CIRCLE('',#10391,1.5);
#10391 = AXIS2_PLACEMENT_3D('',#10392,#10393,#10394);
#10392 = CARTESIAN_POINT('',(205.46,-104.08,1.51));
#10393 = DIRECTION('',(-0.,0.,-1.));
#10394 = DIRECTION('',(-0.,-1.,0.));
#10395 = ORIENTED_EDGE('',*,*,#10396,.T.);
#10396 = EDGE_CURVE('',#10388,#10368,#10397,.T.);
#10397 = CIRCLE('',#10398,1.5);
#10398 = AXIS2_PLACEMENT_3D('',#10399,#10400,#10401);
#10399 = CARTESIAN_POINT('',(205.46,-104.08,1.51));
#10400 = DIRECTION('',(-0.,0.,-1.));
#10401 = DIRECTION('',(-0.,-1.,0.));
#10402 = FACE_BOUND('',#10403,.T.);
#10403 = EDGE_LOOP('',(#10404,#10415,#10424,#10433));
#10404 = ORIENTED_EDGE('',*,*,#10405,.T.);
#10405 = EDGE_CURVE('',#10406,#10408,#10410,.T.);
#10406 = VERTEX_POINT('',#10407);
#10407 = CARTESIAN_POINT('',(202.71,-99.92649878575,1.51));
#10408 = VERTEX_POINT('',#10409);
#10409 = CARTESIAN_POINT('',(202.5,-99.95,1.51));
#10410 = CIRCLE('',#10411,0.95);
#10411 = AXIS2_PLACEMENT_3D('',#10412,#10413,#10414);
#10412 = CARTESIAN_POINT('',(202.5,-99.,1.51));
#10413 = DIRECTION('',(-0.,0.,-1.));
#10414 = DIRECTION('',(-0.,-1.,0.));
#10415 = ORIENTED_EDGE('',*,*,#10416,.T.);
#10416 = EDGE_CURVE('',#10408,#10417,#10419,.T.);
#10417 = VERTEX_POINT('',#10418);
#10418 = CARTESIAN_POINT('',(202.71,-98.07350121424,1.51));
#10419 = CIRCLE('',#10420,0.95);
#10420 = AXIS2_PLACEMENT_3D('',#10421,#10422,#10423);
#10421 = CARTESIAN_POINT('',(202.5,-99.,1.51));
#10422 = DIRECTION('',(-0.,0.,-1.));
#10423 = DIRECTION('',(-0.,-1.,0.));
#10424 = ORIENTED_EDGE('',*,*,#10425,.T.);
#10425 = EDGE_CURVE('',#10417,#10426,#10428,.T.);
#10426 = VERTEX_POINT('',#10427);
#10427 = CARTESIAN_POINT('',(202.92,-99.95,1.51));
#10428 = CIRCLE('',#10429,0.95);
#10429 = AXIS2_PLACEMENT_3D('',#10430,#10431,#10432);
#10430 = CARTESIAN_POINT('',(202.92,-99.,1.51));
#10431 = DIRECTION('',(-0.,0.,-1.));
#10432 = DIRECTION('',(-2.991758887411E-14,-1.,0.));
#10433 = ORIENTED_EDGE('',*,*,#10434,.T.);
#10434 = EDGE_CURVE('',#10426,#10406,#10435,.T.);
#10435 = CIRCLE('',#10436,0.95);
#10436 = AXIS2_PLACEMENT_3D('',#10437,#10438,#10439);
#10437 = CARTESIAN_POINT('',(202.92,-99.,1.51));
#10438 = DIRECTION('',(-0.,0.,-1.));
#10439 = DIRECTION('',(-2.991758887411E-14,-1.,0.));
#10440 = FACE_BOUND('',#10441,.T.);
#10441 = EDGE_LOOP('',(#10442));
#10442 = ORIENTED_EDGE('',*,*,#10443,.T.);
#10443 = EDGE_CURVE('',#10444,#10444,#10446,.T.);
#10444 = VERTEX_POINT('',#10445);
#10445 = CARTESIAN_POINT('',(208.,-101.5,1.51));
#10446 = CIRCLE('',#10447,2.5);
#10447 = AXIS2_PLACEMENT_3D('',#10448,#10449,#10450);
#10448 = CARTESIAN_POINT('',(208.,-99.,1.51));
#10449 = DIRECTION('',(-0.,0.,-1.));
#10450 = DIRECTION('',(-0.,-1.,0.));
#10451 = FACE_BOUND('',#10452,.T.);
#10452 = EDGE_LOOP('',(#10453,#10464,#10473,#10482));
#10453 = ORIENTED_EDGE('',*,*,#10454,.T.);
#10454 = EDGE_CURVE('',#10455,#10457,#10459,.T.);
#10455 = VERTEX_POINT('',#10456);
#10456 = CARTESIAN_POINT('',(211.60755057507,-103.0262752875,1.51));
#10457 = VERTEX_POINT('',#10458);
#10458 = CARTESIAN_POINT('',(210.54,-105.58,1.51));
#10459 = CIRCLE('',#10460,1.5);
#10460 = AXIS2_PLACEMENT_3D('',#10461,#10462,#10463);
#10461 = CARTESIAN_POINT('',(210.54,-104.08,1.51));
#10462 = DIRECTION('',(-0.,0.,-1.));
#10463 = DIRECTION('',(-0.,-1.,0.));
#10464 = ORIENTED_EDGE('',*,*,#10465,.T.);
#10465 = EDGE_CURVE('',#10457,#10466,#10468,.T.);
#10466 = VERTEX_POINT('',#10467);
#10467 = CARTESIAN_POINT('',(210.74244942492,-102.5937247124,1.51));
#10468 = CIRCLE('',#10469,1.5);
#10469 = AXIS2_PLACEMENT_3D('',#10470,#10471,#10472);
#10470 = CARTESIAN_POINT('',(210.54,-104.08,1.51));
#10471 = DIRECTION('',(-0.,0.,-1.));
#10472 = DIRECTION('',(-0.,-1.,0.));
#10473 = ORIENTED_EDGE('',*,*,#10474,.T.);
#10474 = EDGE_CURVE('',#10466,#10475,#10477,.T.);
#10475 = VERTEX_POINT('',#10476);
#10476 = CARTESIAN_POINT('',(211.81,-103.04,1.51));
#10477 = CIRCLE('',#10478,1.5);
#10478 = AXIS2_PLACEMENT_3D('',#10479,#10480,#10481);
#10479 = CARTESIAN_POINT('',(211.81,-101.54,1.51));
#10480 = DIRECTION('',(-0.,0.,-1.));
#10481 = DIRECTION('',(-0.,-1.,0.));
#10482 = ORIENTED_EDGE('',*,*,#10483,.T.);
#10483 = EDGE_CURVE('',#10475,#10455,#10484,.T.);
#10484 = CIRCLE('',#10485,1.5);
#10485 = AXIS2_PLACEMENT_3D('',#10486,#10487,#10488);
#10486 = CARTESIAN_POINT('',(211.81,-101.54,1.51));
#10487 = DIRECTION('',(-0.,0.,-1.));
#10488 = DIRECTION('',(-0.,-1.,0.));
#10489 = FACE_BOUND('',#10490,.T.);
#10490 = EDGE_LOOP('',(#10491,#10502,#10511,#10520));
#10491 = ORIENTED_EDGE('',*,*,#10492,.T.);
#10492 = EDGE_CURVE('',#10493,#10495,#10497,.T.);
#10493 = VERTEX_POINT('',#10494);
#10494 = CARTESIAN_POINT('',(213.29,-98.07350121424,1.51));
#10495 = VERTEX_POINT('',#10496);
#10496 = CARTESIAN_POINT('',(213.5,-99.95,1.51));
#10497 = CIRCLE('',#10498,0.95);
#10498 = AXIS2_PLACEMENT_3D('',#10499,#10500,#10501);
#10499 = CARTESIAN_POINT('',(213.5,-99.,1.51));
#10500 = DIRECTION('',(-0.,0.,-1.));
#10501 = DIRECTION('',(-0.,-1.,0.));
#10502 = ORIENTED_EDGE('',*,*,#10503,.T.);
#10503 = EDGE_CURVE('',#10495,#10504,#10506,.T.);
#10504 = VERTEX_POINT('',#10505);
#10505 = CARTESIAN_POINT('',(213.29,-99.92649878575,1.51));
#10506 = CIRCLE('',#10507,0.95);
#10507 = AXIS2_PLACEMENT_3D('',#10508,#10509,#10510);
#10508 = CARTESIAN_POINT('',(213.5,-99.,1.51));
#10509 = DIRECTION('',(-0.,0.,-1.));
#10510 = DIRECTION('',(-0.,-1.,0.));
#10511 = ORIENTED_EDGE('',*,*,#10512,.T.);
#10512 = EDGE_CURVE('',#10504,#10513,#10515,.T.);
#10513 = VERTEX_POINT('',#10514);
#10514 = CARTESIAN_POINT('',(213.08,-99.95,1.51));
#10515 = CIRCLE('',#10516,0.95);
#10516 = AXIS2_PLACEMENT_3D('',#10517,#10518,#10519);
#10517 = CARTESIAN_POINT('',(213.08,-99.,1.51));
#10518 = DIRECTION('',(-0.,0.,-1.));
#10519 = DIRECTION('',(2.991758887411E-14,-1.,-0.));
#10520 = ORIENTED_EDGE('',*,*,#10521,.T.);
#10521 = EDGE_CURVE('',#10513,#10493,#10522,.T.);
#10522 = CIRCLE('',#10523,0.95);
#10523 = AXIS2_PLACEMENT_3D('',#10524,#10525,#10526);
#10524 = CARTESIAN_POINT('',(213.08,-99.,1.51));
#10525 = DIRECTION('',(-0.,0.,-1.));
#10526 = DIRECTION('',(2.991758887411E-14,-1.,-0.));
#10527 = FACE_BOUND('',#10528,.T.);
#10528 = EDGE_LOOP('',(#10529));
#10529 = ORIENTED_EDGE('',*,*,#10530,.T.);
#10530 = EDGE_CURVE('',#10531,#10531,#10533,.T.);
#10531 = VERTEX_POINT('',#10532);
#10532 = CARTESIAN_POINT('',(203.,-96.75,1.51));
#10533 = CIRCLE('',#10534,1.5);
#10534 = AXIS2_PLACEMENT_3D('',#10535,#10536,#10537);
#10535 = CARTESIAN_POINT('',(203.,-95.25,1.51));
#10536 = DIRECTION('',(-0.,0.,-1.));
#10537 = DIRECTION('',(-0.,-1.,0.));
#10538 = FACE_BOUND('',#10539,.T.);
#10539 = EDGE_LOOP('',(#10540));
#10540 = ORIENTED_EDGE('',*,*,#10541,.T.);
#10541 = EDGE_CURVE('',#10542,#10542,#10544,.T.);
#10542 = VERTEX_POINT('',#10543);
#10543 = CARTESIAN_POINT('',(208.,-94.55,1.51));
#10544 = CIRCLE('',#10545,1.5);
#10545 = AXIS2_PLACEMENT_3D('',#10546,#10547,#10548);
#10546 = CARTESIAN_POINT('',(208.,-93.05,1.51));
#10547 = DIRECTION('',(-0.,0.,-1.));
#10548 = DIRECTION('',(-0.,-1.,0.));
#10549 = FACE_BOUND('',#10550,.T.);
#10550 = EDGE_LOOP('',(#10551));
#10551 = ORIENTED_EDGE('',*,*,#10552,.T.);
#10552 = EDGE_CURVE('',#10553,#10553,#10555,.T.);
#10553 = VERTEX_POINT('',#10554);
#10554 = CARTESIAN_POINT('',(213.,-96.75,1.51));
#10555 = CIRCLE('',#10556,1.5);
#10556 = AXIS2_PLACEMENT_3D('',#10557,#10558,#10559);
#10557 = CARTESIAN_POINT('',(213.,-95.25,1.51));
#10558 = DIRECTION('',(-0.,0.,-1.));
#10559 = DIRECTION('',(-0.,-1.,0.));
#10560 = FACE_BOUND('',#10561,.T.);
#10561 = EDGE_LOOP('',(#10562));
#10562 = ORIENTED_EDGE('',*,*,#10563,.T.);
#10563 = EDGE_CURVE('',#10564,#10564,#10566,.T.);
#10564 = VERTEX_POINT('',#10565);
#10565 = CARTESIAN_POINT('',(230.065797,-104.95706,1.51));
#10566 = CIRCLE('',#10567,1.5);
#10567 = AXIS2_PLACEMENT_3D('',#10568,#10569,#10570);
#10568 = CARTESIAN_POINT('',(230.065797,-103.45706,1.51));
#10569 = DIRECTION('',(-0.,0.,-1.));
#10570 = DIRECTION('',(-0.,-1.,0.));
#10571 = FACE_BOUND('',#10572,.T.);
#10572 = EDGE_LOOP('',(#10573));
#10573 = ORIENTED_EDGE('',*,*,#10574,.T.);
#10574 = EDGE_CURVE('',#10575,#10575,#10577,.T.);
#10575 = VERTEX_POINT('',#10576);
#10576 = CARTESIAN_POINT('',(223.082,-97.217,1.51));
#10577 = CIRCLE('',#10578,1.1);
#10578 = AXIS2_PLACEMENT_3D('',#10579,#10580,#10581);
#10579 = CARTESIAN_POINT('',(223.082,-96.117,1.51));
#10580 = DIRECTION('',(-0.,0.,-1.));
#10581 = DIRECTION('',(-0.,-1.,0.));
#10582 = FACE_BOUND('',#10583,.T.);
#10583 = EDGE_LOOP('',(#10584));
#10584 = ORIENTED_EDGE('',*,*,#10585,.T.);
#10585 = EDGE_CURVE('',#10586,#10586,#10588,.T.);
#10586 = VERTEX_POINT('',#10587);
#10587 = CARTESIAN_POINT('',(242.965808,-116.432848,1.51));
#10588 = CIRCLE('',#10589,1.1);
#10589 = AXIS2_PLACEMENT_3D('',#10590,#10591,#10592);
#10590 = CARTESIAN_POINT('',(242.965808,-115.332848,1.51));
#10591 = DIRECTION('',(-0.,0.,-1.));
#10592 = DIRECTION('',(2.5837917664E-14,-1.,-0.));
#10593 = FACE_BOUND('',#10594,.T.);
#10594 = EDGE_LOOP('',(#10595));
#10595 = ORIENTED_EDGE('',*,*,#10596,.T.);
#10596 = EDGE_CURVE('',#10597,#10597,#10599,.T.);
#10597 = VERTEX_POINT('',#10598);
#10598 = CARTESIAN_POINT('',(252.519831,-119.562726,1.51));
#10599 = CIRCLE('',#10600,1.5);
#10600 = AXIS2_PLACEMENT_3D('',#10601,#10602,#10603);
#10601 = CARTESIAN_POINT('',(252.519831,-118.062726,1.51));
#10602 = DIRECTION('',(-0.,0.,-1.));
#10603 = DIRECTION('',(-0.,-1.,0.));
#10604 = FACE_BOUND('',#10605,.T.);
#10605 = EDGE_LOOP('',(#10606));
#10606 = ORIENTED_EDGE('',*,*,#10607,.T.);
#10607 = EDGE_CURVE('',#10608,#10608,#10610,.T.);
#10608 = VERTEX_POINT('',#10609);
#10609 = CARTESIAN_POINT('',(237.922,-98.227,1.51));
#10610 = CIRCLE('',#10611,1.1);
#10611 = AXIS2_PLACEMENT_3D('',#10612,#10613,#10614);
#10612 = CARTESIAN_POINT('',(237.922,-97.127,1.51));
#10613 = DIRECTION('',(-0.,0.,-1.));
#10614 = DIRECTION('',(-0.,-1.,0.));
#10615 = FACE_BOUND('',#10616,.T.);
#10616 = EDGE_LOOP('',(#10617));
#10617 = ORIENTED_EDGE('',*,*,#10618,.T.);
#10618 = EDGE_CURVE('',#10619,#10619,#10621,.T.);
#10619 = VERTEX_POINT('',#10620);
#10620 = CARTESIAN_POINT('',(244.42,-94.6,1.51));
#10621 = CIRCLE('',#10622,0.5);
#10622 = AXIS2_PLACEMENT_3D('',#10623,#10624,#10625);
#10623 = CARTESIAN_POINT('',(244.42,-94.1,1.51));
#10624 = DIRECTION('',(-0.,0.,-1.));
#10625 = DIRECTION('',(-0.,-1.,0.));
#10626 = FACE_BOUND('',#10627,.T.);
#10627 = EDGE_LOOP('',(#10628));
#10628 = ORIENTED_EDGE('',*,*,#10629,.T.);
#10629 = EDGE_CURVE('',#10630,#10630,#10632,.T.);
#10630 = VERTEX_POINT('',#10631);
#10631 = CARTESIAN_POINT('',(246.96,-94.6,1.51));
#10632 = CIRCLE('',#10633,0.5);
#10633 = AXIS2_PLACEMENT_3D('',#10634,#10635,#10636);
#10634 = CARTESIAN_POINT('',(246.96,-94.1,1.51));
#10635 = DIRECTION('',(-0.,0.,-1.));
#10636 = DIRECTION('',(-0.,-1.,0.));
#10637 = FACE_BOUND('',#10638,.T.);
#10638 = EDGE_LOOP('',(#10639));
#10639 = ORIENTED_EDGE('',*,*,#10640,.T.);
#10640 = EDGE_CURVE('',#10641,#10641,#10643,.T.);
#10641 = VERTEX_POINT('',#10642);
#10642 = CARTESIAN_POINT('',(249.5,-94.6,1.51));
#10643 = CIRCLE('',#10644,0.5);
#10644 = AXIS2_PLACEMENT_3D('',#10645,#10646,#10647);
#10645 = CARTESIAN_POINT('',(249.5,-94.1,1.51));
#10646 = DIRECTION('',(-0.,0.,-1.));
#10647 = DIRECTION('',(-0.,-1.,0.));
#10648 = FACE_BOUND('',#10649,.T.);
#10649 = EDGE_LOOP('',(#10650));
#10650 = ORIENTED_EDGE('',*,*,#10651,.T.);
#10651 = EDGE_CURVE('',#10652,#10652,#10654,.T.);
#10652 = VERTEX_POINT('',#10653);
#10653 = CARTESIAN_POINT('',(252.04,-94.6,1.51));
#10654 = CIRCLE('',#10655,0.5);
#10655 = AXIS2_PLACEMENT_3D('',#10656,#10657,#10658);
#10656 = CARTESIAN_POINT('',(252.04,-94.1,1.51));
#10657 = DIRECTION('',(-0.,0.,-1.));
#10658 = DIRECTION('',(-0.,-1.,0.));
#10659 = FACE_BOUND('',#10660,.T.);
#10660 = EDGE_LOOP('',(#10661));
#10661 = ORIENTED_EDGE('',*,*,#10662,.T.);
#10662 = EDGE_CURVE('',#10663,#10663,#10665,.T.);
#10663 = VERTEX_POINT('',#10664);
#10664 = CARTESIAN_POINT('',(254.58,-94.6,1.51));
#10665 = CIRCLE('',#10666,0.5);
#10666 = AXIS2_PLACEMENT_3D('',#10667,#10668,#10669);
#10667 = CARTESIAN_POINT('',(254.58,-94.1,1.51));
#10668 = DIRECTION('',(-0.,0.,-1.));
#10669 = DIRECTION('',(-0.,-1.,0.));
#10670 = PLANE('',#10671);
#10671 = AXIS2_PLACEMENT_3D('',#10672,#10673,#10674);
#10672 = CARTESIAN_POINT('',(0.,0.,1.51));
#10673 = DIRECTION('',(0.,0.,1.));
#10674 = DIRECTION('',(1.,0.,-0.));
#10675 = ADVANCED_FACE('',(#10676),#10682,.T.);
#10676 = FACE_BOUND('',#10677,.T.);
#10677 = EDGE_LOOP('',(#10678,#10679,#10680,#10681));
#10678 = ORIENTED_EDGE('',*,*,#119,.T.);
#10679 = ORIENTED_EDGE('',*,*,#5412,.T.);
#10680 = ORIENTED_EDGE('',*,*,#79,.F.);
#10681 = ORIENTED_EDGE('',*,*,#143,.F.);
#10682 = PLANE('',#10683);
#10683 = AXIS2_PLACEMENT_3D('',#10684,#10685,#10686);
#10684 = CARTESIAN_POINT('',(119.959321,-88.625,0.));
#10685 = DIRECTION('',(0.,1.,0.));
#10686 = DIRECTION('',(1.,0.,0.));
#10687 = ADVANCED_FACE('',(#10688),#10704,.F.);
#10688 = FACE_BOUND('',#10689,.T.);
#10689 = EDGE_LOOP('',(#10690,#10691,#10697,#10698));
#10690 = ORIENTED_EDGE('',*,*,#152,.T.);
#10691 = ORIENTED_EDGE('',*,*,#10692,.T.);
#10692 = EDGE_CURVE('',#155,#5424,#10693,.T.);
#10693 = LINE('',#10694,#10695);
#10694 = CARTESIAN_POINT('',(130.421663,-196.985057,-4.6E-02));
#10695 = VECTOR('',#10696,1.);
#10696 = DIRECTION('',(0.,0.,1.));
#10697 = ORIENTED_EDGE('',*,*,#5421,.F.);
#10698 = ORIENTED_EDGE('',*,*,#10699,.T.);
#10699 = EDGE_CURVE('',#5422,#153,#10700,.T.);
#10700 = LINE('',#10701,#10702);
#10701 = CARTESIAN_POINT('',(131.22528905695,-196.5416980569,-4.6E-02));
#10702 = VECTOR('',#10703,1.);
#10703 = DIRECTION('',(-0.,-0.,-1.));
#10704 = CYLINDRICAL_SURFACE('',#10705,0.95);
#10705 = AXIS2_PLACEMENT_3D('',#10706,#10707,#10708);
#10706 = CARTESIAN_POINT('',(130.421663,-196.035057,-4.6E-02));
#10707 = DIRECTION('',(-0.,-0.,-1.));
#10708 = DIRECTION('',(-2.991758887411E-14,-1.,0.));
#10709 = ADVANCED_FACE('',(#10710),#10721,.F.);
#10710 = FACE_BOUND('',#10711,.T.);
#10711 = EDGE_LOOP('',(#10712,#10718,#10719,#10720));
#10712 = ORIENTED_EDGE('',*,*,#10713,.T.);
#10713 = EDGE_CURVE('',#5433,#164,#10714,.T.);
#10714 = LINE('',#10715,#10716);
#10715 = CARTESIAN_POINT('',(129.91502194304,-195.231430943,-4.6E-02));
#10716 = VECTOR('',#10717,1.);
#10717 = DIRECTION('',(-0.,-0.,-1.));
#10718 = ORIENTED_EDGE('',*,*,#172,.T.);
#10719 = ORIENTED_EDGE('',*,*,#10699,.F.);
#10720 = ORIENTED_EDGE('',*,*,#5441,.F.);
#10721 = CYLINDRICAL_SURFACE('',#10722,0.95);
#10722 = AXIS2_PLACEMENT_3D('',#10723,#10724,#10725);
#10723 = CARTESIAN_POINT('',(130.718648,-195.738072,-4.6E-02));
#10724 = DIRECTION('',(-0.,-0.,-1.));
#10725 = DIRECTION('',(-0.,-1.,0.));
#10726 = ADVANCED_FACE('',(#10727),#10733,.F.);
#10727 = FACE_BOUND('',#10728,.T.);
#10728 = EDGE_LOOP('',(#10729,#10730,#10731,#10732));
#10729 = ORIENTED_EDGE('',*,*,#10692,.F.);
#10730 = ORIENTED_EDGE('',*,*,#163,.T.);
#10731 = ORIENTED_EDGE('',*,*,#10713,.F.);
#10732 = ORIENTED_EDGE('',*,*,#5432,.F.);
#10733 = CYLINDRICAL_SURFACE('',#10734,0.95);
#10734 = AXIS2_PLACEMENT_3D('',#10735,#10736,#10737);
#10735 = CARTESIAN_POINT('',(130.421663,-196.035057,-4.6E-02));
#10736 = DIRECTION('',(-0.,-0.,-1.));
#10737 = DIRECTION('',(-2.991758887411E-14,-1.,0.));
#10738 = ADVANCED_FACE('',(#10739),#10755,.F.);
#10739 = FACE_BOUND('',#10740,.T.);
#10740 = EDGE_LOOP('',(#10741,#10742,#10748,#10749));
#10741 = ORIENTED_EDGE('',*,*,#181,.T.);
#10742 = ORIENTED_EDGE('',*,*,#10743,.T.);
#10743 = EDGE_CURVE('',#184,#5453,#10744,.T.);
#10744 = LINE('',#10745,#10746);
#10745 = CARTESIAN_POINT('',(133.412724,-198.136098,-4.6E-02));
#10746 = VECTOR('',#10747,1.);
#10747 = DIRECTION('',(0.,0.,1.));
#10748 = ORIENTED_EDGE('',*,*,#5450,.F.);
#10749 = ORIENTED_EDGE('',*,*,#10750,.T.);
#10750 = EDGE_CURVE('',#5451,#182,#10751,.T.);
#10751 = LINE('',#10752,#10753);
#10752 = CARTESIAN_POINT('',(134.60683285552,-197.5438997631,-4.6E-02));
#10753 = VECTOR('',#10754,1.);
#10754 = DIRECTION('',(-0.,-0.,-1.));
#10755 = CYLINDRICAL_SURFACE('',#10756,1.5);
#10756 = AXIS2_PLACEMENT_3D('',#10757,#10758,#10759);
#10757 = CARTESIAN_POINT('',(133.412724,-196.636098,-4.6E-02));
#10758 = DIRECTION('',(-0.,-0.,-1.));
#10759 = DIRECTION('',(-0.,-1.,0.));
#10760 = ADVANCED_FACE('',(#10761),#10772,.F.);
#10761 = FACE_BOUND('',#10762,.T.);
#10762 = EDGE_LOOP('',(#10763,#10769,#10770,#10771));
#10763 = ORIENTED_EDGE('',*,*,#10764,.F.);
#10764 = EDGE_CURVE('',#202,#5471,#10765,.T.);
#10765 = LINE('',#10766,#10767);
#10766 = CARTESIAN_POINT('',(136.106801,-199.034124,-4.6E-02));
#10767 = VECTOR('',#10768,1.);
#10768 = DIRECTION('',(0.,0.,1.));
#10769 = ORIENTED_EDGE('',*,*,#210,.T.);
#10770 = ORIENTED_EDGE('',*,*,#10750,.F.);
#10771 = ORIENTED_EDGE('',*,*,#5479,.F.);
#10772 = CYLINDRICAL_SURFACE('',#10773,1.5);
#10773 = AXIS2_PLACEMENT_3D('',#10774,#10775,#10776);
#10774 = CARTESIAN_POINT('',(136.106801,-197.534124,-4.6E-02));
#10775 = DIRECTION('',(-0.,-0.,-1.));
#10776 = DIRECTION('',(-0.,-1.,0.));
#10777 = ADVANCED_FACE('',(#10778),#10789,.F.);
#10778 = FACE_BOUND('',#10779,.T.);
#10779 = EDGE_LOOP('',(#10780,#10781,#10782,#10783));
#10780 = ORIENTED_EDGE('',*,*,#201,.T.);
#10781 = ORIENTED_EDGE('',*,*,#10764,.T.);
#10782 = ORIENTED_EDGE('',*,*,#5470,.F.);
#10783 = ORIENTED_EDGE('',*,*,#10784,.T.);
#10784 = EDGE_CURVE('',#5462,#193,#10785,.T.);
#10785 = LINE('',#10786,#10787);
#10786 = CARTESIAN_POINT('',(134.91269214448,-196.6263222368,-4.6E-02));
#10787 = VECTOR('',#10788,1.);
#10788 = DIRECTION('',(-0.,-0.,-1.));
#10789 = CYLINDRICAL_SURFACE('',#10790,1.5);
#10790 = AXIS2_PLACEMENT_3D('',#10791,#10792,#10793);
#10791 = CARTESIAN_POINT('',(136.106801,-197.534124,-4.6E-02));
#10792 = DIRECTION('',(-0.,-0.,-1.));
#10793 = DIRECTION('',(-0.,-1.,0.));
#10794 = ADVANCED_FACE('',(#10795),#10801,.F.);
#10795 = FACE_BOUND('',#10796,.T.);
#10796 = EDGE_LOOP('',(#10797,#10798,#10799,#10800));
#10797 = ORIENTED_EDGE('',*,*,#10743,.F.);
#10798 = ORIENTED_EDGE('',*,*,#192,.T.);
#10799 = ORIENTED_EDGE('',*,*,#10784,.F.);
#10800 = ORIENTED_EDGE('',*,*,#5461,.F.);
#10801 = CYLINDRICAL_SURFACE('',#10802,1.5);
#10802 = AXIS2_PLACEMENT_3D('',#10803,#10804,#10805);
#10803 = CARTESIAN_POINT('',(133.412724,-196.636098,-4.6E-02));
#10804 = DIRECTION('',(-0.,-0.,-1.));
#10805 = DIRECTION('',(-0.,-1.,0.));
#10806 = ADVANCED_FACE('',(#10807),#10818,.F.);
#10807 = FACE_BOUND('',#10808,.T.);
#10808 = EDGE_LOOP('',(#10809,#10810,#10816,#10817));
#10809 = ORIENTED_EDGE('',*,*,#219,.T.);
#10810 = ORIENTED_EDGE('',*,*,#10811,.T.);
#10811 = EDGE_CURVE('',#220,#5489,#10812,.T.);
#10812 = LINE('',#10813,#10814);
#10813 = CARTESIAN_POINT('',(128.123566,-194.529853,-4.6E-02));
#10814 = VECTOR('',#10815,1.);
#10815 = DIRECTION('',(0.,0.,1.));
#10816 = ORIENTED_EDGE('',*,*,#5488,.F.);
#10817 = ORIENTED_EDGE('',*,*,#10811,.F.);
#10818 = CYLINDRICAL_SURFACE('',#10819,1.5);
#10819 = AXIS2_PLACEMENT_3D('',#10820,#10821,#10822);
#10820 = CARTESIAN_POINT('',(128.123566,-193.029853,-4.6E-02));
#10821 = DIRECTION('',(-0.,-0.,-1.));
#10822 = DIRECTION('',(-0.,-1.,0.));
#10823 = ADVANCED_FACE('',(#10824),#10840,.F.);
#10824 = FACE_BOUND('',#10825,.T.);
#10825 = EDGE_LOOP('',(#10826,#10827,#10833,#10834));
#10826 = ORIENTED_EDGE('',*,*,#230,.T.);
#10827 = ORIENTED_EDGE('',*,*,#10828,.T.);
#10828 = EDGE_CURVE('',#233,#5502,#10829,.T.);
#10829 = LINE('',#10830,#10831);
#10830 = CARTESIAN_POINT('',(139.698904,-195.442021,-4.6E-02));
#10831 = VECTOR('',#10832,1.);
#10832 = DIRECTION('',(0.,0.,1.));
#10833 = ORIENTED_EDGE('',*,*,#5499,.F.);
#10834 = ORIENTED_EDGE('',*,*,#10835,.T.);
#10835 = EDGE_CURVE('',#5500,#231,#10836,.T.);
#10836 = LINE('',#10837,#10838);
#10837 = CARTESIAN_POINT('',(139.70867976314,-192.4420528555,-4.6E-02));
#10838 = VECTOR('',#10839,1.);
#10839 = DIRECTION('',(-0.,-0.,-1.));
#10840 = CYLINDRICAL_SURFACE('',#10841,1.5);
#10841 = AXIS2_PLACEMENT_3D('',#10842,#10843,#10844);
#10842 = CARTESIAN_POINT('',(139.698904,-193.942021,-4.6E-02));
#10843 = DIRECTION('',(-0.,-0.,-1.));
#10844 = DIRECTION('',(-0.,-1.,0.));
#10845 = ADVANCED_FACE('',(#10846),#10857,.F.);
#10846 = FACE_BOUND('',#10847,.T.);
#10847 = EDGE_LOOP('',(#10848,#10854,#10855,#10856));
#10848 = ORIENTED_EDGE('',*,*,#10849,.T.);
#10849 = EDGE_CURVE('',#5511,#242,#10850,.T.);
#10850 = LINE('',#10851,#10852);
#10851 = CARTESIAN_POINT('',(138.79110223685,-192.7479121444,-4.6E-02));
#10852 = VECTOR('',#10853,1.);
#10853 = DIRECTION('',(-0.,-0.,-1.));
#10854 = ORIENTED_EDGE('',*,*,#250,.T.);
#10855 = ORIENTED_EDGE('',*,*,#10835,.F.);
#10856 = ORIENTED_EDGE('',*,*,#5519,.F.);
#10857 = CYLINDRICAL_SURFACE('',#10858,1.5);
#10858 = AXIS2_PLACEMENT_3D('',#10859,#10860,#10861);
#10859 = CARTESIAN_POINT('',(138.800878,-191.247944,-4.6E-02));
#10860 = DIRECTION('',(-0.,-0.,-1.));
#10861 = DIRECTION('',(-0.,-1.,0.));
#10862 = ADVANCED_FACE('',(#10863),#10869,.F.);
#10863 = FACE_BOUND('',#10864,.T.);
#10864 = EDGE_LOOP('',(#10865,#10866,#10867,#10868));
#10865 = ORIENTED_EDGE('',*,*,#10828,.F.);
#10866 = ORIENTED_EDGE('',*,*,#241,.T.);
#10867 = ORIENTED_EDGE('',*,*,#10849,.F.);
#10868 = ORIENTED_EDGE('',*,*,#5510,.F.);
#10869 = CYLINDRICAL_SURFACE('',#10870,1.5);
#10870 = AXIS2_PLACEMENT_3D('',#10871,#10872,#10873);
#10871 = CARTESIAN_POINT('',(139.698904,-193.942021,-4.6E-02));
#10872 = DIRECTION('',(-0.,-0.,-1.));
#10873 = DIRECTION('',(-0.,-1.,0.));
#10874 = ADVANCED_FACE('',(#10875),#10886,.F.);
#10875 = FACE_BOUND('',#10876,.T.);
#10876 = EDGE_LOOP('',(#10877,#10878,#10884,#10885));
#10877 = ORIENTED_EDGE('',*,*,#259,.T.);
#10878 = ORIENTED_EDGE('',*,*,#10879,.T.);
#10879 = EDGE_CURVE('',#260,#5529,#10880,.T.);
#10880 = LINE('',#10881,#10882);
#10881 = CARTESIAN_POINT('',(134.31075,-194.64597,-4.6E-02));
#10882 = VECTOR('',#10883,1.);
#10883 = DIRECTION('',(0.,0.,1.));
#10884 = ORIENTED_EDGE('',*,*,#5528,.F.);
#10885 = ORIENTED_EDGE('',*,*,#10879,.F.);
#10886 = CYLINDRICAL_SURFACE('',#10887,2.5);
#10887 = AXIS2_PLACEMENT_3D('',#10888,#10889,#10890);
#10888 = CARTESIAN_POINT('',(134.31075,-192.14597,-4.6E-02));
#10889 = DIRECTION('',(-0.,-0.,-1.));
#10890 = DIRECTION('',(-0.,-1.,0.));
#10891 = ADVANCED_FACE('',(#10892),#10903,.F.);
#10892 = FACE_BOUND('',#10893,.T.);
#10893 = EDGE_LOOP('',(#10894,#10895,#10901,#10902));
#10894 = ORIENTED_EDGE('',*,*,#270,.T.);
#10895 = ORIENTED_EDGE('',*,*,#10896,.T.);
#10896 = EDGE_CURVE('',#271,#5540,#10897,.T.);
#10897 = LINE('',#10898,#10899);
#10898 = CARTESIAN_POINT('',(130.103465,-189.438685,-4.6E-02));
#10899 = VECTOR('',#10900,1.);
#10900 = DIRECTION('',(0.,0.,1.));
#10901 = ORIENTED_EDGE('',*,*,#5539,.F.);
#10902 = ORIENTED_EDGE('',*,*,#10896,.F.);
#10903 = CYLINDRICAL_SURFACE('',#10904,1.5);
#10904 = AXIS2_PLACEMENT_3D('',#10905,#10906,#10907);
#10905 = CARTESIAN_POINT('',(130.103465,-187.938685,-4.6E-02));
#10906 = DIRECTION('',(-0.,-0.,-1.));
#10907 = DIRECTION('',(-0.,-1.,0.));
#10908 = ADVANCED_FACE('',(#10909),#10920,.F.);
#10909 = FACE_BOUND('',#10910,.T.);
#10910 = EDGE_LOOP('',(#10911,#10912,#10918,#10919));
#10911 = ORIENTED_EDGE('',*,*,#281,.T.);
#10912 = ORIENTED_EDGE('',*,*,#10913,.T.);
#10913 = EDGE_CURVE('',#282,#5551,#10914,.T.);
#10914 = LINE('',#10915,#10916);
#10915 = CARTESIAN_POINT('',(135.194633,-187.458786,-4.6E-02));
#10916 = VECTOR('',#10917,1.);
#10917 = DIRECTION('',(0.,0.,1.));
#10918 = ORIENTED_EDGE('',*,*,#5550,.F.);
#10919 = ORIENTED_EDGE('',*,*,#10913,.F.);
#10920 = CYLINDRICAL_SURFACE('',#10921,1.5);
#10921 = AXIS2_PLACEMENT_3D('',#10922,#10923,#10924);
#10922 = CARTESIAN_POINT('',(135.194633,-185.958786,-4.6E-02));
#10923 = DIRECTION('',(-0.,-0.,-1.));
#10924 = DIRECTION('',(-0.,-1.,0.));
#10925 = ADVANCED_FACE('',(#10926),#10942,.F.);
#10926 = FACE_BOUND('',#10927,.T.);
#10927 = EDGE_LOOP('',(#10928,#10934,#10935,#10941));
#10928 = ORIENTED_EDGE('',*,*,#10929,.F.);
#10929 = EDGE_CURVE('',#293,#5562,#10930,.T.);
#10930 = LINE('',#10931,#10932);
#10931 = CARTESIAN_POINT('',(137.902852,-189.503868,-4.6E-02));
#10932 = VECTOR('',#10933,1.);
#10933 = DIRECTION('',(0.,0.,1.));
#10934 = ORIENTED_EDGE('',*,*,#292,.T.);
#10935 = ORIENTED_EDGE('',*,*,#10936,.F.);
#10936 = EDGE_CURVE('',#5564,#295,#10937,.T.);
#10937 = LINE('',#10938,#10939);
#10938 = CARTESIAN_POINT('',(137.39621094304,-187.750241943,-4.6E-02));
#10939 = VECTOR('',#10940,1.);
#10940 = DIRECTION('',(-0.,-0.,-1.));
#10941 = ORIENTED_EDGE('',*,*,#5561,.F.);
#10942 = CYLINDRICAL_SURFACE('',#10943,0.95);
#10943 = AXIS2_PLACEMENT_3D('',#10944,#10945,#10946);
#10944 = CARTESIAN_POINT('',(137.902852,-188.553868,-4.6E-02));
#10945 = DIRECTION('',(-0.,-0.,-1.));
#10946 = DIRECTION('',(-0.,-1.,0.));
#10947 = ADVANCED_FACE('',(#10948),#10959,.F.);
#10948 = FACE_BOUND('',#10949,.T.);
#10949 = EDGE_LOOP('',(#10950,#10951,#10952,#10953));
#10950 = ORIENTED_EDGE('',*,*,#312,.T.);
#10951 = ORIENTED_EDGE('',*,*,#10929,.T.);
#10952 = ORIENTED_EDGE('',*,*,#5581,.F.);
#10953 = ORIENTED_EDGE('',*,*,#10954,.T.);
#10954 = EDGE_CURVE('',#5573,#304,#10955,.T.);
#10955 = LINE('',#10956,#10957);
#10956 = CARTESIAN_POINT('',(138.70647805695,-189.0605090569,-4.6E-02));
#10957 = VECTOR('',#10958,1.);
#10958 = DIRECTION('',(-0.,-0.,-1.));
#10959 = CYLINDRICAL_SURFACE('',#10960,0.95);
#10960 = AXIS2_PLACEMENT_3D('',#10961,#10962,#10963);
#10961 = CARTESIAN_POINT('',(137.902852,-188.553868,-4.6E-02));
#10962 = DIRECTION('',(-0.,-0.,-1.));
#10963 = DIRECTION('',(-0.,-1.,0.));
#10964 = ADVANCED_FACE('',(#10965),#10971,.F.);
#10965 = FACE_BOUND('',#10966,.T.);
#10966 = EDGE_LOOP('',(#10967,#10968,#10969,#10970));
#10967 = ORIENTED_EDGE('',*,*,#10936,.T.);
#10968 = ORIENTED_EDGE('',*,*,#303,.T.);
#10969 = ORIENTED_EDGE('',*,*,#10954,.F.);
#10970 = ORIENTED_EDGE('',*,*,#5572,.F.);
#10971 = CYLINDRICAL_SURFACE('',#10972,0.95);
#10972 = AXIS2_PLACEMENT_3D('',#10973,#10974,#10975);
#10973 = CARTESIAN_POINT('',(138.199837,-188.256883,-4.6E-02));
#10974 = DIRECTION('',(-0.,-0.,-1.));
#10975 = DIRECTION('',(-0.,-1.,0.));
#10976 = ADVANCED_FACE('',(#10977),#10988,.F.);
#10977 = FACE_BOUND('',#10978,.T.);
#10978 = EDGE_LOOP('',(#10979,#10980,#10986,#10987));
#10979 = ORIENTED_EDGE('',*,*,#321,.T.);
#10980 = ORIENTED_EDGE('',*,*,#10981,.T.);
#10981 = EDGE_CURVE('',#322,#5591,#10982,.T.);
#10982 = LINE('',#10983,#10984);
#10983 = CARTESIAN_POINT('',(132.252,-176.502,-4.6E-02));
#10984 = VECTOR('',#10985,1.);
#10985 = DIRECTION('',(0.,0.,1.));
#10986 = ORIENTED_EDGE('',*,*,#5590,.F.);
#10987 = ORIENTED_EDGE('',*,*,#10981,.F.);
#10988 = CYLINDRICAL_SURFACE('',#10989,1.1);
#10989 = AXIS2_PLACEMENT_3D('',#10990,#10991,#10992);
#10990 = CARTESIAN_POINT('',(132.252,-175.402,-4.6E-02));
#10991 = DIRECTION('',(-0.,-0.,-1.));
#10992 = DIRECTION('',(-0.,-1.,0.));
#10993 = ADVANCED_FACE('',(#10994),#11005,.F.);
#10994 = FACE_BOUND('',#10995,.T.);
#10995 = EDGE_LOOP('',(#10996,#10997,#11003,#11004));
#10996 = ORIENTED_EDGE('',*,*,#332,.T.);
#10997 = ORIENTED_EDGE('',*,*,#10998,.T.);
#10998 = EDGE_CURVE('',#333,#5602,#10999,.T.);
#10999 = LINE('',#11000,#11001);
#11000 = CARTESIAN_POINT('',(144.980623,-179.836285,-4.6E-02));
#11001 = VECTOR('',#11002,1.);
#11002 = DIRECTION('',(0.,0.,1.));
#11003 = ORIENTED_EDGE('',*,*,#5601,.F.);
#11004 = ORIENTED_EDGE('',*,*,#10998,.F.);
#11005 = CYLINDRICAL_SURFACE('',#11006,1.5);
#11006 = AXIS2_PLACEMENT_3D('',#11007,#11008,#11009);
#11007 = CARTESIAN_POINT('',(144.980623,-178.336285,-4.6E-02));
#11008 = DIRECTION('',(-0.,-0.,-1.));
#11009 = DIRECTION('',(-0.,-1.,0.));
#11010 = ADVANCED_FACE('',(#11011),#11027,.F.);
#11011 = FACE_BOUND('',#11012,.T.);
#11012 = EDGE_LOOP('',(#11013,#11014,#11020,#11021));
#11013 = ORIENTED_EDGE('',*,*,#343,.T.);
#11014 = ORIENTED_EDGE('',*,*,#11015,.T.);
#11015 = EDGE_CURVE('',#346,#5615,#11016,.T.);
#11016 = LINE('',#11017,#11018);
#11017 = CARTESIAN_POINT('',(149.156193,-184.688585,-4.6E-02));
#11018 = VECTOR('',#11019,1.);
#11019 = DIRECTION('',(0.,0.,1.));
#11020 = ORIENTED_EDGE('',*,*,#5612,.F.);
#11021 = ORIENTED_EDGE('',*,*,#11022,.T.);
#11022 = EDGE_CURVE('',#5613,#344,#11023,.T.);
#11023 = LINE('',#11024,#11025);
#11024 = CARTESIAN_POINT('',(150.07465648743,-184.3745128318,-4.6E-02));
#11025 = VECTOR('',#11026,1.);
#11026 = DIRECTION('',(-0.,-0.,-1.));
#11027 = CYLINDRICAL_SURFACE('',#11028,1.5);
#11028 = AXIS2_PLACEMENT_3D('',#11029,#11030,#11031);
#11029 = CARTESIAN_POINT('',(149.156193,-183.188585,-4.6E-02));
#11030 = DIRECTION('',(-0.,-0.,-1.));
#11031 = DIRECTION('',(-0.,-1.,0.));
#11032 = ADVANCED_FACE('',(#11033),#11044,.F.);
#11033 = FACE_BOUND('',#11034,.T.);
#11034 = EDGE_LOOP('',(#11035,#11041,#11042,#11043));
#11035 = ORIENTED_EDGE('',*,*,#11036,.F.);
#11036 = EDGE_CURVE('',#364,#5633,#11037,.T.);
#11037 = LINE('',#11038,#11039);
#11038 = CARTESIAN_POINT('',(151.526045,-186.253289,-4.6E-02));
#11039 = VECTOR('',#11040,1.);
#11040 = DIRECTION('',(0.,0.,1.));
#11041 = ORIENTED_EDGE('',*,*,#372,.T.);
#11042 = ORIENTED_EDGE('',*,*,#11022,.F.);
#11043 = ORIENTED_EDGE('',*,*,#5641,.F.);
#11044 = CYLINDRICAL_SURFACE('',#11045,1.5);
#11045 = AXIS2_PLACEMENT_3D('',#11046,#11047,#11048);
#11046 = CARTESIAN_POINT('',(151.526045,-184.753289,-4.6E-02));
#11047 = DIRECTION('',(-0.,-0.,-1.));
#11048 = DIRECTION('',(-0.,-1.,0.));
#11049 = ADVANCED_FACE('',(#11050),#11061,.F.);
#11050 = FACE_BOUND('',#11051,.T.);
#11051 = EDGE_LOOP('',(#11052,#11053,#11054,#11055));
#11052 = ORIENTED_EDGE('',*,*,#363,.T.);
#11053 = ORIENTED_EDGE('',*,*,#11036,.T.);
#11054 = ORIENTED_EDGE('',*,*,#5632,.F.);
#11055 = ORIENTED_EDGE('',*,*,#11056,.T.);
#11056 = EDGE_CURVE('',#5624,#355,#11057,.T.);
#11057 = LINE('',#11058,#11059);
#11058 = CARTESIAN_POINT('',(150.60758151256,-183.5673611681,-4.6E-02));
#11059 = VECTOR('',#11060,1.);
#11060 = DIRECTION('',(-0.,-0.,-1.));
#11061 = CYLINDRICAL_SURFACE('',#11062,1.5);
#11062 = AXIS2_PLACEMENT_3D('',#11063,#11064,#11065);
#11063 = CARTESIAN_POINT('',(151.526045,-184.753289,-4.6E-02));
#11064 = DIRECTION('',(-0.,-0.,-1.));
#11065 = DIRECTION('',(-0.,-1.,0.));
#11066 = ADVANCED_FACE('',(#11067),#11073,.F.);
#11067 = FACE_BOUND('',#11068,.T.);
#11068 = EDGE_LOOP('',(#11069,#11070,#11071,#11072));
#11069 = ORIENTED_EDGE('',*,*,#11015,.F.);
#11070 = ORIENTED_EDGE('',*,*,#354,.T.);
#11071 = ORIENTED_EDGE('',*,*,#11056,.F.);
#11072 = ORIENTED_EDGE('',*,*,#5623,.F.);
#11073 = CYLINDRICAL_SURFACE('',#11074,1.5);
#11074 = AXIS2_PLACEMENT_3D('',#11075,#11076,#11077);
#11075 = CARTESIAN_POINT('',(149.156193,-183.188585,-4.6E-02));
#11076 = DIRECTION('',(-0.,-0.,-1.));
#11077 = DIRECTION('',(-0.,-1.,0.));
#11078 = ADVANCED_FACE('',(#11079),#11095,.F.);
#11079 = FACE_BOUND('',#11080,.T.);
#11080 = EDGE_LOOP('',(#11081,#11087,#11088,#11094));
#11081 = ORIENTED_EDGE('',*,*,#11082,.F.);
#11082 = EDGE_CURVE('',#382,#5651,#11083,.T.);
#11083 = LINE('',#11084,#11085);
#11084 = CARTESIAN_POINT('',(146.42261,-182.78388,-4.6E-02));
#11085 = VECTOR('',#11086,1.);
#11086 = DIRECTION('',(0.,0.,1.));
#11087 = ORIENTED_EDGE('',*,*,#381,.T.);
#11088 = ORIENTED_EDGE('',*,*,#11089,.F.);
#11089 = EDGE_CURVE('',#5653,#384,#11090,.T.);
#11090 = LINE('',#11091,#11092);
#11091 = CARTESIAN_POINT('',(146.14122643894,-180.9265083608,-4.6E-02));
#11092 = VECTOR('',#11093,1.);
#11093 = DIRECTION('',(-0.,-0.,-1.));
#11094 = ORIENTED_EDGE('',*,*,#5650,.F.);
#11095 = CYLINDRICAL_SURFACE('',#11096,0.95);
#11096 = AXIS2_PLACEMENT_3D('',#11097,#11098,#11099);
#11097 = CARTESIAN_POINT('',(146.42261,-181.83388,-4.6E-02));
#11098 = DIRECTION('',(-0.,-0.,-1.));
#11099 = DIRECTION('',(-2.991758887411E-14,-1.,0.));
#11100 = ADVANCED_FACE('',(#11101),#11112,.F.);
#11101 = FACE_BOUND('',#11102,.T.);
#11102 = EDGE_LOOP('',(#11103,#11104,#11105,#11106));
#11103 = ORIENTED_EDGE('',*,*,#401,.T.);
#11104 = ORIENTED_EDGE('',*,*,#11082,.T.);
#11105 = ORIENTED_EDGE('',*,*,#5670,.F.);
#11106 = ORIENTED_EDGE('',*,*,#11107,.T.);
#11107 = EDGE_CURVE('',#5662,#393,#11108,.T.);
#11108 = LINE('',#11109,#11110);
#11109 = CARTESIAN_POINT('',(147.06772456105,-182.5312516391,-4.6E-02));
#11110 = VECTOR('',#11111,1.);
#11111 = DIRECTION('',(-0.,-0.,-1.));
#11112 = CYLINDRICAL_SURFACE('',#11113,0.95);
#11113 = AXIS2_PLACEMENT_3D('',#11114,#11115,#11116);
#11114 = CARTESIAN_POINT('',(146.42261,-181.83388,-4.6E-02));
#11115 = DIRECTION('',(-0.,-0.,-1.));
#11116 = DIRECTION('',(-2.991758887411E-14,-1.,0.));
#11117 = ADVANCED_FACE('',(#11118),#11124,.F.);
#11118 = FACE_BOUND('',#11119,.T.);
#11119 = EDGE_LOOP('',(#11120,#11121,#11122,#11123));
#11120 = ORIENTED_EDGE('',*,*,#11089,.T.);
#11121 = ORIENTED_EDGE('',*,*,#392,.T.);
#11122 = ORIENTED_EDGE('',*,*,#11107,.F.);
#11123 = ORIENTED_EDGE('',*,*,#5661,.F.);
#11124 = CYLINDRICAL_SURFACE('',#11125,0.95);
#11125 = AXIS2_PLACEMENT_3D('',#11126,#11127,#11128);
#11126 = CARTESIAN_POINT('',(146.786341,-181.62388,-4.6E-02));
#11127 = DIRECTION('',(-0.,-0.,-1.));
#11128 = DIRECTION('',(-0.,-1.,0.));
#11129 = ADVANCED_FACE('',(#11130),#11141,.F.);
#11130 = FACE_BOUND('',#11131,.T.);
#11131 = EDGE_LOOP('',(#11132,#11133,#11139,#11140));
#11132 = ORIENTED_EDGE('',*,*,#410,.T.);
#11133 = ORIENTED_EDGE('',*,*,#11134,.T.);
#11134 = EDGE_CURVE('',#411,#5680,#11135,.T.);
#11135 = LINE('',#11136,#11137);
#11136 = CARTESIAN_POINT('',(151.18575,-181.58388,-4.6E-02));
#11137 = VECTOR('',#11138,1.);
#11138 = DIRECTION('',(0.,0.,1.));
#11139 = ORIENTED_EDGE('',*,*,#5679,.F.);
#11140 = ORIENTED_EDGE('',*,*,#11134,.F.);
#11141 = CYLINDRICAL_SURFACE('',#11142,2.5);
#11142 = AXIS2_PLACEMENT_3D('',#11143,#11144,#11145);
#11143 = CARTESIAN_POINT('',(151.18575,-179.08388,-4.6E-02));
#11144 = DIRECTION('',(-0.,-0.,-1.));
#11145 = DIRECTION('',(-0.,-1.,0.));
#11146 = ADVANCED_FACE('',(#11147),#11163,.F.);
#11147 = FACE_BOUND('',#11148,.T.);
#11148 = EDGE_LOOP('',(#11149,#11150,#11156,#11157));
#11149 = ORIENTED_EDGE('',*,*,#421,.T.);
#11150 = ORIENTED_EDGE('',*,*,#11151,.T.);
#11151 = EDGE_CURVE('',#424,#5693,#11152,.T.);
#11152 = LINE('',#11153,#11154);
#11153 = CARTESIAN_POINT('',(155.925455,-183.713289,-4.6E-02));
#11154 = VECTOR('',#11155,1.);
#11155 = DIRECTION('',(0.,0.,1.));
#11156 = ORIENTED_EDGE('',*,*,#5690,.F.);
#11157 = ORIENTED_EDGE('',*,*,#11158,.T.);
#11158 = EDGE_CURVE('',#5691,#422,#11159,.T.);
#11159 = LINE('',#11160,#11161);
#11160 = CARTESIAN_POINT('',(156.32311917298,-180.7669615109,-4.6E-02));
#11161 = VECTOR('',#11162,1.);
#11162 = DIRECTION('',(-0.,-0.,-1.));
#11163 = CYLINDRICAL_SURFACE('',#11164,1.5);
#11164 = AXIS2_PLACEMENT_3D('',#11165,#11166,#11167);
#11165 = CARTESIAN_POINT('',(155.925455,-182.213289,-4.6E-02));
#11166 = DIRECTION('',(-0.,-0.,-1.));
#11167 = DIRECTION('',(-0.,-1.,0.));
#11168 = ADVANCED_FACE('',(#11169),#11180,.F.);
#11169 = FACE_BOUND('',#11170,.T.);
#11170 = EDGE_LOOP('',(#11171,#11177,#11178,#11179));
#11171 = ORIENTED_EDGE('',*,*,#11172,.T.);
#11172 = EDGE_CURVE('',#5702,#433,#11173,.T.);
#11173 = LINE('',#11174,#11175);
#11174 = CARTESIAN_POINT('',(155.35764282701,-180.824912489,-4.6E-02));
#11175 = VECTOR('',#11176,1.);
#11176 = DIRECTION('',(-0.,-0.,-1.));
#11177 = ORIENTED_EDGE('',*,*,#441,.T.);
#11178 = ORIENTED_EDGE('',*,*,#11158,.F.);
#11179 = ORIENTED_EDGE('',*,*,#5710,.F.);
#11180 = CYLINDRICAL_SURFACE('',#11181,1.5);
#11181 = AXIS2_PLACEMENT_3D('',#11182,#11183,#11184);
#11182 = CARTESIAN_POINT('',(155.755307,-179.378585,-4.6E-02));
#11183 = DIRECTION('',(-0.,-0.,-1.));
#11184 = DIRECTION('',(-0.,-1.,0.));
#11185 = ADVANCED_FACE('',(#11186),#11192,.F.);
#11186 = FACE_BOUND('',#11187,.T.);
#11187 = EDGE_LOOP('',(#11188,#11189,#11190,#11191));
#11188 = ORIENTED_EDGE('',*,*,#11151,.F.);
#11189 = ORIENTED_EDGE('',*,*,#432,.T.);
#11190 = ORIENTED_EDGE('',*,*,#11172,.F.);
#11191 = ORIENTED_EDGE('',*,*,#5701,.F.);
#11192 = CYLINDRICAL_SURFACE('',#11193,1.5);
#11193 = AXIS2_PLACEMENT_3D('',#11194,#11195,#11196);
#11194 = CARTESIAN_POINT('',(155.925455,-182.213289,-4.6E-02));
#11195 = DIRECTION('',(-0.,-0.,-1.));
#11196 = DIRECTION('',(-0.,-1.,0.));
#11197 = ADVANCED_FACE('',(#11198),#11209,.F.);
#11198 = FACE_BOUND('',#11199,.T.);
#11199 = EDGE_LOOP('',(#11200,#11201,#11207,#11208));
#11200 = ORIENTED_EDGE('',*,*,#450,.T.);
#11201 = ORIENTED_EDGE('',*,*,#11202,.T.);
#11202 = EDGE_CURVE('',#451,#5720,#11203,.T.);
#11203 = LINE('',#11204,#11205);
#11204 = CARTESIAN_POINT('',(148.21075,-175.431029,-4.6E-02));
#11205 = VECTOR('',#11206,1.);
#11206 = DIRECTION('',(0.,0.,1.));
#11207 = ORIENTED_EDGE('',*,*,#5719,.F.);
#11208 = ORIENTED_EDGE('',*,*,#11202,.F.);
#11209 = CYLINDRICAL_SURFACE('',#11210,1.5);
#11210 = AXIS2_PLACEMENT_3D('',#11211,#11212,#11213);
#11211 = CARTESIAN_POINT('',(148.21075,-173.931029,-4.6E-02));
#11212 = DIRECTION('',(-0.,-0.,-1.));
#11213 = DIRECTION('',(-0.,-1.,0.));
#11214 = ADVANCED_FACE('',(#11215),#11226,.F.);
#11215 = FACE_BOUND('',#11216,.T.);
#11216 = EDGE_LOOP('',(#11217,#11218,#11224,#11225));
#11217 = ORIENTED_EDGE('',*,*,#461,.T.);
#11218 = ORIENTED_EDGE('',*,*,#11219,.T.);
#11219 = EDGE_CURVE('',#462,#5731,#11220,.T.);
#11220 = LINE('',#11221,#11222);
#11221 = CARTESIAN_POINT('',(153.640877,-174.836285,-4.6E-02));
#11222 = VECTOR('',#11223,1.);
#11223 = DIRECTION('',(0.,0.,1.));
#11224 = ORIENTED_EDGE('',*,*,#5730,.F.);
#11225 = ORIENTED_EDGE('',*,*,#11219,.F.);
#11226 = CYLINDRICAL_SURFACE('',#11227,1.5);
#11227 = AXIS2_PLACEMENT_3D('',#11228,#11229,#11230);
#11228 = CARTESIAN_POINT('',(153.640877,-173.336285,-4.6E-02));
#11229 = DIRECTION('',(-0.,-0.,-1.));
#11230 = DIRECTION('',(-0.,-1.,0.));
#11231 = ADVANCED_FACE('',(#11232),#11248,.F.);
#11232 = FACE_BOUND('',#11233,.T.);
#11233 = EDGE_LOOP('',(#11234,#11235,#11241,#11242));
#11234 = ORIENTED_EDGE('',*,*,#472,.T.);
#11235 = ORIENTED_EDGE('',*,*,#11236,.T.);
#11236 = EDGE_CURVE('',#475,#5744,#11237,.T.);
#11237 = LINE('',#11238,#11239);
#11238 = CARTESIAN_POINT('',(155.585159,-177.49388,-4.6E-02));
#11239 = VECTOR('',#11240,1.);
#11240 = DIRECTION('',(0.,0.,1.));
#11241 = ORIENTED_EDGE('',*,*,#5741,.F.);
#11242 = ORIENTED_EDGE('',*,*,#11243,.T.);
#11243 = EDGE_CURVE('',#5742,#473,#11244,.T.);
#11244 = LINE('',#11245,#11246);
#11245 = CARTESIAN_POINT('',(156.23027356105,-177.2412516391,-4.6E-02));
#11246 = VECTOR('',#11247,1.);
#11247 = DIRECTION('',(-0.,0.,-1.));
#11248 = CYLINDRICAL_SURFACE('',#11249,0.95);
#11249 = AXIS2_PLACEMENT_3D('',#11250,#11251,#11252);
#11250 = CARTESIAN_POINT('',(155.585159,-176.54388,-4.6E-02));
#11251 = DIRECTION('',(-0.,0.,-1.));
#11252 = DIRECTION('',(2.991758887411E-14,-1.,-0.));
#11253 = ADVANCED_FACE('',(#11254),#11265,.F.);
#11254 = FACE_BOUND('',#11255,.T.);
#11255 = EDGE_LOOP('',(#11256,#11262,#11263,#11264));
#11256 = ORIENTED_EDGE('',*,*,#11257,.T.);
#11257 = EDGE_CURVE('',#5753,#484,#11258,.T.);
#11258 = LINE('',#11259,#11260);
#11259 = CARTESIAN_POINT('',(155.30377543894,-175.6365083608,-4.6E-02));
#11260 = VECTOR('',#11261,1.);
#11261 = DIRECTION('',(-0.,0.,-1.));
#11262 = ORIENTED_EDGE('',*,*,#492,.T.);
#11263 = ORIENTED_EDGE('',*,*,#11243,.F.);
#11264 = ORIENTED_EDGE('',*,*,#5761,.F.);
#11265 = CYLINDRICAL_SURFACE('',#11266,0.95);
#11266 = AXIS2_PLACEMENT_3D('',#11267,#11268,#11269);
#11267 = CARTESIAN_POINT('',(155.94889,-176.33388,-4.6E-02));
#11268 = DIRECTION('',(-0.,-0.,-1.));
#11269 = DIRECTION('',(-0.,-1.,0.));
#11270 = ADVANCED_FACE('',(#11271),#11277,.F.);
#11271 = FACE_BOUND('',#11272,.T.);
#11272 = EDGE_LOOP('',(#11273,#11274,#11275,#11276));
#11273 = ORIENTED_EDGE('',*,*,#11236,.F.);
#11274 = ORIENTED_EDGE('',*,*,#483,.T.);
#11275 = ORIENTED_EDGE('',*,*,#11257,.F.);
#11276 = ORIENTED_EDGE('',*,*,#5752,.F.);
#11277 = CYLINDRICAL_SURFACE('',#11278,0.95);
#11278 = AXIS2_PLACEMENT_3D('',#11279,#11280,#11281);
#11279 = CARTESIAN_POINT('',(155.585159,-176.54388,-4.6E-02));
#11280 = DIRECTION('',(-0.,0.,-1.));
#11281 = DIRECTION('',(2.991758887411E-14,-1.,-0.));
#11282 = ADVANCED_FACE('',(#11283),#11299,.F.);
#11283 = FACE_BOUND('',#11284,.T.);
#11284 = EDGE_LOOP('',(#11285,#11291,#11292,#11298));
#11285 = ORIENTED_EDGE('',*,*,#11286,.F.);
#11286 = EDGE_CURVE('',#502,#5771,#11287,.T.);
#11287 = LINE('',#11288,#11289);
#11288 = CARTESIAN_POINT('',(165.523158,-173.204585,-4.6E-02));
#11289 = VECTOR('',#11290,1.);
#11290 = DIRECTION('',(0.,0.,1.));
#11291 = ORIENTED_EDGE('',*,*,#501,.T.);
#11292 = ORIENTED_EDGE('',*,*,#11293,.F.);
#11293 = EDGE_CURVE('',#5773,#504,#11294,.T.);
#11294 = LINE('',#11295,#11296);
#11295 = CARTESIAN_POINT('',(165.4862070555,-171.305303889,-4.6E-02));
#11296 = VECTOR('',#11297,1.);
#11297 = DIRECTION('',(-0.,-0.,-1.));
#11298 = ORIENTED_EDGE('',*,*,#5770,.F.);
#11299 = CYLINDRICAL_SURFACE('',#11300,0.95);
#11300 = AXIS2_PLACEMENT_3D('',#11301,#11302,#11303);
#11301 = CARTESIAN_POINT('',(165.523158,-172.254585,-4.6E-02));
#11302 = DIRECTION('',(-0.,-0.,-1.));
#11303 = DIRECTION('',(-2.991758887411E-14,-1.,0.));
#11304 = ADVANCED_FACE('',(#11305),#11316,.F.);
#11305 = FACE_BOUND('',#11306,.T.);
#11306 = EDGE_LOOP('',(#11307,#11308,#11309,#11310));
#11307 = ORIENTED_EDGE('',*,*,#521,.T.);
#11308 = ORIENTED_EDGE('',*,*,#11286,.T.);
#11309 = ORIENTED_EDGE('',*,*,#5790,.F.);
#11310 = ORIENTED_EDGE('',*,*,#11311,.T.);
#11311 = EDGE_CURVE('',#5782,#513,#11312,.T.);
#11312 = LINE('',#11313,#11314);
#11313 = CARTESIAN_POINT('',(165.96579794449,-173.095162111,-4.6E-02));
#11314 = VECTOR('',#11315,1.);
#11315 = DIRECTION('',(-0.,-0.,-1.));
#11316 = CYLINDRICAL_SURFACE('',#11317,0.95);
#11317 = AXIS2_PLACEMENT_3D('',#11318,#11319,#11320);
#11318 = CARTESIAN_POINT('',(165.523158,-172.254585,-4.6E-02));
#11319 = DIRECTION('',(-0.,-0.,-1.));
#11320 = DIRECTION('',(-2.991758887411E-14,-1.,0.));
#11321 = ADVANCED_FACE('',(#11322),#11328,.F.);
#11322 = FACE_BOUND('',#11323,.T.);
#11323 = EDGE_LOOP('',(#11324,#11325,#11326,#11327));
#11324 = ORIENTED_EDGE('',*,*,#11293,.T.);
#11325 = ORIENTED_EDGE('',*,*,#512,.T.);
#11326 = ORIENTED_EDGE('',*,*,#11311,.F.);
#11327 = ORIENTED_EDGE('',*,*,#5781,.F.);
#11328 = CYLINDRICAL_SURFACE('',#11329,0.95);
#11329 = AXIS2_PLACEMENT_3D('',#11330,#11331,#11332);
#11330 = CARTESIAN_POINT('',(165.928847,-172.145881,-4.6E-02));
#11331 = DIRECTION('',(-0.,-0.,-1.));
#11332 = DIRECTION('',(-2.991758887411E-14,-1.,0.));
#11333 = ADVANCED_FACE('',(#11334),#11350,.F.);
#11334 = FACE_BOUND('',#11335,.T.);
#11335 = EDGE_LOOP('',(#11336,#11337,#11343,#11344));
#11336 = ORIENTED_EDGE('',*,*,#530,.T.);
#11337 = ORIENTED_EDGE('',*,*,#11338,.T.);
#11338 = EDGE_CURVE('',#533,#5802,#11339,.T.);
#11339 = LINE('',#11340,#11341);
#11340 = CARTESIAN_POINT('',(167.812973,-175.770632,-4.6E-02));
#11341 = VECTOR('',#11342,1.);
#11342 = DIRECTION('',(0.,0.,1.));
#11343 = ORIENTED_EDGE('',*,*,#5799,.F.);
#11344 = ORIENTED_EDGE('',*,*,#11345,.T.);
#11345 = EDGE_CURVE('',#5800,#531,#11346,.T.);
#11346 = LINE('',#11347,#11348);
#11347 = CARTESIAN_POINT('',(168.39320068981,-175.6538658298,-4.6E-02));
#11348 = VECTOR('',#11349,1.);
#11349 = DIRECTION('',(-0.,-0.,-1.));
#11350 = CYLINDRICAL_SURFACE('',#11351,1.5);
#11351 = AXIS2_PLACEMENT_3D('',#11352,#11353,#11354);
#11352 = CARTESIAN_POINT('',(167.812973,-174.270632,-4.6E-02));
#11353 = DIRECTION('',(-0.,-0.,-1.));
#11354 = DIRECTION('',(-0.,-1.,0.));
#11355 = ADVANCED_FACE('',(#11356),#11367,.F.);
#11356 = FACE_BOUND('',#11357,.T.);
#11357 = EDGE_LOOP('',(#11358,#11364,#11365,#11366));
#11358 = ORIENTED_EDGE('',*,*,#11359,.F.);
#11359 = EDGE_CURVE('',#551,#5820,#11360,.T.);
#11360 = LINE('',#11361,#11362);
#11361 = CARTESIAN_POINT('',(169.697099,-177.895384,-4.6E-02));
#11362 = VECTOR('',#11363,1.);
#11363 = DIRECTION('',(0.,0.,1.));
#11364 = ORIENTED_EDGE('',*,*,#559,.T.);
#11365 = ORIENTED_EDGE('',*,*,#11345,.F.);
#11366 = ORIENTED_EDGE('',*,*,#5828,.F.);
#11367 = CYLINDRICAL_SURFACE('',#11368,1.5);
#11368 = AXIS2_PLACEMENT_3D('',#11369,#11370,#11371);
#11369 = CARTESIAN_POINT('',(169.697099,-176.395384,-4.6E-02));
#11370 = DIRECTION('',(-0.,-0.,-1.));
#11371 = DIRECTION('',(-0.,-1.,0.));
#11372 = ADVANCED_FACE('',(#11373),#11384,.F.);
#11373 = FACE_BOUND('',#11374,.T.);
#11374 = EDGE_LOOP('',(#11375,#11376,#11377,#11378));
#11375 = ORIENTED_EDGE('',*,*,#550,.T.);
#11376 = ORIENTED_EDGE('',*,*,#11359,.T.);
#11377 = ORIENTED_EDGE('',*,*,#5819,.F.);
#11378 = ORIENTED_EDGE('',*,*,#11379,.T.);
#11379 = EDGE_CURVE('',#5811,#542,#11380,.T.);
#11380 = LINE('',#11381,#11382);
#11381 = CARTESIAN_POINT('',(169.11687131018,-175.0121501701,-4.6E-02));
#11382 = VECTOR('',#11383,1.);
#11383 = DIRECTION('',(-0.,-0.,-1.));
#11384 = CYLINDRICAL_SURFACE('',#11385,1.5);
#11385 = AXIS2_PLACEMENT_3D('',#11386,#11387,#11388);
#11386 = CARTESIAN_POINT('',(169.697099,-176.395384,-4.6E-02));
#11387 = DIRECTION('',(-0.,-0.,-1.));
#11388 = DIRECTION('',(-0.,-1.,0.));
#11389 = ADVANCED_FACE('',(#11390),#11396,.F.);
#11390 = FACE_BOUND('',#11391,.T.);
#11391 = EDGE_LOOP('',(#11392,#11393,#11394,#11395));
#11392 = ORIENTED_EDGE('',*,*,#11338,.F.);
#11393 = ORIENTED_EDGE('',*,*,#541,.T.);
#11394 = ORIENTED_EDGE('',*,*,#11379,.F.);
#11395 = ORIENTED_EDGE('',*,*,#5810,.F.);
#11396 = CYLINDRICAL_SURFACE('',#11397,1.5);
#11397 = AXIS2_PLACEMENT_3D('',#11398,#11399,#11400);
#11398 = CARTESIAN_POINT('',(167.812973,-174.270632,-4.6E-02));
#11399 = DIRECTION('',(-0.,-0.,-1.));
#11400 = DIRECTION('',(-0.,-1.,0.));
#11401 = ADVANCED_FACE('',(#11402),#11418,.F.);
#11402 = FACE_BOUND('',#11403,.T.);
#11403 = EDGE_LOOP('',(#11404,#11405,#11411,#11412));
#11404 = ORIENTED_EDGE('',*,*,#568,.T.);
#11405 = ORIENTED_EDGE('',*,*,#11406,.T.);
#11406 = EDGE_CURVE('',#571,#5840,#11407,.T.);
#11407 = LINE('',#11408,#11409);
#11408 = CARTESIAN_POINT('',(174.604002,-176.580583,-4.6E-02));
#11409 = VECTOR('',#11410,1.);
#11410 = DIRECTION('',(0.,0.,1.));
#11411 = ORIENTED_EDGE('',*,*,#5837,.F.);
#11412 = ORIENTED_EDGE('',*,*,#11413,.T.);
#11413 = EDGE_CURVE('',#5838,#569,#11414,.T.);
#11414 = LINE('',#11415,#11416);
#11415 = CARTESIAN_POINT('',(175.36245244996,-173.7864605502,-4.6E-02));
#11416 = VECTOR('',#11417,1.);
#11417 = DIRECTION('',(-0.,-0.,-1.));
#11418 = CYLINDRICAL_SURFACE('',#11419,1.5);
#11419 = AXIS2_PLACEMENT_3D('',#11420,#11421,#11422);
#11420 = CARTESIAN_POINT('',(174.604002,-175.080583,-4.6E-02));
#11421 = DIRECTION('',(-0.,-0.,-1.));
#11422 = DIRECTION('',(-0.,-1.,0.));
#11423 = ADVANCED_FACE('',(#11424),#11435,.F.);
#11424 = FACE_BOUND('',#11425,.T.);
#11425 = EDGE_LOOP('',(#11426,#11432,#11433,#11434));
#11426 = ORIENTED_EDGE('',*,*,#11427,.T.);
#11427 = EDGE_CURVE('',#5849,#580,#11428,.T.);
#11428 = LINE('',#11429,#11430);
#11429 = CARTESIAN_POINT('',(174.41487755003,-173.5925534497,-4.6E-02));
#11430 = VECTOR('',#11431,1.);
#11431 = DIRECTION('',(-0.,-0.,-1.));
#11432 = ORIENTED_EDGE('',*,*,#588,.T.);
#11433 = ORIENTED_EDGE('',*,*,#11413,.F.);
#11434 = ORIENTED_EDGE('',*,*,#5857,.F.);
#11435 = CYLINDRICAL_SURFACE('',#11436,1.5);
#11436 = AXIS2_PLACEMENT_3D('',#11437,#11438,#11439);
#11437 = CARTESIAN_POINT('',(175.173328,-172.298431,-4.6E-02));
#11438 = DIRECTION('',(-0.,-0.,-1.));
#11439 = DIRECTION('',(-0.,-1.,0.));
#11440 = ADVANCED_FACE('',(#11441),#11447,.F.);
#11441 = FACE_BOUND('',#11442,.T.);
#11442 = EDGE_LOOP('',(#11443,#11444,#11445,#11446));
#11443 = ORIENTED_EDGE('',*,*,#11406,.F.);
#11444 = ORIENTED_EDGE('',*,*,#579,.T.);
#11445 = ORIENTED_EDGE('',*,*,#11427,.F.);
#11446 = ORIENTED_EDGE('',*,*,#5848,.F.);
#11447 = CYLINDRICAL_SURFACE('',#11448,1.5);
#11448 = AXIS2_PLACEMENT_3D('',#11449,#11450,#11451);
#11449 = CARTESIAN_POINT('',(174.604002,-175.080583,-4.6E-02));
#11450 = DIRECTION('',(-0.,-0.,-1.));
#11451 = DIRECTION('',(-0.,-1.,0.));
#11452 = ADVANCED_FACE('',(#11453),#11469,.F.);
#11453 = FACE_BOUND('',#11454,.T.);
#11454 = EDGE_LOOP('',(#11455,#11456,#11462,#11463));
#11455 = ORIENTED_EDGE('',*,*,#597,.T.);
#11456 = ORIENTED_EDGE('',*,*,#11457,.T.);
#11457 = EDGE_CURVE('',#600,#5869,#11458,.T.);
#11458 = LINE('',#11459,#11460);
#11459 = CARTESIAN_POINT('',(133.308,-171.97,-4.6E-02));
#11460 = VECTOR('',#11461,1.);
#11461 = DIRECTION('',(0.,0.,1.));
#11462 = ORIENTED_EDGE('',*,*,#5866,.F.);
#11463 = ORIENTED_EDGE('',*,*,#11464,.F.);
#11464 = EDGE_CURVE('',#598,#5867,#11465,.T.);
#11465 = LINE('',#11466,#11467);
#11466 = CARTESIAN_POINT('',(133.308,-170.97,-4.6E-02));
#11467 = VECTOR('',#11468,1.);
#11468 = DIRECTION('',(0.,0.,1.));
#11469 = CYLINDRICAL_SURFACE('',#11470,0.5);
#11470 = AXIS2_PLACEMENT_3D('',#11471,#11472,#11473);
#11471 = CARTESIAN_POINT('',(133.308,-171.47,-4.6E-02));
#11472 = DIRECTION('',(-0.,-0.,-1.));
#11473 = DIRECTION('',(-0.,-1.,0.));
#11474 = ADVANCED_FACE('',(#11475),#11486,.T.);
#11475 = FACE_BOUND('',#11476,.T.);
#11476 = EDGE_LOOP('',(#11477,#11478,#11479,#11480));
#11477 = ORIENTED_EDGE('',*,*,#625,.T.);
#11478 = ORIENTED_EDGE('',*,*,#11464,.T.);
#11479 = ORIENTED_EDGE('',*,*,#5894,.F.);
#11480 = ORIENTED_EDGE('',*,*,#11481,.F.);
#11481 = EDGE_CURVE('',#617,#5886,#11482,.T.);
#11482 = LINE('',#11483,#11484);
#11483 = CARTESIAN_POINT('',(132.808,-170.97,-4.6E-02));
#11484 = VECTOR('',#11485,1.);
#11485 = DIRECTION('',(0.,0.,1.));
#11486 = PLANE('',#11487);
#11487 = AXIS2_PLACEMENT_3D('',#11488,#11489,#11490);
#11488 = CARTESIAN_POINT('',(133.308,-170.97,-4.6E-02));
#11489 = DIRECTION('',(0.,-1.,0.));
#11490 = DIRECTION('',(-1.,0.,0.));
#11491 = ADVANCED_FACE('',(#11492),#11503,.F.);
#11492 = FACE_BOUND('',#11493,.T.);
#11493 = EDGE_LOOP('',(#11494,#11495,#11496,#11497));
#11494 = ORIENTED_EDGE('',*,*,#616,.T.);
#11495 = ORIENTED_EDGE('',*,*,#11481,.T.);
#11496 = ORIENTED_EDGE('',*,*,#5885,.F.);
#11497 = ORIENTED_EDGE('',*,*,#11498,.F.);
#11498 = EDGE_CURVE('',#609,#5878,#11499,.T.);
#11499 = LINE('',#11500,#11501);
#11500 = CARTESIAN_POINT('',(132.808,-171.97,-4.6E-02));
#11501 = VECTOR('',#11502,1.);
#11502 = DIRECTION('',(0.,0.,1.));
#11503 = CYLINDRICAL_SURFACE('',#11504,0.5);
#11504 = AXIS2_PLACEMENT_3D('',#11505,#11506,#11507);
#11505 = CARTESIAN_POINT('',(132.808,-171.47,-4.6E-02));
#11506 = DIRECTION('',(-0.,0.,-1.));
#11507 = DIRECTION('',(0.,1.,0.));
#11508 = ADVANCED_FACE('',(#11509),#11515,.T.);
#11509 = FACE_BOUND('',#11510,.T.);
#11510 = EDGE_LOOP('',(#11511,#11512,#11513,#11514));
#11511 = ORIENTED_EDGE('',*,*,#608,.T.);
#11512 = ORIENTED_EDGE('',*,*,#11498,.T.);
#11513 = ORIENTED_EDGE('',*,*,#5877,.F.);
#11514 = ORIENTED_EDGE('',*,*,#11457,.F.);
#11515 = PLANE('',#11516);
#11516 = AXIS2_PLACEMENT_3D('',#11517,#11518,#11519);
#11517 = CARTESIAN_POINT('',(132.808,-171.97,-4.6E-02));
#11518 = DIRECTION('',(0.,1.,0.));
#11519 = DIRECTION('',(1.,0.,0.));
#11520 = ADVANCED_FACE('',(#11521),#11532,.F.);
#11521 = FACE_BOUND('',#11522,.T.);
#11522 = EDGE_LOOP('',(#11523,#11524,#11530,#11531));
#11523 = ORIENTED_EDGE('',*,*,#633,.T.);
#11524 = ORIENTED_EDGE('',*,*,#11525,.T.);
#11525 = EDGE_CURVE('',#634,#5903,#11526,.T.);
#11526 = LINE('',#11527,#11528);
#11527 = CARTESIAN_POINT('',(131.258,-169.97,-4.6E-02));
#11528 = VECTOR('',#11529,1.);
#11529 = DIRECTION('',(0.,0.,1.));
#11530 = ORIENTED_EDGE('',*,*,#5902,.F.);
#11531 = ORIENTED_EDGE('',*,*,#11525,.F.);
#11532 = CYLINDRICAL_SURFACE('',#11533,0.6);
#11533 = AXIS2_PLACEMENT_3D('',#11534,#11535,#11536);
#11534 = CARTESIAN_POINT('',(131.258,-169.37,-4.6E-02));
#11535 = DIRECTION('',(-0.,0.,-1.));
#11536 = DIRECTION('',(4.736951571734E-14,-1.,-0.));
#11537 = ADVANCED_FACE('',(#11538),#11549,.F.);
#11538 = FACE_BOUND('',#11539,.T.);
#11539 = EDGE_LOOP('',(#11540,#11541,#11547,#11548));
#11540 = ORIENTED_EDGE('',*,*,#644,.T.);
#11541 = ORIENTED_EDGE('',*,*,#11542,.T.);
#11542 = EDGE_CURVE('',#645,#5914,#11543,.T.);
#11543 = LINE('',#11544,#11545);
#11544 = CARTESIAN_POINT('',(131.258,-168.22,-4.6E-02));
#11545 = VECTOR('',#11546,1.);
#11546 = DIRECTION('',(0.,0.,1.));
#11547 = ORIENTED_EDGE('',*,*,#5913,.F.);
#11548 = ORIENTED_EDGE('',*,*,#11542,.F.);
#11549 = CYLINDRICAL_SURFACE('',#11550,0.6);
#11550 = AXIS2_PLACEMENT_3D('',#11551,#11552,#11553);
#11551 = CARTESIAN_POINT('',(131.258,-167.62,-4.6E-02));
#11552 = DIRECTION('',(-0.,0.,-1.));
#11553 = DIRECTION('',(4.736951571734E-14,-1.,-0.));
#11554 = ADVANCED_FACE('',(#11555),#11571,.F.);
#11555 = FACE_BOUND('',#11556,.T.);
#11556 = EDGE_LOOP('',(#11557,#11558,#11564,#11565));
#11557 = ORIENTED_EDGE('',*,*,#655,.T.);
#11558 = ORIENTED_EDGE('',*,*,#11559,.T.);
#11559 = EDGE_CURVE('',#658,#5927,#11560,.T.);
#11560 = LINE('',#11561,#11562);
#11561 = CARTESIAN_POINT('',(133.308,-166.02,-4.6E-02));
#11562 = VECTOR('',#11563,1.);
#11563 = DIRECTION('',(0.,0.,1.));
#11564 = ORIENTED_EDGE('',*,*,#5924,.F.);
#11565 = ORIENTED_EDGE('',*,*,#11566,.F.);
#11566 = EDGE_CURVE('',#656,#5925,#11567,.T.);
#11567 = LINE('',#11568,#11569);
#11568 = CARTESIAN_POINT('',(133.308,-165.02,-4.6E-02));
#11569 = VECTOR('',#11570,1.);
#11570 = DIRECTION('',(0.,0.,1.));
#11571 = CYLINDRICAL_SURFACE('',#11572,0.5);
#11572 = AXIS2_PLACEMENT_3D('',#11573,#11574,#11575);
#11573 = CARTESIAN_POINT('',(133.308,-165.52,-4.6E-02));
#11574 = DIRECTION('',(-0.,-0.,-1.));
#11575 = DIRECTION('',(-0.,-1.,0.));
#11576 = ADVANCED_FACE('',(#11577),#11588,.T.);
#11577 = FACE_BOUND('',#11578,.T.);
#11578 = EDGE_LOOP('',(#11579,#11580,#11581,#11582));
#11579 = ORIENTED_EDGE('',*,*,#683,.T.);
#11580 = ORIENTED_EDGE('',*,*,#11566,.T.);
#11581 = ORIENTED_EDGE('',*,*,#5952,.F.);
#11582 = ORIENTED_EDGE('',*,*,#11583,.F.);
#11583 = EDGE_CURVE('',#675,#5944,#11584,.T.);
#11584 = LINE('',#11585,#11586);
#11585 = CARTESIAN_POINT('',(132.808,-165.02,-4.6E-02));
#11586 = VECTOR('',#11587,1.);
#11587 = DIRECTION('',(0.,0.,1.));
#11588 = PLANE('',#11589);
#11589 = AXIS2_PLACEMENT_3D('',#11590,#11591,#11592);
#11590 = CARTESIAN_POINT('',(133.308,-165.02,-4.6E-02));
#11591 = DIRECTION('',(0.,-1.,0.));
#11592 = DIRECTION('',(-1.,0.,0.));
#11593 = ADVANCED_FACE('',(#11594),#11605,.F.);
#11594 = FACE_BOUND('',#11595,.T.);
#11595 = EDGE_LOOP('',(#11596,#11597,#11598,#11599));
#11596 = ORIENTED_EDGE('',*,*,#674,.T.);
#11597 = ORIENTED_EDGE('',*,*,#11583,.T.);
#11598 = ORIENTED_EDGE('',*,*,#5943,.F.);
#11599 = ORIENTED_EDGE('',*,*,#11600,.F.);
#11600 = EDGE_CURVE('',#667,#5936,#11601,.T.);
#11601 = LINE('',#11602,#11603);
#11602 = CARTESIAN_POINT('',(132.808,-166.02,-4.6E-02));
#11603 = VECTOR('',#11604,1.);
#11604 = DIRECTION('',(0.,0.,1.));
#11605 = CYLINDRICAL_SURFACE('',#11606,0.5);
#11606 = AXIS2_PLACEMENT_3D('',#11607,#11608,#11609);
#11607 = CARTESIAN_POINT('',(132.808,-165.52,-4.6E-02));
#11608 = DIRECTION('',(-0.,0.,-1.));
#11609 = DIRECTION('',(0.,1.,0.));
#11610 = ADVANCED_FACE('',(#11611),#11617,.T.);
#11611 = FACE_BOUND('',#11612,.T.);
#11612 = EDGE_LOOP('',(#11613,#11614,#11615,#11616));
#11613 = ORIENTED_EDGE('',*,*,#666,.T.);
#11614 = ORIENTED_EDGE('',*,*,#11600,.T.);
#11615 = ORIENTED_EDGE('',*,*,#5935,.F.);
#11616 = ORIENTED_EDGE('',*,*,#11559,.F.);
#11617 = PLANE('',#11618);
#11618 = AXIS2_PLACEMENT_3D('',#11619,#11620,#11621);
#11619 = CARTESIAN_POINT('',(132.808,-166.02,-4.6E-02));
#11620 = DIRECTION('',(0.,1.,0.));
#11621 = DIRECTION('',(1.,0.,0.));
#11622 = ADVANCED_FACE('',(#11623),#11639,.F.);
#11623 = FACE_BOUND('',#11624,.T.);
#11624 = EDGE_LOOP('',(#11625,#11626,#11632,#11633));
#11625 = ORIENTED_EDGE('',*,*,#691,.T.);
#11626 = ORIENTED_EDGE('',*,*,#11627,.T.);
#11627 = EDGE_CURVE('',#694,#5963,#11628,.T.);
#11628 = LINE('',#11629,#11630);
#11629 = CARTESIAN_POINT('',(136.308,-171.97,-4.6E-02));
#11630 = VECTOR('',#11631,1.);
#11631 = DIRECTION('',(0.,0.,1.));
#11632 = ORIENTED_EDGE('',*,*,#5960,.F.);
#11633 = ORIENTED_EDGE('',*,*,#11634,.F.);
#11634 = EDGE_CURVE('',#692,#5961,#11635,.T.);
#11635 = LINE('',#11636,#11637);
#11636 = CARTESIAN_POINT('',(136.308,-170.97,-4.6E-02));
#11637 = VECTOR('',#11638,1.);
#11638 = DIRECTION('',(0.,0.,1.));
#11639 = CYLINDRICAL_SURFACE('',#11640,0.5);
#11640 = AXIS2_PLACEMENT_3D('',#11641,#11642,#11643);
#11641 = CARTESIAN_POINT('',(136.308,-171.47,-4.6E-02));
#11642 = DIRECTION('',(-0.,-0.,-1.));
#11643 = DIRECTION('',(-0.,-1.,0.));
#11644 = ADVANCED_FACE('',(#11645),#11656,.T.);
#11645 = FACE_BOUND('',#11646,.T.);
#11646 = EDGE_LOOP('',(#11647,#11648,#11649,#11650));
#11647 = ORIENTED_EDGE('',*,*,#719,.T.);
#11648 = ORIENTED_EDGE('',*,*,#11634,.T.);
#11649 = ORIENTED_EDGE('',*,*,#5988,.F.);
#11650 = ORIENTED_EDGE('',*,*,#11651,.F.);
#11651 = EDGE_CURVE('',#711,#5980,#11652,.T.);
#11652 = LINE('',#11653,#11654);
#11653 = CARTESIAN_POINT('',(135.808,-170.97,-4.6E-02));
#11654 = VECTOR('',#11655,1.);
#11655 = DIRECTION('',(0.,0.,1.));
#11656 = PLANE('',#11657);
#11657 = AXIS2_PLACEMENT_3D('',#11658,#11659,#11660);
#11658 = CARTESIAN_POINT('',(136.308,-170.97,-4.6E-02));
#11659 = DIRECTION('',(0.,-1.,0.));
#11660 = DIRECTION('',(-1.,0.,0.));
#11661 = ADVANCED_FACE('',(#11662),#11673,.F.);
#11662 = FACE_BOUND('',#11663,.T.);
#11663 = EDGE_LOOP('',(#11664,#11665,#11666,#11667));
#11664 = ORIENTED_EDGE('',*,*,#710,.T.);
#11665 = ORIENTED_EDGE('',*,*,#11651,.T.);
#11666 = ORIENTED_EDGE('',*,*,#5979,.F.);
#11667 = ORIENTED_EDGE('',*,*,#11668,.F.);
#11668 = EDGE_CURVE('',#703,#5972,#11669,.T.);
#11669 = LINE('',#11670,#11671);
#11670 = CARTESIAN_POINT('',(135.808,-171.97,-4.6E-02));
#11671 = VECTOR('',#11672,1.);
#11672 = DIRECTION('',(0.,0.,1.));
#11673 = CYLINDRICAL_SURFACE('',#11674,0.5);
#11674 = AXIS2_PLACEMENT_3D('',#11675,#11676,#11677);
#11675 = CARTESIAN_POINT('',(135.808,-171.47,-4.6E-02));
#11676 = DIRECTION('',(-0.,0.,-1.));
#11677 = DIRECTION('',(0.,1.,0.));
#11678 = ADVANCED_FACE('',(#11679),#11685,.T.);
#11679 = FACE_BOUND('',#11680,.T.);
#11680 = EDGE_LOOP('',(#11681,#11682,#11683,#11684));
#11681 = ORIENTED_EDGE('',*,*,#702,.T.);
#11682 = ORIENTED_EDGE('',*,*,#11668,.T.);
#11683 = ORIENTED_EDGE('',*,*,#5971,.F.);
#11684 = ORIENTED_EDGE('',*,*,#11627,.F.);
#11685 = PLANE('',#11686);
#11686 = AXIS2_PLACEMENT_3D('',#11687,#11688,#11689);
#11687 = CARTESIAN_POINT('',(135.808,-171.97,-4.6E-02));
#11688 = DIRECTION('',(0.,1.,0.));
#11689 = DIRECTION('',(1.,0.,0.));
#11690 = ADVANCED_FACE('',(#11691),#11707,.F.);
#11691 = FACE_BOUND('',#11692,.T.);
#11692 = EDGE_LOOP('',(#11693,#11694,#11700,#11701));
#11693 = ORIENTED_EDGE('',*,*,#727,.T.);
#11694 = ORIENTED_EDGE('',*,*,#11695,.T.);
#11695 = EDGE_CURVE('',#730,#5999,#11696,.T.);
#11696 = LINE('',#11697,#11698);
#11697 = CARTESIAN_POINT('',(140.308,-171.97,-4.6E-02));
#11698 = VECTOR('',#11699,1.);
#11699 = DIRECTION('',(0.,0.,1.));
#11700 = ORIENTED_EDGE('',*,*,#5996,.F.);
#11701 = ORIENTED_EDGE('',*,*,#11702,.F.);
#11702 = EDGE_CURVE('',#728,#5997,#11703,.T.);
#11703 = LINE('',#11704,#11705);
#11704 = CARTESIAN_POINT('',(140.308,-170.97,-4.6E-02));
#11705 = VECTOR('',#11706,1.);
#11706 = DIRECTION('',(0.,0.,1.));
#11707 = CYLINDRICAL_SURFACE('',#11708,0.5);
#11708 = AXIS2_PLACEMENT_3D('',#11709,#11710,#11711);
#11709 = CARTESIAN_POINT('',(140.308,-171.47,-4.6E-02));
#11710 = DIRECTION('',(-0.,-0.,-1.));
#11711 = DIRECTION('',(-0.,-1.,0.));
#11712 = ADVANCED_FACE('',(#11713),#11724,.T.);
#11713 = FACE_BOUND('',#11714,.T.);
#11714 = EDGE_LOOP('',(#11715,#11716,#11717,#11718));
#11715 = ORIENTED_EDGE('',*,*,#755,.T.);
#11716 = ORIENTED_EDGE('',*,*,#11702,.T.);
#11717 = ORIENTED_EDGE('',*,*,#6024,.F.);
#11718 = ORIENTED_EDGE('',*,*,#11719,.F.);
#11719 = EDGE_CURVE('',#747,#6016,#11720,.T.);
#11720 = LINE('',#11721,#11722);
#11721 = CARTESIAN_POINT('',(139.808,-170.97,-4.6E-02));
#11722 = VECTOR('',#11723,1.);
#11723 = DIRECTION('',(0.,0.,1.));
#11724 = PLANE('',#11725);
#11725 = AXIS2_PLACEMENT_3D('',#11726,#11727,#11728);
#11726 = CARTESIAN_POINT('',(140.308,-170.97,-4.6E-02));
#11727 = DIRECTION('',(0.,-1.,0.));
#11728 = DIRECTION('',(-1.,0.,0.));
#11729 = ADVANCED_FACE('',(#11730),#11741,.F.);
#11730 = FACE_BOUND('',#11731,.T.);
#11731 = EDGE_LOOP('',(#11732,#11733,#11734,#11735));
#11732 = ORIENTED_EDGE('',*,*,#746,.T.);
#11733 = ORIENTED_EDGE('',*,*,#11719,.T.);
#11734 = ORIENTED_EDGE('',*,*,#6015,.F.);
#11735 = ORIENTED_EDGE('',*,*,#11736,.F.);
#11736 = EDGE_CURVE('',#739,#6008,#11737,.T.);
#11737 = LINE('',#11738,#11739);
#11738 = CARTESIAN_POINT('',(139.808,-171.97,-4.6E-02));
#11739 = VECTOR('',#11740,1.);
#11740 = DIRECTION('',(0.,0.,1.));
#11741 = CYLINDRICAL_SURFACE('',#11742,0.5);
#11742 = AXIS2_PLACEMENT_3D('',#11743,#11744,#11745);
#11743 = CARTESIAN_POINT('',(139.808,-171.47,-4.6E-02));
#11744 = DIRECTION('',(-0.,0.,-1.));
#11745 = DIRECTION('',(0.,1.,0.));
#11746 = ADVANCED_FACE('',(#11747),#11753,.T.);
#11747 = FACE_BOUND('',#11748,.T.);
#11748 = EDGE_LOOP('',(#11749,#11750,#11751,#11752));
#11749 = ORIENTED_EDGE('',*,*,#738,.T.);
#11750 = ORIENTED_EDGE('',*,*,#11736,.T.);
#11751 = ORIENTED_EDGE('',*,*,#6007,.F.);
#11752 = ORIENTED_EDGE('',*,*,#11695,.F.);
#11753 = PLANE('',#11754);
#11754 = AXIS2_PLACEMENT_3D('',#11755,#11756,#11757);
#11755 = CARTESIAN_POINT('',(139.808,-171.97,-4.6E-02));
#11756 = DIRECTION('',(0.,1.,0.));
#11757 = DIRECTION('',(1.,0.,0.));
#11758 = ADVANCED_FACE('',(#11759),#11770,.F.);
#11759 = FACE_BOUND('',#11760,.T.);
#11760 = EDGE_LOOP('',(#11761,#11762,#11768,#11769));
#11761 = ORIENTED_EDGE('',*,*,#763,.T.);
#11762 = ORIENTED_EDGE('',*,*,#11763,.T.);
#11763 = EDGE_CURVE('',#764,#6033,#11764,.T.);
#11764 = LINE('',#11765,#11766);
#11765 = CARTESIAN_POINT('',(138.258,-169.97,-4.6E-02));
#11766 = VECTOR('',#11767,1.);
#11767 = DIRECTION('',(0.,0.,1.));
#11768 = ORIENTED_EDGE('',*,*,#6032,.F.);
#11769 = ORIENTED_EDGE('',*,*,#11763,.F.);
#11770 = CYLINDRICAL_SURFACE('',#11771,0.6);
#11771 = AXIS2_PLACEMENT_3D('',#11772,#11773,#11774);
#11772 = CARTESIAN_POINT('',(138.258,-169.37,-4.6E-02));
#11773 = DIRECTION('',(-0.,0.,-1.));
#11774 = DIRECTION('',(4.736951571734E-14,-1.,-0.));
#11775 = ADVANCED_FACE('',(#11776),#11792,.F.);
#11776 = FACE_BOUND('',#11777,.T.);
#11777 = EDGE_LOOP('',(#11778,#11779,#11785,#11786));
#11778 = ORIENTED_EDGE('',*,*,#774,.T.);
#11779 = ORIENTED_EDGE('',*,*,#11780,.T.);
#11780 = EDGE_CURVE('',#777,#6046,#11781,.T.);
#11781 = LINE('',#11782,#11783);
#11782 = CARTESIAN_POINT('',(141.808,-170.22,-4.6E-02));
#11783 = VECTOR('',#11784,1.);
#11784 = DIRECTION('',(0.,0.,1.));
#11785 = ORIENTED_EDGE('',*,*,#6043,.F.);
#11786 = ORIENTED_EDGE('',*,*,#11787,.F.);
#11787 = EDGE_CURVE('',#775,#6044,#11788,.T.);
#11788 = LINE('',#11789,#11790);
#11789 = CARTESIAN_POINT('',(141.808,-169.22,-4.6E-02));
#11790 = VECTOR('',#11791,1.);
#11791 = DIRECTION('',(0.,0.,1.));
#11792 = CYLINDRICAL_SURFACE('',#11793,0.5);
#11793 = AXIS2_PLACEMENT_3D('',#11794,#11795,#11796);
#11794 = CARTESIAN_POINT('',(141.808,-169.72,-4.6E-02));
#11795 = DIRECTION('',(-0.,-0.,-1.));
#11796 = DIRECTION('',(-0.,-1.,0.));
#11797 = ADVANCED_FACE('',(#11798),#11809,.T.);
#11798 = FACE_BOUND('',#11799,.T.);
#11799 = EDGE_LOOP('',(#11800,#11801,#11802,#11803));
#11800 = ORIENTED_EDGE('',*,*,#802,.T.);
#11801 = ORIENTED_EDGE('',*,*,#11787,.T.);
#11802 = ORIENTED_EDGE('',*,*,#6071,.F.);
#11803 = ORIENTED_EDGE('',*,*,#11804,.F.);
#11804 = EDGE_CURVE('',#794,#6063,#11805,.T.);
#11805 = LINE('',#11806,#11807);
#11806 = CARTESIAN_POINT('',(141.308,-169.22,-4.6E-02));
#11807 = VECTOR('',#11808,1.);
#11808 = DIRECTION('',(0.,0.,1.));
#11809 = PLANE('',#11810);
#11810 = AXIS2_PLACEMENT_3D('',#11811,#11812,#11813);
#11811 = CARTESIAN_POINT('',(141.808,-169.22,-4.6E-02));
#11812 = DIRECTION('',(0.,-1.,0.));
#11813 = DIRECTION('',(-1.,0.,0.));
#11814 = ADVANCED_FACE('',(#11815),#11826,.F.);
#11815 = FACE_BOUND('',#11816,.T.);
#11816 = EDGE_LOOP('',(#11817,#11818,#11819,#11820));
#11817 = ORIENTED_EDGE('',*,*,#793,.T.);
#11818 = ORIENTED_EDGE('',*,*,#11804,.T.);
#11819 = ORIENTED_EDGE('',*,*,#6062,.F.);
#11820 = ORIENTED_EDGE('',*,*,#11821,.F.);
#11821 = EDGE_CURVE('',#786,#6055,#11822,.T.);
#11822 = LINE('',#11823,#11824);
#11823 = CARTESIAN_POINT('',(141.308,-170.22,-4.6E-02));
#11824 = VECTOR('',#11825,1.);
#11825 = DIRECTION('',(0.,0.,1.));
#11826 = CYLINDRICAL_SURFACE('',#11827,0.5);
#11827 = AXIS2_PLACEMENT_3D('',#11828,#11829,#11830);
#11828 = CARTESIAN_POINT('',(141.308,-169.72,-4.6E-02));
#11829 = DIRECTION('',(-0.,0.,-1.));
#11830 = DIRECTION('',(0.,1.,0.));
#11831 = ADVANCED_FACE('',(#11832),#11838,.T.);
#11832 = FACE_BOUND('',#11833,.T.);
#11833 = EDGE_LOOP('',(#11834,#11835,#11836,#11837));
#11834 = ORIENTED_EDGE('',*,*,#785,.T.);
#11835 = ORIENTED_EDGE('',*,*,#11821,.T.);
#11836 = ORIENTED_EDGE('',*,*,#6054,.F.);
#11837 = ORIENTED_EDGE('',*,*,#11780,.F.);
#11838 = PLANE('',#11839);
#11839 = AXIS2_PLACEMENT_3D('',#11840,#11841,#11842);
#11840 = CARTESIAN_POINT('',(141.308,-170.22,-4.6E-02));
#11841 = DIRECTION('',(0.,1.,0.));
#11842 = DIRECTION('',(1.,0.,0.));
#11843 = ADVANCED_FACE('',(#11844),#11855,.F.);
#11844 = FACE_BOUND('',#11845,.T.);
#11845 = EDGE_LOOP('',(#11846,#11847,#11853,#11854));
#11846 = ORIENTED_EDGE('',*,*,#810,.T.);
#11847 = ORIENTED_EDGE('',*,*,#11848,.T.);
#11848 = EDGE_CURVE('',#811,#6080,#11849,.T.);
#11849 = LINE('',#11850,#11851);
#11850 = CARTESIAN_POINT('',(138.258,-168.22,-4.6E-02));
#11851 = VECTOR('',#11852,1.);
#11852 = DIRECTION('',(0.,0.,1.));
#11853 = ORIENTED_EDGE('',*,*,#6079,.F.);
#11854 = ORIENTED_EDGE('',*,*,#11848,.F.);
#11855 = CYLINDRICAL_SURFACE('',#11856,0.6);
#11856 = AXIS2_PLACEMENT_3D('',#11857,#11858,#11859);
#11857 = CARTESIAN_POINT('',(138.258,-167.62,-4.6E-02));
#11858 = DIRECTION('',(-0.,0.,-1.));
#11859 = DIRECTION('',(4.736951571734E-14,-1.,-0.));
#11860 = ADVANCED_FACE('',(#11861),#11877,.F.);
#11861 = FACE_BOUND('',#11862,.T.);
#11862 = EDGE_LOOP('',(#11863,#11864,#11870,#11871));
#11863 = ORIENTED_EDGE('',*,*,#821,.T.);
#11864 = ORIENTED_EDGE('',*,*,#11865,.T.);
#11865 = EDGE_CURVE('',#824,#6093,#11866,.T.);
#11866 = LINE('',#11867,#11868);
#11867 = CARTESIAN_POINT('',(136.308,-166.02,-4.6E-02));
#11868 = VECTOR('',#11869,1.);
#11869 = DIRECTION('',(0.,0.,1.));
#11870 = ORIENTED_EDGE('',*,*,#6090,.F.);
#11871 = ORIENTED_EDGE('',*,*,#11872,.F.);
#11872 = EDGE_CURVE('',#822,#6091,#11873,.T.);
#11873 = LINE('',#11874,#11875);
#11874 = CARTESIAN_POINT('',(136.308,-165.02,-4.6E-02));
#11875 = VECTOR('',#11876,1.);
#11876 = DIRECTION('',(0.,0.,1.));
#11877 = CYLINDRICAL_SURFACE('',#11878,0.5);
#11878 = AXIS2_PLACEMENT_3D('',#11879,#11880,#11881);
#11879 = CARTESIAN_POINT('',(136.308,-165.52,-4.6E-02));
#11880 = DIRECTION('',(-0.,-0.,-1.));
#11881 = DIRECTION('',(-0.,-1.,0.));
#11882 = ADVANCED_FACE('',(#11883),#11894,.T.);
#11883 = FACE_BOUND('',#11884,.T.);
#11884 = EDGE_LOOP('',(#11885,#11886,#11887,#11888));
#11885 = ORIENTED_EDGE('',*,*,#849,.T.);
#11886 = ORIENTED_EDGE('',*,*,#11872,.T.);
#11887 = ORIENTED_EDGE('',*,*,#6118,.F.);
#11888 = ORIENTED_EDGE('',*,*,#11889,.F.);
#11889 = EDGE_CURVE('',#841,#6110,#11890,.T.);
#11890 = LINE('',#11891,#11892);
#11891 = CARTESIAN_POINT('',(135.808,-165.02,-4.6E-02));
#11892 = VECTOR('',#11893,1.);
#11893 = DIRECTION('',(0.,0.,1.));
#11894 = PLANE('',#11895);
#11895 = AXIS2_PLACEMENT_3D('',#11896,#11897,#11898);
#11896 = CARTESIAN_POINT('',(136.308,-165.02,-4.6E-02));
#11897 = DIRECTION('',(0.,-1.,0.));
#11898 = DIRECTION('',(-1.,0.,0.));
#11899 = ADVANCED_FACE('',(#11900),#11911,.F.);
#11900 = FACE_BOUND('',#11901,.T.);
#11901 = EDGE_LOOP('',(#11902,#11903,#11904,#11905));
#11902 = ORIENTED_EDGE('',*,*,#840,.T.);
#11903 = ORIENTED_EDGE('',*,*,#11889,.T.);
#11904 = ORIENTED_EDGE('',*,*,#6109,.F.);
#11905 = ORIENTED_EDGE('',*,*,#11906,.F.);
#11906 = EDGE_CURVE('',#833,#6102,#11907,.T.);
#11907 = LINE('',#11908,#11909);
#11908 = CARTESIAN_POINT('',(135.808,-166.02,-4.6E-02));
#11909 = VECTOR('',#11910,1.);
#11910 = DIRECTION('',(0.,0.,1.));
#11911 = CYLINDRICAL_SURFACE('',#11912,0.5);
#11912 = AXIS2_PLACEMENT_3D('',#11913,#11914,#11915);
#11913 = CARTESIAN_POINT('',(135.808,-165.52,-4.6E-02));
#11914 = DIRECTION('',(-0.,0.,-1.));
#11915 = DIRECTION('',(0.,1.,0.));
#11916 = ADVANCED_FACE('',(#11917),#11923,.T.);
#11917 = FACE_BOUND('',#11918,.T.);
#11918 = EDGE_LOOP('',(#11919,#11920,#11921,#11922));
#11919 = ORIENTED_EDGE('',*,*,#832,.T.);
#11920 = ORIENTED_EDGE('',*,*,#11906,.T.);
#11921 = ORIENTED_EDGE('',*,*,#6101,.F.);
#11922 = ORIENTED_EDGE('',*,*,#11865,.F.);
#11923 = PLANE('',#11924);
#11924 = AXIS2_PLACEMENT_3D('',#11925,#11926,#11927);
#11925 = CARTESIAN_POINT('',(135.808,-166.02,-4.6E-02));
#11926 = DIRECTION('',(0.,1.,0.));
#11927 = DIRECTION('',(1.,0.,0.));
#11928 = ADVANCED_FACE('',(#11929),#11945,.F.);
#11929 = FACE_BOUND('',#11930,.T.);
#11930 = EDGE_LOOP('',(#11931,#11932,#11938,#11939));
#11931 = ORIENTED_EDGE('',*,*,#857,.T.);
#11932 = ORIENTED_EDGE('',*,*,#11933,.T.);
#11933 = EDGE_CURVE('',#860,#6129,#11934,.T.);
#11934 = LINE('',#11935,#11936);
#11935 = CARTESIAN_POINT('',(140.308,-166.02,-4.6E-02));
#11936 = VECTOR('',#11937,1.);
#11937 = DIRECTION('',(0.,0.,1.));
#11938 = ORIENTED_EDGE('',*,*,#6126,.F.);
#11939 = ORIENTED_EDGE('',*,*,#11940,.F.);
#11940 = EDGE_CURVE('',#858,#6127,#11941,.T.);
#11941 = LINE('',#11942,#11943);
#11942 = CARTESIAN_POINT('',(140.308,-165.02,-4.6E-02));
#11943 = VECTOR('',#11944,1.);
#11944 = DIRECTION('',(0.,0.,1.));
#11945 = CYLINDRICAL_SURFACE('',#11946,0.5);
#11946 = AXIS2_PLACEMENT_3D('',#11947,#11948,#11949);
#11947 = CARTESIAN_POINT('',(140.308,-165.52,-4.6E-02));
#11948 = DIRECTION('',(-0.,-0.,-1.));
#11949 = DIRECTION('',(-0.,-1.,0.));
#11950 = ADVANCED_FACE('',(#11951),#11962,.T.);
#11951 = FACE_BOUND('',#11952,.T.);
#11952 = EDGE_LOOP('',(#11953,#11954,#11955,#11956));
#11953 = ORIENTED_EDGE('',*,*,#885,.T.);
#11954 = ORIENTED_EDGE('',*,*,#11940,.T.);
#11955 = ORIENTED_EDGE('',*,*,#6154,.F.);
#11956 = ORIENTED_EDGE('',*,*,#11957,.F.);
#11957 = EDGE_CURVE('',#877,#6146,#11958,.T.);
#11958 = LINE('',#11959,#11960);
#11959 = CARTESIAN_POINT('',(139.808,-165.02,-4.6E-02));
#11960 = VECTOR('',#11961,1.);
#11961 = DIRECTION('',(0.,0.,1.));
#11962 = PLANE('',#11963);
#11963 = AXIS2_PLACEMENT_3D('',#11964,#11965,#11966);
#11964 = CARTESIAN_POINT('',(140.308,-165.02,-4.6E-02));
#11965 = DIRECTION('',(0.,-1.,0.));
#11966 = DIRECTION('',(-1.,0.,0.));
#11967 = ADVANCED_FACE('',(#11968),#11979,.F.);
#11968 = FACE_BOUND('',#11969,.T.);
#11969 = EDGE_LOOP('',(#11970,#11971,#11972,#11973));
#11970 = ORIENTED_EDGE('',*,*,#876,.T.);
#11971 = ORIENTED_EDGE('',*,*,#11957,.T.);
#11972 = ORIENTED_EDGE('',*,*,#6145,.F.);
#11973 = ORIENTED_EDGE('',*,*,#11974,.F.);
#11974 = EDGE_CURVE('',#869,#6138,#11975,.T.);
#11975 = LINE('',#11976,#11977);
#11976 = CARTESIAN_POINT('',(139.808,-166.02,-4.6E-02));
#11977 = VECTOR('',#11978,1.);
#11978 = DIRECTION('',(0.,0.,1.));
#11979 = CYLINDRICAL_SURFACE('',#11980,0.5);
#11980 = AXIS2_PLACEMENT_3D('',#11981,#11982,#11983);
#11981 = CARTESIAN_POINT('',(139.808,-165.52,-4.6E-02));
#11982 = DIRECTION('',(-0.,0.,-1.));
#11983 = DIRECTION('',(0.,1.,0.));
#11984 = ADVANCED_FACE('',(#11985),#11991,.T.);
#11985 = FACE_BOUND('',#11986,.T.);
#11986 = EDGE_LOOP('',(#11987,#11988,#11989,#11990));
#11987 = ORIENTED_EDGE('',*,*,#868,.T.);
#11988 = ORIENTED_EDGE('',*,*,#11974,.T.);
#11989 = ORIENTED_EDGE('',*,*,#6137,.F.);
#11990 = ORIENTED_EDGE('',*,*,#11933,.F.);
#11991 = PLANE('',#11992);
#11992 = AXIS2_PLACEMENT_3D('',#11993,#11994,#11995);
#11993 = CARTESIAN_POINT('',(139.808,-166.02,-4.6E-02));
#11994 = DIRECTION('',(0.,1.,0.));
#11995 = DIRECTION('',(1.,0.,0.));
#11996 = ADVANCED_FACE('',(#11997),#12013,.F.);
#11997 = FACE_BOUND('',#11998,.T.);
#11998 = EDGE_LOOP('',(#11999,#12000,#12006,#12007));
#11999 = ORIENTED_EDGE('',*,*,#893,.T.);
#12000 = ORIENTED_EDGE('',*,*,#12001,.T.);
#12001 = EDGE_CURVE('',#896,#6165,#12002,.T.);
#12002 = LINE('',#12003,#12004);
#12003 = CARTESIAN_POINT('',(141.808,-167.77,-4.6E-02));
#12004 = VECTOR('',#12005,1.);
#12005 = DIRECTION('',(0.,0.,1.));
#12006 = ORIENTED_EDGE('',*,*,#6162,.F.);
#12007 = ORIENTED_EDGE('',*,*,#12008,.F.);
#12008 = EDGE_CURVE('',#894,#6163,#12009,.T.);
#12009 = LINE('',#12010,#12011);
#12010 = CARTESIAN_POINT('',(141.808,-166.77,-4.6E-02));
#12011 = VECTOR('',#12012,1.);
#12012 = DIRECTION('',(0.,0.,1.));
#12013 = CYLINDRICAL_SURFACE('',#12014,0.5);
#12014 = AXIS2_PLACEMENT_3D('',#12015,#12016,#12017);
#12015 = CARTESIAN_POINT('',(141.808,-167.27,-4.6E-02));
#12016 = DIRECTION('',(-0.,-0.,-1.));
#12017 = DIRECTION('',(-0.,-1.,0.));
#12018 = ADVANCED_FACE('',(#12019),#12030,.T.);
#12019 = FACE_BOUND('',#12020,.T.);
#12020 = EDGE_LOOP('',(#12021,#12022,#12023,#12024));
#12021 = ORIENTED_EDGE('',*,*,#921,.T.);
#12022 = ORIENTED_EDGE('',*,*,#12008,.T.);
#12023 = ORIENTED_EDGE('',*,*,#6190,.F.);
#12024 = ORIENTED_EDGE('',*,*,#12025,.F.);
#12025 = EDGE_CURVE('',#913,#6182,#12026,.T.);
#12026 = LINE('',#12027,#12028);
#12027 = CARTESIAN_POINT('',(141.308,-166.77,-4.6E-02));
#12028 = VECTOR('',#12029,1.);
#12029 = DIRECTION('',(0.,0.,1.));
#12030 = PLANE('',#12031);
#12031 = AXIS2_PLACEMENT_3D('',#12032,#12033,#12034);
#12032 = CARTESIAN_POINT('',(141.808,-166.77,-4.6E-02));
#12033 = DIRECTION('',(0.,-1.,0.));
#12034 = DIRECTION('',(-1.,0.,0.));
#12035 = ADVANCED_FACE('',(#12036),#12047,.F.);
#12036 = FACE_BOUND('',#12037,.T.);
#12037 = EDGE_LOOP('',(#12038,#12039,#12040,#12041));
#12038 = ORIENTED_EDGE('',*,*,#912,.T.);
#12039 = ORIENTED_EDGE('',*,*,#12025,.T.);
#12040 = ORIENTED_EDGE('',*,*,#6181,.F.);
#12041 = ORIENTED_EDGE('',*,*,#12042,.F.);
#12042 = EDGE_CURVE('',#905,#6174,#12043,.T.);
#12043 = LINE('',#12044,#12045);
#12044 = CARTESIAN_POINT('',(141.308,-167.77,-4.6E-02));
#12045 = VECTOR('',#12046,1.);
#12046 = DIRECTION('',(0.,0.,1.));
#12047 = CYLINDRICAL_SURFACE('',#12048,0.5);
#12048 = AXIS2_PLACEMENT_3D('',#12049,#12050,#12051);
#12049 = CARTESIAN_POINT('',(141.308,-167.27,-4.6E-02));
#12050 = DIRECTION('',(-0.,0.,-1.));
#12051 = DIRECTION('',(0.,1.,0.));
#12052 = ADVANCED_FACE('',(#12053),#12059,.T.);
#12053 = FACE_BOUND('',#12054,.T.);
#12054 = EDGE_LOOP('',(#12055,#12056,#12057,#12058));
#12055 = ORIENTED_EDGE('',*,*,#904,.T.);
#12056 = ORIENTED_EDGE('',*,*,#12042,.T.);
#12057 = ORIENTED_EDGE('',*,*,#6173,.F.);
#12058 = ORIENTED_EDGE('',*,*,#12001,.F.);
#12059 = PLANE('',#12060);
#12060 = AXIS2_PLACEMENT_3D('',#12061,#12062,#12063);
#12061 = CARTESIAN_POINT('',(141.308,-167.77,-4.6E-02));
#12062 = DIRECTION('',(0.,1.,0.));
#12063 = DIRECTION('',(1.,0.,0.));
#12064 = ADVANCED_FACE('',(#12065),#12081,.F.);
#12065 = FACE_BOUND('',#12066,.T.);
#12066 = EDGE_LOOP('',(#12067,#12068,#12074,#12075));
#12067 = ORIENTED_EDGE('',*,*,#929,.T.);
#12068 = ORIENTED_EDGE('',*,*,#12069,.T.);
#12069 = EDGE_CURVE('',#932,#6201,#12070,.T.);
#12070 = LINE('',#12071,#12072);
#12071 = CARTESIAN_POINT('',(145.172,-160.552,-4.6E-02));
#12072 = VECTOR('',#12073,1.);
#12073 = DIRECTION('',(0.,0.,1.));
#12074 = ORIENTED_EDGE('',*,*,#6198,.F.);
#12075 = ORIENTED_EDGE('',*,*,#12076,.F.);
#12076 = EDGE_CURVE('',#930,#6199,#12077,.T.);
#12077 = LINE('',#12078,#12079);
#12078 = CARTESIAN_POINT('',(145.172,-159.052,-4.6E-02));
#12079 = VECTOR('',#12080,1.);
#12080 = DIRECTION('',(0.,0.,1.));
#12081 = CYLINDRICAL_SURFACE('',#12082,0.75);
#12082 = AXIS2_PLACEMENT_3D('',#12083,#12084,#12085);
#12083 = CARTESIAN_POINT('',(145.172,-159.802,-4.6E-02));
#12084 = DIRECTION('',(-0.,-0.,-1.));
#12085 = DIRECTION('',(-0.,-1.,0.));
#12086 = ADVANCED_FACE('',(#12087),#12098,.T.);
#12087 = FACE_BOUND('',#12088,.T.);
#12088 = EDGE_LOOP('',(#12089,#12090,#12091,#12092));
#12089 = ORIENTED_EDGE('',*,*,#957,.T.);
#12090 = ORIENTED_EDGE('',*,*,#12076,.T.);
#12091 = ORIENTED_EDGE('',*,*,#6226,.F.);
#12092 = ORIENTED_EDGE('',*,*,#12093,.F.);
#12093 = EDGE_CURVE('',#949,#6218,#12094,.T.);
#12094 = LINE('',#12095,#12096);
#12095 = CARTESIAN_POINT('',(143.872,-159.052,-4.6E-02));
#12096 = VECTOR('',#12097,1.);
#12097 = DIRECTION('',(0.,0.,1.));
#12098 = PLANE('',#12099);
#12099 = AXIS2_PLACEMENT_3D('',#12100,#12101,#12102);
#12100 = CARTESIAN_POINT('',(145.172,-159.052,-4.6E-02));
#12101 = DIRECTION('',(0.,-1.,0.));
#12102 = DIRECTION('',(-1.,0.,0.));
#12103 = ADVANCED_FACE('',(#12104),#12115,.F.);
#12104 = FACE_BOUND('',#12105,.T.);
#12105 = EDGE_LOOP('',(#12106,#12107,#12108,#12109));
#12106 = ORIENTED_EDGE('',*,*,#948,.T.);
#12107 = ORIENTED_EDGE('',*,*,#12093,.T.);
#12108 = ORIENTED_EDGE('',*,*,#6217,.F.);
#12109 = ORIENTED_EDGE('',*,*,#12110,.F.);
#12110 = EDGE_CURVE('',#941,#6210,#12111,.T.);
#12111 = LINE('',#12112,#12113);
#12112 = CARTESIAN_POINT('',(143.872,-160.552,-4.6E-02));
#12113 = VECTOR('',#12114,1.);
#12114 = DIRECTION('',(0.,0.,1.));
#12115 = CYLINDRICAL_SURFACE('',#12116,0.75);
#12116 = AXIS2_PLACEMENT_3D('',#12117,#12118,#12119);
#12117 = CARTESIAN_POINT('',(143.872,-159.802,-4.6E-02));
#12118 = DIRECTION('',(-0.,0.,-1.));
#12119 = DIRECTION('',(0.,1.,0.));
#12120 = ADVANCED_FACE('',(#12121),#12127,.T.);
#12121 = FACE_BOUND('',#12122,.T.);
#12122 = EDGE_LOOP('',(#12123,#12124,#12125,#12126));
#12123 = ORIENTED_EDGE('',*,*,#940,.T.);
#12124 = ORIENTED_EDGE('',*,*,#12110,.T.);
#12125 = ORIENTED_EDGE('',*,*,#6209,.F.);
#12126 = ORIENTED_EDGE('',*,*,#12069,.F.);
#12127 = PLANE('',#12128);
#12128 = AXIS2_PLACEMENT_3D('',#12129,#12130,#12131);
#12129 = CARTESIAN_POINT('',(143.872,-160.552,-4.6E-02));
#12130 = DIRECTION('',(0.,1.,0.));
#12131 = DIRECTION('',(1.,0.,0.));
#12132 = ADVANCED_FACE('',(#12133),#12144,.F.);
#12133 = FACE_BOUND('',#12134,.T.);
#12134 = EDGE_LOOP('',(#12135,#12136,#12142,#12143));
#12135 = ORIENTED_EDGE('',*,*,#965,.T.);
#12136 = ORIENTED_EDGE('',*,*,#12137,.T.);
#12137 = EDGE_CURVE('',#966,#6235,#12138,.T.);
#12138 = LINE('',#12139,#12140);
#12139 = CARTESIAN_POINT('',(137.022,-157.202,-4.6E-02));
#12140 = VECTOR('',#12141,1.);
#12141 = DIRECTION('',(0.,0.,1.));
#12142 = ORIENTED_EDGE('',*,*,#6234,.F.);
#12143 = ORIENTED_EDGE('',*,*,#12137,.F.);
#12144 = CYLINDRICAL_SURFACE('',#12145,0.5);
#12145 = AXIS2_PLACEMENT_3D('',#12146,#12147,#12148);
#12146 = CARTESIAN_POINT('',(137.022,-156.702,-4.6E-02));
#12147 = DIRECTION('',(-0.,-0.,-1.));
#12148 = DIRECTION('',(-0.,-1.,0.));
#12149 = ADVANCED_FACE('',(#12150),#12161,.F.);
#12150 = FACE_BOUND('',#12151,.T.);
#12151 = EDGE_LOOP('',(#12152,#12153,#12159,#12160));
#12152 = ORIENTED_EDGE('',*,*,#976,.T.);
#12153 = ORIENTED_EDGE('',*,*,#12154,.T.);
#12154 = EDGE_CURVE('',#977,#6246,#12155,.T.);
#12155 = LINE('',#12156,#12157);
#12156 = CARTESIAN_POINT('',(137.022,-154.702,-4.6E-02));
#12157 = VECTOR('',#12158,1.);
#12158 = DIRECTION('',(0.,0.,1.));
#12159 = ORIENTED_EDGE('',*,*,#6245,.F.);
#12160 = ORIENTED_EDGE('',*,*,#12154,.F.);
#12161 = CYLINDRICAL_SURFACE('',#12162,0.5);
#12162 = AXIS2_PLACEMENT_3D('',#12163,#12164,#12165);
#12163 = CARTESIAN_POINT('',(137.022,-154.202,-4.6E-02));
#12164 = DIRECTION('',(-0.,-0.,-1.));
#12165 = DIRECTION('',(-0.,-1.,0.));
#12166 = ADVANCED_FACE('',(#12167),#12178,.F.);
#12167 = FACE_BOUND('',#12168,.T.);
#12168 = EDGE_LOOP('',(#12169,#12170,#12176,#12177));
#12169 = ORIENTED_EDGE('',*,*,#987,.T.);
#12170 = ORIENTED_EDGE('',*,*,#12171,.T.);
#12171 = EDGE_CURVE('',#988,#6257,#12172,.T.);
#12172 = LINE('',#12173,#12174);
#12173 = CARTESIAN_POINT('',(137.022,-152.202,-4.6E-02));
#12174 = VECTOR('',#12175,1.);
#12175 = DIRECTION('',(0.,0.,1.));
#12176 = ORIENTED_EDGE('',*,*,#6256,.F.);
#12177 = ORIENTED_EDGE('',*,*,#12171,.F.);
#12178 = CYLINDRICAL_SURFACE('',#12179,0.5);
#12179 = AXIS2_PLACEMENT_3D('',#12180,#12181,#12182);
#12180 = CARTESIAN_POINT('',(137.022,-151.702,-4.6E-02));
#12181 = DIRECTION('',(-0.,-0.,-1.));
#12182 = DIRECTION('',(-0.,-1.,0.));
#12183 = ADVANCED_FACE('',(#12184),#12200,.F.);
#12184 = FACE_BOUND('',#12185,.T.);
#12185 = EDGE_LOOP('',(#12186,#12187,#12193,#12194));
#12186 = ORIENTED_EDGE('',*,*,#998,.T.);
#12187 = ORIENTED_EDGE('',*,*,#12188,.T.);
#12188 = EDGE_CURVE('',#1001,#6270,#12189,.T.);
#12189 = LINE('',#12190,#12191);
#12190 = CARTESIAN_POINT('',(145.172,-149.352,-4.6E-02));
#12191 = VECTOR('',#12192,1.);
#12192 = DIRECTION('',(0.,0.,1.));
#12193 = ORIENTED_EDGE('',*,*,#6267,.F.);
#12194 = ORIENTED_EDGE('',*,*,#12195,.F.);
#12195 = EDGE_CURVE('',#999,#6268,#12196,.T.);
#12196 = LINE('',#12197,#12198);
#12197 = CARTESIAN_POINT('',(145.172,-147.852,-4.6E-02));
#12198 = VECTOR('',#12199,1.);
#12199 = DIRECTION('',(0.,0.,1.));
#12200 = CYLINDRICAL_SURFACE('',#12201,0.75);
#12201 = AXIS2_PLACEMENT_3D('',#12202,#12203,#12204);
#12202 = CARTESIAN_POINT('',(145.172,-148.602,-4.6E-02));
#12203 = DIRECTION('',(-0.,-0.,-1.));
#12204 = DIRECTION('',(-0.,-1.,0.));
#12205 = ADVANCED_FACE('',(#12206),#12217,.T.);
#12206 = FACE_BOUND('',#12207,.T.);
#12207 = EDGE_LOOP('',(#12208,#12209,#12210,#12211));
#12208 = ORIENTED_EDGE('',*,*,#1026,.T.);
#12209 = ORIENTED_EDGE('',*,*,#12195,.T.);
#12210 = ORIENTED_EDGE('',*,*,#6295,.F.);
#12211 = ORIENTED_EDGE('',*,*,#12212,.F.);
#12212 = EDGE_CURVE('',#1018,#6287,#12213,.T.);
#12213 = LINE('',#12214,#12215);
#12214 = CARTESIAN_POINT('',(143.872,-147.852,-4.6E-02));
#12215 = VECTOR('',#12216,1.);
#12216 = DIRECTION('',(0.,0.,1.));
#12217 = PLANE('',#12218);
#12218 = AXIS2_PLACEMENT_3D('',#12219,#12220,#12221);
#12219 = CARTESIAN_POINT('',(145.172,-147.852,-4.6E-02));
#12220 = DIRECTION('',(0.,-1.,0.));
#12221 = DIRECTION('',(-1.,0.,0.));
#12222 = ADVANCED_FACE('',(#12223),#12234,.F.);
#12223 = FACE_BOUND('',#12224,.T.);
#12224 = EDGE_LOOP('',(#12225,#12226,#12227,#12228));
#12225 = ORIENTED_EDGE('',*,*,#1017,.T.);
#12226 = ORIENTED_EDGE('',*,*,#12212,.T.);
#12227 = ORIENTED_EDGE('',*,*,#6286,.F.);
#12228 = ORIENTED_EDGE('',*,*,#12229,.F.);
#12229 = EDGE_CURVE('',#1010,#6279,#12230,.T.);
#12230 = LINE('',#12231,#12232);
#12231 = CARTESIAN_POINT('',(143.872,-149.352,-4.6E-02));
#12232 = VECTOR('',#12233,1.);
#12233 = DIRECTION('',(0.,0.,1.));
#12234 = CYLINDRICAL_SURFACE('',#12235,0.75);
#12235 = AXIS2_PLACEMENT_3D('',#12236,#12237,#12238);
#12236 = CARTESIAN_POINT('',(143.872,-148.602,-4.6E-02));
#12237 = DIRECTION('',(-0.,0.,-1.));
#12238 = DIRECTION('',(0.,1.,0.));
#12239 = ADVANCED_FACE('',(#12240),#12246,.T.);
#12240 = FACE_BOUND('',#12241,.T.);
#12241 = EDGE_LOOP('',(#12242,#12243,#12244,#12245));
#12242 = ORIENTED_EDGE('',*,*,#1009,.T.);
#12243 = ORIENTED_EDGE('',*,*,#12229,.T.);
#12244 = ORIENTED_EDGE('',*,*,#6278,.F.);
#12245 = ORIENTED_EDGE('',*,*,#12188,.F.);
#12246 = PLANE('',#12247);
#12247 = AXIS2_PLACEMENT_3D('',#12248,#12249,#12250);
#12248 = CARTESIAN_POINT('',(143.872,-149.352,-4.6E-02));
#12249 = DIRECTION('',(0.,1.,0.));
#12250 = DIRECTION('',(1.,0.,0.));
#12251 = ADVANCED_FACE('',(#12252),#12263,.F.);
#12252 = FACE_BOUND('',#12253,.T.);
#12253 = EDGE_LOOP('',(#12254,#12255,#12261,#12262));
#12254 = ORIENTED_EDGE('',*,*,#1034,.T.);
#12255 = ORIENTED_EDGE('',*,*,#12256,.T.);
#12256 = EDGE_CURVE('',#1035,#6304,#12257,.T.);
#12257 = LINE('',#12258,#12259);
#12258 = CARTESIAN_POINT('',(151.522,-157.202,-4.6E-02));
#12259 = VECTOR('',#12260,1.);
#12260 = DIRECTION('',(0.,0.,1.));
#12261 = ORIENTED_EDGE('',*,*,#6303,.F.);
#12262 = ORIENTED_EDGE('',*,*,#12256,.F.);
#12263 = CYLINDRICAL_SURFACE('',#12264,0.5);
#12264 = AXIS2_PLACEMENT_3D('',#12265,#12266,#12267);
#12265 = CARTESIAN_POINT('',(151.522,-156.702,-4.6E-02));
#12266 = DIRECTION('',(-0.,-0.,-1.));
#12267 = DIRECTION('',(-0.,-1.,0.));
#12268 = ADVANCED_FACE('',(#12269),#12280,.F.);
#12269 = FACE_BOUND('',#12270,.T.);
#12270 = EDGE_LOOP('',(#12271,#12272,#12278,#12279));
#12271 = ORIENTED_EDGE('',*,*,#1045,.T.);
#12272 = ORIENTED_EDGE('',*,*,#12273,.T.);
#12273 = EDGE_CURVE('',#1046,#6315,#12274,.T.);
#12274 = LINE('',#12275,#12276);
#12275 = CARTESIAN_POINT('',(151.522,-152.202,-4.6E-02));
#12276 = VECTOR('',#12277,1.);
#12277 = DIRECTION('',(0.,0.,1.));
#12278 = ORIENTED_EDGE('',*,*,#6314,.F.);
#12279 = ORIENTED_EDGE('',*,*,#12273,.F.);
#12280 = CYLINDRICAL_SURFACE('',#12281,0.5);
#12281 = AXIS2_PLACEMENT_3D('',#12282,#12283,#12284);
#12282 = CARTESIAN_POINT('',(151.522,-151.702,-4.6E-02));
#12283 = DIRECTION('',(-0.,-0.,-1.));
#12284 = DIRECTION('',(-0.,-1.,0.));
#12285 = ADVANCED_FACE('',(#12286),#12297,.F.);
#12286 = FACE_BOUND('',#12287,.T.);
#12287 = EDGE_LOOP('',(#12288,#12289,#12295,#12296));
#12288 = ORIENTED_EDGE('',*,*,#1056,.T.);
#12289 = ORIENTED_EDGE('',*,*,#12290,.T.);
#12290 = EDGE_CURVE('',#1057,#6326,#12291,.T.);
#12291 = LINE('',#12292,#12293);
#12292 = CARTESIAN_POINT('',(170.83575,-173.33108,-4.6E-02));
#12293 = VECTOR('',#12294,1.);
#12294 = DIRECTION('',(0.,0.,1.));
#12295 = ORIENTED_EDGE('',*,*,#6325,.F.);
#12296 = ORIENTED_EDGE('',*,*,#12290,.F.);
#12297 = CYLINDRICAL_SURFACE('',#12298,2.5);
#12298 = AXIS2_PLACEMENT_3D('',#12299,#12300,#12301);
#12299 = CARTESIAN_POINT('',(170.83575,-170.83108,-4.6E-02));
#12300 = DIRECTION('',(-0.,-0.,-1.));
#12301 = DIRECTION('',(-0.,-1.,0.));
#12302 = ADVANCED_FACE('',(#12303),#12314,.F.);
#12303 = FACE_BOUND('',#12304,.T.);
#12304 = EDGE_LOOP('',(#12305,#12306,#12312,#12313));
#12305 = ORIENTED_EDGE('',*,*,#1067,.T.);
#12306 = ORIENTED_EDGE('',*,*,#12307,.T.);
#12307 = EDGE_CURVE('',#1068,#6337,#12308,.T.);
#12308 = LINE('',#12309,#12310);
#12309 = CARTESIAN_POINT('',(165.035549,-170.002953,-4.6E-02));
#12310 = VECTOR('',#12311,1.);
#12311 = DIRECTION('',(0.,0.,1.));
#12312 = ORIENTED_EDGE('',*,*,#6336,.F.);
#12313 = ORIENTED_EDGE('',*,*,#12307,.F.);
#12314 = CYLINDRICAL_SURFACE('',#12315,1.5);
#12315 = AXIS2_PLACEMENT_3D('',#12316,#12317,#12318);
#12316 = CARTESIAN_POINT('',(165.035549,-168.502953,-4.6E-02));
#12317 = DIRECTION('',(-0.,-0.,-1.));
#12318 = DIRECTION('',(-0.,-1.,0.));
#12319 = ADVANCED_FACE('',(#12320),#12336,.F.);
#12320 = FACE_BOUND('',#12321,.T.);
#12321 = EDGE_LOOP('',(#12322,#12323,#12329,#12330));
#12322 = ORIENTED_EDGE('',*,*,#1078,.T.);
#12323 = ORIENTED_EDGE('',*,*,#12324,.T.);
#12324 = EDGE_CURVE('',#1081,#6350,#12325,.T.);
#12325 = LINE('',#12326,#12327);
#12326 = CARTESIAN_POINT('',(175.742653,-170.466279,-4.6E-02));
#12327 = VECTOR('',#12328,1.);
#12328 = DIRECTION('',(0.,0.,1.));
#12329 = ORIENTED_EDGE('',*,*,#6347,.F.);
#12330 = ORIENTED_EDGE('',*,*,#12331,.T.);
#12331 = EDGE_CURVE('',#6348,#1079,#12332,.T.);
#12332 = LINE('',#12333,#12334);
#12333 = CARTESIAN_POINT('',(176.18529294449,-170.356856111,-4.6E-02));
#12334 = VECTOR('',#12335,1.);
#12335 = DIRECTION('',(-0.,-0.,-1.));
#12336 = CYLINDRICAL_SURFACE('',#12337,0.95);
#12337 = AXIS2_PLACEMENT_3D('',#12338,#12339,#12340);
#12338 = CARTESIAN_POINT('',(175.742653,-169.516279,-4.6E-02));
#12339 = DIRECTION('',(-0.,-0.,-1.));
#12340 = DIRECTION('',(-2.991758887411E-14,-1.,0.));
#12341 = ADVANCED_FACE('',(#12342),#12353,.F.);
#12342 = FACE_BOUND('',#12343,.T.);
#12343 = EDGE_LOOP('',(#12344,#12350,#12351,#12352));
#12344 = ORIENTED_EDGE('',*,*,#12345,.T.);
#12345 = EDGE_CURVE('',#6359,#1090,#12346,.T.);
#12346 = LINE('',#12347,#12348);
#12347 = CARTESIAN_POINT('',(175.7057020555,-168.566997889,-4.6E-02));
#12348 = VECTOR('',#12349,1.);
#12349 = DIRECTION('',(-0.,-0.,-1.));
#12350 = ORIENTED_EDGE('',*,*,#1098,.T.);
#12351 = ORIENTED_EDGE('',*,*,#12331,.F.);
#12352 = ORIENTED_EDGE('',*,*,#6367,.F.);
#12353 = CYLINDRICAL_SURFACE('',#12354,0.95);
#12354 = AXIS2_PLACEMENT_3D('',#12355,#12356,#12357);
#12355 = CARTESIAN_POINT('',(176.148342,-169.407575,-4.6E-02));
#12356 = DIRECTION('',(-0.,-0.,-1.));
#12357 = DIRECTION('',(-0.,-1.,0.));
#12358 = ADVANCED_FACE('',(#12359),#12365,.F.);
#12359 = FACE_BOUND('',#12360,.T.);
#12360 = EDGE_LOOP('',(#12361,#12362,#12363,#12364));
#12361 = ORIENTED_EDGE('',*,*,#12324,.F.);
#12362 = ORIENTED_EDGE('',*,*,#1089,.T.);
#12363 = ORIENTED_EDGE('',*,*,#12345,.F.);
#12364 = ORIENTED_EDGE('',*,*,#6358,.F.);
#12365 = CYLINDRICAL_SURFACE('',#12366,0.95);
#12366 = AXIS2_PLACEMENT_3D('',#12367,#12368,#12369);
#12367 = CARTESIAN_POINT('',(175.742653,-169.516279,-4.6E-02));
#12368 = DIRECTION('',(-0.,-0.,-1.));
#12369 = DIRECTION('',(-2.991758887411E-14,-1.,0.));
#12370 = ADVANCED_FACE('',(#12371),#12382,.F.);
#12371 = FACE_BOUND('',#12372,.T.);
#12372 = EDGE_LOOP('',(#12373,#12374,#12380,#12381));
#12373 = ORIENTED_EDGE('',*,*,#1107,.T.);
#12374 = ORIENTED_EDGE('',*,*,#12375,.T.);
#12375 = EDGE_CURVE('',#1108,#6377,#12376,.T.);
#12376 = LINE('',#12377,#12378);
#12377 = CARTESIAN_POINT('',(174.694808,-167.414763,-4.6E-02));
#12378 = VECTOR('',#12379,1.);
#12379 = DIRECTION('',(0.,0.,1.));
#12380 = ORIENTED_EDGE('',*,*,#6376,.F.);
#12381 = ORIENTED_EDGE('',*,*,#12375,.F.);
#12382 = CYLINDRICAL_SURFACE('',#12383,1.5);
#12383 = AXIS2_PLACEMENT_3D('',#12384,#12385,#12386);
#12384 = CARTESIAN_POINT('',(174.694808,-165.914763,-4.6E-02));
#12385 = DIRECTION('',(-0.,-0.,-1.));
#12386 = DIRECTION('',(-0.,-1.,0.));
#12387 = ADVANCED_FACE('',(#12388),#12399,.F.);
#12388 = FACE_BOUND('',#12389,.T.);
#12389 = EDGE_LOOP('',(#12390,#12391,#12397,#12398));
#12390 = ORIENTED_EDGE('',*,*,#1118,.T.);
#12391 = ORIENTED_EDGE('',*,*,#12392,.T.);
#12392 = EDGE_CURVE('',#1119,#6388,#12393,.T.);
#12393 = LINE('',#12394,#12395);
#12394 = CARTESIAN_POINT('',(169.295777,-166.583821,-4.6E-02));
#12395 = VECTOR('',#12396,1.);
#12396 = DIRECTION('',(0.,0.,1.));
#12397 = ORIENTED_EDGE('',*,*,#6387,.F.);
#12398 = ORIENTED_EDGE('',*,*,#12392,.F.);
#12399 = CYLINDRICAL_SURFACE('',#12400,1.5);
#12400 = AXIS2_PLACEMENT_3D('',#12401,#12402,#12403);
#12401 = CARTESIAN_POINT('',(169.295777,-165.083821,-4.6E-02));
#12402 = DIRECTION('',(-0.,-0.,-1.));
#12403 = DIRECTION('',(-0.,-1.,0.));
#12404 = ADVANCED_FACE('',(#12405),#12421,.F.);
#12405 = FACE_BOUND('',#12406,.T.);
#12406 = EDGE_LOOP('',(#12407,#12408,#12414,#12415));
#12407 = ORIENTED_EDGE('',*,*,#1129,.T.);
#12408 = ORIENTED_EDGE('',*,*,#12409,.T.);
#12409 = EDGE_CURVE('',#1132,#6401,#12410,.T.);
#12410 = LINE('',#12411,#12412);
#12411 = CARTESIAN_POINT('',(188.14,-171.99,-4.6E-02));
#12412 = VECTOR('',#12413,1.);
#12413 = DIRECTION('',(0.,0.,1.));
#12414 = ORIENTED_EDGE('',*,*,#6398,.F.);
#12415 = ORIENTED_EDGE('',*,*,#12416,.T.);
#12416 = EDGE_CURVE('',#6399,#1130,#12417,.T.);
#12417 = LINE('',#12418,#12419);
#12418 = CARTESIAN_POINT('',(188.34244942492,-171.9762752875,-4.6E-02));
#12419 = VECTOR('',#12420,1.);
#12420 = DIRECTION('',(-0.,-0.,-1.));
#12421 = CYLINDRICAL_SURFACE('',#12422,1.5);
#12422 = AXIS2_PLACEMENT_3D('',#12423,#12424,#12425);
#12423 = CARTESIAN_POINT('',(188.14,-170.49,-4.6E-02));
#12424 = DIRECTION('',(-0.,-0.,-1.));
#12425 = DIRECTION('',(-0.,-1.,0.));
#12426 = ADVANCED_FACE('',(#12427),#12438,.F.);
#12427 = FACE_BOUND('',#12428,.T.);
#12428 = EDGE_LOOP('',(#12429,#12435,#12436,#12437));
#12429 = ORIENTED_EDGE('',*,*,#12430,.F.);
#12430 = EDGE_CURVE('',#1150,#6419,#12431,.T.);
#12431 = LINE('',#12432,#12433);
#12432 = CARTESIAN_POINT('',(189.41,-174.53,-4.6E-02));
#12433 = VECTOR('',#12434,1.);
#12434 = DIRECTION('',(0.,0.,1.));
#12435 = ORIENTED_EDGE('',*,*,#1158,.T.);
#12436 = ORIENTED_EDGE('',*,*,#12416,.F.);
#12437 = ORIENTED_EDGE('',*,*,#6427,.F.);
#12438 = CYLINDRICAL_SURFACE('',#12439,1.5);
#12439 = AXIS2_PLACEMENT_3D('',#12440,#12441,#12442);
#12440 = CARTESIAN_POINT('',(189.41,-173.03,-4.6E-02));
#12441 = DIRECTION('',(-0.,-0.,-1.));
#12442 = DIRECTION('',(-0.,-1.,0.));
#12443 = ADVANCED_FACE('',(#12444),#12455,.F.);
#12444 = FACE_BOUND('',#12445,.T.);
#12445 = EDGE_LOOP('',(#12446,#12447,#12448,#12449));
#12446 = ORIENTED_EDGE('',*,*,#1149,.T.);
#12447 = ORIENTED_EDGE('',*,*,#12430,.T.);
#12448 = ORIENTED_EDGE('',*,*,#6418,.F.);
#12449 = ORIENTED_EDGE('',*,*,#12450,.T.);
#12450 = EDGE_CURVE('',#6410,#1141,#12451,.T.);
#12451 = LINE('',#12452,#12453);
#12452 = CARTESIAN_POINT('',(189.20755057507,-171.5437247124,-4.6E-02));
#12453 = VECTOR('',#12454,1.);
#12454 = DIRECTION('',(-0.,-0.,-1.));
#12455 = CYLINDRICAL_SURFACE('',#12456,1.5);
#12456 = AXIS2_PLACEMENT_3D('',#12457,#12458,#12459);
#12457 = CARTESIAN_POINT('',(189.41,-173.03,-4.6E-02));
#12458 = DIRECTION('',(-0.,-0.,-1.));
#12459 = DIRECTION('',(-0.,-1.,0.));
#12460 = ADVANCED_FACE('',(#12461),#12467,.F.);
#12461 = FACE_BOUND('',#12462,.T.);
#12462 = EDGE_LOOP('',(#12463,#12464,#12465,#12466));
#12463 = ORIENTED_EDGE('',*,*,#12409,.F.);
#12464 = ORIENTED_EDGE('',*,*,#1140,.T.);
#12465 = ORIENTED_EDGE('',*,*,#12450,.F.);
#12466 = ORIENTED_EDGE('',*,*,#6409,.F.);
#12467 = CYLINDRICAL_SURFACE('',#12468,1.5);
#12468 = AXIS2_PLACEMENT_3D('',#12469,#12470,#12471);
#12469 = CARTESIAN_POINT('',(188.14,-170.49,-4.6E-02));
#12470 = DIRECTION('',(-0.,-0.,-1.));
#12471 = DIRECTION('',(-0.,-1.,0.));
#12472 = ADVANCED_FACE('',(#12473),#12489,.F.);
#12473 = FACE_BOUND('',#12474,.T.);
#12474 = EDGE_LOOP('',(#12475,#12476,#12482,#12483));
#12475 = ORIENTED_EDGE('',*,*,#1167,.T.);
#12476 = ORIENTED_EDGE('',*,*,#12477,.T.);
#12477 = EDGE_CURVE('',#1170,#6439,#12478,.T.);
#12478 = LINE('',#12479,#12480);
#12479 = CARTESIAN_POINT('',(186.87,-168.9,-4.6E-02));
#12480 = VECTOR('',#12481,1.);
#12481 = DIRECTION('',(0.,0.,1.));
#12482 = ORIENTED_EDGE('',*,*,#6436,.F.);
#12483 = ORIENTED_EDGE('',*,*,#12484,.T.);
#12484 = EDGE_CURVE('',#6437,#1168,#12485,.T.);
#12485 = LINE('',#12486,#12487);
#12486 = CARTESIAN_POINT('',(186.66,-167.0235012142,-4.6E-02));
#12487 = VECTOR('',#12488,1.);
#12488 = DIRECTION('',(-0.,-0.,-1.));
#12489 = CYLINDRICAL_SURFACE('',#12490,0.95);
#12490 = AXIS2_PLACEMENT_3D('',#12491,#12492,#12493);
#12491 = CARTESIAN_POINT('',(186.87,-167.95,-4.6E-02));
#12492 = DIRECTION('',(-0.,-0.,-1.));
#12493 = DIRECTION('',(-0.,-1.,0.));
#12494 = ADVANCED_FACE('',(#12495),#12506,.F.);
#12495 = FACE_BOUND('',#12496,.T.);
#12496 = EDGE_LOOP('',(#12497,#12503,#12504,#12505));
#12497 = ORIENTED_EDGE('',*,*,#12498,.F.);
#12498 = EDGE_CURVE('',#1188,#6457,#12499,.T.);
#12499 = LINE('',#12500,#12501);
#12500 = CARTESIAN_POINT('',(186.45,-168.9,-4.6E-02));
#12501 = VECTOR('',#12502,1.);
#12502 = DIRECTION('',(0.,0.,1.));
#12503 = ORIENTED_EDGE('',*,*,#1196,.T.);
#12504 = ORIENTED_EDGE('',*,*,#12484,.F.);
#12505 = ORIENTED_EDGE('',*,*,#6465,.F.);
#12506 = CYLINDRICAL_SURFACE('',#12507,0.95);
#12507 = AXIS2_PLACEMENT_3D('',#12508,#12509,#12510);
#12508 = CARTESIAN_POINT('',(186.45,-167.95,-4.6E-02));
#12509 = DIRECTION('',(-0.,-0.,-1.));
#12510 = DIRECTION('',(-0.,-1.,0.));
#12511 = ADVANCED_FACE('',(#12512),#12523,.F.);
#12512 = FACE_BOUND('',#12513,.T.);
#12513 = EDGE_LOOP('',(#12514,#12515,#12516,#12517));
#12514 = ORIENTED_EDGE('',*,*,#1187,.T.);
#12515 = ORIENTED_EDGE('',*,*,#12498,.T.);
#12516 = ORIENTED_EDGE('',*,*,#6456,.F.);
#12517 = ORIENTED_EDGE('',*,*,#12518,.T.);
#12518 = EDGE_CURVE('',#6448,#1179,#12519,.T.);
#12519 = LINE('',#12520,#12521);
#12520 = CARTESIAN_POINT('',(186.66,-168.8764987857,-4.6E-02));
#12521 = VECTOR('',#12522,1.);
#12522 = DIRECTION('',(-0.,-0.,-1.));
#12523 = CYLINDRICAL_SURFACE('',#12524,0.95);
#12524 = AXIS2_PLACEMENT_3D('',#12525,#12526,#12527);
#12525 = CARTESIAN_POINT('',(186.45,-167.95,-4.6E-02));
#12526 = DIRECTION('',(-0.,-0.,-1.));
#12527 = DIRECTION('',(-0.,-1.,0.));
#12528 = ADVANCED_FACE('',(#12529),#12535,.F.);
#12529 = FACE_BOUND('',#12530,.T.);
#12530 = EDGE_LOOP('',(#12531,#12532,#12533,#12534));
#12531 = ORIENTED_EDGE('',*,*,#12477,.F.);
#12532 = ORIENTED_EDGE('',*,*,#1178,.T.);
#12533 = ORIENTED_EDGE('',*,*,#12518,.F.);
#12534 = ORIENTED_EDGE('',*,*,#6447,.F.);
#12535 = CYLINDRICAL_SURFACE('',#12536,0.95);
#12536 = AXIS2_PLACEMENT_3D('',#12537,#12538,#12539);
#12537 = CARTESIAN_POINT('',(186.87,-167.95,-4.6E-02));
#12538 = DIRECTION('',(-0.,-0.,-1.));
#12539 = DIRECTION('',(-0.,-1.,0.));
#12540 = ADVANCED_FACE('',(#12541),#12557,.F.);
#12541 = FACE_BOUND('',#12542,.T.);
#12542 = EDGE_LOOP('',(#12543,#12544,#12550,#12551));
#12543 = ORIENTED_EDGE('',*,*,#1205,.T.);
#12544 = ORIENTED_EDGE('',*,*,#12545,.T.);
#12545 = EDGE_CURVE('',#1208,#6477,#12546,.T.);
#12546 = LINE('',#12547,#12548);
#12547 = CARTESIAN_POINT('',(194.49,-174.53,-4.6E-02));
#12548 = VECTOR('',#12549,1.);
#12549 = DIRECTION('',(0.,0.,1.));
#12550 = ORIENTED_EDGE('',*,*,#6474,.F.);
#12551 = ORIENTED_EDGE('',*,*,#12552,.T.);
#12552 = EDGE_CURVE('',#6475,#1206,#12553,.T.);
#12553 = LINE('',#12554,#12555);
#12554 = CARTESIAN_POINT('',(195.55755057507,-171.9762752875,-4.6E-02));
#12555 = VECTOR('',#12556,1.);
#12556 = DIRECTION('',(-0.,-0.,-1.));
#12557 = CYLINDRICAL_SURFACE('',#12558,1.5);
#12558 = AXIS2_PLACEMENT_3D('',#12559,#12560,#12561);
#12559 = CARTESIAN_POINT('',(194.49,-173.03,-4.6E-02));
#12560 = DIRECTION('',(-0.,-0.,-1.));
#12561 = DIRECTION('',(-0.,-1.,0.));
#12562 = ADVANCED_FACE('',(#12563),#12574,.F.);
#12563 = FACE_BOUND('',#12564,.T.);
#12564 = EDGE_LOOP('',(#12565,#12571,#12572,#12573));
#12565 = ORIENTED_EDGE('',*,*,#12566,.F.);
#12566 = EDGE_CURVE('',#1226,#6495,#12567,.T.);
#12567 = LINE('',#12568,#12569);
#12568 = CARTESIAN_POINT('',(195.76,-171.99,-4.6E-02));
#12569 = VECTOR('',#12570,1.);
#12570 = DIRECTION('',(0.,0.,1.));
#12571 = ORIENTED_EDGE('',*,*,#1234,.T.);
#12572 = ORIENTED_EDGE('',*,*,#12552,.F.);
#12573 = ORIENTED_EDGE('',*,*,#6503,.F.);
#12574 = CYLINDRICAL_SURFACE('',#12575,1.5);
#12575 = AXIS2_PLACEMENT_3D('',#12576,#12577,#12578);
#12576 = CARTESIAN_POINT('',(195.76,-170.49,-4.6E-02));
#12577 = DIRECTION('',(-0.,-0.,-1.));
#12578 = DIRECTION('',(-0.,-1.,0.));
#12579 = ADVANCED_FACE('',(#12580),#12591,.F.);
#12580 = FACE_BOUND('',#12581,.T.);
#12581 = EDGE_LOOP('',(#12582,#12583,#12584,#12585));
#12582 = ORIENTED_EDGE('',*,*,#1225,.T.);
#12583 = ORIENTED_EDGE('',*,*,#12566,.T.);
#12584 = ORIENTED_EDGE('',*,*,#6494,.F.);
#12585 = ORIENTED_EDGE('',*,*,#12586,.T.);
#12586 = EDGE_CURVE('',#6486,#1217,#12587,.T.);
#12587 = LINE('',#12588,#12589);
#12588 = CARTESIAN_POINT('',(194.69244942492,-171.5437247124,-4.6E-02));
#12589 = VECTOR('',#12590,1.);
#12590 = DIRECTION('',(-0.,-0.,-1.));
#12591 = CYLINDRICAL_SURFACE('',#12592,1.5);
#12592 = AXIS2_PLACEMENT_3D('',#12593,#12594,#12595);
#12593 = CARTESIAN_POINT('',(195.76,-170.49,-4.6E-02));
#12594 = DIRECTION('',(-0.,-0.,-1.));
#12595 = DIRECTION('',(-0.,-1.,0.));
#12596 = ADVANCED_FACE('',(#12597),#12603,.F.);
#12597 = FACE_BOUND('',#12598,.T.);
#12598 = EDGE_LOOP('',(#12599,#12600,#12601,#12602));
#12599 = ORIENTED_EDGE('',*,*,#12545,.F.);
#12600 = ORIENTED_EDGE('',*,*,#1216,.T.);
#12601 = ORIENTED_EDGE('',*,*,#12586,.F.);
#12602 = ORIENTED_EDGE('',*,*,#6485,.F.);
#12603 = CYLINDRICAL_SURFACE('',#12604,1.5);
#12604 = AXIS2_PLACEMENT_3D('',#12605,#12606,#12607);
#12605 = CARTESIAN_POINT('',(194.49,-173.03,-4.6E-02));
#12606 = DIRECTION('',(-0.,-0.,-1.));
#12607 = DIRECTION('',(-0.,-1.,0.));
#12608 = ADVANCED_FACE('',(#12609),#12620,.F.);
#12609 = FACE_BOUND('',#12610,.T.);
#12610 = EDGE_LOOP('',(#12611,#12612,#12618,#12619));
#12611 = ORIENTED_EDGE('',*,*,#1243,.T.);
#12612 = ORIENTED_EDGE('',*,*,#12613,.T.);
#12613 = EDGE_CURVE('',#1244,#6513,#12614,.T.);
#12614 = LINE('',#12615,#12616);
#12615 = CARTESIAN_POINT('',(191.95,-170.45,-4.6E-02));
#12616 = VECTOR('',#12617,1.);
#12617 = DIRECTION('',(0.,0.,1.));
#12618 = ORIENTED_EDGE('',*,*,#6512,.F.);
#12619 = ORIENTED_EDGE('',*,*,#12613,.F.);
#12620 = CYLINDRICAL_SURFACE('',#12621,2.5);
#12621 = AXIS2_PLACEMENT_3D('',#12622,#12623,#12624);
#12622 = CARTESIAN_POINT('',(191.95,-167.95,-4.6E-02));
#12623 = DIRECTION('',(-0.,-0.,-1.));
#12624 = DIRECTION('',(-0.,-1.,0.));
#12625 = ADVANCED_FACE('',(#12626),#12642,.F.);
#12626 = FACE_BOUND('',#12627,.T.);
#12627 = EDGE_LOOP('',(#12628,#12629,#12635,#12636));
#12628 = ORIENTED_EDGE('',*,*,#1254,.T.);
#12629 = ORIENTED_EDGE('',*,*,#12630,.T.);
#12630 = EDGE_CURVE('',#1257,#6526,#12631,.T.);
#12631 = LINE('',#12632,#12633);
#12632 = CARTESIAN_POINT('',(197.03,-168.9,-4.6E-02));
#12633 = VECTOR('',#12634,1.);
#12634 = DIRECTION('',(0.,0.,1.));
#12635 = ORIENTED_EDGE('',*,*,#6523,.F.);
#12636 = ORIENTED_EDGE('',*,*,#12637,.T.);
#12637 = EDGE_CURVE('',#6524,#1255,#12638,.T.);
#12638 = LINE('',#12639,#12640);
#12639 = CARTESIAN_POINT('',(197.24,-168.8764987857,-4.6E-02));
#12640 = VECTOR('',#12641,1.);
#12641 = DIRECTION('',(-0.,-0.,-1.));
#12642 = CYLINDRICAL_SURFACE('',#12643,0.95);
#12643 = AXIS2_PLACEMENT_3D('',#12644,#12645,#12646);
#12644 = CARTESIAN_POINT('',(197.03,-167.95,-4.6E-02));
#12645 = DIRECTION('',(-0.,-0.,-1.));
#12646 = DIRECTION('',(-0.,-1.,0.));
#12647 = ADVANCED_FACE('',(#12648),#12659,.F.);
#12648 = FACE_BOUND('',#12649,.T.);
#12649 = EDGE_LOOP('',(#12650,#12656,#12657,#12658));
#12650 = ORIENTED_EDGE('',*,*,#12651,.F.);
#12651 = EDGE_CURVE('',#1275,#6544,#12652,.T.);
#12652 = LINE('',#12653,#12654);
#12653 = CARTESIAN_POINT('',(197.45,-168.9,-4.6E-02));
#12654 = VECTOR('',#12655,1.);
#12655 = DIRECTION('',(0.,0.,1.));
#12656 = ORIENTED_EDGE('',*,*,#1283,.T.);
#12657 = ORIENTED_EDGE('',*,*,#12637,.F.);
#12658 = ORIENTED_EDGE('',*,*,#6552,.F.);
#12659 = CYLINDRICAL_SURFACE('',#12660,0.95);
#12660 = AXIS2_PLACEMENT_3D('',#12661,#12662,#12663);
#12661 = CARTESIAN_POINT('',(197.45,-167.95,-4.6E-02));
#12662 = DIRECTION('',(-0.,-0.,-1.));
#12663 = DIRECTION('',(-0.,-1.,0.));
#12664 = ADVANCED_FACE('',(#12665),#12676,.F.);
#12665 = FACE_BOUND('',#12666,.T.);
#12666 = EDGE_LOOP('',(#12667,#12668,#12669,#12670));
#12667 = ORIENTED_EDGE('',*,*,#1274,.T.);
#12668 = ORIENTED_EDGE('',*,*,#12651,.T.);
#12669 = ORIENTED_EDGE('',*,*,#6543,.F.);
#12670 = ORIENTED_EDGE('',*,*,#12671,.T.);
#12671 = EDGE_CURVE('',#6535,#1266,#12672,.T.);
#12672 = LINE('',#12673,#12674);
#12673 = CARTESIAN_POINT('',(197.24,-167.0235012142,-4.6E-02));
#12674 = VECTOR('',#12675,1.);
#12675 = DIRECTION('',(-0.,-0.,-1.));
#12676 = CYLINDRICAL_SURFACE('',#12677,0.95);
#12677 = AXIS2_PLACEMENT_3D('',#12678,#12679,#12680);
#12678 = CARTESIAN_POINT('',(197.45,-167.95,-4.6E-02));
#12679 = DIRECTION('',(-0.,-0.,-1.));
#12680 = DIRECTION('',(-0.,-1.,0.));
#12681 = ADVANCED_FACE('',(#12682),#12688,.F.);
#12682 = FACE_BOUND('',#12683,.T.);
#12683 = EDGE_LOOP('',(#12684,#12685,#12686,#12687));
#12684 = ORIENTED_EDGE('',*,*,#12630,.F.);
#12685 = ORIENTED_EDGE('',*,*,#1265,.T.);
#12686 = ORIENTED_EDGE('',*,*,#12671,.F.);
#12687 = ORIENTED_EDGE('',*,*,#6534,.F.);
#12688 = CYLINDRICAL_SURFACE('',#12689,0.95);
#12689 = AXIS2_PLACEMENT_3D('',#12690,#12691,#12692);
#12690 = CARTESIAN_POINT('',(197.03,-167.95,-4.6E-02));
#12691 = DIRECTION('',(-0.,-0.,-1.));
#12692 = DIRECTION('',(-0.,-1.,0.));
#12693 = ADVANCED_FACE('',(#12694),#12705,.F.);
#12694 = FACE_BOUND('',#12695,.T.);
#12695 = EDGE_LOOP('',(#12696,#12697,#12703,#12704));
#12696 = ORIENTED_EDGE('',*,*,#1292,.T.);
#12697 = ORIENTED_EDGE('',*,*,#12698,.T.);
#12698 = EDGE_CURVE('',#1293,#6562,#12699,.T.);
#12699 = LINE('',#12700,#12701);
#12700 = CARTESIAN_POINT('',(186.95,-165.7,-4.6E-02));
#12701 = VECTOR('',#12702,1.);
#12702 = DIRECTION('',(0.,0.,1.));
#12703 = ORIENTED_EDGE('',*,*,#6561,.F.);
#12704 = ORIENTED_EDGE('',*,*,#12698,.F.);
#12705 = CYLINDRICAL_SURFACE('',#12706,1.5);
#12706 = AXIS2_PLACEMENT_3D('',#12707,#12708,#12709);
#12707 = CARTESIAN_POINT('',(186.95,-164.2,-4.6E-02));
#12708 = DIRECTION('',(-0.,-0.,-1.));
#12709 = DIRECTION('',(-0.,-1.,0.));
#12710 = ADVANCED_FACE('',(#12711),#12722,.F.);
#12711 = FACE_BOUND('',#12712,.T.);
#12712 = EDGE_LOOP('',(#12713,#12714,#12720,#12721));
#12713 = ORIENTED_EDGE('',*,*,#1303,.T.);
#12714 = ORIENTED_EDGE('',*,*,#12715,.T.);
#12715 = EDGE_CURVE('',#1304,#6573,#12716,.T.);
#12716 = LINE('',#12717,#12718);
#12717 = CARTESIAN_POINT('',(196.95,-165.7,-4.6E-02));
#12718 = VECTOR('',#12719,1.);
#12719 = DIRECTION('',(0.,0.,1.));
#12720 = ORIENTED_EDGE('',*,*,#6572,.F.);
#12721 = ORIENTED_EDGE('',*,*,#12715,.F.);
#12722 = CYLINDRICAL_SURFACE('',#12723,1.5);
#12723 = AXIS2_PLACEMENT_3D('',#12724,#12725,#12726);
#12724 = CARTESIAN_POINT('',(196.95,-164.2,-4.6E-02));
#12725 = DIRECTION('',(-0.,-0.,-1.));
#12726 = DIRECTION('',(-0.,-1.,0.));
#12727 = ADVANCED_FACE('',(#12728),#12739,.F.);
#12728 = FACE_BOUND('',#12729,.T.);
#12729 = EDGE_LOOP('',(#12730,#12731,#12737,#12738));
#12730 = ORIENTED_EDGE('',*,*,#1314,.T.);
#12731 = ORIENTED_EDGE('',*,*,#12732,.T.);
#12732 = EDGE_CURVE('',#1315,#6584,#12733,.T.);
#12733 = LINE('',#12734,#12735);
#12734 = CARTESIAN_POINT('',(191.95,-163.5,-4.6E-02));
#12735 = VECTOR('',#12736,1.);
#12736 = DIRECTION('',(0.,0.,1.));
#12737 = ORIENTED_EDGE('',*,*,#6583,.F.);
#12738 = ORIENTED_EDGE('',*,*,#12732,.F.);
#12739 = CYLINDRICAL_SURFACE('',#12740,1.5);
#12740 = AXIS2_PLACEMENT_3D('',#12741,#12742,#12743);
#12741 = CARTESIAN_POINT('',(191.95,-162.,-4.6E-02));
#12742 = DIRECTION('',(-0.,-0.,-1.));
#12743 = DIRECTION('',(-0.,-1.,0.));
#12744 = ADVANCED_FACE('',(#12745),#12761,.F.);
#12745 = FACE_BOUND('',#12746,.T.);
#12746 = EDGE_LOOP('',(#12747,#12748,#12754,#12755));
#12747 = ORIENTED_EDGE('',*,*,#1325,.T.);
#12748 = ORIENTED_EDGE('',*,*,#12749,.T.);
#12749 = EDGE_CURVE('',#1328,#6597,#12750,.T.);
#12750 = LINE('',#12751,#12752);
#12751 = CARTESIAN_POINT('',(166.19,-154.04,-4.6E-02));
#12752 = VECTOR('',#12753,1.);
#12753 = DIRECTION('',(0.,0.,1.));
#12754 = ORIENTED_EDGE('',*,*,#6594,.F.);
#12755 = ORIENTED_EDGE('',*,*,#12756,.T.);
#12756 = EDGE_CURVE('',#6595,#1326,#12757,.T.);
#12757 = LINE('',#12758,#12759);
#12758 = CARTESIAN_POINT('',(166.39244942492,-154.0262752875,-4.6E-02));
#12759 = VECTOR('',#12760,1.);
#12760 = DIRECTION('',(-0.,-0.,-1.));
#12761 = CYLINDRICAL_SURFACE('',#12762,1.5);
#12762 = AXIS2_PLACEMENT_3D('',#12763,#12764,#12765);
#12763 = CARTESIAN_POINT('',(166.19,-152.54,-4.6E-02));
#12764 = DIRECTION('',(-0.,-0.,-1.));
#12765 = DIRECTION('',(-0.,-1.,0.));
#12766 = ADVANCED_FACE('',(#12767),#12778,.F.);
#12767 = FACE_BOUND('',#12768,.T.);
#12768 = EDGE_LOOP('',(#12769,#12775,#12776,#12777));
#12769 = ORIENTED_EDGE('',*,*,#12770,.F.);
#12770 = EDGE_CURVE('',#1346,#6615,#12771,.T.);
#12771 = LINE('',#12772,#12773);
#12772 = CARTESIAN_POINT('',(167.46,-156.58,-4.6E-02));
#12773 = VECTOR('',#12774,1.);
#12774 = DIRECTION('',(0.,0.,1.));
#12775 = ORIENTED_EDGE('',*,*,#1354,.T.);
#12776 = ORIENTED_EDGE('',*,*,#12756,.F.);
#12777 = ORIENTED_EDGE('',*,*,#6623,.F.);
#12778 = CYLINDRICAL_SURFACE('',#12779,1.5);
#12779 = AXIS2_PLACEMENT_3D('',#12780,#12781,#12782);
#12780 = CARTESIAN_POINT('',(167.46,-155.08,-4.6E-02));
#12781 = DIRECTION('',(-0.,-0.,-1.));
#12782 = DIRECTION('',(-0.,-1.,0.));
#12783 = ADVANCED_FACE('',(#12784),#12795,.F.);
#12784 = FACE_BOUND('',#12785,.T.);
#12785 = EDGE_LOOP('',(#12786,#12787,#12788,#12789));
#12786 = ORIENTED_EDGE('',*,*,#1345,.T.);
#12787 = ORIENTED_EDGE('',*,*,#12770,.T.);
#12788 = ORIENTED_EDGE('',*,*,#6614,.F.);
#12789 = ORIENTED_EDGE('',*,*,#12790,.T.);
#12790 = EDGE_CURVE('',#6606,#1337,#12791,.T.);
#12791 = LINE('',#12792,#12793);
#12792 = CARTESIAN_POINT('',(167.25755057507,-153.5937247124,-4.6E-02));
#12793 = VECTOR('',#12794,1.);
#12794 = DIRECTION('',(-0.,-0.,-1.));
#12795 = CYLINDRICAL_SURFACE('',#12796,1.5);
#12796 = AXIS2_PLACEMENT_3D('',#12797,#12798,#12799);
#12797 = CARTESIAN_POINT('',(167.46,-155.08,-4.6E-02));
#12798 = DIRECTION('',(-0.,-0.,-1.));
#12799 = DIRECTION('',(-0.,-1.,0.));
#12800 = ADVANCED_FACE('',(#12801),#12807,.F.);
#12801 = FACE_BOUND('',#12802,.T.);
#12802 = EDGE_LOOP('',(#12803,#12804,#12805,#12806));
#12803 = ORIENTED_EDGE('',*,*,#12749,.F.);
#12804 = ORIENTED_EDGE('',*,*,#1336,.T.);
#12805 = ORIENTED_EDGE('',*,*,#12790,.F.);
#12806 = ORIENTED_EDGE('',*,*,#6605,.F.);
#12807 = CYLINDRICAL_SURFACE('',#12808,1.5);
#12808 = AXIS2_PLACEMENT_3D('',#12809,#12810,#12811);
#12809 = CARTESIAN_POINT('',(166.19,-152.54,-4.6E-02));
#12810 = DIRECTION('',(-0.,-0.,-1.));
#12811 = DIRECTION('',(-0.,-1.,0.));
#12812 = ADVANCED_FACE('',(#12813),#12829,.F.);
#12813 = FACE_BOUND('',#12814,.T.);
#12814 = EDGE_LOOP('',(#12815,#12816,#12822,#12823));
#12815 = ORIENTED_EDGE('',*,*,#1363,.T.);
#12816 = ORIENTED_EDGE('',*,*,#12817,.T.);
#12817 = EDGE_CURVE('',#1366,#6635,#12818,.T.);
#12818 = LINE('',#12819,#12820);
#12819 = CARTESIAN_POINT('',(172.54,-156.58,-4.6E-02));
#12820 = VECTOR('',#12821,1.);
#12821 = DIRECTION('',(0.,0.,1.));
#12822 = ORIENTED_EDGE('',*,*,#6632,.F.);
#12823 = ORIENTED_EDGE('',*,*,#12824,.T.);
#12824 = EDGE_CURVE('',#6633,#1364,#12825,.T.);
#12825 = LINE('',#12826,#12827);
#12826 = CARTESIAN_POINT('',(173.60755057507,-154.0262752875,-4.6E-02));
#12827 = VECTOR('',#12828,1.);
#12828 = DIRECTION('',(-0.,-0.,-1.));
#12829 = CYLINDRICAL_SURFACE('',#12830,1.5);
#12830 = AXIS2_PLACEMENT_3D('',#12831,#12832,#12833);
#12831 = CARTESIAN_POINT('',(172.54,-155.08,-4.6E-02));
#12832 = DIRECTION('',(-0.,-0.,-1.));
#12833 = DIRECTION('',(-0.,-1.,0.));
#12834 = ADVANCED_FACE('',(#12835),#12846,.F.);
#12835 = FACE_BOUND('',#12836,.T.);
#12836 = EDGE_LOOP('',(#12837,#12843,#12844,#12845));
#12837 = ORIENTED_EDGE('',*,*,#12838,.F.);
#12838 = EDGE_CURVE('',#1384,#6653,#12839,.T.);
#12839 = LINE('',#12840,#12841);
#12840 = CARTESIAN_POINT('',(173.81,-154.04,-4.6E-02));
#12841 = VECTOR('',#12842,1.);
#12842 = DIRECTION('',(0.,0.,1.));
#12843 = ORIENTED_EDGE('',*,*,#1392,.T.);
#12844 = ORIENTED_EDGE('',*,*,#12824,.F.);
#12845 = ORIENTED_EDGE('',*,*,#6661,.F.);
#12846 = CYLINDRICAL_SURFACE('',#12847,1.5);
#12847 = AXIS2_PLACEMENT_3D('',#12848,#12849,#12850);
#12848 = CARTESIAN_POINT('',(173.81,-152.54,-4.6E-02));
#12849 = DIRECTION('',(-0.,-0.,-1.));
#12850 = DIRECTION('',(-0.,-1.,0.));
#12851 = ADVANCED_FACE('',(#12852),#12863,.F.);
#12852 = FACE_BOUND('',#12853,.T.);
#12853 = EDGE_LOOP('',(#12854,#12855,#12856,#12857));
#12854 = ORIENTED_EDGE('',*,*,#1383,.T.);
#12855 = ORIENTED_EDGE('',*,*,#12838,.T.);
#12856 = ORIENTED_EDGE('',*,*,#6652,.F.);
#12857 = ORIENTED_EDGE('',*,*,#12858,.T.);
#12858 = EDGE_CURVE('',#6644,#1375,#12859,.T.);
#12859 = LINE('',#12860,#12861);
#12860 = CARTESIAN_POINT('',(172.74244942492,-153.5937247124,-4.6E-02));
#12861 = VECTOR('',#12862,1.);
#12862 = DIRECTION('',(-0.,-0.,-1.));
#12863 = CYLINDRICAL_SURFACE('',#12864,1.5);
#12864 = AXIS2_PLACEMENT_3D('',#12865,#12866,#12867);
#12865 = CARTESIAN_POINT('',(173.81,-152.54,-4.6E-02));
#12866 = DIRECTION('',(-0.,-0.,-1.));
#12867 = DIRECTION('',(-0.,-1.,0.));
#12868 = ADVANCED_FACE('',(#12869),#12875,.F.);
#12869 = FACE_BOUND('',#12870,.T.);
#12870 = EDGE_LOOP('',(#12871,#12872,#12873,#12874));
#12871 = ORIENTED_EDGE('',*,*,#12817,.F.);
#12872 = ORIENTED_EDGE('',*,*,#1374,.T.);
#12873 = ORIENTED_EDGE('',*,*,#12858,.F.);
#12874 = ORIENTED_EDGE('',*,*,#6643,.F.);
#12875 = CYLINDRICAL_SURFACE('',#12876,1.5);
#12876 = AXIS2_PLACEMENT_3D('',#12877,#12878,#12879);
#12877 = CARTESIAN_POINT('',(172.54,-155.08,-4.6E-02));
#12878 = DIRECTION('',(-0.,-0.,-1.));
#12879 = DIRECTION('',(-0.,-1.,0.));
#12880 = ADVANCED_FACE('',(#12881),#12897,.F.);
#12881 = FACE_BOUND('',#12882,.T.);
#12882 = EDGE_LOOP('',(#12883,#12884,#12890,#12891));
#12883 = ORIENTED_EDGE('',*,*,#1401,.T.);
#12884 = ORIENTED_EDGE('',*,*,#12885,.T.);
#12885 = EDGE_CURVE('',#1404,#6673,#12886,.T.);
#12886 = LINE('',#12887,#12888);
#12887 = CARTESIAN_POINT('',(164.92,-150.95,-4.6E-02));
#12888 = VECTOR('',#12889,1.);
#12889 = DIRECTION('',(0.,0.,1.));
#12890 = ORIENTED_EDGE('',*,*,#6670,.F.);
#12891 = ORIENTED_EDGE('',*,*,#12892,.T.);
#12892 = EDGE_CURVE('',#6671,#1402,#12893,.T.);
#12893 = LINE('',#12894,#12895);
#12894 = CARTESIAN_POINT('',(164.71,-149.0735012142,-4.6E-02));
#12895 = VECTOR('',#12896,1.);
#12896 = DIRECTION('',(-0.,-0.,-1.));
#12897 = CYLINDRICAL_SURFACE('',#12898,0.95);
#12898 = AXIS2_PLACEMENT_3D('',#12899,#12900,#12901);
#12899 = CARTESIAN_POINT('',(164.92,-150.,-4.6E-02));
#12900 = DIRECTION('',(-0.,-0.,-1.));
#12901 = DIRECTION('',(-2.991758887411E-14,-1.,0.));
#12902 = ADVANCED_FACE('',(#12903),#12914,.F.);
#12903 = FACE_BOUND('',#12904,.T.);
#12904 = EDGE_LOOP('',(#12905,#12911,#12912,#12913));
#12905 = ORIENTED_EDGE('',*,*,#12906,.F.);
#12906 = EDGE_CURVE('',#1422,#6691,#12907,.T.);
#12907 = LINE('',#12908,#12909);
#12908 = CARTESIAN_POINT('',(164.5,-150.95,-4.6E-02));
#12909 = VECTOR('',#12910,1.);
#12910 = DIRECTION('',(0.,0.,1.));
#12911 = ORIENTED_EDGE('',*,*,#1430,.T.);
#12912 = ORIENTED_EDGE('',*,*,#12892,.F.);
#12913 = ORIENTED_EDGE('',*,*,#6699,.F.);
#12914 = CYLINDRICAL_SURFACE('',#12915,0.95);
#12915 = AXIS2_PLACEMENT_3D('',#12916,#12917,#12918);
#12916 = CARTESIAN_POINT('',(164.5,-150.,-4.6E-02));
#12917 = DIRECTION('',(-0.,-0.,-1.));
#12918 = DIRECTION('',(-0.,-1.,0.));
#12919 = ADVANCED_FACE('',(#12920),#12931,.F.);
#12920 = FACE_BOUND('',#12921,.T.);
#12921 = EDGE_LOOP('',(#12922,#12923,#12924,#12925));
#12922 = ORIENTED_EDGE('',*,*,#1421,.T.);
#12923 = ORIENTED_EDGE('',*,*,#12906,.T.);
#12924 = ORIENTED_EDGE('',*,*,#6690,.F.);
#12925 = ORIENTED_EDGE('',*,*,#12926,.T.);
#12926 = EDGE_CURVE('',#6682,#1413,#12927,.T.);
#12927 = LINE('',#12928,#12929);
#12928 = CARTESIAN_POINT('',(164.71,-150.9264987857,-4.6E-02));
#12929 = VECTOR('',#12930,1.);
#12930 = DIRECTION('',(-0.,-0.,-1.));
#12931 = CYLINDRICAL_SURFACE('',#12932,0.95);
#12932 = AXIS2_PLACEMENT_3D('',#12933,#12934,#12935);
#12933 = CARTESIAN_POINT('',(164.5,-150.,-4.6E-02));
#12934 = DIRECTION('',(-0.,-0.,-1.));
#12935 = DIRECTION('',(-0.,-1.,0.));
#12936 = ADVANCED_FACE('',(#12937),#12943,.F.);
#12937 = FACE_BOUND('',#12938,.T.);
#12938 = EDGE_LOOP('',(#12939,#12940,#12941,#12942));
#12939 = ORIENTED_EDGE('',*,*,#12885,.F.);
#12940 = ORIENTED_EDGE('',*,*,#1412,.T.);
#12941 = ORIENTED_EDGE('',*,*,#12926,.F.);
#12942 = ORIENTED_EDGE('',*,*,#6681,.F.);
#12943 = CYLINDRICAL_SURFACE('',#12944,0.95);
#12944 = AXIS2_PLACEMENT_3D('',#12945,#12946,#12947);
#12945 = CARTESIAN_POINT('',(164.92,-150.,-4.6E-02));
#12946 = DIRECTION('',(-0.,-0.,-1.));
#12947 = DIRECTION('',(-2.991758887411E-14,-1.,0.));
#12948 = ADVANCED_FACE('',(#12949),#12960,.F.);
#12949 = FACE_BOUND('',#12950,.T.);
#12950 = EDGE_LOOP('',(#12951,#12952,#12958,#12959));
#12951 = ORIENTED_EDGE('',*,*,#1439,.T.);
#12952 = ORIENTED_EDGE('',*,*,#12953,.T.);
#12953 = EDGE_CURVE('',#1440,#6709,#12954,.T.);
#12954 = LINE('',#12955,#12956);
#12955 = CARTESIAN_POINT('',(170.,-152.5,-4.6E-02));
#12956 = VECTOR('',#12957,1.);
#12957 = DIRECTION('',(0.,0.,1.));
#12958 = ORIENTED_EDGE('',*,*,#6708,.F.);
#12959 = ORIENTED_EDGE('',*,*,#12953,.F.);
#12960 = CYLINDRICAL_SURFACE('',#12961,2.5);
#12961 = AXIS2_PLACEMENT_3D('',#12962,#12963,#12964);
#12962 = CARTESIAN_POINT('',(170.,-150.,-4.6E-02));
#12963 = DIRECTION('',(-0.,-0.,-1.));
#12964 = DIRECTION('',(-0.,-1.,0.));
#12965 = ADVANCED_FACE('',(#12966),#12977,.F.);
#12966 = FACE_BOUND('',#12967,.T.);
#12967 = EDGE_LOOP('',(#12968,#12969,#12975,#12976));
#12968 = ORIENTED_EDGE('',*,*,#1450,.T.);
#12969 = ORIENTED_EDGE('',*,*,#12970,.T.);
#12970 = EDGE_CURVE('',#1451,#6720,#12971,.T.);
#12971 = LINE('',#12972,#12973);
#12972 = CARTESIAN_POINT('',(165.,-147.75,-4.6E-02));
#12973 = VECTOR('',#12974,1.);
#12974 = DIRECTION('',(0.,0.,1.));
#12975 = ORIENTED_EDGE('',*,*,#6719,.F.);
#12976 = ORIENTED_EDGE('',*,*,#12970,.F.);
#12977 = CYLINDRICAL_SURFACE('',#12978,1.5);
#12978 = AXIS2_PLACEMENT_3D('',#12979,#12980,#12981);
#12979 = CARTESIAN_POINT('',(165.,-146.25,-4.6E-02));
#12980 = DIRECTION('',(-0.,-0.,-1.));
#12981 = DIRECTION('',(-0.,-1.,0.));
#12982 = ADVANCED_FACE('',(#12983),#12999,.F.);
#12983 = FACE_BOUND('',#12984,.T.);
#12984 = EDGE_LOOP('',(#12985,#12986,#12992,#12993));
#12985 = ORIENTED_EDGE('',*,*,#1461,.T.);
#12986 = ORIENTED_EDGE('',*,*,#12987,.T.);
#12987 = EDGE_CURVE('',#1464,#6733,#12988,.T.);
#12988 = LINE('',#12989,#12990);
#12989 = CARTESIAN_POINT('',(175.08,-150.95,-4.6E-02));
#12990 = VECTOR('',#12991,1.);
#12991 = DIRECTION('',(0.,0.,1.));
#12992 = ORIENTED_EDGE('',*,*,#6730,.F.);
#12993 = ORIENTED_EDGE('',*,*,#12994,.T.);
#12994 = EDGE_CURVE('',#6731,#1462,#12995,.T.);
#12995 = LINE('',#12996,#12997);
#12996 = CARTESIAN_POINT('',(175.29,-150.9264987857,-4.6E-02));
#12997 = VECTOR('',#12998,1.);
#12998 = DIRECTION('',(-0.,0.,-1.));
#12999 = CYLINDRICAL_SURFACE('',#13000,0.95);
#13000 = AXIS2_PLACEMENT_3D('',#13001,#13002,#13003);
#13001 = CARTESIAN_POINT('',(175.08,-150.,-4.6E-02));
#13002 = DIRECTION('',(-0.,0.,-1.));
#13003 = DIRECTION('',(2.991758887411E-14,-1.,-0.));
#13004 = ADVANCED_FACE('',(#13005),#13016,.F.);
#13005 = FACE_BOUND('',#13006,.T.);
#13006 = EDGE_LOOP('',(#13007,#13013,#13014,#13015));
#13007 = ORIENTED_EDGE('',*,*,#13008,.F.);
#13008 = EDGE_CURVE('',#1482,#6751,#13009,.T.);
#13009 = LINE('',#13010,#13011);
#13010 = CARTESIAN_POINT('',(175.5,-150.95,-4.6E-02));
#13011 = VECTOR('',#13012,1.);
#13012 = DIRECTION('',(0.,0.,1.));
#13013 = ORIENTED_EDGE('',*,*,#1490,.T.);
#13014 = ORIENTED_EDGE('',*,*,#12994,.F.);
#13015 = ORIENTED_EDGE('',*,*,#6759,.F.);
#13016 = CYLINDRICAL_SURFACE('',#13017,0.95);
#13017 = AXIS2_PLACEMENT_3D('',#13018,#13019,#13020);
#13018 = CARTESIAN_POINT('',(175.5,-150.,-4.6E-02));
#13019 = DIRECTION('',(-0.,-0.,-1.));
#13020 = DIRECTION('',(-0.,-1.,0.));
#13021 = ADVANCED_FACE('',(#13022),#13033,.F.);
#13022 = FACE_BOUND('',#13023,.T.);
#13023 = EDGE_LOOP('',(#13024,#13025,#13026,#13027));
#13024 = ORIENTED_EDGE('',*,*,#1481,.T.);
#13025 = ORIENTED_EDGE('',*,*,#13008,.T.);
#13026 = ORIENTED_EDGE('',*,*,#6750,.F.);
#13027 = ORIENTED_EDGE('',*,*,#13028,.T.);
#13028 = EDGE_CURVE('',#6742,#1473,#13029,.T.);
#13029 = LINE('',#13030,#13031);
#13030 = CARTESIAN_POINT('',(175.29,-149.0735012142,-4.6E-02));
#13031 = VECTOR('',#13032,1.);
#13032 = DIRECTION('',(-0.,0.,-1.));
#13033 = CYLINDRICAL_SURFACE('',#13034,0.95);
#13034 = AXIS2_PLACEMENT_3D('',#13035,#13036,#13037);
#13035 = CARTESIAN_POINT('',(175.5,-150.,-4.6E-02));
#13036 = DIRECTION('',(-0.,-0.,-1.));
#13037 = DIRECTION('',(-0.,-1.,0.));
#13038 = ADVANCED_FACE('',(#13039),#13045,.F.);
#13039 = FACE_BOUND('',#13040,.T.);
#13040 = EDGE_LOOP('',(#13041,#13042,#13043,#13044));
#13041 = ORIENTED_EDGE('',*,*,#12987,.F.);
#13042 = ORIENTED_EDGE('',*,*,#1472,.T.);
#13043 = ORIENTED_EDGE('',*,*,#13028,.F.);
#13044 = ORIENTED_EDGE('',*,*,#6741,.F.);
#13045 = CYLINDRICAL_SURFACE('',#13046,0.95);
#13046 = AXIS2_PLACEMENT_3D('',#13047,#13048,#13049);
#13047 = CARTESIAN_POINT('',(175.08,-150.,-4.6E-02));
#13048 = DIRECTION('',(-0.,0.,-1.));
#13049 = DIRECTION('',(2.991758887411E-14,-1.,-0.));
#13050 = ADVANCED_FACE('',(#13051),#13062,.F.);
#13051 = FACE_BOUND('',#13052,.T.);
#13052 = EDGE_LOOP('',(#13053,#13054,#13060,#13061));
#13053 = ORIENTED_EDGE('',*,*,#1499,.T.);
#13054 = ORIENTED_EDGE('',*,*,#13055,.T.);
#13055 = EDGE_CURVE('',#1500,#6769,#13056,.T.);
#13056 = LINE('',#13057,#13058);
#13057 = CARTESIAN_POINT('',(175.,-147.75,-4.6E-02));
#13058 = VECTOR('',#13059,1.);
#13059 = DIRECTION('',(0.,0.,1.));
#13060 = ORIENTED_EDGE('',*,*,#6768,.F.);
#13061 = ORIENTED_EDGE('',*,*,#13055,.F.);
#13062 = CYLINDRICAL_SURFACE('',#13063,1.5);
#13063 = AXIS2_PLACEMENT_3D('',#13064,#13065,#13066);
#13064 = CARTESIAN_POINT('',(175.,-146.25,-4.6E-02));
#13065 = DIRECTION('',(-0.,-0.,-1.));
#13066 = DIRECTION('',(-0.,-1.,0.));
#13067 = ADVANCED_FACE('',(#13068),#13084,.F.);
#13068 = FACE_BOUND('',#13069,.T.);
#13069 = EDGE_LOOP('',(#13070,#13071,#13077,#13078));
#13070 = ORIENTED_EDGE('',*,*,#1510,.T.);
#13071 = ORIENTED_EDGE('',*,*,#13072,.T.);
#13072 = EDGE_CURVE('',#1513,#6782,#13073,.T.);
#13073 = LINE('',#13074,#13075);
#13074 = CARTESIAN_POINT('',(185.19,-150.04,-4.6E-02));
#13075 = VECTOR('',#13076,1.);
#13076 = DIRECTION('',(0.,0.,1.));
#13077 = ORIENTED_EDGE('',*,*,#6779,.F.);
#13078 = ORIENTED_EDGE('',*,*,#13079,.T.);
#13079 = EDGE_CURVE('',#6780,#1511,#13080,.T.);
#13080 = LINE('',#13081,#13082);
#13081 = CARTESIAN_POINT('',(185.39244942492,-150.0262752875,-4.6E-02));
#13082 = VECTOR('',#13083,1.);
#13083 = DIRECTION('',(-0.,-0.,-1.));
#13084 = CYLINDRICAL_SURFACE('',#13085,1.5);
#13085 = AXIS2_PLACEMENT_3D('',#13086,#13087,#13088);
#13086 = CARTESIAN_POINT('',(185.19,-148.54,-4.6E-02));
#13087 = DIRECTION('',(-0.,-0.,-1.));
#13088 = DIRECTION('',(-0.,-1.,0.));
#13089 = ADVANCED_FACE('',(#13090),#13101,.F.);
#13090 = FACE_BOUND('',#13091,.T.);
#13091 = EDGE_LOOP('',(#13092,#13098,#13099,#13100));
#13092 = ORIENTED_EDGE('',*,*,#13093,.F.);
#13093 = EDGE_CURVE('',#1531,#6800,#13094,.T.);
#13094 = LINE('',#13095,#13096);
#13095 = CARTESIAN_POINT('',(186.46,-152.58,-4.6E-02));
#13096 = VECTOR('',#13097,1.);
#13097 = DIRECTION('',(0.,0.,1.));
#13098 = ORIENTED_EDGE('',*,*,#1539,.T.);
#13099 = ORIENTED_EDGE('',*,*,#13079,.F.);
#13100 = ORIENTED_EDGE('',*,*,#6808,.F.);
#13101 = CYLINDRICAL_SURFACE('',#13102,1.5);
#13102 = AXIS2_PLACEMENT_3D('',#13103,#13104,#13105);
#13103 = CARTESIAN_POINT('',(186.46,-151.08,-4.6E-02));
#13104 = DIRECTION('',(-0.,-0.,-1.));
#13105 = DIRECTION('',(-0.,-1.,0.));
#13106 = ADVANCED_FACE('',(#13107),#13118,.F.);
#13107 = FACE_BOUND('',#13108,.T.);
#13108 = EDGE_LOOP('',(#13109,#13110,#13111,#13112));
#13109 = ORIENTED_EDGE('',*,*,#1530,.T.);
#13110 = ORIENTED_EDGE('',*,*,#13093,.T.);
#13111 = ORIENTED_EDGE('',*,*,#6799,.F.);
#13112 = ORIENTED_EDGE('',*,*,#13113,.T.);
#13113 = EDGE_CURVE('',#6791,#1522,#13114,.T.);
#13114 = LINE('',#13115,#13116);
#13115 = CARTESIAN_POINT('',(186.25755057507,-149.5937247124,-4.6E-02));
#13116 = VECTOR('',#13117,1.);
#13117 = DIRECTION('',(-0.,-0.,-1.));
#13118 = CYLINDRICAL_SURFACE('',#13119,1.5);
#13119 = AXIS2_PLACEMENT_3D('',#13120,#13121,#13122);
#13120 = CARTESIAN_POINT('',(186.46,-151.08,-4.6E-02));
#13121 = DIRECTION('',(-0.,-0.,-1.));
#13122 = DIRECTION('',(-0.,-1.,0.));
#13123 = ADVANCED_FACE('',(#13124),#13130,.F.);
#13124 = FACE_BOUND('',#13125,.T.);
#13125 = EDGE_LOOP('',(#13126,#13127,#13128,#13129));
#13126 = ORIENTED_EDGE('',*,*,#13072,.F.);
#13127 = ORIENTED_EDGE('',*,*,#1521,.T.);
#13128 = ORIENTED_EDGE('',*,*,#13113,.F.);
#13129 = ORIENTED_EDGE('',*,*,#6790,.F.);
#13130 = CYLINDRICAL_SURFACE('',#13131,1.5);
#13131 = AXIS2_PLACEMENT_3D('',#13132,#13133,#13134);
#13132 = CARTESIAN_POINT('',(185.19,-148.54,-4.6E-02));
#13133 = DIRECTION('',(-0.,-0.,-1.));
#13134 = DIRECTION('',(-0.,-1.,0.));
#13135 = ADVANCED_FACE('',(#13136),#13152,.F.);
#13136 = FACE_BOUND('',#13137,.T.);
#13137 = EDGE_LOOP('',(#13138,#13139,#13145,#13146));
#13138 = ORIENTED_EDGE('',*,*,#1548,.T.);
#13139 = ORIENTED_EDGE('',*,*,#13140,.T.);
#13140 = EDGE_CURVE('',#1551,#6820,#13141,.T.);
#13141 = LINE('',#13142,#13143);
#13142 = CARTESIAN_POINT('',(183.5,-146.95,-4.6E-02));
#13143 = VECTOR('',#13144,1.);
#13144 = DIRECTION('',(0.,0.,1.));
#13145 = ORIENTED_EDGE('',*,*,#6817,.F.);
#13146 = ORIENTED_EDGE('',*,*,#13147,.T.);
#13147 = EDGE_CURVE('',#6818,#1549,#13148,.T.);
#13148 = LINE('',#13149,#13150);
#13149 = CARTESIAN_POINT('',(183.71,-146.9264987857,-4.6E-02));
#13150 = VECTOR('',#13151,1.);
#13151 = DIRECTION('',(-0.,-0.,-1.));
#13152 = CYLINDRICAL_SURFACE('',#13153,0.95);
#13153 = AXIS2_PLACEMENT_3D('',#13154,#13155,#13156);
#13154 = CARTESIAN_POINT('',(183.5,-146.,-4.6E-02));
#13155 = DIRECTION('',(-0.,-0.,-1.));
#13156 = DIRECTION('',(-0.,-1.,0.));
#13157 = ADVANCED_FACE('',(#13158),#13169,.F.);
#13158 = FACE_BOUND('',#13159,.T.);
#13159 = EDGE_LOOP('',(#13160,#13166,#13167,#13168));
#13160 = ORIENTED_EDGE('',*,*,#13161,.F.);
#13161 = EDGE_CURVE('',#1569,#6838,#13162,.T.);
#13162 = LINE('',#13163,#13164);
#13163 = CARTESIAN_POINT('',(183.92,-146.95,-4.6E-02));
#13164 = VECTOR('',#13165,1.);
#13165 = DIRECTION('',(0.,0.,1.));
#13166 = ORIENTED_EDGE('',*,*,#1577,.T.);
#13167 = ORIENTED_EDGE('',*,*,#13147,.F.);
#13168 = ORIENTED_EDGE('',*,*,#6846,.F.);
#13169 = CYLINDRICAL_SURFACE('',#13170,0.95);
#13170 = AXIS2_PLACEMENT_3D('',#13171,#13172,#13173);
#13171 = CARTESIAN_POINT('',(183.92,-146.,-4.6E-02));
#13172 = DIRECTION('',(-0.,-0.,-1.));
#13173 = DIRECTION('',(-2.991758887411E-14,-1.,0.));
#13174 = ADVANCED_FACE('',(#13175),#13186,.F.);
#13175 = FACE_BOUND('',#13176,.T.);
#13176 = EDGE_LOOP('',(#13177,#13178,#13179,#13180));
#13177 = ORIENTED_EDGE('',*,*,#1568,.T.);
#13178 = ORIENTED_EDGE('',*,*,#13161,.T.);
#13179 = ORIENTED_EDGE('',*,*,#6837,.F.);
#13180 = ORIENTED_EDGE('',*,*,#13181,.T.);
#13181 = EDGE_CURVE('',#6829,#1560,#13182,.T.);
#13182 = LINE('',#13183,#13184);
#13183 = CARTESIAN_POINT('',(183.71,-145.0735012142,-4.6E-02));
#13184 = VECTOR('',#13185,1.);
#13185 = DIRECTION('',(-0.,-0.,-1.));
#13186 = CYLINDRICAL_SURFACE('',#13187,0.95);
#13187 = AXIS2_PLACEMENT_3D('',#13188,#13189,#13190);
#13188 = CARTESIAN_POINT('',(183.92,-146.,-4.6E-02));
#13189 = DIRECTION('',(-0.,-0.,-1.));
#13190 = DIRECTION('',(-2.991758887411E-14,-1.,0.));
#13191 = ADVANCED_FACE('',(#13192),#13198,.F.);
#13192 = FACE_BOUND('',#13193,.T.);
#13193 = EDGE_LOOP('',(#13194,#13195,#13196,#13197));
#13194 = ORIENTED_EDGE('',*,*,#13140,.F.);
#13195 = ORIENTED_EDGE('',*,*,#1559,.T.);
#13196 = ORIENTED_EDGE('',*,*,#13181,.F.);
#13197 = ORIENTED_EDGE('',*,*,#6828,.F.);
#13198 = CYLINDRICAL_SURFACE('',#13199,0.95);
#13199 = AXIS2_PLACEMENT_3D('',#13200,#13201,#13202);
#13200 = CARTESIAN_POINT('',(183.5,-146.,-4.6E-02));
#13201 = DIRECTION('',(-0.,-0.,-1.));
#13202 = DIRECTION('',(-0.,-1.,0.));
#13203 = ADVANCED_FACE('',(#13204),#13215,.F.);
#13204 = FACE_BOUND('',#13205,.T.);
#13205 = EDGE_LOOP('',(#13206,#13207,#13213,#13214));
#13206 = ORIENTED_EDGE('',*,*,#1586,.T.);
#13207 = ORIENTED_EDGE('',*,*,#13208,.T.);
#13208 = EDGE_CURVE('',#1587,#6856,#13209,.T.);
#13209 = LINE('',#13210,#13211);
#13210 = CARTESIAN_POINT('',(189.,-148.5,-4.6E-02));
#13211 = VECTOR('',#13212,1.);
#13212 = DIRECTION('',(0.,0.,1.));
#13213 = ORIENTED_EDGE('',*,*,#6855,.F.);
#13214 = ORIENTED_EDGE('',*,*,#13208,.F.);
#13215 = CYLINDRICAL_SURFACE('',#13216,2.5);
#13216 = AXIS2_PLACEMENT_3D('',#13217,#13218,#13219);
#13217 = CARTESIAN_POINT('',(189.,-146.,-4.6E-02));
#13218 = DIRECTION('',(-0.,-0.,-1.));
#13219 = DIRECTION('',(-0.,-1.,0.));
#13220 = ADVANCED_FACE('',(#13221),#13237,.F.);
#13221 = FACE_BOUND('',#13222,.T.);
#13222 = EDGE_LOOP('',(#13223,#13224,#13230,#13231));
#13223 = ORIENTED_EDGE('',*,*,#1597,.T.);
#13224 = ORIENTED_EDGE('',*,*,#13225,.T.);
#13225 = EDGE_CURVE('',#1600,#6869,#13226,.T.);
#13226 = LINE('',#13227,#13228);
#13227 = CARTESIAN_POINT('',(191.54,-152.58,-4.6E-02));
#13228 = VECTOR('',#13229,1.);
#13229 = DIRECTION('',(0.,0.,1.));
#13230 = ORIENTED_EDGE('',*,*,#6866,.F.);
#13231 = ORIENTED_EDGE('',*,*,#13232,.T.);
#13232 = EDGE_CURVE('',#6867,#1598,#13233,.T.);
#13233 = LINE('',#13234,#13235);
#13234 = CARTESIAN_POINT('',(192.60755057507,-150.0262752875,-4.6E-02));
#13235 = VECTOR('',#13236,1.);
#13236 = DIRECTION('',(-0.,-0.,-1.));
#13237 = CYLINDRICAL_SURFACE('',#13238,1.5);
#13238 = AXIS2_PLACEMENT_3D('',#13239,#13240,#13241);
#13239 = CARTESIAN_POINT('',(191.54,-151.08,-4.6E-02));
#13240 = DIRECTION('',(-0.,-0.,-1.));
#13241 = DIRECTION('',(-0.,-1.,0.));
#13242 = ADVANCED_FACE('',(#13243),#13254,.F.);
#13243 = FACE_BOUND('',#13244,.T.);
#13244 = EDGE_LOOP('',(#13245,#13251,#13252,#13253));
#13245 = ORIENTED_EDGE('',*,*,#13246,.F.);
#13246 = EDGE_CURVE('',#1618,#6887,#13247,.T.);
#13247 = LINE('',#13248,#13249);
#13248 = CARTESIAN_POINT('',(192.81,-150.04,-4.6E-02));
#13249 = VECTOR('',#13250,1.);
#13250 = DIRECTION('',(0.,0.,1.));
#13251 = ORIENTED_EDGE('',*,*,#1626,.T.);
#13252 = ORIENTED_EDGE('',*,*,#13232,.F.);
#13253 = ORIENTED_EDGE('',*,*,#6895,.F.);
#13254 = CYLINDRICAL_SURFACE('',#13255,1.5);
#13255 = AXIS2_PLACEMENT_3D('',#13256,#13257,#13258);
#13256 = CARTESIAN_POINT('',(192.81,-148.54,-4.6E-02));
#13257 = DIRECTION('',(-0.,-0.,-1.));
#13258 = DIRECTION('',(-0.,-1.,0.));
#13259 = ADVANCED_FACE('',(#13260),#13271,.F.);
#13260 = FACE_BOUND('',#13261,.T.);
#13261 = EDGE_LOOP('',(#13262,#13263,#13264,#13265));
#13262 = ORIENTED_EDGE('',*,*,#1617,.T.);
#13263 = ORIENTED_EDGE('',*,*,#13246,.T.);
#13264 = ORIENTED_EDGE('',*,*,#6886,.F.);
#13265 = ORIENTED_EDGE('',*,*,#13266,.T.);
#13266 = EDGE_CURVE('',#6878,#1609,#13267,.T.);
#13267 = LINE('',#13268,#13269);
#13268 = CARTESIAN_POINT('',(191.74244942492,-149.5937247124,-4.6E-02));
#13269 = VECTOR('',#13270,1.);
#13270 = DIRECTION('',(-0.,-0.,-1.));
#13271 = CYLINDRICAL_SURFACE('',#13272,1.5);
#13272 = AXIS2_PLACEMENT_3D('',#13273,#13274,#13275);
#13273 = CARTESIAN_POINT('',(192.81,-148.54,-4.6E-02));
#13274 = DIRECTION('',(-0.,-0.,-1.));
#13275 = DIRECTION('',(-0.,-1.,0.));
#13276 = ADVANCED_FACE('',(#13277),#13283,.F.);
#13277 = FACE_BOUND('',#13278,.T.);
#13278 = EDGE_LOOP('',(#13279,#13280,#13281,#13282));
#13279 = ORIENTED_EDGE('',*,*,#13225,.F.);
#13280 = ORIENTED_EDGE('',*,*,#1608,.T.);
#13281 = ORIENTED_EDGE('',*,*,#13266,.F.);
#13282 = ORIENTED_EDGE('',*,*,#6877,.F.);
#13283 = CYLINDRICAL_SURFACE('',#13284,1.5);
#13284 = AXIS2_PLACEMENT_3D('',#13285,#13286,#13287);
#13285 = CARTESIAN_POINT('',(191.54,-151.08,-4.6E-02));
#13286 = DIRECTION('',(-0.,-0.,-1.));
#13287 = DIRECTION('',(-0.,-1.,0.));
#13288 = ADVANCED_FACE('',(#13289),#13305,.F.);
#13289 = FACE_BOUND('',#13290,.T.);
#13290 = EDGE_LOOP('',(#13291,#13292,#13298,#13299));
#13291 = ORIENTED_EDGE('',*,*,#1635,.T.);
#13292 = ORIENTED_EDGE('',*,*,#13293,.T.);
#13293 = EDGE_CURVE('',#1638,#6907,#13294,.T.);
#13294 = LINE('',#13295,#13296);
#13295 = CARTESIAN_POINT('',(194.5,-146.95,-4.6E-02));
#13296 = VECTOR('',#13297,1.);
#13297 = DIRECTION('',(0.,0.,1.));
#13298 = ORIENTED_EDGE('',*,*,#6904,.F.);
#13299 = ORIENTED_EDGE('',*,*,#13300,.T.);
#13300 = EDGE_CURVE('',#6905,#1636,#13301,.T.);
#13301 = LINE('',#13302,#13303);
#13302 = CARTESIAN_POINT('',(194.29,-145.0735012142,-4.6E-02));
#13303 = VECTOR('',#13304,1.);
#13304 = DIRECTION('',(-0.,-0.,-1.));
#13305 = CYLINDRICAL_SURFACE('',#13306,0.95);
#13306 = AXIS2_PLACEMENT_3D('',#13307,#13308,#13309);
#13307 = CARTESIAN_POINT('',(194.5,-146.,-4.6E-02));
#13308 = DIRECTION('',(-0.,-0.,-1.));
#13309 = DIRECTION('',(-0.,-1.,0.));
#13310 = ADVANCED_FACE('',(#13311),#13322,.F.);
#13311 = FACE_BOUND('',#13312,.T.);
#13312 = EDGE_LOOP('',(#13313,#13319,#13320,#13321));
#13313 = ORIENTED_EDGE('',*,*,#13314,.F.);
#13314 = EDGE_CURVE('',#1656,#6925,#13315,.T.);
#13315 = LINE('',#13316,#13317);
#13316 = CARTESIAN_POINT('',(194.08,-146.95,-4.6E-02));
#13317 = VECTOR('',#13318,1.);
#13318 = DIRECTION('',(0.,0.,1.));
#13319 = ORIENTED_EDGE('',*,*,#1664,.T.);
#13320 = ORIENTED_EDGE('',*,*,#13300,.F.);
#13321 = ORIENTED_EDGE('',*,*,#6933,.F.);
#13322 = CYLINDRICAL_SURFACE('',#13323,0.95);
#13323 = AXIS2_PLACEMENT_3D('',#13324,#13325,#13326);
#13324 = CARTESIAN_POINT('',(194.08,-146.,-4.6E-02));
#13325 = DIRECTION('',(-0.,0.,-1.));
#13326 = DIRECTION('',(2.991758887411E-14,-1.,-0.));
#13327 = ADVANCED_FACE('',(#13328),#13339,.F.);
#13328 = FACE_BOUND('',#13329,.T.);
#13329 = EDGE_LOOP('',(#13330,#13331,#13332,#13333));
#13330 = ORIENTED_EDGE('',*,*,#1655,.T.);
#13331 = ORIENTED_EDGE('',*,*,#13314,.T.);
#13332 = ORIENTED_EDGE('',*,*,#6924,.F.);
#13333 = ORIENTED_EDGE('',*,*,#13334,.T.);
#13334 = EDGE_CURVE('',#6916,#1647,#13335,.T.);
#13335 = LINE('',#13336,#13337);
#13336 = CARTESIAN_POINT('',(194.29,-146.9264987857,-4.6E-02));
#13337 = VECTOR('',#13338,1.);
#13338 = DIRECTION('',(-0.,-0.,-1.));
#13339 = CYLINDRICAL_SURFACE('',#13340,0.95);
#13340 = AXIS2_PLACEMENT_3D('',#13341,#13342,#13343);
#13341 = CARTESIAN_POINT('',(194.08,-146.,-4.6E-02));
#13342 = DIRECTION('',(-0.,0.,-1.));
#13343 = DIRECTION('',(2.991758887411E-14,-1.,-0.));
#13344 = ADVANCED_FACE('',(#13345),#13351,.F.);
#13345 = FACE_BOUND('',#13346,.T.);
#13346 = EDGE_LOOP('',(#13347,#13348,#13349,#13350));
#13347 = ORIENTED_EDGE('',*,*,#13293,.F.);
#13348 = ORIENTED_EDGE('',*,*,#1646,.T.);
#13349 = ORIENTED_EDGE('',*,*,#13334,.F.);
#13350 = ORIENTED_EDGE('',*,*,#6915,.F.);
#13351 = CYLINDRICAL_SURFACE('',#13352,0.95);
#13352 = AXIS2_PLACEMENT_3D('',#13353,#13354,#13355);
#13353 = CARTESIAN_POINT('',(194.5,-146.,-4.6E-02));
#13354 = DIRECTION('',(-0.,-0.,-1.));
#13355 = DIRECTION('',(-0.,-1.,0.));
#13356 = ADVANCED_FACE('',(#13357),#13368,.F.);
#13357 = FACE_BOUND('',#13358,.T.);
#13358 = EDGE_LOOP('',(#13359,#13360,#13366,#13367));
#13359 = ORIENTED_EDGE('',*,*,#1673,.T.);
#13360 = ORIENTED_EDGE('',*,*,#13361,.T.);
#13361 = EDGE_CURVE('',#1674,#6943,#13362,.T.);
#13362 = LINE('',#13363,#13364);
#13363 = CARTESIAN_POINT('',(216.467728,-161.353861,-4.6E-02));
#13364 = VECTOR('',#13365,1.);
#13365 = DIRECTION('',(0.,0.,1.));
#13366 = ORIENTED_EDGE('',*,*,#6942,.F.);
#13367 = ORIENTED_EDGE('',*,*,#13361,.F.);
#13368 = CYLINDRICAL_SURFACE('',#13369,1.1);
#13369 = AXIS2_PLACEMENT_3D('',#13370,#13371,#13372);
#13370 = CARTESIAN_POINT('',(216.467728,-160.253861,-4.6E-02));
#13371 = DIRECTION('',(-0.,-0.,-1.));
#13372 = DIRECTION('',(-0.,-1.,0.));
#13373 = ADVANCED_FACE('',(#13374),#13385,.F.);
#13374 = FACE_BOUND('',#13375,.T.);
#13375 = EDGE_LOOP('',(#13376,#13377,#13383,#13384));
#13376 = ORIENTED_EDGE('',*,*,#1684,.T.);
#13377 = ORIENTED_EDGE('',*,*,#13378,.T.);
#13378 = EDGE_CURVE('',#1685,#6954,#13379,.T.);
#13379 = LINE('',#13380,#13381);
#13380 = CARTESIAN_POINT('',(227.996432,-162.921882,-4.6E-02));
#13381 = VECTOR('',#13382,1.);
#13382 = DIRECTION('',(0.,0.,1.));
#13383 = ORIENTED_EDGE('',*,*,#6953,.F.);
#13384 = ORIENTED_EDGE('',*,*,#13378,.F.);
#13385 = CYLINDRICAL_SURFACE('',#13386,1.1);
#13386 = AXIS2_PLACEMENT_3D('',#13387,#13388,#13389);
#13387 = CARTESIAN_POINT('',(227.996432,-161.821882,-4.6E-02));
#13388 = DIRECTION('',(-0.,-0.,-1.));
#13389 = DIRECTION('',(-0.,-1.,0.));
#13390 = ADVANCED_FACE('',(#13391),#13407,.F.);
#13391 = FACE_BOUND('',#13392,.T.);
#13392 = EDGE_LOOP('',(#13393,#13394,#13400,#13401));
#13393 = ORIENTED_EDGE('',*,*,#1695,.T.);
#13394 = ORIENTED_EDGE('',*,*,#13395,.T.);
#13395 = EDGE_CURVE('',#1698,#6967,#13396,.T.);
#13396 = LINE('',#13397,#13398);
#13397 = CARTESIAN_POINT('',(223.022102,-151.068041,-4.6E-02));
#13398 = VECTOR('',#13399,1.);
#13399 = DIRECTION('',(0.,0.,1.));
#13400 = ORIENTED_EDGE('',*,*,#6964,.F.);
#13401 = ORIENTED_EDGE('',*,*,#13402,.T.);
#13402 = EDGE_CURVE('',#6965,#1696,#13403,.T.);
#13403 = LINE('',#13404,#13405);
#13404 = CARTESIAN_POINT('',(223.12037730892,-151.0648181923,-4.6E-02));
#13405 = VECTOR('',#13406,1.);
#13406 = DIRECTION('',(-0.,-0.,-1.));
#13407 = CYLINDRICAL_SURFACE('',#13408,1.5);
#13408 = AXIS2_PLACEMENT_3D('',#13409,#13410,#13411);
#13409 = CARTESIAN_POINT('',(223.022102,-149.568041,-4.6E-02));
#13410 = DIRECTION('',(-0.,-0.,-1.));
#13411 = DIRECTION('',(-0.,-1.,0.));
#13412 = ADVANCED_FACE('',(#13413),#13424,.F.);
#13413 = FACE_BOUND('',#13414,.T.);
#13414 = EDGE_LOOP('',(#13415,#13421,#13422,#13423));
#13415 = ORIENTED_EDGE('',*,*,#13416,.F.);
#13416 = EDGE_CURVE('',#1716,#6985,#13417,.T.);
#13417 = LINE('',#13418,#13419);
#13418 = CARTESIAN_POINT('',(224.111824,-153.690444,-4.6E-02));
#13419 = VECTOR('',#13420,1.);
#13420 = DIRECTION('',(0.,0.,1.));
#13421 = ORIENTED_EDGE('',*,*,#1724,.T.);
#13422 = ORIENTED_EDGE('',*,*,#13402,.F.);
#13423 = ORIENTED_EDGE('',*,*,#6993,.F.);
#13424 = CYLINDRICAL_SURFACE('',#13425,1.5);
#13425 = AXIS2_PLACEMENT_3D('',#13426,#13427,#13428);
#13426 = CARTESIAN_POINT('',(224.111824,-152.190444,-4.6E-02));
#13427 = DIRECTION('',(-0.,-0.,-1.));
#13428 = DIRECTION('',(-0.,-1.,0.));
#13429 = ADVANCED_FACE('',(#13430),#13441,.F.);
#13430 = FACE_BOUND('',#13431,.T.);
#13431 = EDGE_LOOP('',(#13432,#13433,#13434,#13435));
#13432 = ORIENTED_EDGE('',*,*,#1715,.T.);
#13433 = ORIENTED_EDGE('',*,*,#13416,.T.);
#13434 = ORIENTED_EDGE('',*,*,#6984,.F.);
#13435 = ORIENTED_EDGE('',*,*,#13436,.T.);
#13436 = EDGE_CURVE('',#6976,#1707,#13437,.T.);
#13437 = LINE('',#13438,#13439);
#13438 = CARTESIAN_POINT('',(224.01354869107,-150.6936668076,-4.6E-02));
#13439 = VECTOR('',#13440,1.);
#13440 = DIRECTION('',(-0.,-0.,-1.));
#13441 = CYLINDRICAL_SURFACE('',#13442,1.5);
#13442 = AXIS2_PLACEMENT_3D('',#13443,#13444,#13445);
#13443 = CARTESIAN_POINT('',(224.111824,-152.190444,-4.6E-02));
#13444 = DIRECTION('',(-0.,-0.,-1.));
#13445 = DIRECTION('',(-0.,-1.,0.));
#13446 = ADVANCED_FACE('',(#13447),#13453,.F.);
#13447 = FACE_BOUND('',#13448,.T.);
#13448 = EDGE_LOOP('',(#13449,#13450,#13451,#13452));
#13449 = ORIENTED_EDGE('',*,*,#13395,.F.);
#13450 = ORIENTED_EDGE('',*,*,#1706,.T.);
#13451 = ORIENTED_EDGE('',*,*,#13436,.F.);
#13452 = ORIENTED_EDGE('',*,*,#6975,.F.);
#13453 = CYLINDRICAL_SURFACE('',#13454,1.5);
#13454 = AXIS2_PLACEMENT_3D('',#13455,#13456,#13457);
#13455 = CARTESIAN_POINT('',(223.022102,-149.568041,-4.6E-02));
#13456 = DIRECTION('',(-0.,-0.,-1.));
#13457 = DIRECTION('',(-0.,-1.,0.));
#13458 = ADVANCED_FACE('',(#13459),#13475,.F.);
#13459 = FACE_BOUND('',#13460,.T.);
#13460 = EDGE_LOOP('',(#13461,#13462,#13468,#13469));
#13461 = ORIENTED_EDGE('',*,*,#1733,.T.);
#13462 = ORIENTED_EDGE('',*,*,#13463,.T.);
#13463 = EDGE_CURVE('',#1736,#7005,#13464,.T.);
#13464 = LINE('',#13465,#13466);
#13465 = CARTESIAN_POINT('',(221.932375,-147.895637,-4.6E-02));
#13466 = VECTOR('',#13467,1.);
#13467 = DIRECTION('',(0.,0.,1.));
#13468 = ORIENTED_EDGE('',*,*,#7002,.F.);
#13469 = ORIENTED_EDGE('',*,*,#13470,.T.);
#13470 = EDGE_CURVE('',#7003,#1734,#13471,.T.);
#13471 = LINE('',#13472,#13473);
#13472 = CARTESIAN_POINT('',(221.78751638902,-146.0067461741,-4.6E-02));
#13473 = VECTOR('',#13474,1.);
#13474 = DIRECTION('',(-0.,0.,-1.));
#13475 = CYLINDRICAL_SURFACE('',#13476,0.95);
#13476 = AXIS2_PLACEMENT_3D('',#13477,#13478,#13479);
#13477 = CARTESIAN_POINT('',(221.932375,-146.945637,-4.6E-02));
#13478 = DIRECTION('',(-0.,0.,-1.));
#13479 = DIRECTION('',(2.991758887411E-14,-1.,-0.));
#13480 = ADVANCED_FACE('',(#13481),#13492,.F.);
#13481 = FACE_BOUND('',#13482,.T.);
#13482 = EDGE_LOOP('',(#13483,#13489,#13490,#13491));
#13483 = ORIENTED_EDGE('',*,*,#13484,.F.);
#13484 = EDGE_CURVE('',#1754,#7023,#13485,.T.);
#13485 = LINE('',#13486,#13487);
#13486 = CARTESIAN_POINT('',(221.513398,-147.866339,-4.6E-02));
#13487 = VECTOR('',#13488,1.);
#13488 = DIRECTION('',(0.,0.,1.));
#13489 = ORIENTED_EDGE('',*,*,#1762,.T.);
#13490 = ORIENTED_EDGE('',*,*,#13470,.F.);
#13491 = ORIENTED_EDGE('',*,*,#7031,.F.);
#13492 = CYLINDRICAL_SURFACE('',#13493,0.95);
#13493 = AXIS2_PLACEMENT_3D('',#13494,#13495,#13496);
#13494 = CARTESIAN_POINT('',(221.513398,-146.916339,-4.6E-02));
#13495 = DIRECTION('',(-0.,-0.,-1.));
#13496 = DIRECTION('',(-0.,-1.,0.));
#13497 = ADVANCED_FACE('',(#13498),#13509,.F.);
#13498 = FACE_BOUND('',#13499,.T.);
#13499 = EDGE_LOOP('',(#13500,#13501,#13502,#13503));
#13500 = ORIENTED_EDGE('',*,*,#1753,.T.);
#13501 = ORIENTED_EDGE('',*,*,#13484,.T.);
#13502 = ORIENTED_EDGE('',*,*,#7022,.F.);
#13503 = ORIENTED_EDGE('',*,*,#13504,.T.);
#13504 = EDGE_CURVE('',#7014,#1745,#13505,.T.);
#13505 = LINE('',#13506,#13507);
#13506 = CARTESIAN_POINT('',(221.65825661097,-147.8552298258,-4.6E-02));
#13507 = VECTOR('',#13508,1.);
#13508 = DIRECTION('',(-0.,0.,-1.));
#13509 = CYLINDRICAL_SURFACE('',#13510,0.95);
#13510 = AXIS2_PLACEMENT_3D('',#13511,#13512,#13513);
#13511 = CARTESIAN_POINT('',(221.513398,-146.916339,-4.6E-02));
#13512 = DIRECTION('',(-0.,-0.,-1.));
#13513 = DIRECTION('',(-0.,-1.,0.));
#13514 = ADVANCED_FACE('',(#13515),#13521,.F.);
#13515 = FACE_BOUND('',#13516,.T.);
#13516 = EDGE_LOOP('',(#13517,#13518,#13519,#13520));
#13517 = ORIENTED_EDGE('',*,*,#13463,.F.);
#13518 = ORIENTED_EDGE('',*,*,#1744,.T.);
#13519 = ORIENTED_EDGE('',*,*,#13504,.F.);
#13520 = ORIENTED_EDGE('',*,*,#7013,.F.);
#13521 = CYLINDRICAL_SURFACE('',#13522,0.95);
#13522 = AXIS2_PLACEMENT_3D('',#13523,#13524,#13525);
#13523 = CARTESIAN_POINT('',(221.932375,-146.945637,-4.6E-02));
#13524 = DIRECTION('',(-0.,0.,-1.));
#13525 = DIRECTION('',(2.991758887411E-14,-1.,-0.));
#13526 = ADVANCED_FACE('',(#13527),#13538,.F.);
#13527 = FACE_BOUND('',#13528,.T.);
#13528 = EDGE_LOOP('',(#13529,#13530,#13536,#13537));
#13529 = ORIENTED_EDGE('',*,*,#1771,.T.);
#13530 = ORIENTED_EDGE('',*,*,#13531,.T.);
#13531 = EDGE_CURVE('',#1772,#7041,#13532,.T.);
#13532 = LINE('',#13533,#13534);
#13533 = CARTESIAN_POINT('',(227.,-149.8,-4.6E-02));
#13534 = VECTOR('',#13535,1.);
#13535 = DIRECTION('',(0.,0.,1.));
#13536 = ORIENTED_EDGE('',*,*,#7040,.F.);
#13537 = ORIENTED_EDGE('',*,*,#13531,.F.);
#13538 = CYLINDRICAL_SURFACE('',#13539,2.5);
#13539 = AXIS2_PLACEMENT_3D('',#13540,#13541,#13542);
#13540 = CARTESIAN_POINT('',(227.,-147.3,-4.6E-02));
#13541 = DIRECTION('',(-0.,-0.,-1.));
#13542 = DIRECTION('',(-0.,-1.,0.));
#13543 = ADVANCED_FACE('',(#13544),#13560,.F.);
#13544 = FACE_BOUND('',#13545,.T.);
#13545 = EDGE_LOOP('',(#13546,#13547,#13553,#13554));
#13546 = ORIENTED_EDGE('',*,*,#1782,.T.);
#13547 = ORIENTED_EDGE('',*,*,#13548,.T.);
#13548 = EDGE_CURVE('',#1785,#7054,#13549,.T.);
#13549 = LINE('',#13550,#13551);
#13550 = CARTESIAN_POINT('',(229.17945,-154.044807,-4.6E-02));
#13551 = VECTOR('',#13552,1.);
#13552 = DIRECTION('',(0.,0.,1.));
#13553 = ORIENTED_EDGE('',*,*,#7051,.F.);
#13554 = ORIENTED_EDGE('',*,*,#13555,.T.);
#13555 = EDGE_CURVE('',#7052,#1783,#13556,.T.);
#13556 = LINE('',#13557,#13558);
#13557 = CARTESIAN_POINT('',(230.31790411399,-151.5681175763,-4.6E-02));
#13558 = VECTOR('',#13559,1.);
#13559 = DIRECTION('',(-0.,-0.,-1.));
#13560 = CYLINDRICAL_SURFACE('',#13561,1.5);
#13561 = AXIS2_PLACEMENT_3D('',#13562,#13563,#13564);
#13562 = CARTESIAN_POINT('',(229.17945,-152.544807,-4.6E-02));
#13563 = DIRECTION('',(-0.,-0.,-1.));
#13564 = DIRECTION('',(-0.,-1.,0.));
#13565 = ADVANCED_FACE('',(#13566),#13577,.F.);
#13566 = FACE_BOUND('',#13567,.T.);
#13567 = EDGE_LOOP('',(#13568,#13574,#13575,#13576));
#13568 = ORIENTED_EDGE('',*,*,#13569,.F.);
#13569 = EDGE_CURVE('',#1803,#7072,#13570,.T.);
#13570 = LINE('',#13571,#13572);
#13571 = CARTESIAN_POINT('',(230.623538,-151.599585,-4.6E-02));
#13572 = VECTOR('',#13573,1.);
#13573 = DIRECTION('',(0.,0.,1.));
#13574 = ORIENTED_EDGE('',*,*,#1811,.T.);
#13575 = ORIENTED_EDGE('',*,*,#13555,.F.);
#13576 = ORIENTED_EDGE('',*,*,#7080,.F.);
#13577 = CYLINDRICAL_SURFACE('',#13578,1.5);
#13578 = AXIS2_PLACEMENT_3D('',#13579,#13580,#13581);
#13579 = CARTESIAN_POINT('',(230.623538,-150.099585,-4.6E-02));
#13580 = DIRECTION('',(-0.,-0.,-1.));
#13581 = DIRECTION('',(-0.,-1.,0.));
#13582 = ADVANCED_FACE('',(#13583),#13594,.F.);
#13583 = FACE_BOUND('',#13584,.T.);
#13584 = EDGE_LOOP('',(#13585,#13586,#13587,#13588));
#13585 = ORIENTED_EDGE('',*,*,#1802,.T.);
#13586 = ORIENTED_EDGE('',*,*,#13569,.T.);
#13587 = ORIENTED_EDGE('',*,*,#7071,.F.);
#13588 = ORIENTED_EDGE('',*,*,#13589,.T.);
#13589 = EDGE_CURVE('',#7063,#1794,#13590,.T.);
#13590 = LINE('',#13591,#13592);
#13591 = CARTESIAN_POINT('',(229.485083886,-151.0762744236,-4.6E-02));
#13592 = VECTOR('',#13593,1.);
#13593 = DIRECTION('',(-0.,-0.,-1.));
#13594 = CYLINDRICAL_SURFACE('',#13595,1.5);
#13595 = AXIS2_PLACEMENT_3D('',#13596,#13597,#13598);
#13596 = CARTESIAN_POINT('',(230.623538,-150.099585,-4.6E-02));
#13597 = DIRECTION('',(-0.,-0.,-1.));
#13598 = DIRECTION('',(-0.,-1.,0.));
#13599 = ADVANCED_FACE('',(#13600),#13606,.F.);
#13600 = FACE_BOUND('',#13601,.T.);
#13601 = EDGE_LOOP('',(#13602,#13603,#13604,#13605));
#13602 = ORIENTED_EDGE('',*,*,#13548,.F.);
#13603 = ORIENTED_EDGE('',*,*,#1793,.T.);
#13604 = ORIENTED_EDGE('',*,*,#13589,.F.);
#13605 = ORIENTED_EDGE('',*,*,#7062,.F.);
#13606 = CYLINDRICAL_SURFACE('',#13607,1.5);
#13607 = AXIS2_PLACEMENT_3D('',#13608,#13609,#13610);
#13608 = CARTESIAN_POINT('',(229.17945,-152.544807,-4.6E-02));
#13609 = DIRECTION('',(-0.,-0.,-1.));
#13610 = DIRECTION('',(-0.,-1.,0.));
#13611 = ADVANCED_FACE('',(#13612),#13628,.F.);
#13612 = FACE_BOUND('',#13613,.T.);
#13613 = EDGE_LOOP('',(#13614,#13615,#13621,#13622));
#13614 = ORIENTED_EDGE('',*,*,#1820,.T.);
#13615 = ORIENTED_EDGE('',*,*,#13616,.T.);
#13616 = EDGE_CURVE('',#1823,#7092,#13617,.T.);
#13617 = LINE('',#13618,#13619);
#13618 = CARTESIAN_POINT('',(232.067625,-148.604363,-4.6E-02));
#13619 = VECTOR('',#13620,1.);
#13620 = DIRECTION('',(0.,0.,1.));
#13621 = ORIENTED_EDGE('',*,*,#7089,.F.);
#13622 = ORIENTED_EDGE('',*,*,#13623,.T.);
#13623 = EDGE_CURVE('',#7090,#1821,#13624,.T.);
#13624 = LINE('',#13625,#13626);
#13625 = CARTESIAN_POINT('',(232.21248361097,-148.5932538258,-4.6E-02));
#13626 = VECTOR('',#13627,1.);
#13627 = DIRECTION('',(-0.,-0.,-1.));
#13628 = CYLINDRICAL_SURFACE('',#13629,0.95);
#13629 = AXIS2_PLACEMENT_3D('',#13630,#13631,#13632);
#13630 = CARTESIAN_POINT('',(232.067625,-147.654363,-4.6E-02));
#13631 = DIRECTION('',(-0.,-0.,-1.));
#13632 = DIRECTION('',(-2.991758887411E-14,-1.,0.));
#13633 = ADVANCED_FACE('',(#13634),#13645,.F.);
#13634 = FACE_BOUND('',#13635,.T.);
#13635 = EDGE_LOOP('',(#13636,#13642,#13643,#13644));
#13636 = ORIENTED_EDGE('',*,*,#13637,.F.);
#13637 = EDGE_CURVE('',#1841,#7110,#13638,.T.);
#13638 = LINE('',#13639,#13640);
#13639 = CARTESIAN_POINT('',(232.486602,-148.633661,-4.6E-02));
#13640 = VECTOR('',#13641,1.);
#13641 = DIRECTION('',(0.,0.,1.));
#13642 = ORIENTED_EDGE('',*,*,#1849,.T.);
#13643 = ORIENTED_EDGE('',*,*,#13623,.F.);
#13644 = ORIENTED_EDGE('',*,*,#7118,.F.);
#13645 = CYLINDRICAL_SURFACE('',#13646,0.95);
#13646 = AXIS2_PLACEMENT_3D('',#13647,#13648,#13649);
#13647 = CARTESIAN_POINT('',(232.486602,-147.683661,-4.6E-02));
#13648 = DIRECTION('',(-0.,-0.,-1.));
#13649 = DIRECTION('',(-0.,-1.,0.));
#13650 = ADVANCED_FACE('',(#13651),#13662,.F.);
#13651 = FACE_BOUND('',#13652,.T.);
#13652 = EDGE_LOOP('',(#13653,#13654,#13655,#13656));
#13653 = ORIENTED_EDGE('',*,*,#1840,.T.);
#13654 = ORIENTED_EDGE('',*,*,#13637,.T.);
#13655 = ORIENTED_EDGE('',*,*,#7109,.F.);
#13656 = ORIENTED_EDGE('',*,*,#13657,.T.);
#13657 = EDGE_CURVE('',#7101,#1832,#13658,.T.);
#13658 = LINE('',#13659,#13660);
#13659 = CARTESIAN_POINT('',(232.34174338902,-146.7447701741,-4.6E-02));
#13660 = VECTOR('',#13661,1.);
#13661 = DIRECTION('',(-0.,-0.,-1.));
#13662 = CYLINDRICAL_SURFACE('',#13663,0.95);
#13663 = AXIS2_PLACEMENT_3D('',#13664,#13665,#13666);
#13664 = CARTESIAN_POINT('',(232.486602,-147.683661,-4.6E-02));
#13665 = DIRECTION('',(-0.,-0.,-1.));
#13666 = DIRECTION('',(-0.,-1.,0.));
#13667 = ADVANCED_FACE('',(#13668),#13674,.F.);
#13668 = FACE_BOUND('',#13669,.T.);
#13669 = EDGE_LOOP('',(#13670,#13671,#13672,#13673));
#13670 = ORIENTED_EDGE('',*,*,#13616,.F.);
#13671 = ORIENTED_EDGE('',*,*,#1831,.T.);
#13672 = ORIENTED_EDGE('',*,*,#13657,.F.);
#13673 = ORIENTED_EDGE('',*,*,#7100,.F.);
#13674 = CYLINDRICAL_SURFACE('',#13675,0.95);
#13675 = AXIS2_PLACEMENT_3D('',#13676,#13677,#13678);
#13676 = CARTESIAN_POINT('',(232.067625,-147.654363,-4.6E-02));
#13677 = DIRECTION('',(-0.,-0.,-1.));
#13678 = DIRECTION('',(-2.991758887411E-14,-1.,0.));
#13679 = ADVANCED_FACE('',(#13680),#13696,.F.);
#13680 = FACE_BOUND('',#13681,.T.);
#13681 = EDGE_LOOP('',(#13682,#13683,#13689,#13690));
#13682 = ORIENTED_EDGE('',*,*,#1858,.T.);
#13683 = ORIENTED_EDGE('',*,*,#13684,.T.);
#13684 = EDGE_CURVE('',#1861,#7130,#13685,.T.);
#13685 = LINE('',#13686,#13687);
#13686 = CARTESIAN_POINT('',(246.507272,-168.288916,-4.6E-02));
#13687 = VECTOR('',#13688,1.);
#13688 = DIRECTION('',(0.,0.,1.));
#13689 = ORIENTED_EDGE('',*,*,#7127,.F.);
#13690 = ORIENTED_EDGE('',*,*,#13691,.T.);
#13691 = EDGE_CURVE('',#7128,#1859,#13692,.T.);
#13692 = LINE('',#13693,#13694);
#13693 = CARTESIAN_POINT('',(247.74158108385,-165.936577402,-4.6E-02));
#13694 = VECTOR('',#13695,1.);
#13695 = DIRECTION('',(-0.,-0.,-1.));
#13696 = CYLINDRICAL_SURFACE('',#13697,1.5);
#13697 = AXIS2_PLACEMENT_3D('',#13698,#13699,#13700);
#13698 = CARTESIAN_POINT('',(246.507272,-166.788916,-4.6E-02));
#13699 = DIRECTION('',(-0.,-0.,-1.));
#13700 = DIRECTION('',(-0.,-1.,0.));
#13701 = ADVANCED_FACE('',(#13702),#13713,.F.);
#13702 = FACE_BOUND('',#13703,.T.);
#13703 = EDGE_LOOP('',(#13704,#13710,#13711,#13712));
#13704 = ORIENTED_EDGE('',*,*,#13705,.F.);
#13705 = EDGE_CURVE('',#1879,#7148,#13706,.T.);
#13706 = LINE('',#13707,#13708);
#13707 = CARTESIAN_POINT('',(248.199044,-166.008037,-4.6E-02));
#13708 = VECTOR('',#13709,1.);
#13709 = DIRECTION('',(0.,0.,1.));
#13710 = ORIENTED_EDGE('',*,*,#1887,.T.);
#13711 = ORIENTED_EDGE('',*,*,#13691,.F.);
#13712 = ORIENTED_EDGE('',*,*,#7156,.F.);
#13713 = CYLINDRICAL_SURFACE('',#13714,1.5);
#13714 = AXIS2_PLACEMENT_3D('',#13715,#13716,#13717);
#13715 = CARTESIAN_POINT('',(248.199044,-164.508037,-4.6E-02));
#13716 = DIRECTION('',(-0.,-0.,-1.));
#13717 = DIRECTION('',(-0.,-1.,0.));
#13718 = ADVANCED_FACE('',(#13719),#13730,.F.);
#13719 = FACE_BOUND('',#13720,.T.);
#13720 = EDGE_LOOP('',(#13721,#13722,#13723,#13724));
#13721 = ORIENTED_EDGE('',*,*,#1878,.T.);
#13722 = ORIENTED_EDGE('',*,*,#13705,.T.);
#13723 = ORIENTED_EDGE('',*,*,#7147,.F.);
#13724 = ORIENTED_EDGE('',*,*,#13725,.T.);
#13725 = EDGE_CURVE('',#7139,#1870,#13726,.T.);
#13726 = LINE('',#13727,#13728);
#13727 = CARTESIAN_POINT('',(246.96473491614,-165.3603755979,-4.6E-02));
#13728 = VECTOR('',#13729,1.);
#13729 = DIRECTION('',(-0.,-0.,-1.));
#13730 = CYLINDRICAL_SURFACE('',#13731,1.5);
#13731 = AXIS2_PLACEMENT_3D('',#13732,#13733,#13734);
#13732 = CARTESIAN_POINT('',(248.199044,-164.508037,-4.6E-02));
#13733 = DIRECTION('',(-0.,-0.,-1.));
#13734 = DIRECTION('',(-0.,-1.,0.));
#13735 = ADVANCED_FACE('',(#13736),#13742,.F.);
#13736 = FACE_BOUND('',#13737,.T.);
#13737 = EDGE_LOOP('',(#13738,#13739,#13740,#13741));
#13738 = ORIENTED_EDGE('',*,*,#13684,.F.);
#13739 = ORIENTED_EDGE('',*,*,#1869,.T.);
#13740 = ORIENTED_EDGE('',*,*,#13725,.F.);
#13741 = ORIENTED_EDGE('',*,*,#7138,.F.);
#13742 = CYLINDRICAL_SURFACE('',#13743,1.5);
#13743 = AXIS2_PLACEMENT_3D('',#13744,#13745,#13746);
#13744 = CARTESIAN_POINT('',(246.507272,-166.788916,-4.6E-02));
#13745 = DIRECTION('',(-0.,-0.,-1.));
#13746 = DIRECTION('',(-0.,-1.,0.));
#13747 = ADVANCED_FACE('',(#13748),#13764,.F.);
#13748 = FACE_BOUND('',#13749,.T.);
#13749 = EDGE_LOOP('',(#13750,#13756,#13757,#13763));
#13750 = ORIENTED_EDGE('',*,*,#13751,.F.);
#13751 = EDGE_CURVE('',#1897,#7166,#13752,.T.);
#13752 = LINE('',#13753,#13754);
#13753 = CARTESIAN_POINT('',(241.504449,-167.406783,-4.6E-02));
#13754 = VECTOR('',#13755,1.);
#13755 = DIRECTION('',(0.,0.,1.));
#13756 = ORIENTED_EDGE('',*,*,#1896,.T.);
#13757 = ORIENTED_EDGE('',*,*,#13758,.F.);
#13758 = EDGE_CURVE('',#7168,#1899,#13759,.T.);
#13759 = LINE('',#13760,#13761);
#13760 = CARTESIAN_POINT('',(240.63609442803,-164.6836884258,-4.6E-02));
#13761 = VECTOR('',#13762,1.);
#13762 = DIRECTION('',(-0.,-0.,-1.));
#13763 = ORIENTED_EDGE('',*,*,#7165,.F.);
#13764 = CYLINDRICAL_SURFACE('',#13765,1.5);
#13765 = AXIS2_PLACEMENT_3D('',#13766,#13767,#13768);
#13766 = CARTESIAN_POINT('',(241.504449,-165.906783,-4.6E-02));
#13767 = DIRECTION('',(-0.,-0.,-1.));
#13768 = DIRECTION('',(-0.,-1.,0.));
#13769 = ADVANCED_FACE('',(#13770),#13781,.F.);
#13770 = FACE_BOUND('',#13771,.T.);
#13771 = EDGE_LOOP('',(#13772,#13773,#13774,#13775));
#13772 = ORIENTED_EDGE('',*,*,#1916,.T.);
#13773 = ORIENTED_EDGE('',*,*,#13751,.T.);
#13774 = ORIENTED_EDGE('',*,*,#7185,.F.);
#13775 = ORIENTED_EDGE('',*,*,#13776,.T.);
#13776 = EDGE_CURVE('',#7177,#1908,#13777,.T.);
#13777 = LINE('',#13778,#13779);
#13778 = CARTESIAN_POINT('',(241.56316357196,-164.4079325741,-4.6E-02));
#13779 = VECTOR('',#13780,1.);
#13780 = DIRECTION('',(-0.,-0.,-1.));
#13781 = CYLINDRICAL_SURFACE('',#13782,1.5);
#13782 = AXIS2_PLACEMENT_3D('',#13783,#13784,#13785);
#13783 = CARTESIAN_POINT('',(241.504449,-165.906783,-4.6E-02));
#13784 = DIRECTION('',(-0.,-0.,-1.));
#13785 = DIRECTION('',(-0.,-1.,0.));
#13786 = ADVANCED_FACE('',(#13787),#13793,.F.);
#13787 = FACE_BOUND('',#13788,.T.);
#13788 = EDGE_LOOP('',(#13789,#13790,#13791,#13792));
#13789 = ORIENTED_EDGE('',*,*,#13758,.T.);
#13790 = ORIENTED_EDGE('',*,*,#1907,.T.);
#13791 = ORIENTED_EDGE('',*,*,#13776,.F.);
#13792 = ORIENTED_EDGE('',*,*,#7176,.F.);
#13793 = CYLINDRICAL_SURFACE('',#13794,1.5);
#13794 = AXIS2_PLACEMENT_3D('',#13795,#13796,#13797);
#13795 = CARTESIAN_POINT('',(240.694809,-163.184838,-4.6E-02));
#13796 = DIRECTION('',(-0.,-0.,-1.));
#13797 = DIRECTION('',(-0.,-1.,0.));
#13798 = ADVANCED_FACE('',(#13799),#13815,.F.);
#13799 = FACE_BOUND('',#13800,.T.);
#13800 = EDGE_LOOP('',(#13801,#13802,#13808,#13809));
#13801 = ORIENTED_EDGE('',*,*,#1925,.T.);
#13802 = ORIENTED_EDGE('',*,*,#13803,.T.);
#13803 = EDGE_CURVE('',#1928,#7197,#13804,.T.);
#13804 = LINE('',#13805,#13806);
#13805 = CARTESIAN_POINT('',(239.47155,-161.339961,-4.6E-02));
#13806 = VECTOR('',#13807,1.);
#13807 = DIRECTION('',(0.,0.,1.));
#13808 = ORIENTED_EDGE('',*,*,#7194,.F.);
#13809 = ORIENTED_EDGE('',*,*,#13810,.T.);
#13810 = EDGE_CURVE('',#7195,#1926,#13811,.T.);
#13811 = LINE('',#13812,#13813);
#13812 = CARTESIAN_POINT('',(239.51747597037,-161.3388502481,-4.6E-02));
#13813 = VECTOR('',#13814,1.);
#13814 = DIRECTION('',(-0.,0.,-1.));
#13815 = CYLINDRICAL_SURFACE('',#13816,0.95);
#13816 = AXIS2_PLACEMENT_3D('',#13817,#13818,#13819);
#13817 = CARTESIAN_POINT('',(239.47155,-160.389961,-4.6E-02));
#13818 = DIRECTION('',(-0.,0.,-1.));
#13819 = DIRECTION('',(2.991758887411E-14,-1.,-0.));
#13820 = ADVANCED_FACE('',(#13821),#13832,.F.);
#13821 = FACE_BOUND('',#13822,.T.);
#13822 = EDGE_LOOP('',(#13823,#13829,#13830,#13831));
#13823 = ORIENTED_EDGE('',*,*,#13824,.F.);
#13824 = EDGE_CURVE('',#1946,#7215,#13825,.T.);
#13825 = LINE('',#13826,#13827);
#13826 = CARTESIAN_POINT('',(239.88517,-161.412893,-4.6E-02));
#13827 = VECTOR('',#13828,1.);
#13828 = DIRECTION('',(0.,0.,1.));
#13829 = ORIENTED_EDGE('',*,*,#1954,.T.);
#13830 = ORIENTED_EDGE('',*,*,#13810,.F.);
#13831 = ORIENTED_EDGE('',*,*,#7223,.F.);
#13832 = CYLINDRICAL_SURFACE('',#13833,0.95);
#13833 = AXIS2_PLACEMENT_3D('',#13834,#13835,#13836);
#13834 = CARTESIAN_POINT('',(239.88517,-160.462893,-4.6E-02));
#13835 = DIRECTION('',(-0.,-0.,-1.));
#13836 = DIRECTION('',(-2.991758887411E-14,-1.,0.));
#13837 = ADVANCED_FACE('',(#13838),#13849,.F.);
#13838 = FACE_BOUND('',#13839,.T.);
#13839 = EDGE_LOOP('',(#13840,#13841,#13842,#13843));
#13840 = ORIENTED_EDGE('',*,*,#1945,.T.);
#13841 = ORIENTED_EDGE('',*,*,#13824,.T.);
#13842 = ORIENTED_EDGE('',*,*,#7214,.F.);
#13843 = ORIENTED_EDGE('',*,*,#13844,.T.);
#13844 = EDGE_CURVE('',#7206,#1937,#13845,.T.);
#13845 = LINE('',#13846,#13847);
#13846 = CARTESIAN_POINT('',(239.83924402962,-159.5140037518,-4.6E-02));
#13847 = VECTOR('',#13848,1.);
#13848 = DIRECTION('',(-0.,0.,-1.));
#13849 = CYLINDRICAL_SURFACE('',#13850,0.95);
#13850 = AXIS2_PLACEMENT_3D('',#13851,#13852,#13853);
#13851 = CARTESIAN_POINT('',(239.88517,-160.462893,-4.6E-02));
#13852 = DIRECTION('',(-0.,-0.,-1.));
#13853 = DIRECTION('',(-2.991758887411E-14,-1.,0.));
#13854 = ADVANCED_FACE('',(#13855),#13861,.F.);
#13855 = FACE_BOUND('',#13856,.T.);
#13856 = EDGE_LOOP('',(#13857,#13858,#13859,#13860));
#13857 = ORIENTED_EDGE('',*,*,#13803,.F.);
#13858 = ORIENTED_EDGE('',*,*,#1936,.T.);
#13859 = ORIENTED_EDGE('',*,*,#13844,.F.);
#13860 = ORIENTED_EDGE('',*,*,#7205,.F.);
#13861 = CYLINDRICAL_SURFACE('',#13862,0.95);
#13862 = AXIS2_PLACEMENT_3D('',#13863,#13864,#13865);
#13863 = CARTESIAN_POINT('',(239.47155,-160.389961,-4.6E-02));
#13864 = DIRECTION('',(-0.,0.,-1.));
#13865 = DIRECTION('',(2.991758887411E-14,-1.,-0.));
#13866 = ADVANCED_FACE('',(#13867),#13878,.F.);
#13867 = FACE_BOUND('',#13868,.T.);
#13868 = EDGE_LOOP('',(#13869,#13870,#13876,#13877));
#13869 = ORIENTED_EDGE('',*,*,#1963,.T.);
#13870 = ORIENTED_EDGE('',*,*,#13871,.T.);
#13871 = EDGE_CURVE('',#1964,#7233,#13872,.T.);
#13872 = LINE('',#13873,#13874);
#13873 = CARTESIAN_POINT('',(244.887993,-163.845026,-4.6E-02));
#13874 = VECTOR('',#13875,1.);
#13875 = DIRECTION('',(0.,0.,1.));
#13876 = ORIENTED_EDGE('',*,*,#7232,.F.);
#13877 = ORIENTED_EDGE('',*,*,#13871,.F.);
#13878 = CYLINDRICAL_SURFACE('',#13879,2.5);
#13879 = AXIS2_PLACEMENT_3D('',#13880,#13881,#13882);
#13880 = CARTESIAN_POINT('',(244.887993,-161.345026,-4.6E-02));
#13881 = DIRECTION('',(-0.,-0.,-1.));
#13882 = DIRECTION('',(-0.,-1.,0.));
#13883 = ADVANCED_FACE('',(#13884),#13900,.F.);
#13884 = FACE_BOUND('',#13885,.T.);
#13885 = EDGE_LOOP('',(#13886,#13887,#13893,#13894));
#13886 = ORIENTED_EDGE('',*,*,#1974,.T.);
#13887 = ORIENTED_EDGE('',*,*,#13888,.T.);
#13888 = EDGE_CURVE('',#1977,#7246,#13889,.T.);
#13889 = LINE('',#13890,#13891);
#13890 = CARTESIAN_POINT('',(250.304436,-163.250091,-4.6E-02));
#13891 = VECTOR('',#13892,1.);
#13892 = DIRECTION('',(0.,0.,1.));
#13893 = ORIENTED_EDGE('',*,*,#7243,.F.);
#13894 = ORIENTED_EDGE('',*,*,#13895,.T.);
#13895 = EDGE_CURVE('',#7244,#1975,#13896,.T.);
#13896 = LINE('',#13897,#13898);
#13897 = CARTESIAN_POINT('',(250.25851002962,-161.3512017518,-4.6E-02));
#13898 = VECTOR('',#13899,1.);
#13899 = DIRECTION('',(-0.,-0.,-1.));
#13900 = CYLINDRICAL_SURFACE('',#13901,0.95);
#13901 = AXIS2_PLACEMENT_3D('',#13902,#13903,#13904);
#13902 = CARTESIAN_POINT('',(250.304436,-162.300091,-4.6E-02));
#13903 = DIRECTION('',(-0.,-0.,-1.));
#13904 = DIRECTION('',(-0.,-1.,0.));
#13905 = ADVANCED_FACE('',(#13906),#13917,.F.);
#13906 = FACE_BOUND('',#13907,.T.);
#13907 = EDGE_LOOP('',(#13908,#13914,#13915,#13916));
#13908 = ORIENTED_EDGE('',*,*,#13909,.F.);
#13909 = EDGE_CURVE('',#1995,#7264,#13910,.T.);
#13910 = LINE('',#13911,#13912);
#13911 = CARTESIAN_POINT('',(249.890816,-163.177159,-4.6E-02));
#13912 = VECTOR('',#13913,1.);
#13913 = DIRECTION('',(0.,0.,1.));
#13914 = ORIENTED_EDGE('',*,*,#2003,.T.);
#13915 = ORIENTED_EDGE('',*,*,#13895,.F.);
#13916 = ORIENTED_EDGE('',*,*,#7272,.F.);
#13917 = CYLINDRICAL_SURFACE('',#13918,0.95);
#13918 = AXIS2_PLACEMENT_3D('',#13919,#13920,#13921);
#13919 = CARTESIAN_POINT('',(249.890816,-162.227159,-4.6E-02));
#13920 = DIRECTION('',(-0.,-0.,-1.));
#13921 = DIRECTION('',(-0.,-1.,0.));
#13922 = ADVANCED_FACE('',(#13923),#13934,.F.);
#13923 = FACE_BOUND('',#13924,.T.);
#13924 = EDGE_LOOP('',(#13925,#13926,#13927,#13928));
#13925 = ORIENTED_EDGE('',*,*,#1994,.T.);
#13926 = ORIENTED_EDGE('',*,*,#13909,.T.);
#13927 = ORIENTED_EDGE('',*,*,#7263,.F.);
#13928 = ORIENTED_EDGE('',*,*,#13929,.T.);
#13929 = EDGE_CURVE('',#7255,#1986,#13930,.T.);
#13930 = LINE('',#13931,#13932);
#13931 = CARTESIAN_POINT('',(249.93674197037,-163.1760482481,-4.6E-02));
#13932 = VECTOR('',#13933,1.);
#13933 = DIRECTION('',(-0.,-0.,-1.));
#13934 = CYLINDRICAL_SURFACE('',#13935,0.95);
#13935 = AXIS2_PLACEMENT_3D('',#13936,#13937,#13938);
#13936 = CARTESIAN_POINT('',(249.890816,-162.227159,-4.6E-02));
#13937 = DIRECTION('',(-0.,-0.,-1.));
#13938 = DIRECTION('',(-0.,-1.,0.));
#13939 = ADVANCED_FACE('',(#13940),#13946,.F.);
#13940 = FACE_BOUND('',#13941,.T.);
#13941 = EDGE_LOOP('',(#13942,#13943,#13944,#13945));
#13942 = ORIENTED_EDGE('',*,*,#13888,.F.);
#13943 = ORIENTED_EDGE('',*,*,#1985,.T.);
#13944 = ORIENTED_EDGE('',*,*,#13929,.F.);
#13945 = ORIENTED_EDGE('',*,*,#7254,.F.);
#13946 = CYLINDRICAL_SURFACE('',#13947,0.95);
#13947 = AXIS2_PLACEMENT_3D('',#13948,#13949,#13950);
#13948 = CARTESIAN_POINT('',(250.304436,-162.300091,-4.6E-02));
#13949 = DIRECTION('',(-0.,-0.,-1.));
#13950 = DIRECTION('',(-0.,-1.,0.));
#13951 = ADVANCED_FACE('',(#13952),#13968,.F.);
#13952 = FACE_BOUND('',#13953,.T.);
#13953 = EDGE_LOOP('',(#13954,#13960,#13961,#13967));
#13954 = ORIENTED_EDGE('',*,*,#13955,.F.);
#13955 = EDGE_CURVE('',#2013,#7282,#13956,.T.);
#13956 = LINE('',#13957,#13958);
#13957 = CARTESIAN_POINT('',(261.084037,-165.78206,-4.6E-02));
#13958 = VECTOR('',#13959,1.);
#13959 = DIRECTION('',(0.,0.,1.));
#13960 = ORIENTED_EDGE('',*,*,#2012,.T.);
#13961 = ORIENTED_EDGE('',*,*,#13962,.F.);
#13962 = EDGE_CURVE('',#7284,#2015,#13963,.T.);
#13963 = LINE('',#13964,#13965);
#13964 = CARTESIAN_POINT('',(260.21568242803,-163.0589654258,-4.6E-02));
#13965 = VECTOR('',#13966,1.);
#13966 = DIRECTION('',(-0.,-0.,-1.));
#13967 = ORIENTED_EDGE('',*,*,#7281,.F.);
#13968 = CYLINDRICAL_SURFACE('',#13969,1.5);
#13969 = AXIS2_PLACEMENT_3D('',#13970,#13971,#13972);
#13970 = CARTESIAN_POINT('',(261.084037,-164.28206,-4.6E-02));
#13971 = DIRECTION('',(-0.,-0.,-1.));
#13972 = DIRECTION('',(-0.,-1.,0.));
#13973 = ADVANCED_FACE('',(#13974),#13985,.F.);
#13974 = FACE_BOUND('',#13975,.T.);
#13975 = EDGE_LOOP('',(#13976,#13977,#13978,#13979));
#13976 = ORIENTED_EDGE('',*,*,#2032,.T.);
#13977 = ORIENTED_EDGE('',*,*,#13955,.T.);
#13978 = ORIENTED_EDGE('',*,*,#7301,.F.);
#13979 = ORIENTED_EDGE('',*,*,#13980,.T.);
#13980 = EDGE_CURVE('',#7293,#2024,#13981,.T.);
#13981 = LINE('',#13982,#13983);
#13982 = CARTESIAN_POINT('',(261.14275157196,-162.7832095741,-4.6E-02));
#13983 = VECTOR('',#13984,1.);
#13984 = DIRECTION('',(-0.,-0.,-1.));
#13985 = CYLINDRICAL_SURFACE('',#13986,1.5);
#13986 = AXIS2_PLACEMENT_3D('',#13987,#13988,#13989);
#13987 = CARTESIAN_POINT('',(261.084037,-164.28206,-4.6E-02));
#13988 = DIRECTION('',(-0.,-0.,-1.));
#13989 = DIRECTION('',(-0.,-1.,0.));
#13990 = ADVANCED_FACE('',(#13991),#13997,.F.);
#13991 = FACE_BOUND('',#13992,.T.);
#13992 = EDGE_LOOP('',(#13993,#13994,#13995,#13996));
#13993 = ORIENTED_EDGE('',*,*,#13962,.T.);
#13994 = ORIENTED_EDGE('',*,*,#2023,.T.);
#13995 = ORIENTED_EDGE('',*,*,#13980,.F.);
#13996 = ORIENTED_EDGE('',*,*,#7292,.F.);
#13997 = CYLINDRICAL_SURFACE('',#13998,1.5);
#13998 = AXIS2_PLACEMENT_3D('',#13999,#14000,#14001);
#13999 = CARTESIAN_POINT('',(260.274397,-161.560115,-4.6E-02));
#14000 = DIRECTION('',(-0.,-0.,-1.));
#14001 = DIRECTION('',(-0.,-1.,0.));
#14002 = ADVANCED_FACE('',(#14003),#14019,.F.);
#14003 = FACE_BOUND('',#14004,.T.);
#14004 = EDGE_LOOP('',(#14005,#14006,#14012,#14013));
#14005 = ORIENTED_EDGE('',*,*,#2041,.T.);
#14006 = ORIENTED_EDGE('',*,*,#14007,.T.);
#14007 = EDGE_CURVE('',#2044,#7313,#14008,.T.);
#14008 = LINE('',#14009,#14010);
#14009 = CARTESIAN_POINT('',(259.464758,-159.78817,-4.6E-02));
#14010 = VECTOR('',#14011,1.);
#14011 = DIRECTION('',(0.,0.,1.));
#14012 = ORIENTED_EDGE('',*,*,#7310,.F.);
#14013 = ORIENTED_EDGE('',*,*,#14014,.T.);
#14014 = EDGE_CURVE('',#7311,#2042,#14015,.T.);
#14015 = LINE('',#14016,#14017);
#14016 = CARTESIAN_POINT('',(259.41883202962,-157.8892807518,-4.6E-02));
#14017 = VECTOR('',#14018,1.);
#14018 = DIRECTION('',(-0.,0.,-1.));
#14019 = CYLINDRICAL_SURFACE('',#14020,0.95);
#14020 = AXIS2_PLACEMENT_3D('',#14021,#14022,#14023);
#14021 = CARTESIAN_POINT('',(259.464758,-158.83817,-4.6E-02));
#14022 = DIRECTION('',(-0.,0.,-1.));
#14023 = DIRECTION('',(5.983517774822E-14,-1.,-0.));
#14024 = ADVANCED_FACE('',(#14025),#14036,.F.);
#14025 = FACE_BOUND('',#14026,.T.);
#14026 = EDGE_LOOP('',(#14027,#14033,#14034,#14035));
#14027 = ORIENTED_EDGE('',*,*,#14028,.F.);
#14028 = EDGE_CURVE('',#2062,#7331,#14029,.T.);
#14029 = LINE('',#14030,#14031);
#14030 = CARTESIAN_POINT('',(259.051138,-159.715238,-4.6E-02));
#14031 = VECTOR('',#14032,1.);
#14032 = DIRECTION('',(0.,0.,1.));
#14033 = ORIENTED_EDGE('',*,*,#2070,.T.);
#14034 = ORIENTED_EDGE('',*,*,#14014,.F.);
#14035 = ORIENTED_EDGE('',*,*,#7339,.F.);
#14036 = CYLINDRICAL_SURFACE('',#14037,0.95);
#14037 = AXIS2_PLACEMENT_3D('',#14038,#14039,#14040);
#14038 = CARTESIAN_POINT('',(259.051138,-158.765238,-4.6E-02));
#14039 = DIRECTION('',(-0.,-0.,-1.));
#14040 = DIRECTION('',(-5.983517774822E-14,-1.,0.));
#14041 = ADVANCED_FACE('',(#14042),#14053,.F.);
#14042 = FACE_BOUND('',#14043,.T.);
#14043 = EDGE_LOOP('',(#14044,#14045,#14046,#14047));
#14044 = ORIENTED_EDGE('',*,*,#2061,.T.);
#14045 = ORIENTED_EDGE('',*,*,#14028,.T.);
#14046 = ORIENTED_EDGE('',*,*,#7330,.F.);
#14047 = ORIENTED_EDGE('',*,*,#14048,.T.);
#14048 = EDGE_CURVE('',#7322,#2053,#14049,.T.);
#14049 = LINE('',#14050,#14051);
#14050 = CARTESIAN_POINT('',(259.09706397037,-159.7141272481,-4.6E-02));
#14051 = VECTOR('',#14052,1.);
#14052 = DIRECTION('',(-0.,0.,-1.));
#14053 = CYLINDRICAL_SURFACE('',#14054,0.95);
#14054 = AXIS2_PLACEMENT_3D('',#14055,#14056,#14057);
#14055 = CARTESIAN_POINT('',(259.051138,-158.765238,-4.6E-02));
#14056 = DIRECTION('',(-0.,-0.,-1.));
#14057 = DIRECTION('',(-5.983517774822E-14,-1.,0.));
#14058 = ADVANCED_FACE('',(#14059),#14065,.F.);
#14059 = FACE_BOUND('',#14060,.T.);
#14060 = EDGE_LOOP('',(#14061,#14062,#14063,#14064));
#14061 = ORIENTED_EDGE('',*,*,#14007,.F.);
#14062 = ORIENTED_EDGE('',*,*,#2052,.T.);
#14063 = ORIENTED_EDGE('',*,*,#14048,.F.);
#14064 = ORIENTED_EDGE('',*,*,#7321,.F.);
#14065 = CYLINDRICAL_SURFACE('',#14066,0.95);
#14066 = AXIS2_PLACEMENT_3D('',#14067,#14068,#14069);
#14067 = CARTESIAN_POINT('',(259.464758,-158.83817,-4.6E-02));
#14068 = DIRECTION('',(-0.,0.,-1.));
#14069 = DIRECTION('',(5.983517774822E-14,-1.,-0.));
#14070 = ADVANCED_FACE('',(#14071),#14082,.F.);
#14071 = FACE_BOUND('',#14072,.T.);
#14072 = EDGE_LOOP('',(#14073,#14074,#14080,#14081));
#14073 = ORIENTED_EDGE('',*,*,#2079,.T.);
#14074 = ORIENTED_EDGE('',*,*,#14075,.T.);
#14075 = EDGE_CURVE('',#2080,#7349,#14076,.T.);
#14076 = LINE('',#14077,#14078);
#14077 = CARTESIAN_POINT('',(264.467581,-162.220303,-4.6E-02));
#14078 = VECTOR('',#14079,1.);
#14079 = DIRECTION('',(0.,0.,1.));
#14080 = ORIENTED_EDGE('',*,*,#7348,.F.);
#14081 = ORIENTED_EDGE('',*,*,#14075,.F.);
#14082 = CYLINDRICAL_SURFACE('',#14083,2.5);
#14083 = AXIS2_PLACEMENT_3D('',#14084,#14085,#14086);
#14084 = CARTESIAN_POINT('',(264.467581,-159.720303,-4.6E-02));
#14085 = DIRECTION('',(-0.,-0.,-1.));
#14086 = DIRECTION('',(-0.,-1.,0.));
#14087 = ADVANCED_FACE('',(#14088),#14104,.F.);
#14088 = FACE_BOUND('',#14089,.T.);
#14089 = EDGE_LOOP('',(#14090,#14091,#14097,#14098));
#14090 = ORIENTED_EDGE('',*,*,#2090,.T.);
#14091 = ORIENTED_EDGE('',*,*,#14092,.T.);
#14092 = EDGE_CURVE('',#2093,#7362,#14093,.T.);
#14093 = LINE('',#14094,#14095);
#14094 = CARTESIAN_POINT('',(266.08686,-166.664193,-4.6E-02));
#14095 = VECTOR('',#14096,1.);
#14096 = DIRECTION('',(0.,0.,1.));
#14097 = ORIENTED_EDGE('',*,*,#7359,.F.);
#14098 = ORIENTED_EDGE('',*,*,#14099,.T.);
#14099 = EDGE_CURVE('',#7360,#2091,#14100,.T.);
#14100 = LINE('',#14101,#14102);
#14101 = CARTESIAN_POINT('',(267.32116908385,-164.311854402,-4.6E-02));
#14102 = VECTOR('',#14103,1.);
#14103 = DIRECTION('',(-0.,-0.,-1.));
#14104 = CYLINDRICAL_SURFACE('',#14105,1.5);
#14105 = AXIS2_PLACEMENT_3D('',#14106,#14107,#14108);
#14106 = CARTESIAN_POINT('',(266.08686,-165.164193,-4.6E-02));
#14107 = DIRECTION('',(-0.,-0.,-1.));
#14108 = DIRECTION('',(-0.,-1.,0.));
#14109 = ADVANCED_FACE('',(#14110),#14121,.F.);
#14110 = FACE_BOUND('',#14111,.T.);
#14111 = EDGE_LOOP('',(#14112,#14118,#14119,#14120));
#14112 = ORIENTED_EDGE('',*,*,#14113,.F.);
#14113 = EDGE_CURVE('',#2111,#7380,#14114,.T.);
#14114 = LINE('',#14115,#14116);
#14115 = CARTESIAN_POINT('',(267.778632,-164.383314,-4.6E-02));
#14116 = VECTOR('',#14117,1.);
#14117 = DIRECTION('',(0.,0.,1.));
#14118 = ORIENTED_EDGE('',*,*,#2119,.T.);
#14119 = ORIENTED_EDGE('',*,*,#14099,.F.);
#14120 = ORIENTED_EDGE('',*,*,#7388,.F.);
#14121 = CYLINDRICAL_SURFACE('',#14122,1.5);
#14122 = AXIS2_PLACEMENT_3D('',#14123,#14124,#14125);
#14123 = CARTESIAN_POINT('',(267.778632,-162.883314,-4.6E-02));
#14124 = DIRECTION('',(-0.,-0.,-1.));
#14125 = DIRECTION('',(-0.,-1.,0.));
#14126 = ADVANCED_FACE('',(#14127),#14138,.F.);
#14127 = FACE_BOUND('',#14128,.T.);
#14128 = EDGE_LOOP('',(#14129,#14130,#14131,#14132));
#14129 = ORIENTED_EDGE('',*,*,#2110,.T.);
#14130 = ORIENTED_EDGE('',*,*,#14113,.T.);
#14131 = ORIENTED_EDGE('',*,*,#7379,.F.);
#14132 = ORIENTED_EDGE('',*,*,#14133,.T.);
#14133 = EDGE_CURVE('',#7371,#2102,#14134,.T.);
#14134 = LINE('',#14135,#14136);
#14135 = CARTESIAN_POINT('',(266.54432291614,-163.7356525979,-4.6E-02));
#14136 = VECTOR('',#14137,1.);
#14137 = DIRECTION('',(-0.,-0.,-1.));
#14138 = CYLINDRICAL_SURFACE('',#14139,1.5);
#14139 = AXIS2_PLACEMENT_3D('',#14140,#14141,#14142);
#14140 = CARTESIAN_POINT('',(267.778632,-162.883314,-4.6E-02));
#14141 = DIRECTION('',(-0.,-0.,-1.));
#14142 = DIRECTION('',(-0.,-1.,0.));
#14143 = ADVANCED_FACE('',(#14144),#14150,.F.);
#14144 = FACE_BOUND('',#14145,.T.);
#14145 = EDGE_LOOP('',(#14146,#14147,#14148,#14149));
#14146 = ORIENTED_EDGE('',*,*,#14092,.F.);
#14147 = ORIENTED_EDGE('',*,*,#2101,.T.);
#14148 = ORIENTED_EDGE('',*,*,#14133,.F.);
#14149 = ORIENTED_EDGE('',*,*,#7370,.F.);
#14150 = CYLINDRICAL_SURFACE('',#14151,1.5);
#14151 = AXIS2_PLACEMENT_3D('',#14152,#14153,#14154);
#14152 = CARTESIAN_POINT('',(266.08686,-165.164193,-4.6E-02));
#14153 = DIRECTION('',(-0.,-0.,-1.));
#14154 = DIRECTION('',(-0.,-1.,0.));
#14155 = ADVANCED_FACE('',(#14156),#14172,.F.);
#14156 = FACE_BOUND('',#14157,.T.);
#14157 = EDGE_LOOP('',(#14158,#14159,#14165,#14166));
#14158 = ORIENTED_EDGE('',*,*,#2128,.T.);
#14159 = ORIENTED_EDGE('',*,*,#14160,.T.);
#14160 = EDGE_CURVE('',#2131,#7400,#14161,.T.);
#14161 = LINE('',#14162,#14163);
#14162 = CARTESIAN_POINT('',(269.470404,-161.552436,-4.6E-02));
#14163 = VECTOR('',#14164,1.);
#14164 = DIRECTION('',(0.,0.,1.));
#14165 = ORIENTED_EDGE('',*,*,#7397,.F.);
#14166 = ORIENTED_EDGE('',*,*,#14167,.T.);
#14167 = EDGE_CURVE('',#7398,#2129,#14168,.T.);
#14168 = LINE('',#14169,#14170);
#14169 = CARTESIAN_POINT('',(269.51632997037,-161.5513252481,-4.6E-02));
#14170 = VECTOR('',#14171,1.);
#14171 = DIRECTION('',(-0.,-0.,-1.));
#14172 = CYLINDRICAL_SURFACE('',#14173,0.95);
#14173 = AXIS2_PLACEMENT_3D('',#14174,#14175,#14176);
#14174 = CARTESIAN_POINT('',(269.470404,-160.602436,-4.6E-02));
#14175 = DIRECTION('',(-0.,-0.,-1.));
#14176 = DIRECTION('',(-5.983517774822E-14,-1.,0.));
#14177 = ADVANCED_FACE('',(#14178),#14189,.F.);
#14178 = FACE_BOUND('',#14179,.T.);
#14179 = EDGE_LOOP('',(#14180,#14186,#14187,#14188));
#14180 = ORIENTED_EDGE('',*,*,#14181,.F.);
#14181 = EDGE_CURVE('',#2149,#7418,#14182,.T.);
#14182 = LINE('',#14183,#14184);
#14183 = CARTESIAN_POINT('',(269.884024,-161.625368,-4.6E-02));
#14184 = VECTOR('',#14185,1.);
#14185 = DIRECTION('',(0.,0.,1.));
#14186 = ORIENTED_EDGE('',*,*,#2157,.T.);
#14187 = ORIENTED_EDGE('',*,*,#14167,.F.);
#14188 = ORIENTED_EDGE('',*,*,#7426,.F.);
#14189 = CYLINDRICAL_SURFACE('',#14190,0.95);
#14190 = AXIS2_PLACEMENT_3D('',#14191,#14192,#14193);
#14191 = CARTESIAN_POINT('',(269.884024,-160.675368,-4.6E-02));
#14192 = DIRECTION('',(-0.,-0.,-1.));
#14193 = DIRECTION('',(-0.,-1.,0.));
#14194 = ADVANCED_FACE('',(#14195),#14206,.F.);
#14195 = FACE_BOUND('',#14196,.T.);
#14196 = EDGE_LOOP('',(#14197,#14198,#14199,#14200));
#14197 = ORIENTED_EDGE('',*,*,#2148,.T.);
#14198 = ORIENTED_EDGE('',*,*,#14181,.T.);
#14199 = ORIENTED_EDGE('',*,*,#7417,.F.);
#14200 = ORIENTED_EDGE('',*,*,#14201,.T.);
#14201 = EDGE_CURVE('',#7409,#2140,#14202,.T.);
#14202 = LINE('',#14203,#14204);
#14203 = CARTESIAN_POINT('',(269.83809802962,-159.7264787518,-4.6E-02));
#14204 = VECTOR('',#14205,1.);
#14205 = DIRECTION('',(-0.,-0.,-1.));
#14206 = CYLINDRICAL_SURFACE('',#14207,0.95);
#14207 = AXIS2_PLACEMENT_3D('',#14208,#14209,#14210);
#14208 = CARTESIAN_POINT('',(269.884024,-160.675368,-4.6E-02));
#14209 = DIRECTION('',(-0.,-0.,-1.));
#14210 = DIRECTION('',(-0.,-1.,0.));
#14211 = ADVANCED_FACE('',(#14212),#14218,.F.);
#14212 = FACE_BOUND('',#14213,.T.);
#14213 = EDGE_LOOP('',(#14214,#14215,#14216,#14217));
#14214 = ORIENTED_EDGE('',*,*,#14160,.F.);
#14215 = ORIENTED_EDGE('',*,*,#2139,.T.);
#14216 = ORIENTED_EDGE('',*,*,#14201,.F.);
#14217 = ORIENTED_EDGE('',*,*,#7408,.F.);
#14218 = CYLINDRICAL_SURFACE('',#14219,0.95);
#14219 = AXIS2_PLACEMENT_3D('',#14220,#14221,#14222);
#14220 = CARTESIAN_POINT('',(269.470404,-160.602436,-4.6E-02));
#14221 = DIRECTION('',(-0.,-0.,-1.));
#14222 = DIRECTION('',(-5.983517774822E-14,-1.,0.));
#14223 = ADVANCED_FACE('',(#14224),#14235,.F.);
#14224 = FACE_BOUND('',#14225,.T.);
#14225 = EDGE_LOOP('',(#14226,#14227,#14233,#14234));
#14226 = ORIENTED_EDGE('',*,*,#2166,.T.);
#14227 = ORIENTED_EDGE('',*,*,#14228,.T.);
#14228 = EDGE_CURVE('',#2167,#7436,#14229,.T.);
#14229 = LINE('',#14230,#14231);
#14230 = CARTESIAN_POINT('',(240.615135,-158.283756,-4.6E-02));
#14231 = VECTOR('',#14232,1.);
#14232 = DIRECTION('',(0.,0.,1.));
#14233 = ORIENTED_EDGE('',*,*,#7435,.F.);
#14234 = ORIENTED_EDGE('',*,*,#14228,.F.);
#14235 = CYLINDRICAL_SURFACE('',#14236,1.5);
#14236 = AXIS2_PLACEMENT_3D('',#14237,#14238,#14239);
#14237 = CARTESIAN_POINT('',(240.615135,-156.783756,-4.6E-02));
#14238 = DIRECTION('',(-0.,-0.,-1.));
#14239 = DIRECTION('',(-0.,-1.,0.));
#14240 = ADVANCED_FACE('',(#14241),#14252,.F.);
#14241 = FACE_BOUND('',#14242,.T.);
#14242 = EDGE_LOOP('',(#14243,#14244,#14250,#14251));
#14243 = ORIENTED_EDGE('',*,*,#2177,.T.);
#14244 = ORIENTED_EDGE('',*,*,#14245,.T.);
#14245 = EDGE_CURVE('',#2178,#7447,#14246,.T.);
#14246 = LINE('',#14247,#14248);
#14247 = CARTESIAN_POINT('',(245.9212,-156.98542,-4.6E-02));
#14248 = VECTOR('',#14249,1.);
#14249 = DIRECTION('',(0.,0.,1.));
#14250 = ORIENTED_EDGE('',*,*,#7446,.F.);
#14251 = ORIENTED_EDGE('',*,*,#14245,.F.);
#14252 = CYLINDRICAL_SURFACE('',#14253,1.5);
#14253 = AXIS2_PLACEMENT_3D('',#14254,#14255,#14256);
#14254 = CARTESIAN_POINT('',(245.9212,-155.48542,-4.6E-02));
#14255 = DIRECTION('',(-0.,-0.,-1.));
#14256 = DIRECTION('',(-0.,-1.,0.));
#14257 = ADVANCED_FACE('',(#14258),#14269,.F.);
#14258 = FACE_BOUND('',#14259,.T.);
#14259 = EDGE_LOOP('',(#14260,#14261,#14267,#14268));
#14260 = ORIENTED_EDGE('',*,*,#2188,.T.);
#14261 = ORIENTED_EDGE('',*,*,#14262,.T.);
#14262 = EDGE_CURVE('',#2189,#7458,#14263,.T.);
#14263 = LINE('',#14264,#14265);
#14264 = CARTESIAN_POINT('',(250.463212,-160.020238,-4.6E-02));
#14265 = VECTOR('',#14266,1.);
#14266 = DIRECTION('',(0.,0.,1.));
#14267 = ORIENTED_EDGE('',*,*,#7457,.F.);
#14268 = ORIENTED_EDGE('',*,*,#14262,.F.);
#14269 = CYLINDRICAL_SURFACE('',#14270,1.5);
#14270 = AXIS2_PLACEMENT_3D('',#14271,#14272,#14273);
#14271 = CARTESIAN_POINT('',(250.463212,-158.520238,-4.6E-02));
#14272 = DIRECTION('',(-0.,-0.,-1.));
#14273 = DIRECTION('',(-0.,-1.,0.));
#14274 = ADVANCED_FACE('',(#14275),#14291,.F.);
#14275 = FACE_BOUND('',#14276,.T.);
#14276 = EDGE_LOOP('',(#14277,#14283,#14284,#14290));
#14277 = ORIENTED_EDGE('',*,*,#14278,.F.);
#14278 = EDGE_CURVE('',#2200,#7469,#14279,.T.);
#14279 = LINE('',#14280,#14281);
#14280 = CARTESIAN_POINT('',(244.803764,-148.695436,-4.6E-02));
#14281 = VECTOR('',#14282,1.);
#14282 = DIRECTION('',(0.,0.,1.));
#14283 = ORIENTED_EDGE('',*,*,#2199,.T.);
#14284 = ORIENTED_EDGE('',*,*,#14285,.F.);
#14285 = EDGE_CURVE('',#7471,#2202,#14286,.T.);
#14286 = LINE('',#14287,#14288);
#14287 = CARTESIAN_POINT('',(243.93540942803,-145.9723414258,-4.6E-02));
#14288 = VECTOR('',#14289,1.);
#14289 = DIRECTION('',(-0.,-0.,-1.));
#14290 = ORIENTED_EDGE('',*,*,#7468,.F.);
#14291 = CYLINDRICAL_SURFACE('',#14292,1.5);
#14292 = AXIS2_PLACEMENT_3D('',#14293,#14294,#14295);
#14293 = CARTESIAN_POINT('',(244.803764,-147.195436,-4.6E-02));
#14294 = DIRECTION('',(-0.,-0.,-1.));
#14295 = DIRECTION('',(-0.,-1.,0.));
#14296 = ADVANCED_FACE('',(#14297),#14308,.F.);
#14297 = FACE_BOUND('',#14298,.T.);
#14298 = EDGE_LOOP('',(#14299,#14300,#14301,#14302));
#14299 = ORIENTED_EDGE('',*,*,#2219,.T.);
#14300 = ORIENTED_EDGE('',*,*,#14278,.T.);
#14301 = ORIENTED_EDGE('',*,*,#7488,.F.);
#14302 = ORIENTED_EDGE('',*,*,#14303,.T.);
#14303 = EDGE_CURVE('',#7480,#2211,#14304,.T.);
#14304 = LINE('',#14305,#14306);
#14305 = CARTESIAN_POINT('',(244.86247857196,-145.6965855741,-4.6E-02));
#14306 = VECTOR('',#14307,1.);
#14307 = DIRECTION('',(-0.,-0.,-1.));
#14308 = CYLINDRICAL_SURFACE('',#14309,1.5);
#14309 = AXIS2_PLACEMENT_3D('',#14310,#14311,#14312);
#14310 = CARTESIAN_POINT('',(244.803764,-147.195436,-4.6E-02));
#14311 = DIRECTION('',(-0.,-0.,-1.));
#14312 = DIRECTION('',(-0.,-1.,0.));
#14313 = ADVANCED_FACE('',(#14314),#14320,.F.);
#14314 = FACE_BOUND('',#14315,.T.);
#14315 = EDGE_LOOP('',(#14316,#14317,#14318,#14319));
#14316 = ORIENTED_EDGE('',*,*,#14285,.T.);
#14317 = ORIENTED_EDGE('',*,*,#2210,.T.);
#14318 = ORIENTED_EDGE('',*,*,#14303,.F.);
#14319 = ORIENTED_EDGE('',*,*,#7479,.F.);
#14320 = CYLINDRICAL_SURFACE('',#14321,1.5);
#14321 = AXIS2_PLACEMENT_3D('',#14322,#14323,#14324);
#14322 = CARTESIAN_POINT('',(243.994124,-144.473491,-4.6E-02));
#14323 = DIRECTION('',(-0.,-0.,-1.));
#14324 = DIRECTION('',(-0.,-1.,0.));
#14325 = ADVANCED_FACE('',(#14326),#14342,.F.);
#14326 = FACE_BOUND('',#14327,.T.);
#14327 = EDGE_LOOP('',(#14328,#14329,#14335,#14336));
#14328 = ORIENTED_EDGE('',*,*,#2228,.T.);
#14329 = ORIENTED_EDGE('',*,*,#14330,.T.);
#14330 = EDGE_CURVE('',#2231,#7500,#14331,.T.);
#14331 = LINE('',#14332,#14333);
#14332 = CARTESIAN_POINT('',(249.806587,-149.577569,-4.6E-02));
#14333 = VECTOR('',#14334,1.);
#14334 = DIRECTION('',(0.,0.,1.));
#14335 = ORIENTED_EDGE('',*,*,#7497,.F.);
#14336 = ORIENTED_EDGE('',*,*,#14337,.T.);
#14337 = EDGE_CURVE('',#7498,#2229,#14338,.T.);
#14338 = LINE('',#14339,#14340);
#14339 = CARTESIAN_POINT('',(251.04089608385,-147.225230402,-4.6E-02));
#14340 = VECTOR('',#14341,1.);
#14341 = DIRECTION('',(-0.,-0.,-1.));
#14342 = CYLINDRICAL_SURFACE('',#14343,1.5);
#14343 = AXIS2_PLACEMENT_3D('',#14344,#14345,#14346);
#14344 = CARTESIAN_POINT('',(249.806587,-148.077569,-4.6E-02));
#14345 = DIRECTION('',(-0.,-0.,-1.));
#14346 = DIRECTION('',(-0.,-1.,0.));
#14347 = ADVANCED_FACE('',(#14348),#14359,.F.);
#14348 = FACE_BOUND('',#14349,.T.);
#14349 = EDGE_LOOP('',(#14350,#14356,#14357,#14358));
#14350 = ORIENTED_EDGE('',*,*,#14351,.F.);
#14351 = EDGE_CURVE('',#2249,#7518,#14352,.T.);
#14352 = LINE('',#14353,#14354);
#14353 = CARTESIAN_POINT('',(251.498359,-147.29669,-4.6E-02));
#14354 = VECTOR('',#14355,1.);
#14355 = DIRECTION('',(0.,0.,1.));
#14356 = ORIENTED_EDGE('',*,*,#2257,.T.);
#14357 = ORIENTED_EDGE('',*,*,#14337,.F.);
#14358 = ORIENTED_EDGE('',*,*,#7526,.F.);
#14359 = CYLINDRICAL_SURFACE('',#14360,1.5);
#14360 = AXIS2_PLACEMENT_3D('',#14361,#14362,#14363);
#14361 = CARTESIAN_POINT('',(251.498359,-145.79669,-4.6E-02));
#14362 = DIRECTION('',(-0.,-0.,-1.));
#14363 = DIRECTION('',(-0.,-1.,0.));
#14364 = ADVANCED_FACE('',(#14365),#14376,.F.);
#14365 = FACE_BOUND('',#14366,.T.);
#14366 = EDGE_LOOP('',(#14367,#14368,#14369,#14370));
#14367 = ORIENTED_EDGE('',*,*,#2248,.T.);
#14368 = ORIENTED_EDGE('',*,*,#14351,.T.);
#14369 = ORIENTED_EDGE('',*,*,#7517,.F.);
#14370 = ORIENTED_EDGE('',*,*,#14371,.T.);
#14371 = EDGE_CURVE('',#7509,#2240,#14372,.T.);
#14372 = LINE('',#14373,#14374);
#14373 = CARTESIAN_POINT('',(250.26404991614,-146.6490285979,-4.6E-02));
#14374 = VECTOR('',#14375,1.);
#14375 = DIRECTION('',(-0.,-0.,-1.));
#14376 = CYLINDRICAL_SURFACE('',#14377,1.5);
#14377 = AXIS2_PLACEMENT_3D('',#14378,#14379,#14380);
#14378 = CARTESIAN_POINT('',(251.498359,-145.79669,-4.6E-02));
#14379 = DIRECTION('',(-0.,-0.,-1.));
#14380 = DIRECTION('',(-0.,-1.,0.));
#14381 = ADVANCED_FACE('',(#14382),#14388,.F.);
#14382 = FACE_BOUND('',#14383,.T.);
#14383 = EDGE_LOOP('',(#14384,#14385,#14386,#14387));
#14384 = ORIENTED_EDGE('',*,*,#14330,.F.);
#14385 = ORIENTED_EDGE('',*,*,#2239,.T.);
#14386 = ORIENTED_EDGE('',*,*,#14371,.F.);
#14387 = ORIENTED_EDGE('',*,*,#7508,.F.);
#14388 = CYLINDRICAL_SURFACE('',#14389,1.5);
#14389 = AXIS2_PLACEMENT_3D('',#14390,#14391,#14392);
#14390 = CARTESIAN_POINT('',(249.806587,-148.077569,-4.6E-02));
#14391 = DIRECTION('',(-0.,-0.,-1.));
#14392 = DIRECTION('',(-0.,-1.,0.));
#14393 = ADVANCED_FACE('',(#14394),#14405,.F.);
#14394 = FACE_BOUND('',#14395,.T.);
#14395 = EDGE_LOOP('',(#14396,#14397,#14403,#14404));
#14396 = ORIENTED_EDGE('',*,*,#2266,.T.);
#14397 = ORIENTED_EDGE('',*,*,#14398,.T.);
#14398 = EDGE_CURVE('',#2267,#7536,#14399,.T.);
#14399 = LINE('',#14400,#14401);
#14400 = CARTESIAN_POINT('',(260.194723,-156.659033,-4.6E-02));
#14401 = VECTOR('',#14402,1.);
#14402 = DIRECTION('',(0.,0.,1.));
#14403 = ORIENTED_EDGE('',*,*,#7535,.F.);
#14404 = ORIENTED_EDGE('',*,*,#14398,.F.);
#14405 = CYLINDRICAL_SURFACE('',#14406,1.5);
#14406 = AXIS2_PLACEMENT_3D('',#14407,#14408,#14409);
#14407 = CARTESIAN_POINT('',(260.194723,-155.159033,-4.6E-02));
#14408 = DIRECTION('',(-0.,-0.,-1.));
#14409 = DIRECTION('',(-0.,-1.,0.));
#14410 = ADVANCED_FACE('',(#14411),#14422,.F.);
#14411 = FACE_BOUND('',#14412,.T.);
#14412 = EDGE_LOOP('',(#14413,#14414,#14420,#14421));
#14413 = ORIENTED_EDGE('',*,*,#2277,.T.);
#14414 = ORIENTED_EDGE('',*,*,#14415,.T.);
#14415 = EDGE_CURVE('',#2278,#7547,#14416,.T.);
#14416 = LINE('',#14417,#14418);
#14417 = CARTESIAN_POINT('',(265.500788,-155.360697,-4.6E-02));
#14418 = VECTOR('',#14419,1.);
#14419 = DIRECTION('',(0.,0.,1.));
#14420 = ORIENTED_EDGE('',*,*,#7546,.F.);
#14421 = ORIENTED_EDGE('',*,*,#14415,.F.);
#14422 = CYLINDRICAL_SURFACE('',#14423,1.5);
#14423 = AXIS2_PLACEMENT_3D('',#14424,#14425,#14426);
#14424 = CARTESIAN_POINT('',(265.500788,-153.860697,-4.6E-02));
#14425 = DIRECTION('',(-0.,-0.,-1.));
#14426 = DIRECTION('',(-0.,-1.,0.));
#14427 = ADVANCED_FACE('',(#14428),#14439,.F.);
#14428 = FACE_BOUND('',#14429,.T.);
#14429 = EDGE_LOOP('',(#14430,#14431,#14437,#14438));
#14430 = ORIENTED_EDGE('',*,*,#2288,.T.);
#14431 = ORIENTED_EDGE('',*,*,#14432,.T.);
#14432 = EDGE_CURVE('',#2289,#7558,#14433,.T.);
#14433 = LINE('',#14434,#14435);
#14434 = CARTESIAN_POINT('',(270.0428,-158.395515,-4.6E-02));
#14435 = VECTOR('',#14436,1.);
#14436 = DIRECTION('',(0.,0.,1.));
#14437 = ORIENTED_EDGE('',*,*,#7557,.F.);
#14438 = ORIENTED_EDGE('',*,*,#14432,.F.);
#14439 = CYLINDRICAL_SURFACE('',#14440,1.5);
#14440 = AXIS2_PLACEMENT_3D('',#14441,#14442,#14443);
#14441 = CARTESIAN_POINT('',(270.0428,-156.895515,-4.6E-02));
#14442 = DIRECTION('',(-0.,-0.,-1.));
#14443 = DIRECTION('',(-0.,-1.,0.));
#14444 = ADVANCED_FACE('',(#14445),#14461,.F.);
#14445 = FACE_BOUND('',#14446,.T.);
#14446 = EDGE_LOOP('',(#14447,#14448,#14454,#14455));
#14447 = ORIENTED_EDGE('',*,*,#2299,.T.);
#14448 = ORIENTED_EDGE('',*,*,#14449,.T.);
#14449 = EDGE_CURVE('',#2302,#7571,#14450,.T.);
#14450 = LINE('',#14451,#14452);
#14451 = CARTESIAN_POINT('',(269.386175,-147.952846,-4.6E-02));
#14452 = VECTOR('',#14453,1.);
#14453 = DIRECTION('',(0.,0.,1.));
#14454 = ORIENTED_EDGE('',*,*,#7568,.F.);
#14455 = ORIENTED_EDGE('',*,*,#14456,.T.);
#14456 = EDGE_CURVE('',#7569,#2300,#14457,.T.);
#14457 = LINE('',#14458,#14459);
#14458 = CARTESIAN_POINT('',(270.62048408385,-145.600507402,-4.6E-02));
#14459 = VECTOR('',#14460,1.);
#14460 = DIRECTION('',(-0.,-0.,-1.));
#14461 = CYLINDRICAL_SURFACE('',#14462,1.5);
#14462 = AXIS2_PLACEMENT_3D('',#14463,#14464,#14465);
#14463 = CARTESIAN_POINT('',(269.386175,-146.452846,-4.6E-02));
#14464 = DIRECTION('',(-0.,-0.,-1.));
#14465 = DIRECTION('',(-0.,-1.,0.));
#14466 = ADVANCED_FACE('',(#14467),#14478,.F.);
#14467 = FACE_BOUND('',#14468,.T.);
#14468 = EDGE_LOOP('',(#14469,#14475,#14476,#14477));
#14469 = ORIENTED_EDGE('',*,*,#14470,.F.);
#14470 = EDGE_CURVE('',#2320,#7589,#14471,.T.);
#14471 = LINE('',#14472,#14473);
#14472 = CARTESIAN_POINT('',(271.077947,-145.671967,-4.6E-02));
#14473 = VECTOR('',#14474,1.);
#14474 = DIRECTION('',(0.,0.,1.));
#14475 = ORIENTED_EDGE('',*,*,#2328,.T.);
#14476 = ORIENTED_EDGE('',*,*,#14456,.F.);
#14477 = ORIENTED_EDGE('',*,*,#7597,.F.);
#14478 = CYLINDRICAL_SURFACE('',#14479,1.5);
#14479 = AXIS2_PLACEMENT_3D('',#14480,#14481,#14482);
#14480 = CARTESIAN_POINT('',(271.077947,-144.171967,-4.6E-02));
#14481 = DIRECTION('',(-0.,-0.,-1.));
#14482 = DIRECTION('',(-0.,-1.,0.));
#14483 = ADVANCED_FACE('',(#14484),#14495,.F.);
#14484 = FACE_BOUND('',#14485,.T.);
#14485 = EDGE_LOOP('',(#14486,#14487,#14488,#14489));
#14486 = ORIENTED_EDGE('',*,*,#2319,.T.);
#14487 = ORIENTED_EDGE('',*,*,#14470,.T.);
#14488 = ORIENTED_EDGE('',*,*,#7588,.F.);
#14489 = ORIENTED_EDGE('',*,*,#14490,.T.);
#14490 = EDGE_CURVE('',#7580,#2311,#14491,.T.);
#14491 = LINE('',#14492,#14493);
#14492 = CARTESIAN_POINT('',(269.84363791614,-145.0243055979,-4.6E-02));
#14493 = VECTOR('',#14494,1.);
#14494 = DIRECTION('',(-0.,-0.,-1.));
#14495 = CYLINDRICAL_SURFACE('',#14496,1.5);
#14496 = AXIS2_PLACEMENT_3D('',#14497,#14498,#14499);
#14497 = CARTESIAN_POINT('',(271.077947,-144.171967,-4.6E-02));
#14498 = DIRECTION('',(-0.,-0.,-1.));
#14499 = DIRECTION('',(-0.,-1.,0.));
#14500 = ADVANCED_FACE('',(#14501),#14507,.F.);
#14501 = FACE_BOUND('',#14502,.T.);
#14502 = EDGE_LOOP('',(#14503,#14504,#14505,#14506));
#14503 = ORIENTED_EDGE('',*,*,#14449,.F.);
#14504 = ORIENTED_EDGE('',*,*,#2310,.T.);
#14505 = ORIENTED_EDGE('',*,*,#14490,.F.);
#14506 = ORIENTED_EDGE('',*,*,#7579,.F.);
#14507 = CYLINDRICAL_SURFACE('',#14508,1.5);
#14508 = AXIS2_PLACEMENT_3D('',#14509,#14510,#14511);
#14509 = CARTESIAN_POINT('',(269.386175,-146.452846,-4.6E-02));
#14510 = DIRECTION('',(-0.,-0.,-1.));
#14511 = DIRECTION('',(-0.,-1.,0.));
#14512 = ADVANCED_FACE('',(#14513),#14524,.F.);
#14513 = FACE_BOUND('',#14514,.T.);
#14514 = EDGE_LOOP('',(#14515,#14516,#14522,#14523));
#14515 = ORIENTED_EDGE('',*,*,#2337,.T.);
#14516 = ORIENTED_EDGE('',*,*,#14517,.T.);
#14517 = EDGE_CURVE('',#2338,#7607,#14518,.T.);
#14518 = LINE('',#14519,#14520);
#14519 = CARTESIAN_POINT('',(131.282,-145.5,-4.6E-02));
#14520 = VECTOR('',#14521,1.);
#14521 = DIRECTION('',(0.,0.,1.));
#14522 = ORIENTED_EDGE('',*,*,#7606,.F.);
#14523 = ORIENTED_EDGE('',*,*,#14517,.F.);
#14524 = CYLINDRICAL_SURFACE('',#14525,0.375);
#14525 = AXIS2_PLACEMENT_3D('',#14526,#14527,#14528);
#14526 = CARTESIAN_POINT('',(131.282,-145.125,-4.6E-02));
#14527 = DIRECTION('',(-0.,-0.,-1.));
#14528 = DIRECTION('',(-0.,-1.,0.));
#14529 = ADVANCED_FACE('',(#14530),#14541,.F.);
#14530 = FACE_BOUND('',#14531,.T.);
#14531 = EDGE_LOOP('',(#14532,#14533,#14539,#14540));
#14532 = ORIENTED_EDGE('',*,*,#2348,.T.);
#14533 = ORIENTED_EDGE('',*,*,#14534,.T.);
#14534 = EDGE_CURVE('',#2349,#7618,#14535,.T.);
#14535 = LINE('',#14536,#14537);
#14536 = CARTESIAN_POINT('',(131.282,-143.5,-4.6E-02));
#14537 = VECTOR('',#14538,1.);
#14538 = DIRECTION('',(0.,0.,1.));
#14539 = ORIENTED_EDGE('',*,*,#7617,.F.);
#14540 = ORIENTED_EDGE('',*,*,#14534,.F.);
#14541 = CYLINDRICAL_SURFACE('',#14542,0.375);
#14542 = AXIS2_PLACEMENT_3D('',#14543,#14544,#14545);
#14543 = CARTESIAN_POINT('',(131.282,-143.125,-4.6E-02));
#14544 = DIRECTION('',(-0.,-0.,-1.));
#14545 = DIRECTION('',(-0.,-1.,0.));
#14546 = ADVANCED_FACE('',(#14547),#14558,.F.);
#14547 = FACE_BOUND('',#14548,.T.);
#14548 = EDGE_LOOP('',(#14549,#14550,#14556,#14557));
#14549 = ORIENTED_EDGE('',*,*,#2359,.T.);
#14550 = ORIENTED_EDGE('',*,*,#14551,.T.);
#14551 = EDGE_CURVE('',#2360,#7629,#14552,.T.);
#14552 = LINE('',#14553,#14554);
#14553 = CARTESIAN_POINT('',(141.6,-139.3,-4.6E-02));
#14554 = VECTOR('',#14555,1.);
#14555 = DIRECTION('',(0.,0.,1.));
#14556 = ORIENTED_EDGE('',*,*,#7628,.F.);
#14557 = ORIENTED_EDGE('',*,*,#14551,.F.);
#14558 = CYLINDRICAL_SURFACE('',#14559,0.5);
#14559 = AXIS2_PLACEMENT_3D('',#14560,#14561,#14562);
#14560 = CARTESIAN_POINT('',(141.6,-138.8,-4.6E-02));
#14561 = DIRECTION('',(-0.,-0.,-1.));
#14562 = DIRECTION('',(-0.,-1.,0.));
#14563 = ADVANCED_FACE('',(#14564),#14575,.F.);
#14564 = FACE_BOUND('',#14565,.T.);
#14565 = EDGE_LOOP('',(#14566,#14567,#14573,#14574));
#14566 = ORIENTED_EDGE('',*,*,#2370,.T.);
#14567 = ORIENTED_EDGE('',*,*,#14568,.T.);
#14568 = EDGE_CURVE('',#2371,#7640,#14569,.T.);
#14569 = LINE('',#14570,#14571);
#14570 = CARTESIAN_POINT('',(144.14,-139.3,-4.6E-02));
#14571 = VECTOR('',#14572,1.);
#14572 = DIRECTION('',(0.,0.,1.));
#14573 = ORIENTED_EDGE('',*,*,#7639,.F.);
#14574 = ORIENTED_EDGE('',*,*,#14568,.F.);
#14575 = CYLINDRICAL_SURFACE('',#14576,0.5);
#14576 = AXIS2_PLACEMENT_3D('',#14577,#14578,#14579);
#14577 = CARTESIAN_POINT('',(144.14,-138.8,-4.6E-02));
#14578 = DIRECTION('',(-0.,-0.,-1.));
#14579 = DIRECTION('',(-0.,-1.,0.));
#14580 = ADVANCED_FACE('',(#14581),#14592,.F.);
#14581 = FACE_BOUND('',#14582,.T.);
#14582 = EDGE_LOOP('',(#14583,#14584,#14590,#14591));
#14583 = ORIENTED_EDGE('',*,*,#2381,.T.);
#14584 = ORIENTED_EDGE('',*,*,#14585,.T.);
#14585 = EDGE_CURVE('',#2382,#7651,#14586,.T.);
#14586 = LINE('',#14587,#14588);
#14587 = CARTESIAN_POINT('',(146.68,-139.3,-4.6E-02));
#14588 = VECTOR('',#14589,1.);
#14589 = DIRECTION('',(0.,0.,1.));
#14590 = ORIENTED_EDGE('',*,*,#7650,.F.);
#14591 = ORIENTED_EDGE('',*,*,#14585,.F.);
#14592 = CYLINDRICAL_SURFACE('',#14593,0.5);
#14593 = AXIS2_PLACEMENT_3D('',#14594,#14595,#14596);
#14594 = CARTESIAN_POINT('',(146.68,-138.8,-4.6E-02));
#14595 = DIRECTION('',(-0.,-0.,-1.));
#14596 = DIRECTION('',(-0.,-1.,0.));
#14597 = ADVANCED_FACE('',(#14598),#14609,.F.);
#14598 = FACE_BOUND('',#14599,.T.);
#14599 = EDGE_LOOP('',(#14600,#14601,#14607,#14608));
#14600 = ORIENTED_EDGE('',*,*,#2392,.T.);
#14601 = ORIENTED_EDGE('',*,*,#14602,.T.);
#14602 = EDGE_CURVE('',#2393,#7662,#14603,.T.);
#14603 = LINE('',#14604,#14605);
#14604 = CARTESIAN_POINT('',(149.22,-139.3,-4.6E-02));
#14605 = VECTOR('',#14606,1.);
#14606 = DIRECTION('',(0.,0.,1.));
#14607 = ORIENTED_EDGE('',*,*,#7661,.F.);
#14608 = ORIENTED_EDGE('',*,*,#14602,.F.);
#14609 = CYLINDRICAL_SURFACE('',#14610,0.5);
#14610 = AXIS2_PLACEMENT_3D('',#14611,#14612,#14613);
#14611 = CARTESIAN_POINT('',(149.22,-138.8,-4.6E-02));
#14612 = DIRECTION('',(-0.,-0.,-1.));
#14613 = DIRECTION('',(-0.,-1.,0.));
#14614 = ADVANCED_FACE('',(#14615),#14626,.F.);
#14615 = FACE_BOUND('',#14616,.T.);
#14616 = EDGE_LOOP('',(#14617,#14618,#14624,#14625));
#14617 = ORIENTED_EDGE('',*,*,#2403,.T.);
#14618 = ORIENTED_EDGE('',*,*,#14619,.T.);
#14619 = EDGE_CURVE('',#2404,#7673,#14620,.T.);
#14620 = LINE('',#14621,#14622);
#14621 = CARTESIAN_POINT('',(138.38,-126.74,-4.6E-02));
#14622 = VECTOR('',#14623,1.);
#14623 = DIRECTION('',(0.,0.,1.));
#14624 = ORIENTED_EDGE('',*,*,#7672,.F.);
#14625 = ORIENTED_EDGE('',*,*,#14619,.F.);
#14626 = CYLINDRICAL_SURFACE('',#14627,0.5);
#14627 = AXIS2_PLACEMENT_3D('',#14628,#14629,#14630);
#14628 = CARTESIAN_POINT('',(138.38,-126.24,-4.6E-02));
#14629 = DIRECTION('',(-0.,-0.,-1.));
#14630 = DIRECTION('',(-0.,-1.,0.));
#14631 = ADVANCED_FACE('',(#14632),#14643,.F.);
#14632 = FACE_BOUND('',#14633,.T.);
#14633 = EDGE_LOOP('',(#14634,#14635,#14641,#14642));
#14634 = ORIENTED_EDGE('',*,*,#2414,.T.);
#14635 = ORIENTED_EDGE('',*,*,#14636,.T.);
#14636 = EDGE_CURVE('',#2415,#7684,#14637,.T.);
#14637 = LINE('',#14638,#14639);
#14638 = CARTESIAN_POINT('',(142.6,-126.44,-4.6E-02));
#14639 = VECTOR('',#14640,1.);
#14640 = DIRECTION('',(0.,0.,1.));
#14641 = ORIENTED_EDGE('',*,*,#7683,.F.);
#14642 = ORIENTED_EDGE('',*,*,#14636,.F.);
#14643 = CYLINDRICAL_SURFACE('',#14644,0.2);
#14644 = AXIS2_PLACEMENT_3D('',#14645,#14646,#14647);
#14645 = CARTESIAN_POINT('',(142.6,-126.24,-4.6E-02));
#14646 = DIRECTION('',(-0.,-0.,-1.));
#14647 = DIRECTION('',(-1.42108547152E-13,-1.,0.));
#14648 = ADVANCED_FACE('',(#14649),#14660,.F.);
#14649 = FACE_BOUND('',#14650,.T.);
#14650 = EDGE_LOOP('',(#14651,#14652,#14658,#14659));
#14651 = ORIENTED_EDGE('',*,*,#2425,.T.);
#14652 = ORIENTED_EDGE('',*,*,#14653,.T.);
#14653 = EDGE_CURVE('',#2426,#7695,#14654,.T.);
#14654 = LINE('',#14655,#14656);
#14655 = CARTESIAN_POINT('',(138.38,-124.2,-4.6E-02));
#14656 = VECTOR('',#14657,1.);
#14657 = DIRECTION('',(0.,0.,1.));
#14658 = ORIENTED_EDGE('',*,*,#7694,.F.);
#14659 = ORIENTED_EDGE('',*,*,#14653,.F.);
#14660 = CYLINDRICAL_SURFACE('',#14661,0.5);
#14661 = AXIS2_PLACEMENT_3D('',#14662,#14663,#14664);
#14662 = CARTESIAN_POINT('',(138.38,-123.7,-4.6E-02));
#14663 = DIRECTION('',(-0.,-0.,-1.));
#14664 = DIRECTION('',(-0.,-1.,0.));
#14665 = ADVANCED_FACE('',(#14666),#14677,.F.);
#14666 = FACE_BOUND('',#14667,.T.);
#14667 = EDGE_LOOP('',(#14668,#14669,#14675,#14676));
#14668 = ORIENTED_EDGE('',*,*,#2436,.T.);
#14669 = ORIENTED_EDGE('',*,*,#14670,.T.);
#14670 = EDGE_CURVE('',#2437,#7706,#14671,.T.);
#14671 = LINE('',#14672,#14673);
#14672 = CARTESIAN_POINT('',(142.6,-123.9,-4.6E-02));
#14673 = VECTOR('',#14674,1.);
#14674 = DIRECTION('',(0.,0.,1.));
#14675 = ORIENTED_EDGE('',*,*,#7705,.F.);
#14676 = ORIENTED_EDGE('',*,*,#14670,.F.);
#14677 = CYLINDRICAL_SURFACE('',#14678,0.2);
#14678 = AXIS2_PLACEMENT_3D('',#14679,#14680,#14681);
#14679 = CARTESIAN_POINT('',(142.6,-123.7,-4.6E-02));
#14680 = DIRECTION('',(-0.,-0.,-1.));
#14681 = DIRECTION('',(-1.42108547152E-13,-1.,0.));
#14682 = ADVANCED_FACE('',(#14683),#14694,.F.);
#14683 = FACE_BOUND('',#14684,.T.);
#14684 = EDGE_LOOP('',(#14685,#14686,#14692,#14693));
#14685 = ORIENTED_EDGE('',*,*,#2447,.T.);
#14686 = ORIENTED_EDGE('',*,*,#14687,.T.);
#14687 = EDGE_CURVE('',#2448,#7717,#14688,.T.);
#14688 = LINE('',#14689,#14690);
#14689 = CARTESIAN_POINT('',(138.38,-121.66,-4.6E-02));
#14690 = VECTOR('',#14691,1.);
#14691 = DIRECTION('',(0.,0.,1.));
#14692 = ORIENTED_EDGE('',*,*,#7716,.F.);
#14693 = ORIENTED_EDGE('',*,*,#14687,.F.);
#14694 = CYLINDRICAL_SURFACE('',#14695,0.5);
#14695 = AXIS2_PLACEMENT_3D('',#14696,#14697,#14698);
#14696 = CARTESIAN_POINT('',(138.38,-121.16,-4.6E-02));
#14697 = DIRECTION('',(-0.,-0.,-1.));
#14698 = DIRECTION('',(-0.,-1.,0.));
#14699 = ADVANCED_FACE('',(#14700),#14711,.F.);
#14700 = FACE_BOUND('',#14701,.T.);
#14701 = EDGE_LOOP('',(#14702,#14703,#14709,#14710));
#14702 = ORIENTED_EDGE('',*,*,#2458,.T.);
#14703 = ORIENTED_EDGE('',*,*,#14704,.T.);
#14704 = EDGE_CURVE('',#2459,#7728,#14705,.T.);
#14705 = LINE('',#14706,#14707);
#14706 = CARTESIAN_POINT('',(138.38,-119.12,-4.6E-02));
#14707 = VECTOR('',#14708,1.);
#14708 = DIRECTION('',(0.,0.,1.));
#14709 = ORIENTED_EDGE('',*,*,#7727,.F.);
#14710 = ORIENTED_EDGE('',*,*,#14704,.F.);
#14711 = CYLINDRICAL_SURFACE('',#14712,0.5);
#14712 = AXIS2_PLACEMENT_3D('',#14713,#14714,#14715);
#14713 = CARTESIAN_POINT('',(138.38,-118.62,-4.6E-02));
#14714 = DIRECTION('',(-0.,-0.,-1.));
#14715 = DIRECTION('',(-0.,-1.,0.));
#14716 = ADVANCED_FACE('',(#14717),#14728,.F.);
#14717 = FACE_BOUND('',#14718,.T.);
#14718 = EDGE_LOOP('',(#14719,#14720,#14726,#14727));
#14719 = ORIENTED_EDGE('',*,*,#2469,.T.);
#14720 = ORIENTED_EDGE('',*,*,#14721,.T.);
#14721 = EDGE_CURVE('',#2470,#7739,#14722,.T.);
#14722 = LINE('',#14723,#14724);
#14723 = CARTESIAN_POINT('',(142.6,-121.36,-4.6E-02));
#14724 = VECTOR('',#14725,1.);
#14725 = DIRECTION('',(0.,0.,1.));
#14726 = ORIENTED_EDGE('',*,*,#7738,.F.);
#14727 = ORIENTED_EDGE('',*,*,#14721,.F.);
#14728 = CYLINDRICAL_SURFACE('',#14729,0.2);
#14729 = AXIS2_PLACEMENT_3D('',#14730,#14731,#14732);
#14730 = CARTESIAN_POINT('',(142.6,-121.16,-4.6E-02));
#14731 = DIRECTION('',(-0.,-0.,-1.));
#14732 = DIRECTION('',(-1.42108547152E-13,-1.,0.));
#14733 = ADVANCED_FACE('',(#14734),#14745,.F.);
#14734 = FACE_BOUND('',#14735,.T.);
#14735 = EDGE_LOOP('',(#14736,#14737,#14743,#14744));
#14736 = ORIENTED_EDGE('',*,*,#2480,.T.);
#14737 = ORIENTED_EDGE('',*,*,#14738,.T.);
#14738 = EDGE_CURVE('',#2481,#7750,#14739,.T.);
#14739 = LINE('',#14740,#14741);
#14740 = CARTESIAN_POINT('',(142.6,-118.82,-4.6E-02));
#14741 = VECTOR('',#14742,1.);
#14742 = DIRECTION('',(0.,0.,1.));
#14743 = ORIENTED_EDGE('',*,*,#7749,.F.);
#14744 = ORIENTED_EDGE('',*,*,#14738,.F.);
#14745 = CYLINDRICAL_SURFACE('',#14746,0.2);
#14746 = AXIS2_PLACEMENT_3D('',#14747,#14748,#14749);
#14747 = CARTESIAN_POINT('',(142.6,-118.62,-4.6E-02));
#14748 = DIRECTION('',(-0.,-0.,-1.));
#14749 = DIRECTION('',(-1.42108547152E-13,-1.,0.));
#14750 = ADVANCED_FACE('',(#14751),#14762,.F.);
#14751 = FACE_BOUND('',#14752,.T.);
#14752 = EDGE_LOOP('',(#14753,#14754,#14760,#14761));
#14753 = ORIENTED_EDGE('',*,*,#2491,.T.);
#14754 = ORIENTED_EDGE('',*,*,#14755,.T.);
#14755 = EDGE_CURVE('',#2492,#7761,#14756,.T.);
#14756 = LINE('',#14757,#14758);
#14757 = CARTESIAN_POINT('',(149.4,-126.44,-4.6E-02));
#14758 = VECTOR('',#14759,1.);
#14759 = DIRECTION('',(0.,0.,1.));
#14760 = ORIENTED_EDGE('',*,*,#7760,.F.);
#14761 = ORIENTED_EDGE('',*,*,#14755,.F.);
#14762 = CYLINDRICAL_SURFACE('',#14763,0.2);
#14763 = AXIS2_PLACEMENT_3D('',#14764,#14765,#14766);
#14764 = CARTESIAN_POINT('',(149.4,-126.24,-4.6E-02));
#14765 = DIRECTION('',(-0.,0.,-1.));
#14766 = DIRECTION('',(1.42108547152E-13,-1.,-0.));
#14767 = ADVANCED_FACE('',(#14768),#14779,.F.);
#14768 = FACE_BOUND('',#14769,.T.);
#14769 = EDGE_LOOP('',(#14770,#14771,#14777,#14778));
#14770 = ORIENTED_EDGE('',*,*,#2502,.T.);
#14771 = ORIENTED_EDGE('',*,*,#14772,.T.);
#14772 = EDGE_CURVE('',#2503,#7772,#14773,.T.);
#14773 = LINE('',#14774,#14775);
#14774 = CARTESIAN_POINT('',(153.62,-126.74,-4.6E-02));
#14775 = VECTOR('',#14776,1.);
#14776 = DIRECTION('',(0.,0.,1.));
#14777 = ORIENTED_EDGE('',*,*,#7771,.F.);
#14778 = ORIENTED_EDGE('',*,*,#14772,.F.);
#14779 = CYLINDRICAL_SURFACE('',#14780,0.5);
#14780 = AXIS2_PLACEMENT_3D('',#14781,#14782,#14783);
#14781 = CARTESIAN_POINT('',(153.62,-126.24,-4.6E-02));
#14782 = DIRECTION('',(-0.,-0.,-1.));
#14783 = DIRECTION('',(-0.,-1.,0.));
#14784 = ADVANCED_FACE('',(#14785),#14796,.F.);
#14785 = FACE_BOUND('',#14786,.T.);
#14786 = EDGE_LOOP('',(#14787,#14788,#14794,#14795));
#14787 = ORIENTED_EDGE('',*,*,#2513,.T.);
#14788 = ORIENTED_EDGE('',*,*,#14789,.T.);
#14789 = EDGE_CURVE('',#2514,#7783,#14790,.T.);
#14790 = LINE('',#14791,#14792);
#14791 = CARTESIAN_POINT('',(149.4,-123.9,-4.6E-02));
#14792 = VECTOR('',#14793,1.);
#14793 = DIRECTION('',(0.,0.,1.));
#14794 = ORIENTED_EDGE('',*,*,#7782,.F.);
#14795 = ORIENTED_EDGE('',*,*,#14789,.F.);
#14796 = CYLINDRICAL_SURFACE('',#14797,0.2);
#14797 = AXIS2_PLACEMENT_3D('',#14798,#14799,#14800);
#14798 = CARTESIAN_POINT('',(149.4,-123.7,-4.6E-02));
#14799 = DIRECTION('',(-0.,0.,-1.));
#14800 = DIRECTION('',(1.42108547152E-13,-1.,-0.));
#14801 = ADVANCED_FACE('',(#14802),#14813,.F.);
#14802 = FACE_BOUND('',#14803,.T.);
#14803 = EDGE_LOOP('',(#14804,#14805,#14811,#14812));
#14804 = ORIENTED_EDGE('',*,*,#2524,.T.);
#14805 = ORIENTED_EDGE('',*,*,#14806,.T.);
#14806 = EDGE_CURVE('',#2525,#7794,#14807,.T.);
#14807 = LINE('',#14808,#14809);
#14808 = CARTESIAN_POINT('',(153.62,-124.2,-4.6E-02));
#14809 = VECTOR('',#14810,1.);
#14810 = DIRECTION('',(0.,0.,1.));
#14811 = ORIENTED_EDGE('',*,*,#7793,.F.);
#14812 = ORIENTED_EDGE('',*,*,#14806,.F.);
#14813 = CYLINDRICAL_SURFACE('',#14814,0.5);
#14814 = AXIS2_PLACEMENT_3D('',#14815,#14816,#14817);
#14815 = CARTESIAN_POINT('',(153.62,-123.7,-4.6E-02));
#14816 = DIRECTION('',(-0.,-0.,-1.));
#14817 = DIRECTION('',(-0.,-1.,0.));
#14818 = ADVANCED_FACE('',(#14819),#14830,.F.);
#14819 = FACE_BOUND('',#14820,.T.);
#14820 = EDGE_LOOP('',(#14821,#14822,#14828,#14829));
#14821 = ORIENTED_EDGE('',*,*,#2535,.T.);
#14822 = ORIENTED_EDGE('',*,*,#14823,.T.);
#14823 = EDGE_CURVE('',#2536,#7805,#14824,.T.);
#14824 = LINE('',#14825,#14826);
#14825 = CARTESIAN_POINT('',(149.4,-121.36,-4.6E-02));
#14826 = VECTOR('',#14827,1.);
#14827 = DIRECTION('',(0.,0.,1.));
#14828 = ORIENTED_EDGE('',*,*,#7804,.F.);
#14829 = ORIENTED_EDGE('',*,*,#14823,.F.);
#14830 = CYLINDRICAL_SURFACE('',#14831,0.2);
#14831 = AXIS2_PLACEMENT_3D('',#14832,#14833,#14834);
#14832 = CARTESIAN_POINT('',(149.4,-121.16,-4.6E-02));
#14833 = DIRECTION('',(-0.,0.,-1.));
#14834 = DIRECTION('',(1.42108547152E-13,-1.,-0.));
#14835 = ADVANCED_FACE('',(#14836),#14847,.F.);
#14836 = FACE_BOUND('',#14837,.T.);
#14837 = EDGE_LOOP('',(#14838,#14839,#14845,#14846));
#14838 = ORIENTED_EDGE('',*,*,#2546,.T.);
#14839 = ORIENTED_EDGE('',*,*,#14840,.T.);
#14840 = EDGE_CURVE('',#2547,#7816,#14841,.T.);
#14841 = LINE('',#14842,#14843);
#14842 = CARTESIAN_POINT('',(149.4,-118.82,-4.6E-02));
#14843 = VECTOR('',#14844,1.);
#14844 = DIRECTION('',(0.,0.,1.));
#14845 = ORIENTED_EDGE('',*,*,#7815,.F.);
#14846 = ORIENTED_EDGE('',*,*,#14840,.F.);
#14847 = CYLINDRICAL_SURFACE('',#14848,0.2);
#14848 = AXIS2_PLACEMENT_3D('',#14849,#14850,#14851);
#14849 = CARTESIAN_POINT('',(149.4,-118.62,-4.6E-02));
#14850 = DIRECTION('',(-0.,0.,-1.));
#14851 = DIRECTION('',(1.42108547152E-13,-1.,-0.));
#14852 = ADVANCED_FACE('',(#14853),#14864,.F.);
#14853 = FACE_BOUND('',#14854,.T.);
#14854 = EDGE_LOOP('',(#14855,#14856,#14862,#14863));
#14855 = ORIENTED_EDGE('',*,*,#2557,.T.);
#14856 = ORIENTED_EDGE('',*,*,#14857,.T.);
#14857 = EDGE_CURVE('',#2558,#7827,#14858,.T.);
#14858 = LINE('',#14859,#14860);
#14859 = CARTESIAN_POINT('',(153.62,-121.66,-4.6E-02));
#14860 = VECTOR('',#14861,1.);
#14861 = DIRECTION('',(0.,0.,1.));
#14862 = ORIENTED_EDGE('',*,*,#7826,.F.);
#14863 = ORIENTED_EDGE('',*,*,#14857,.F.);
#14864 = CYLINDRICAL_SURFACE('',#14865,0.5);
#14865 = AXIS2_PLACEMENT_3D('',#14866,#14867,#14868);
#14866 = CARTESIAN_POINT('',(153.62,-121.16,-4.6E-02));
#14867 = DIRECTION('',(-0.,-0.,-1.));
#14868 = DIRECTION('',(-0.,-1.,0.));
#14869 = ADVANCED_FACE('',(#14870),#14881,.F.);
#14870 = FACE_BOUND('',#14871,.T.);
#14871 = EDGE_LOOP('',(#14872,#14873,#14879,#14880));
#14872 = ORIENTED_EDGE('',*,*,#2568,.T.);
#14873 = ORIENTED_EDGE('',*,*,#14874,.T.);
#14874 = EDGE_CURVE('',#2569,#7838,#14875,.T.);
#14875 = LINE('',#14876,#14877);
#14876 = CARTESIAN_POINT('',(153.62,-119.12,-4.6E-02));
#14877 = VECTOR('',#14878,1.);
#14878 = DIRECTION('',(0.,0.,1.));
#14879 = ORIENTED_EDGE('',*,*,#7837,.F.);
#14880 = ORIENTED_EDGE('',*,*,#14874,.F.);
#14881 = CYLINDRICAL_SURFACE('',#14882,0.5);
#14882 = AXIS2_PLACEMENT_3D('',#14883,#14884,#14885);
#14883 = CARTESIAN_POINT('',(153.62,-118.62,-4.6E-02));
#14884 = DIRECTION('',(-0.,-0.,-1.));
#14885 = DIRECTION('',(-0.,-1.,0.));
#14886 = ADVANCED_FACE('',(#14887),#14898,.F.);
#14887 = FACE_BOUND('',#14888,.T.);
#14888 = EDGE_LOOP('',(#14889,#14890,#14896,#14897));
#14889 = ORIENTED_EDGE('',*,*,#2579,.T.);
#14890 = ORIENTED_EDGE('',*,*,#14891,.T.);
#14891 = EDGE_CURVE('',#2580,#7849,#14892,.T.);
#14892 = LINE('',#14893,#14894);
#14893 = CARTESIAN_POINT('',(170.,-145.55,-4.6E-02));
#14894 = VECTOR('',#14895,1.);
#14895 = DIRECTION('',(0.,0.,1.));
#14896 = ORIENTED_EDGE('',*,*,#7848,.F.);
#14897 = ORIENTED_EDGE('',*,*,#14891,.F.);
#14898 = CYLINDRICAL_SURFACE('',#14899,1.5);
#14899 = AXIS2_PLACEMENT_3D('',#14900,#14901,#14902);
#14900 = CARTESIAN_POINT('',(170.,-144.05,-4.6E-02));
#14901 = DIRECTION('',(-0.,-0.,-1.));
#14902 = DIRECTION('',(-0.,-1.,0.));
#14903 = ADVANCED_FACE('',(#14904),#14920,.F.);
#14904 = FACE_BOUND('',#14905,.T.);
#14905 = EDGE_LOOP('',(#14906,#14907,#14913,#14914));
#14906 = ORIENTED_EDGE('',*,*,#2590,.T.);
#14907 = ORIENTED_EDGE('',*,*,#14908,.T.);
#14908 = EDGE_CURVE('',#2593,#7862,#14909,.T.);
#14909 = LINE('',#14910,#14911);
#14910 = CARTESIAN_POINT('',(166.19,-135.04,-4.6E-02));
#14911 = VECTOR('',#14912,1.);
#14912 = DIRECTION('',(0.,0.,1.));
#14913 = ORIENTED_EDGE('',*,*,#7859,.F.);
#14914 = ORIENTED_EDGE('',*,*,#14915,.T.);
#14915 = EDGE_CURVE('',#7860,#2591,#14916,.T.);
#14916 = LINE('',#14917,#14918);
#14917 = CARTESIAN_POINT('',(166.39244942492,-135.0262752875,-4.6E-02));
#14918 = VECTOR('',#14919,1.);
#14919 = DIRECTION('',(-0.,-0.,-1.));
#14920 = CYLINDRICAL_SURFACE('',#14921,1.5);
#14921 = AXIS2_PLACEMENT_3D('',#14922,#14923,#14924);
#14922 = CARTESIAN_POINT('',(166.19,-133.54,-4.6E-02));
#14923 = DIRECTION('',(-0.,-0.,-1.));
#14924 = DIRECTION('',(-0.,-1.,0.));
#14925 = ADVANCED_FACE('',(#14926),#14937,.F.);
#14926 = FACE_BOUND('',#14927,.T.);
#14927 = EDGE_LOOP('',(#14928,#14934,#14935,#14936));
#14928 = ORIENTED_EDGE('',*,*,#14929,.F.);
#14929 = EDGE_CURVE('',#2611,#7880,#14930,.T.);
#14930 = LINE('',#14931,#14932);
#14931 = CARTESIAN_POINT('',(167.46,-137.58,-4.6E-02));
#14932 = VECTOR('',#14933,1.);
#14933 = DIRECTION('',(0.,0.,1.));
#14934 = ORIENTED_EDGE('',*,*,#2619,.T.);
#14935 = ORIENTED_EDGE('',*,*,#14915,.F.);
#14936 = ORIENTED_EDGE('',*,*,#7888,.F.);
#14937 = CYLINDRICAL_SURFACE('',#14938,1.5);
#14938 = AXIS2_PLACEMENT_3D('',#14939,#14940,#14941);
#14939 = CARTESIAN_POINT('',(167.46,-136.08,-4.6E-02));
#14940 = DIRECTION('',(-0.,-0.,-1.));
#14941 = DIRECTION('',(-0.,-1.,0.));
#14942 = ADVANCED_FACE('',(#14943),#14954,.F.);
#14943 = FACE_BOUND('',#14944,.T.);
#14944 = EDGE_LOOP('',(#14945,#14946,#14947,#14948));
#14945 = ORIENTED_EDGE('',*,*,#2610,.T.);
#14946 = ORIENTED_EDGE('',*,*,#14929,.T.);
#14947 = ORIENTED_EDGE('',*,*,#7879,.F.);
#14948 = ORIENTED_EDGE('',*,*,#14949,.T.);
#14949 = EDGE_CURVE('',#7871,#2602,#14950,.T.);
#14950 = LINE('',#14951,#14952);
#14951 = CARTESIAN_POINT('',(167.25755057507,-134.5937247124,-4.6E-02));
#14952 = VECTOR('',#14953,1.);
#14953 = DIRECTION('',(-0.,-0.,-1.));
#14954 = CYLINDRICAL_SURFACE('',#14955,1.5);
#14955 = AXIS2_PLACEMENT_3D('',#14956,#14957,#14958);
#14956 = CARTESIAN_POINT('',(167.46,-136.08,-4.6E-02));
#14957 = DIRECTION('',(-0.,-0.,-1.));
#14958 = DIRECTION('',(-0.,-1.,0.));
#14959 = ADVANCED_FACE('',(#14960),#14966,.F.);
#14960 = FACE_BOUND('',#14961,.T.);
#14961 = EDGE_LOOP('',(#14962,#14963,#14964,#14965));
#14962 = ORIENTED_EDGE('',*,*,#14908,.F.);
#14963 = ORIENTED_EDGE('',*,*,#2601,.T.);
#14964 = ORIENTED_EDGE('',*,*,#14949,.F.);
#14965 = ORIENTED_EDGE('',*,*,#7870,.F.);
#14966 = CYLINDRICAL_SURFACE('',#14967,1.5);
#14967 = AXIS2_PLACEMENT_3D('',#14968,#14969,#14970);
#14968 = CARTESIAN_POINT('',(166.19,-133.54,-4.6E-02));
#14969 = DIRECTION('',(-0.,-0.,-1.));
#14970 = DIRECTION('',(-0.,-1.,0.));
#14971 = ADVANCED_FACE('',(#14972),#14983,.F.);
#14972 = FACE_BOUND('',#14973,.T.);
#14973 = EDGE_LOOP('',(#14974,#14975,#14981,#14982));
#14974 = ORIENTED_EDGE('',*,*,#2628,.T.);
#14975 = ORIENTED_EDGE('',*,*,#14976,.T.);
#14976 = EDGE_CURVE('',#2629,#7898,#14977,.T.);
#14977 = LINE('',#14978,#14979);
#14978 = CARTESIAN_POINT('',(179.488,-136.825,-4.6E-02));
#14979 = VECTOR('',#14980,1.);
#14980 = DIRECTION('',(0.,0.,1.));
#14981 = ORIENTED_EDGE('',*,*,#7897,.F.);
#14982 = ORIENTED_EDGE('',*,*,#14976,.F.);
#14983 = CYLINDRICAL_SURFACE('',#14984,1.1);
#14984 = AXIS2_PLACEMENT_3D('',#14985,#14986,#14987);
#14985 = CARTESIAN_POINT('',(179.488,-135.725,-4.6E-02));
#14986 = DIRECTION('',(-0.,-0.,-1.));
#14987 = DIRECTION('',(-0.,-1.,0.));
#14988 = ADVANCED_FACE('',(#14989),#15005,.F.);
#14989 = FACE_BOUND('',#14990,.T.);
#14990 = EDGE_LOOP('',(#14991,#14992,#14998,#14999));
#14991 = ORIENTED_EDGE('',*,*,#2639,.T.);
#14992 = ORIENTED_EDGE('',*,*,#14993,.T.);
#14993 = EDGE_CURVE('',#2642,#7911,#14994,.T.);
#14994 = LINE('',#14995,#14996);
#14995 = CARTESIAN_POINT('',(172.54,-137.58,-4.6E-02));
#14996 = VECTOR('',#14997,1.);
#14997 = DIRECTION('',(0.,0.,1.));
#14998 = ORIENTED_EDGE('',*,*,#7908,.F.);
#14999 = ORIENTED_EDGE('',*,*,#15000,.T.);
#15000 = EDGE_CURVE('',#7909,#2640,#15001,.T.);
#15001 = LINE('',#15002,#15003);
#15002 = CARTESIAN_POINT('',(173.60755057507,-135.0262752875,-4.6E-02));
#15003 = VECTOR('',#15004,1.);
#15004 = DIRECTION('',(-0.,-0.,-1.));
#15005 = CYLINDRICAL_SURFACE('',#15006,1.5);
#15006 = AXIS2_PLACEMENT_3D('',#15007,#15008,#15009);
#15007 = CARTESIAN_POINT('',(172.54,-136.08,-4.6E-02));
#15008 = DIRECTION('',(-0.,-0.,-1.));
#15009 = DIRECTION('',(-0.,-1.,0.));
#15010 = ADVANCED_FACE('',(#15011),#15022,.F.);
#15011 = FACE_BOUND('',#15012,.T.);
#15012 = EDGE_LOOP('',(#15013,#15019,#15020,#15021));
#15013 = ORIENTED_EDGE('',*,*,#15014,.F.);
#15014 = EDGE_CURVE('',#2660,#7929,#15015,.T.);
#15015 = LINE('',#15016,#15017);
#15016 = CARTESIAN_POINT('',(173.81,-135.04,-4.6E-02));
#15017 = VECTOR('',#15018,1.);
#15018 = DIRECTION('',(0.,0.,1.));
#15019 = ORIENTED_EDGE('',*,*,#2668,.T.);
#15020 = ORIENTED_EDGE('',*,*,#15000,.F.);
#15021 = ORIENTED_EDGE('',*,*,#7937,.F.);
#15022 = CYLINDRICAL_SURFACE('',#15023,1.5);
#15023 = AXIS2_PLACEMENT_3D('',#15024,#15025,#15026);
#15024 = CARTESIAN_POINT('',(173.81,-133.54,-4.6E-02));
#15025 = DIRECTION('',(-0.,-0.,-1.));
#15026 = DIRECTION('',(-0.,-1.,0.));
#15027 = ADVANCED_FACE('',(#15028),#15039,.F.);
#15028 = FACE_BOUND('',#15029,.T.);
#15029 = EDGE_LOOP('',(#15030,#15031,#15032,#15033));
#15030 = ORIENTED_EDGE('',*,*,#2659,.T.);
#15031 = ORIENTED_EDGE('',*,*,#15014,.T.);
#15032 = ORIENTED_EDGE('',*,*,#7928,.F.);
#15033 = ORIENTED_EDGE('',*,*,#15034,.T.);
#15034 = EDGE_CURVE('',#7920,#2651,#15035,.T.);
#15035 = LINE('',#15036,#15037);
#15036 = CARTESIAN_POINT('',(172.74244942492,-134.5937247124,-4.6E-02));
#15037 = VECTOR('',#15038,1.);
#15038 = DIRECTION('',(-0.,-0.,-1.));
#15039 = CYLINDRICAL_SURFACE('',#15040,1.5);
#15040 = AXIS2_PLACEMENT_3D('',#15041,#15042,#15043);
#15041 = CARTESIAN_POINT('',(173.81,-133.54,-4.6E-02));
#15042 = DIRECTION('',(-0.,-0.,-1.));
#15043 = DIRECTION('',(-0.,-1.,0.));
#15044 = ADVANCED_FACE('',(#15045),#15051,.F.);
#15045 = FACE_BOUND('',#15046,.T.);
#15046 = EDGE_LOOP('',(#15047,#15048,#15049,#15050));
#15047 = ORIENTED_EDGE('',*,*,#14993,.F.);
#15048 = ORIENTED_EDGE('',*,*,#2650,.T.);
#15049 = ORIENTED_EDGE('',*,*,#15034,.F.);
#15050 = ORIENTED_EDGE('',*,*,#7919,.F.);
#15051 = CYLINDRICAL_SURFACE('',#15052,1.5);
#15052 = AXIS2_PLACEMENT_3D('',#15053,#15054,#15055);
#15053 = CARTESIAN_POINT('',(172.54,-136.08,-4.6E-02));
#15054 = DIRECTION('',(-0.,-0.,-1.));
#15055 = DIRECTION('',(-0.,-1.,0.));
#15056 = ADVANCED_FACE('',(#15057),#15068,.F.);
#15057 = FACE_BOUND('',#15058,.T.);
#15058 = EDGE_LOOP('',(#15059,#15060,#15066,#15067));
#15059 = ORIENTED_EDGE('',*,*,#2677,.T.);
#15060 = ORIENTED_EDGE('',*,*,#15061,.T.);
#15061 = EDGE_CURVE('',#2678,#7947,#15062,.T.);
#15062 = LINE('',#15063,#15064);
#15063 = CARTESIAN_POINT('',(184.,-143.75,-4.6E-02));
#15064 = VECTOR('',#15065,1.);
#15065 = DIRECTION('',(0.,0.,1.));
#15066 = ORIENTED_EDGE('',*,*,#7946,.F.);
#15067 = ORIENTED_EDGE('',*,*,#15061,.F.);
#15068 = CYLINDRICAL_SURFACE('',#15069,1.5);
#15069 = AXIS2_PLACEMENT_3D('',#15070,#15071,#15072);
#15070 = CARTESIAN_POINT('',(184.,-142.25,-4.6E-02));
#15071 = DIRECTION('',(-0.,-0.,-1.));
#15072 = DIRECTION('',(-0.,-1.,0.));
#15073 = ADVANCED_FACE('',(#15074),#15085,.F.);
#15074 = FACE_BOUND('',#15075,.T.);
#15075 = EDGE_LOOP('',(#15076,#15077,#15083,#15084));
#15076 = ORIENTED_EDGE('',*,*,#2688,.T.);
#15077 = ORIENTED_EDGE('',*,*,#15078,.T.);
#15078 = EDGE_CURVE('',#2689,#7958,#15079,.T.);
#15079 = LINE('',#15080,#15081);
#15080 = CARTESIAN_POINT('',(189.,-141.55,-4.6E-02));
#15081 = VECTOR('',#15082,1.);
#15082 = DIRECTION('',(0.,0.,1.));
#15083 = ORIENTED_EDGE('',*,*,#7957,.F.);
#15084 = ORIENTED_EDGE('',*,*,#15078,.F.);
#15085 = CYLINDRICAL_SURFACE('',#15086,1.5);
#15086 = AXIS2_PLACEMENT_3D('',#15087,#15088,#15089);
#15087 = CARTESIAN_POINT('',(189.,-140.05,-4.6E-02));
#15088 = DIRECTION('',(-0.,-0.,-1.));
#15089 = DIRECTION('',(-0.,-1.,0.));
#15090 = ADVANCED_FACE('',(#15091),#15102,.F.);
#15091 = FACE_BOUND('',#15092,.T.);
#15092 = EDGE_LOOP('',(#15093,#15094,#15100,#15101));
#15093 = ORIENTED_EDGE('',*,*,#2699,.T.);
#15094 = ORIENTED_EDGE('',*,*,#15095,.T.);
#15095 = EDGE_CURVE('',#2700,#7969,#15096,.T.);
#15096 = LINE('',#15097,#15098);
#15097 = CARTESIAN_POINT('',(194.,-143.75,-4.6E-02));
#15098 = VECTOR('',#15099,1.);
#15099 = DIRECTION('',(0.,0.,1.));
#15100 = ORIENTED_EDGE('',*,*,#7968,.F.);
#15101 = ORIENTED_EDGE('',*,*,#15095,.F.);
#15102 = CYLINDRICAL_SURFACE('',#15103,1.5);
#15103 = AXIS2_PLACEMENT_3D('',#15104,#15105,#15106);
#15104 = CARTESIAN_POINT('',(194.,-142.25,-4.6E-02));
#15105 = DIRECTION('',(-0.,-0.,-1.));
#15106 = DIRECTION('',(-0.,-1.,0.));
#15107 = ADVANCED_FACE('',(#15108),#15124,.F.);
#15108 = FACE_BOUND('',#15109,.T.);
#15109 = EDGE_LOOP('',(#15110,#15111,#15117,#15118));
#15110 = ORIENTED_EDGE('',*,*,#2710,.T.);
#15111 = ORIENTED_EDGE('',*,*,#15112,.T.);
#15112 = EDGE_CURVE('',#2713,#7982,#15113,.T.);
#15113 = LINE('',#15114,#15115);
#15114 = CARTESIAN_POINT('',(164.5,-131.95,-4.6E-02));
#15115 = VECTOR('',#15116,1.);
#15116 = DIRECTION('',(0.,0.,1.));
#15117 = ORIENTED_EDGE('',*,*,#7979,.F.);
#15118 = ORIENTED_EDGE('',*,*,#15119,.T.);
#15119 = EDGE_CURVE('',#7980,#2711,#15120,.T.);
#15120 = LINE('',#15121,#15122);
#15121 = CARTESIAN_POINT('',(164.71,-131.9264987857,-4.6E-02));
#15122 = VECTOR('',#15123,1.);
#15123 = DIRECTION('',(-0.,-0.,-1.));
#15124 = CYLINDRICAL_SURFACE('',#15125,0.95);
#15125 = AXIS2_PLACEMENT_3D('',#15126,#15127,#15128);
#15126 = CARTESIAN_POINT('',(164.5,-131.,-4.6E-02));
#15127 = DIRECTION('',(-0.,-0.,-1.));
#15128 = DIRECTION('',(-0.,-1.,0.));
#15129 = ADVANCED_FACE('',(#15130),#15141,.F.);
#15130 = FACE_BOUND('',#15131,.T.);
#15131 = EDGE_LOOP('',(#15132,#15138,#15139,#15140));
#15132 = ORIENTED_EDGE('',*,*,#15133,.F.);
#15133 = EDGE_CURVE('',#2731,#8000,#15134,.T.);
#15134 = LINE('',#15135,#15136);
#15135 = CARTESIAN_POINT('',(164.92,-131.95,-4.6E-02));
#15136 = VECTOR('',#15137,1.);
#15137 = DIRECTION('',(0.,0.,1.));
#15138 = ORIENTED_EDGE('',*,*,#2739,.T.);
#15139 = ORIENTED_EDGE('',*,*,#15119,.F.);
#15140 = ORIENTED_EDGE('',*,*,#8008,.F.);
#15141 = CYLINDRICAL_SURFACE('',#15142,0.95);
#15142 = AXIS2_PLACEMENT_3D('',#15143,#15144,#15145);
#15143 = CARTESIAN_POINT('',(164.92,-131.,-4.6E-02));
#15144 = DIRECTION('',(-0.,-0.,-1.));
#15145 = DIRECTION('',(-2.991758887411E-14,-1.,0.));
#15146 = ADVANCED_FACE('',(#15147),#15158,.F.);
#15147 = FACE_BOUND('',#15148,.T.);
#15148 = EDGE_LOOP('',(#15149,#15150,#15151,#15152));
#15149 = ORIENTED_EDGE('',*,*,#2730,.T.);
#15150 = ORIENTED_EDGE('',*,*,#15133,.T.);
#15151 = ORIENTED_EDGE('',*,*,#7999,.F.);
#15152 = ORIENTED_EDGE('',*,*,#15153,.T.);
#15153 = EDGE_CURVE('',#7991,#2722,#15154,.T.);
#15154 = LINE('',#15155,#15156);
#15155 = CARTESIAN_POINT('',(164.71,-130.0735012142,-4.6E-02));
#15156 = VECTOR('',#15157,1.);
#15157 = DIRECTION('',(-0.,-0.,-1.));
#15158 = CYLINDRICAL_SURFACE('',#15159,0.95);
#15159 = AXIS2_PLACEMENT_3D('',#15160,#15161,#15162);
#15160 = CARTESIAN_POINT('',(164.92,-131.,-4.6E-02));
#15161 = DIRECTION('',(-0.,-0.,-1.));
#15162 = DIRECTION('',(-2.991758887411E-14,-1.,0.));
#15163 = ADVANCED_FACE('',(#15164),#15170,.F.);
#15164 = FACE_BOUND('',#15165,.T.);
#15165 = EDGE_LOOP('',(#15166,#15167,#15168,#15169));
#15166 = ORIENTED_EDGE('',*,*,#15112,.F.);
#15167 = ORIENTED_EDGE('',*,*,#2721,.T.);
#15168 = ORIENTED_EDGE('',*,*,#15153,.F.);
#15169 = ORIENTED_EDGE('',*,*,#7990,.F.);
#15170 = CYLINDRICAL_SURFACE('',#15171,0.95);
#15171 = AXIS2_PLACEMENT_3D('',#15172,#15173,#15174);
#15172 = CARTESIAN_POINT('',(164.5,-131.,-4.6E-02));
#15173 = DIRECTION('',(-0.,-0.,-1.));
#15174 = DIRECTION('',(-0.,-1.,0.));
#15175 = ADVANCED_FACE('',(#15176),#15187,.F.);
#15176 = FACE_BOUND('',#15177,.T.);
#15177 = EDGE_LOOP('',(#15178,#15179,#15185,#15186));
#15178 = ORIENTED_EDGE('',*,*,#2748,.T.);
#15179 = ORIENTED_EDGE('',*,*,#15180,.T.);
#15180 = EDGE_CURVE('',#2749,#8018,#15181,.T.);
#15181 = LINE('',#15182,#15183);
#15182 = CARTESIAN_POINT('',(170.,-133.5,-4.6E-02));
#15183 = VECTOR('',#15184,1.);
#15184 = DIRECTION('',(0.,0.,1.));
#15185 = ORIENTED_EDGE('',*,*,#8017,.F.);
#15186 = ORIENTED_EDGE('',*,*,#15180,.F.);
#15187 = CYLINDRICAL_SURFACE('',#15188,2.5);
#15188 = AXIS2_PLACEMENT_3D('',#15189,#15190,#15191);
#15189 = CARTESIAN_POINT('',(170.,-131.,-4.6E-02));
#15190 = DIRECTION('',(-0.,-0.,-1.));
#15191 = DIRECTION('',(-0.,-1.,0.));
#15192 = ADVANCED_FACE('',(#15193),#15204,.F.);
#15193 = FACE_BOUND('',#15194,.T.);
#15194 = EDGE_LOOP('',(#15195,#15196,#15202,#15203));
#15195 = ORIENTED_EDGE('',*,*,#2759,.T.);
#15196 = ORIENTED_EDGE('',*,*,#15197,.T.);
#15197 = EDGE_CURVE('',#2760,#8029,#15198,.T.);
#15198 = LINE('',#15199,#15200);
#15199 = CARTESIAN_POINT('',(165.,-128.75,-4.6E-02));
#15200 = VECTOR('',#15201,1.);
#15201 = DIRECTION('',(0.,0.,1.));
#15202 = ORIENTED_EDGE('',*,*,#8028,.F.);
#15203 = ORIENTED_EDGE('',*,*,#15197,.F.);
#15204 = CYLINDRICAL_SURFACE('',#15205,1.5);
#15205 = AXIS2_PLACEMENT_3D('',#15206,#15207,#15208);
#15206 = CARTESIAN_POINT('',(165.,-127.25,-4.6E-02));
#15207 = DIRECTION('',(-0.,-0.,-1.));
#15208 = DIRECTION('',(-0.,-1.,0.));
#15209 = ADVANCED_FACE('',(#15210),#15226,.F.);
#15210 = FACE_BOUND('',#15211,.T.);
#15211 = EDGE_LOOP('',(#15212,#15213,#15219,#15220));
#15212 = ORIENTED_EDGE('',*,*,#2770,.T.);
#15213 = ORIENTED_EDGE('',*,*,#15214,.T.);
#15214 = EDGE_CURVE('',#2773,#8042,#15215,.T.);
#15215 = LINE('',#15216,#15217);
#15216 = CARTESIAN_POINT('',(175.5,-131.95,-4.6E-02));
#15217 = VECTOR('',#15218,1.);
#15218 = DIRECTION('',(0.,0.,1.));
#15219 = ORIENTED_EDGE('',*,*,#8039,.F.);
#15220 = ORIENTED_EDGE('',*,*,#15221,.T.);
#15221 = EDGE_CURVE('',#8040,#2771,#15222,.T.);
#15222 = LINE('',#15223,#15224);
#15223 = CARTESIAN_POINT('',(175.29,-130.0735012142,-4.6E-02));
#15224 = VECTOR('',#15225,1.);
#15225 = DIRECTION('',(-0.,-0.,-1.));
#15226 = CYLINDRICAL_SURFACE('',#15227,0.95);
#15227 = AXIS2_PLACEMENT_3D('',#15228,#15229,#15230);
#15228 = CARTESIAN_POINT('',(175.5,-131.,-4.6E-02));
#15229 = DIRECTION('',(-0.,-0.,-1.));
#15230 = DIRECTION('',(-0.,-1.,0.));
#15231 = ADVANCED_FACE('',(#15232),#15243,.F.);
#15232 = FACE_BOUND('',#15233,.T.);
#15233 = EDGE_LOOP('',(#15234,#15240,#15241,#15242));
#15234 = ORIENTED_EDGE('',*,*,#15235,.F.);
#15235 = EDGE_CURVE('',#2791,#8060,#15236,.T.);
#15236 = LINE('',#15237,#15238);
#15237 = CARTESIAN_POINT('',(175.08,-131.95,-4.6E-02));
#15238 = VECTOR('',#15239,1.);
#15239 = DIRECTION('',(0.,0.,1.));
#15240 = ORIENTED_EDGE('',*,*,#2799,.T.);
#15241 = ORIENTED_EDGE('',*,*,#15221,.F.);
#15242 = ORIENTED_EDGE('',*,*,#8068,.F.);
#15243 = CYLINDRICAL_SURFACE('',#15244,0.95);
#15244 = AXIS2_PLACEMENT_3D('',#15245,#15246,#15247);
#15245 = CARTESIAN_POINT('',(175.08,-131.,-4.6E-02));
#15246 = DIRECTION('',(-0.,0.,-1.));
#15247 = DIRECTION('',(2.991758887411E-14,-1.,-0.));
#15248 = ADVANCED_FACE('',(#15249),#15260,.F.);
#15249 = FACE_BOUND('',#15250,.T.);
#15250 = EDGE_LOOP('',(#15251,#15252,#15253,#15254));
#15251 = ORIENTED_EDGE('',*,*,#2790,.T.);
#15252 = ORIENTED_EDGE('',*,*,#15235,.T.);
#15253 = ORIENTED_EDGE('',*,*,#8059,.F.);
#15254 = ORIENTED_EDGE('',*,*,#15255,.T.);
#15255 = EDGE_CURVE('',#8051,#2782,#15256,.T.);
#15256 = LINE('',#15257,#15258);
#15257 = CARTESIAN_POINT('',(175.29,-131.9264987857,-4.6E-02));
#15258 = VECTOR('',#15259,1.);
#15259 = DIRECTION('',(-0.,-0.,-1.));
#15260 = CYLINDRICAL_SURFACE('',#15261,0.95);
#15261 = AXIS2_PLACEMENT_3D('',#15262,#15263,#15264);
#15262 = CARTESIAN_POINT('',(175.08,-131.,-4.6E-02));
#15263 = DIRECTION('',(-0.,0.,-1.));
#15264 = DIRECTION('',(2.991758887411E-14,-1.,-0.));
#15265 = ADVANCED_FACE('',(#15266),#15272,.F.);
#15266 = FACE_BOUND('',#15267,.T.);
#15267 = EDGE_LOOP('',(#15268,#15269,#15270,#15271));
#15268 = ORIENTED_EDGE('',*,*,#15214,.F.);
#15269 = ORIENTED_EDGE('',*,*,#2781,.T.);
#15270 = ORIENTED_EDGE('',*,*,#15255,.F.);
#15271 = ORIENTED_EDGE('',*,*,#8050,.F.);
#15272 = CYLINDRICAL_SURFACE('',#15273,0.95);
#15273 = AXIS2_PLACEMENT_3D('',#15274,#15275,#15276);
#15274 = CARTESIAN_POINT('',(175.5,-131.,-4.6E-02));
#15275 = DIRECTION('',(-0.,-0.,-1.));
#15276 = DIRECTION('',(-0.,-1.,0.));
#15277 = ADVANCED_FACE('',(#15278),#15289,.F.);
#15278 = FACE_BOUND('',#15279,.T.);
#15279 = EDGE_LOOP('',(#15280,#15281,#15287,#15288));
#15280 = ORIENTED_EDGE('',*,*,#2808,.T.);
#15281 = ORIENTED_EDGE('',*,*,#15282,.T.);
#15282 = EDGE_CURVE('',#2809,#8078,#15283,.T.);
#15283 = LINE('',#15284,#15285);
#15284 = CARTESIAN_POINT('',(175.,-128.75,-4.6E-02));
#15285 = VECTOR('',#15286,1.);
#15286 = DIRECTION('',(0.,0.,1.));
#15287 = ORIENTED_EDGE('',*,*,#8077,.F.);
#15288 = ORIENTED_EDGE('',*,*,#15282,.F.);
#15289 = CYLINDRICAL_SURFACE('',#15290,1.5);
#15290 = AXIS2_PLACEMENT_3D('',#15291,#15292,#15293);
#15291 = CARTESIAN_POINT('',(175.,-127.25,-4.6E-02));
#15292 = DIRECTION('',(-0.,-0.,-1.));
#15293 = DIRECTION('',(-0.,-1.,0.));
#15294 = ADVANCED_FACE('',(#15295),#15306,.F.);
#15295 = FACE_BOUND('',#15296,.T.);
#15296 = EDGE_LOOP('',(#15297,#15298,#15304,#15305));
#15297 = ORIENTED_EDGE('',*,*,#2819,.T.);
#15298 = ORIENTED_EDGE('',*,*,#15299,.T.);
#15299 = EDGE_CURVE('',#2820,#8089,#15300,.T.);
#15300 = LINE('',#15301,#15302);
#15301 = CARTESIAN_POINT('',(170.,-126.55,-4.6E-02));
#15302 = VECTOR('',#15303,1.);
#15303 = DIRECTION('',(0.,0.,1.));
#15304 = ORIENTED_EDGE('',*,*,#8088,.F.);
#15305 = ORIENTED_EDGE('',*,*,#15299,.F.);
#15306 = CYLINDRICAL_SURFACE('',#15307,1.5);
#15307 = AXIS2_PLACEMENT_3D('',#15308,#15309,#15310);
#15308 = CARTESIAN_POINT('',(170.,-125.05,-4.6E-02));
#15309 = DIRECTION('',(-0.,-0.,-1.));
#15310 = DIRECTION('',(-0.,-1.,0.));
#15311 = ADVANCED_FACE('',(#15312),#15328,.F.);
#15312 = FACE_BOUND('',#15313,.T.);
#15313 = EDGE_LOOP('',(#15314,#15315,#15321,#15322));
#15314 = ORIENTED_EDGE('',*,*,#2830,.T.);
#15315 = ORIENTED_EDGE('',*,*,#15316,.T.);
#15316 = EDGE_CURVE('',#2833,#8102,#15317,.T.);
#15317 = LINE('',#15318,#15319);
#15318 = CARTESIAN_POINT('',(185.19,-131.04,-4.6E-02));
#15319 = VECTOR('',#15320,1.);
#15320 = DIRECTION('',(0.,0.,1.));
#15321 = ORIENTED_EDGE('',*,*,#8099,.F.);
#15322 = ORIENTED_EDGE('',*,*,#15323,.T.);
#15323 = EDGE_CURVE('',#8100,#2831,#15324,.T.);
#15324 = LINE('',#15325,#15326);
#15325 = CARTESIAN_POINT('',(185.39244942492,-131.0262752875,-4.6E-02));
#15326 = VECTOR('',#15327,1.);
#15327 = DIRECTION('',(-0.,-0.,-1.));
#15328 = CYLINDRICAL_SURFACE('',#15329,1.5);
#15329 = AXIS2_PLACEMENT_3D('',#15330,#15331,#15332);
#15330 = CARTESIAN_POINT('',(185.19,-129.54,-4.6E-02));
#15331 = DIRECTION('',(-0.,-0.,-1.));
#15332 = DIRECTION('',(-0.,-1.,0.));
#15333 = ADVANCED_FACE('',(#15334),#15345,.F.);
#15334 = FACE_BOUND('',#15335,.T.);
#15335 = EDGE_LOOP('',(#15336,#15342,#15343,#15344));
#15336 = ORIENTED_EDGE('',*,*,#15337,.F.);
#15337 = EDGE_CURVE('',#2851,#8120,#15338,.T.);
#15338 = LINE('',#15339,#15340);
#15339 = CARTESIAN_POINT('',(186.46,-133.58,-4.6E-02));
#15340 = VECTOR('',#15341,1.);
#15341 = DIRECTION('',(0.,0.,1.));
#15342 = ORIENTED_EDGE('',*,*,#2859,.T.);
#15343 = ORIENTED_EDGE('',*,*,#15323,.F.);
#15344 = ORIENTED_EDGE('',*,*,#8128,.F.);
#15345 = CYLINDRICAL_SURFACE('',#15346,1.5);
#15346 = AXIS2_PLACEMENT_3D('',#15347,#15348,#15349);
#15347 = CARTESIAN_POINT('',(186.46,-132.08,-4.6E-02));
#15348 = DIRECTION('',(-0.,-0.,-1.));
#15349 = DIRECTION('',(-0.,-1.,0.));
#15350 = ADVANCED_FACE('',(#15351),#15362,.F.);
#15351 = FACE_BOUND('',#15352,.T.);
#15352 = EDGE_LOOP('',(#15353,#15354,#15355,#15356));
#15353 = ORIENTED_EDGE('',*,*,#2850,.T.);
#15354 = ORIENTED_EDGE('',*,*,#15337,.T.);
#15355 = ORIENTED_EDGE('',*,*,#8119,.F.);
#15356 = ORIENTED_EDGE('',*,*,#15357,.T.);
#15357 = EDGE_CURVE('',#8111,#2842,#15358,.T.);
#15358 = LINE('',#15359,#15360);
#15359 = CARTESIAN_POINT('',(186.25755057507,-130.5937247124,-4.6E-02));
#15360 = VECTOR('',#15361,1.);
#15361 = DIRECTION('',(-0.,-0.,-1.));
#15362 = CYLINDRICAL_SURFACE('',#15363,1.5);
#15363 = AXIS2_PLACEMENT_3D('',#15364,#15365,#15366);
#15364 = CARTESIAN_POINT('',(186.46,-132.08,-4.6E-02));
#15365 = DIRECTION('',(-0.,-0.,-1.));
#15366 = DIRECTION('',(-0.,-1.,0.));
#15367 = ADVANCED_FACE('',(#15368),#15374,.F.);
#15368 = FACE_BOUND('',#15369,.T.);
#15369 = EDGE_LOOP('',(#15370,#15371,#15372,#15373));
#15370 = ORIENTED_EDGE('',*,*,#15316,.F.);
#15371 = ORIENTED_EDGE('',*,*,#2841,.T.);
#15372 = ORIENTED_EDGE('',*,*,#15357,.F.);
#15373 = ORIENTED_EDGE('',*,*,#8110,.F.);
#15374 = CYLINDRICAL_SURFACE('',#15375,1.5);
#15375 = AXIS2_PLACEMENT_3D('',#15376,#15377,#15378);
#15376 = CARTESIAN_POINT('',(185.19,-129.54,-4.6E-02));
#15377 = DIRECTION('',(-0.,-0.,-1.));
#15378 = DIRECTION('',(-0.,-1.,0.));
#15379 = ADVANCED_FACE('',(#15380),#15396,.F.);
#15380 = FACE_BOUND('',#15381,.T.);
#15381 = EDGE_LOOP('',(#15382,#15383,#15389,#15390));
#15382 = ORIENTED_EDGE('',*,*,#2868,.T.);
#15383 = ORIENTED_EDGE('',*,*,#15384,.T.);
#15384 = EDGE_CURVE('',#2871,#8140,#15385,.T.);
#15385 = LINE('',#15386,#15387);
#15386 = CARTESIAN_POINT('',(183.92,-127.95,-4.6E-02));
#15387 = VECTOR('',#15388,1.);
#15388 = DIRECTION('',(0.,0.,1.));
#15389 = ORIENTED_EDGE('',*,*,#8137,.F.);
#15390 = ORIENTED_EDGE('',*,*,#15391,.T.);
#15391 = EDGE_CURVE('',#8138,#2869,#15392,.T.);
#15392 = LINE('',#15393,#15394);
#15393 = CARTESIAN_POINT('',(183.71,-126.0735012142,-4.6E-02));
#15394 = VECTOR('',#15395,1.);
#15395 = DIRECTION('',(-0.,-0.,-1.));
#15396 = CYLINDRICAL_SURFACE('',#15397,0.95);
#15397 = AXIS2_PLACEMENT_3D('',#15398,#15399,#15400);
#15398 = CARTESIAN_POINT('',(183.92,-127.,-4.6E-02));
#15399 = DIRECTION('',(-0.,-0.,-1.));
#15400 = DIRECTION('',(-2.991758887411E-14,-1.,0.));
#15401 = ADVANCED_FACE('',(#15402),#15413,.F.);
#15402 = FACE_BOUND('',#15403,.T.);
#15403 = EDGE_LOOP('',(#15404,#15410,#15411,#15412));
#15404 = ORIENTED_EDGE('',*,*,#15405,.F.);
#15405 = EDGE_CURVE('',#2889,#8158,#15406,.T.);
#15406 = LINE('',#15407,#15408);
#15407 = CARTESIAN_POINT('',(183.5,-127.95,-4.6E-02));
#15408 = VECTOR('',#15409,1.);
#15409 = DIRECTION('',(0.,0.,1.));
#15410 = ORIENTED_EDGE('',*,*,#2897,.T.);
#15411 = ORIENTED_EDGE('',*,*,#15391,.F.);
#15412 = ORIENTED_EDGE('',*,*,#8166,.F.);
#15413 = CYLINDRICAL_SURFACE('',#15414,0.95);
#15414 = AXIS2_PLACEMENT_3D('',#15415,#15416,#15417);
#15415 = CARTESIAN_POINT('',(183.5,-127.,-4.6E-02));
#15416 = DIRECTION('',(-0.,-0.,-1.));
#15417 = DIRECTION('',(-0.,-1.,0.));
#15418 = ADVANCED_FACE('',(#15419),#15430,.F.);
#15419 = FACE_BOUND('',#15420,.T.);
#15420 = EDGE_LOOP('',(#15421,#15422,#15423,#15424));
#15421 = ORIENTED_EDGE('',*,*,#2888,.T.);
#15422 = ORIENTED_EDGE('',*,*,#15405,.T.);
#15423 = ORIENTED_EDGE('',*,*,#8157,.F.);
#15424 = ORIENTED_EDGE('',*,*,#15425,.T.);
#15425 = EDGE_CURVE('',#8149,#2880,#15426,.T.);
#15426 = LINE('',#15427,#15428);
#15427 = CARTESIAN_POINT('',(183.71,-127.9264987857,-4.6E-02));
#15428 = VECTOR('',#15429,1.);
#15429 = DIRECTION('',(-0.,-0.,-1.));
#15430 = CYLINDRICAL_SURFACE('',#15431,0.95);
#15431 = AXIS2_PLACEMENT_3D('',#15432,#15433,#15434);
#15432 = CARTESIAN_POINT('',(183.5,-127.,-4.6E-02));
#15433 = DIRECTION('',(-0.,-0.,-1.));
#15434 = DIRECTION('',(-0.,-1.,0.));
#15435 = ADVANCED_FACE('',(#15436),#15442,.F.);
#15436 = FACE_BOUND('',#15437,.T.);
#15437 = EDGE_LOOP('',(#15438,#15439,#15440,#15441));
#15438 = ORIENTED_EDGE('',*,*,#15384,.F.);
#15439 = ORIENTED_EDGE('',*,*,#2879,.T.);
#15440 = ORIENTED_EDGE('',*,*,#15425,.F.);
#15441 = ORIENTED_EDGE('',*,*,#8148,.F.);
#15442 = CYLINDRICAL_SURFACE('',#15443,0.95);
#15443 = AXIS2_PLACEMENT_3D('',#15444,#15445,#15446);
#15444 = CARTESIAN_POINT('',(183.92,-127.,-4.6E-02));
#15445 = DIRECTION('',(-0.,-0.,-1.));
#15446 = DIRECTION('',(-2.991758887411E-14,-1.,0.));
#15447 = ADVANCED_FACE('',(#15448),#15459,.F.);
#15448 = FACE_BOUND('',#15449,.T.);
#15449 = EDGE_LOOP('',(#15450,#15451,#15457,#15458));
#15450 = ORIENTED_EDGE('',*,*,#2906,.T.);
#15451 = ORIENTED_EDGE('',*,*,#15452,.T.);
#15452 = EDGE_CURVE('',#2907,#8176,#15453,.T.);
#15453 = LINE('',#15454,#15455);
#15454 = CARTESIAN_POINT('',(189.,-129.5,-4.6E-02));
#15455 = VECTOR('',#15456,1.);
#15456 = DIRECTION('',(0.,0.,1.));
#15457 = ORIENTED_EDGE('',*,*,#8175,.F.);
#15458 = ORIENTED_EDGE('',*,*,#15452,.F.);
#15459 = CYLINDRICAL_SURFACE('',#15460,2.5);
#15460 = AXIS2_PLACEMENT_3D('',#15461,#15462,#15463);
#15461 = CARTESIAN_POINT('',(189.,-127.,-4.6E-02));
#15462 = DIRECTION('',(-0.,-0.,-1.));
#15463 = DIRECTION('',(-0.,-1.,0.));
#15464 = ADVANCED_FACE('',(#15465),#15481,.F.);
#15465 = FACE_BOUND('',#15466,.T.);
#15466 = EDGE_LOOP('',(#15467,#15468,#15474,#15475));
#15467 = ORIENTED_EDGE('',*,*,#2917,.T.);
#15468 = ORIENTED_EDGE('',*,*,#15469,.T.);
#15469 = EDGE_CURVE('',#2920,#8189,#15470,.T.);
#15470 = LINE('',#15471,#15472);
#15471 = CARTESIAN_POINT('',(191.54,-133.58,-4.6E-02));
#15472 = VECTOR('',#15473,1.);
#15473 = DIRECTION('',(0.,0.,1.));
#15474 = ORIENTED_EDGE('',*,*,#8186,.F.);
#15475 = ORIENTED_EDGE('',*,*,#15476,.T.);
#15476 = EDGE_CURVE('',#8187,#2918,#15477,.T.);
#15477 = LINE('',#15478,#15479);
#15478 = CARTESIAN_POINT('',(192.60755057507,-131.0262752875,-4.6E-02));
#15479 = VECTOR('',#15480,1.);
#15480 = DIRECTION('',(-0.,-0.,-1.));
#15481 = CYLINDRICAL_SURFACE('',#15482,1.5);
#15482 = AXIS2_PLACEMENT_3D('',#15483,#15484,#15485);
#15483 = CARTESIAN_POINT('',(191.54,-132.08,-4.6E-02));
#15484 = DIRECTION('',(-0.,-0.,-1.));
#15485 = DIRECTION('',(-0.,-1.,0.));
#15486 = ADVANCED_FACE('',(#15487),#15498,.F.);
#15487 = FACE_BOUND('',#15488,.T.);
#15488 = EDGE_LOOP('',(#15489,#15495,#15496,#15497));
#15489 = ORIENTED_EDGE('',*,*,#15490,.F.);
#15490 = EDGE_CURVE('',#2938,#8207,#15491,.T.);
#15491 = LINE('',#15492,#15493);
#15492 = CARTESIAN_POINT('',(192.81,-131.04,-4.6E-02));
#15493 = VECTOR('',#15494,1.);
#15494 = DIRECTION('',(0.,0.,1.));
#15495 = ORIENTED_EDGE('',*,*,#2946,.T.);
#15496 = ORIENTED_EDGE('',*,*,#15476,.F.);
#15497 = ORIENTED_EDGE('',*,*,#8215,.F.);
#15498 = CYLINDRICAL_SURFACE('',#15499,1.5);
#15499 = AXIS2_PLACEMENT_3D('',#15500,#15501,#15502);
#15500 = CARTESIAN_POINT('',(192.81,-129.54,-4.6E-02));
#15501 = DIRECTION('',(-0.,-0.,-1.));
#15502 = DIRECTION('',(-0.,-1.,0.));
#15503 = ADVANCED_FACE('',(#15504),#15515,.F.);
#15504 = FACE_BOUND('',#15505,.T.);
#15505 = EDGE_LOOP('',(#15506,#15507,#15508,#15509));
#15506 = ORIENTED_EDGE('',*,*,#2937,.T.);
#15507 = ORIENTED_EDGE('',*,*,#15490,.T.);
#15508 = ORIENTED_EDGE('',*,*,#8206,.F.);
#15509 = ORIENTED_EDGE('',*,*,#15510,.T.);
#15510 = EDGE_CURVE('',#8198,#2929,#15511,.T.);
#15511 = LINE('',#15512,#15513);
#15512 = CARTESIAN_POINT('',(191.74244942492,-130.5937247124,-4.6E-02));
#15513 = VECTOR('',#15514,1.);
#15514 = DIRECTION('',(-0.,-0.,-1.));
#15515 = CYLINDRICAL_SURFACE('',#15516,1.5);
#15516 = AXIS2_PLACEMENT_3D('',#15517,#15518,#15519);
#15517 = CARTESIAN_POINT('',(192.81,-129.54,-4.6E-02));
#15518 = DIRECTION('',(-0.,-0.,-1.));
#15519 = DIRECTION('',(-0.,-1.,0.));
#15520 = ADVANCED_FACE('',(#15521),#15527,.F.);
#15521 = FACE_BOUND('',#15522,.T.);
#15522 = EDGE_LOOP('',(#15523,#15524,#15525,#15526));
#15523 = ORIENTED_EDGE('',*,*,#15469,.F.);
#15524 = ORIENTED_EDGE('',*,*,#2928,.T.);
#15525 = ORIENTED_EDGE('',*,*,#15510,.F.);
#15526 = ORIENTED_EDGE('',*,*,#8197,.F.);
#15527 = CYLINDRICAL_SURFACE('',#15528,1.5);
#15528 = AXIS2_PLACEMENT_3D('',#15529,#15530,#15531);
#15529 = CARTESIAN_POINT('',(191.54,-132.08,-4.6E-02));
#15530 = DIRECTION('',(-0.,-0.,-1.));
#15531 = DIRECTION('',(-0.,-1.,0.));
#15532 = ADVANCED_FACE('',(#15533),#15549,.F.);
#15533 = FACE_BOUND('',#15534,.T.);
#15534 = EDGE_LOOP('',(#15535,#15536,#15542,#15543));
#15535 = ORIENTED_EDGE('',*,*,#2955,.T.);
#15536 = ORIENTED_EDGE('',*,*,#15537,.T.);
#15537 = EDGE_CURVE('',#2958,#8227,#15538,.T.);
#15538 = LINE('',#15539,#15540);
#15539 = CARTESIAN_POINT('',(194.08,-127.95,-4.6E-02));
#15540 = VECTOR('',#15541,1.);
#15541 = DIRECTION('',(0.,0.,1.));
#15542 = ORIENTED_EDGE('',*,*,#8224,.F.);
#15543 = ORIENTED_EDGE('',*,*,#15544,.T.);
#15544 = EDGE_CURVE('',#8225,#2956,#15545,.T.);
#15545 = LINE('',#15546,#15547);
#15546 = CARTESIAN_POINT('',(194.29,-127.9264987857,-4.6E-02));
#15547 = VECTOR('',#15548,1.);
#15548 = DIRECTION('',(-0.,0.,-1.));
#15549 = CYLINDRICAL_SURFACE('',#15550,0.95);
#15550 = AXIS2_PLACEMENT_3D('',#15551,#15552,#15553);
#15551 = CARTESIAN_POINT('',(194.08,-127.,-4.6E-02));
#15552 = DIRECTION('',(-0.,0.,-1.));
#15553 = DIRECTION('',(2.991758887411E-14,-1.,-0.));
#15554 = ADVANCED_FACE('',(#15555),#15566,.F.);
#15555 = FACE_BOUND('',#15556,.T.);
#15556 = EDGE_LOOP('',(#15557,#15563,#15564,#15565));
#15557 = ORIENTED_EDGE('',*,*,#15558,.F.);
#15558 = EDGE_CURVE('',#2976,#8245,#15559,.T.);
#15559 = LINE('',#15560,#15561);
#15560 = CARTESIAN_POINT('',(194.5,-127.95,-4.6E-02));
#15561 = VECTOR('',#15562,1.);
#15562 = DIRECTION('',(0.,0.,1.));
#15563 = ORIENTED_EDGE('',*,*,#2984,.T.);
#15564 = ORIENTED_EDGE('',*,*,#15544,.F.);
#15565 = ORIENTED_EDGE('',*,*,#8253,.F.);
#15566 = CYLINDRICAL_SURFACE('',#15567,0.95);
#15567 = AXIS2_PLACEMENT_3D('',#15568,#15569,#15570);
#15568 = CARTESIAN_POINT('',(194.5,-127.,-4.6E-02));
#15569 = DIRECTION('',(-0.,-0.,-1.));
#15570 = DIRECTION('',(-0.,-1.,0.));
#15571 = ADVANCED_FACE('',(#15572),#15583,.F.);
#15572 = FACE_BOUND('',#15573,.T.);
#15573 = EDGE_LOOP('',(#15574,#15575,#15576,#15577));
#15574 = ORIENTED_EDGE('',*,*,#2975,.T.);
#15575 = ORIENTED_EDGE('',*,*,#15558,.T.);
#15576 = ORIENTED_EDGE('',*,*,#8244,.F.);
#15577 = ORIENTED_EDGE('',*,*,#15578,.T.);
#15578 = EDGE_CURVE('',#8236,#2967,#15579,.T.);
#15579 = LINE('',#15580,#15581);
#15580 = CARTESIAN_POINT('',(194.29,-126.0735012142,-4.6E-02));
#15581 = VECTOR('',#15582,1.);
#15582 = DIRECTION('',(-0.,0.,-1.));
#15583 = CYLINDRICAL_SURFACE('',#15584,0.95);
#15584 = AXIS2_PLACEMENT_3D('',#15585,#15586,#15587);
#15585 = CARTESIAN_POINT('',(194.5,-127.,-4.6E-02));
#15586 = DIRECTION('',(-0.,-0.,-1.));
#15587 = DIRECTION('',(-0.,-1.,0.));
#15588 = ADVANCED_FACE('',(#15589),#15595,.F.);
#15589 = FACE_BOUND('',#15590,.T.);
#15590 = EDGE_LOOP('',(#15591,#15592,#15593,#15594));
#15591 = ORIENTED_EDGE('',*,*,#15537,.F.);
#15592 = ORIENTED_EDGE('',*,*,#2966,.T.);
#15593 = ORIENTED_EDGE('',*,*,#15578,.F.);
#15594 = ORIENTED_EDGE('',*,*,#8235,.F.);
#15595 = CYLINDRICAL_SURFACE('',#15596,0.95);
#15596 = AXIS2_PLACEMENT_3D('',#15597,#15598,#15599);
#15597 = CARTESIAN_POINT('',(194.08,-127.,-4.6E-02));
#15598 = DIRECTION('',(-0.,0.,-1.));
#15599 = DIRECTION('',(2.991758887411E-14,-1.,-0.));
#15600 = ADVANCED_FACE('',(#15601),#15612,.F.);
#15601 = FACE_BOUND('',#15602,.T.);
#15602 = EDGE_LOOP('',(#15603,#15604,#15610,#15611));
#15603 = ORIENTED_EDGE('',*,*,#2993,.T.);
#15604 = ORIENTED_EDGE('',*,*,#15605,.T.);
#15605 = EDGE_CURVE('',#2994,#8263,#15606,.T.);
#15606 = LINE('',#15607,#15608);
#15607 = CARTESIAN_POINT('',(184.,-124.75,-4.6E-02));
#15608 = VECTOR('',#15609,1.);
#15609 = DIRECTION('',(0.,0.,1.));
#15610 = ORIENTED_EDGE('',*,*,#8262,.F.);
#15611 = ORIENTED_EDGE('',*,*,#15605,.F.);
#15612 = CYLINDRICAL_SURFACE('',#15613,1.5);
#15613 = AXIS2_PLACEMENT_3D('',#15614,#15615,#15616);
#15614 = CARTESIAN_POINT('',(184.,-123.25,-4.6E-02));
#15615 = DIRECTION('',(-0.,-0.,-1.));
#15616 = DIRECTION('',(-0.,-1.,0.));
#15617 = ADVANCED_FACE('',(#15618),#15629,.F.);
#15618 = FACE_BOUND('',#15619,.T.);
#15619 = EDGE_LOOP('',(#15620,#15621,#15627,#15628));
#15620 = ORIENTED_EDGE('',*,*,#3004,.T.);
#15621 = ORIENTED_EDGE('',*,*,#15622,.T.);
#15622 = EDGE_CURVE('',#3005,#8274,#15623,.T.);
#15623 = LINE('',#15624,#15625);
#15624 = CARTESIAN_POINT('',(189.,-122.55,-4.6E-02));
#15625 = VECTOR('',#15626,1.);
#15626 = DIRECTION('',(0.,0.,1.));
#15627 = ORIENTED_EDGE('',*,*,#8273,.F.);
#15628 = ORIENTED_EDGE('',*,*,#15622,.F.);
#15629 = CYLINDRICAL_SURFACE('',#15630,1.5);
#15630 = AXIS2_PLACEMENT_3D('',#15631,#15632,#15633);
#15631 = CARTESIAN_POINT('',(189.,-121.05,-4.6E-02));
#15632 = DIRECTION('',(-0.,-0.,-1.));
#15633 = DIRECTION('',(-0.,-1.,0.));
#15634 = ADVANCED_FACE('',(#15635),#15646,.F.);
#15635 = FACE_BOUND('',#15636,.T.);
#15636 = EDGE_LOOP('',(#15637,#15638,#15644,#15645));
#15637 = ORIENTED_EDGE('',*,*,#3015,.T.);
#15638 = ORIENTED_EDGE('',*,*,#15639,.T.);
#15639 = EDGE_CURVE('',#3016,#8285,#15640,.T.);
#15640 = LINE('',#15641,#15642);
#15641 = CARTESIAN_POINT('',(194.,-124.75,-4.6E-02));
#15642 = VECTOR('',#15643,1.);
#15643 = DIRECTION('',(0.,0.,1.));
#15644 = ORIENTED_EDGE('',*,*,#8284,.F.);
#15645 = ORIENTED_EDGE('',*,*,#15639,.F.);
#15646 = CYLINDRICAL_SURFACE('',#15647,1.5);
#15647 = AXIS2_PLACEMENT_3D('',#15648,#15649,#15650);
#15648 = CARTESIAN_POINT('',(194.,-123.25,-4.6E-02));
#15649 = DIRECTION('',(-0.,-0.,-1.));
#15650 = DIRECTION('',(-0.,-1.,0.));
#15651 = ADVANCED_FACE('',(#15652),#15663,.F.);
#15652 = FACE_BOUND('',#15653,.T.);
#15653 = EDGE_LOOP('',(#15654,#15655,#15661,#15662));
#15654 = ORIENTED_EDGE('',*,*,#3026,.T.);
#15655 = ORIENTED_EDGE('',*,*,#15656,.T.);
#15656 = EDGE_CURVE('',#3027,#8296,#15657,.T.);
#15657 = LINE('',#15658,#15659);
#15658 = CARTESIAN_POINT('',(138.38,-116.58,-4.6E-02));
#15659 = VECTOR('',#15660,1.);
#15660 = DIRECTION('',(0.,0.,1.));
#15661 = ORIENTED_EDGE('',*,*,#8295,.F.);
#15662 = ORIENTED_EDGE('',*,*,#15656,.F.);
#15663 = CYLINDRICAL_SURFACE('',#15664,0.5);
#15664 = AXIS2_PLACEMENT_3D('',#15665,#15666,#15667);
#15665 = CARTESIAN_POINT('',(138.38,-116.08,-4.6E-02));
#15666 = DIRECTION('',(-0.,-0.,-1.));
#15667 = DIRECTION('',(-0.,-1.,0.));
#15668 = ADVANCED_FACE('',(#15669),#15680,.F.);
#15669 = FACE_BOUND('',#15670,.T.);
#15670 = EDGE_LOOP('',(#15671,#15672,#15678,#15679));
#15671 = ORIENTED_EDGE('',*,*,#3037,.T.);
#15672 = ORIENTED_EDGE('',*,*,#15673,.T.);
#15673 = EDGE_CURVE('',#3038,#8307,#15674,.T.);
#15674 = LINE('',#15675,#15676);
#15675 = CARTESIAN_POINT('',(142.6,-116.28,-4.6E-02));
#15676 = VECTOR('',#15677,1.);
#15677 = DIRECTION('',(0.,0.,1.));
#15678 = ORIENTED_EDGE('',*,*,#8306,.F.);
#15679 = ORIENTED_EDGE('',*,*,#15673,.F.);
#15680 = CYLINDRICAL_SURFACE('',#15681,0.2);
#15681 = AXIS2_PLACEMENT_3D('',#15682,#15683,#15684);
#15682 = CARTESIAN_POINT('',(142.6,-116.08,-4.6E-02));
#15683 = DIRECTION('',(-0.,-0.,-1.));
#15684 = DIRECTION('',(-1.42108547152E-13,-1.,0.));
#15685 = ADVANCED_FACE('',(#15686),#15697,.F.);
#15686 = FACE_BOUND('',#15687,.T.);
#15687 = EDGE_LOOP('',(#15688,#15689,#15695,#15696));
#15688 = ORIENTED_EDGE('',*,*,#3048,.T.);
#15689 = ORIENTED_EDGE('',*,*,#15690,.T.);
#15690 = EDGE_CURVE('',#3049,#8318,#15691,.T.);
#15691 = LINE('',#15692,#15693);
#15692 = CARTESIAN_POINT('',(138.38,-114.04,-4.6E-02));
#15693 = VECTOR('',#15694,1.);
#15694 = DIRECTION('',(0.,0.,1.));
#15695 = ORIENTED_EDGE('',*,*,#8317,.F.);
#15696 = ORIENTED_EDGE('',*,*,#15690,.F.);
#15697 = CYLINDRICAL_SURFACE('',#15698,0.5);
#15698 = AXIS2_PLACEMENT_3D('',#15699,#15700,#15701);
#15699 = CARTESIAN_POINT('',(138.38,-113.54,-4.6E-02));
#15700 = DIRECTION('',(-0.,-0.,-1.));
#15701 = DIRECTION('',(-0.,-1.,0.));
#15702 = ADVANCED_FACE('',(#15703),#15714,.F.);
#15703 = FACE_BOUND('',#15704,.T.);
#15704 = EDGE_LOOP('',(#15705,#15706,#15712,#15713));
#15705 = ORIENTED_EDGE('',*,*,#3059,.T.);
#15706 = ORIENTED_EDGE('',*,*,#15707,.T.);
#15707 = EDGE_CURVE('',#3060,#8329,#15708,.T.);
#15708 = LINE('',#15709,#15710);
#15709 = CARTESIAN_POINT('',(142.6,-113.74,-4.6E-02));
#15710 = VECTOR('',#15711,1.);
#15711 = DIRECTION('',(0.,0.,1.));
#15712 = ORIENTED_EDGE('',*,*,#8328,.F.);
#15713 = ORIENTED_EDGE('',*,*,#15707,.F.);
#15714 = CYLINDRICAL_SURFACE('',#15715,0.2);
#15715 = AXIS2_PLACEMENT_3D('',#15716,#15717,#15718);
#15716 = CARTESIAN_POINT('',(142.6,-113.54,-4.6E-02));
#15717 = DIRECTION('',(-0.,-0.,-1.));
#15718 = DIRECTION('',(-1.42108547152E-13,-1.,0.));
#15719 = ADVANCED_FACE('',(#15720),#15731,.F.);
#15720 = FACE_BOUND('',#15721,.T.);
#15721 = EDGE_LOOP('',(#15722,#15723,#15729,#15730));
#15722 = ORIENTED_EDGE('',*,*,#3070,.T.);
#15723 = ORIENTED_EDGE('',*,*,#15724,.T.);
#15724 = EDGE_CURVE('',#3071,#8340,#15725,.T.);
#15725 = LINE('',#15726,#15727);
#15726 = CARTESIAN_POINT('',(131.39,-106.35,-4.6E-02));
#15727 = VECTOR('',#15728,1.);
#15728 = DIRECTION('',(0.,0.,1.));
#15729 = ORIENTED_EDGE('',*,*,#8339,.F.);
#15730 = ORIENTED_EDGE('',*,*,#15724,.F.);
#15731 = CYLINDRICAL_SURFACE('',#15732,0.45);
#15732 = AXIS2_PLACEMENT_3D('',#15733,#15734,#15735);
#15733 = CARTESIAN_POINT('',(131.39,-105.9,-4.6E-02));
#15734 = DIRECTION('',(-0.,-0.,-1.));
#15735 = DIRECTION('',(-0.,-1.,0.));
#15736 = ADVANCED_FACE('',(#15737),#15748,.F.);
#15737 = FACE_BOUND('',#15738,.T.);
#15738 = EDGE_LOOP('',(#15739,#15740,#15746,#15747));
#15739 = ORIENTED_EDGE('',*,*,#3081,.T.);
#15740 = ORIENTED_EDGE('',*,*,#15741,.T.);
#15741 = EDGE_CURVE('',#3082,#8351,#15742,.T.);
#15742 = LINE('',#15743,#15744);
#15743 = CARTESIAN_POINT('',(138.38,-111.5,-4.6E-02));
#15744 = VECTOR('',#15745,1.);
#15745 = DIRECTION('',(0.,0.,1.));
#15746 = ORIENTED_EDGE('',*,*,#8350,.F.);
#15747 = ORIENTED_EDGE('',*,*,#15741,.F.);
#15748 = CYLINDRICAL_SURFACE('',#15749,0.5);
#15749 = AXIS2_PLACEMENT_3D('',#15750,#15751,#15752);
#15750 = CARTESIAN_POINT('',(138.38,-111.,-4.6E-02));
#15751 = DIRECTION('',(-0.,-0.,-1.));
#15752 = DIRECTION('',(-0.,-1.,0.));
#15753 = ADVANCED_FACE('',(#15754),#15765,.F.);
#15754 = FACE_BOUND('',#15755,.T.);
#15755 = EDGE_LOOP('',(#15756,#15757,#15763,#15764));
#15756 = ORIENTED_EDGE('',*,*,#3092,.T.);
#15757 = ORIENTED_EDGE('',*,*,#15758,.T.);
#15758 = EDGE_CURVE('',#3093,#8362,#15759,.T.);
#15759 = LINE('',#15760,#15761);
#15760 = CARTESIAN_POINT('',(138.38,-108.96,-4.6E-02));
#15761 = VECTOR('',#15762,1.);
#15762 = DIRECTION('',(0.,0.,1.));
#15763 = ORIENTED_EDGE('',*,*,#8361,.F.);
#15764 = ORIENTED_EDGE('',*,*,#15758,.F.);
#15765 = CYLINDRICAL_SURFACE('',#15766,0.5);
#15766 = AXIS2_PLACEMENT_3D('',#15767,#15768,#15769);
#15767 = CARTESIAN_POINT('',(138.38,-108.46,-4.6E-02));
#15768 = DIRECTION('',(-0.,-0.,-1.));
#15769 = DIRECTION('',(-0.,-1.,0.));
#15770 = ADVANCED_FACE('',(#15771),#15782,.F.);
#15771 = FACE_BOUND('',#15772,.T.);
#15772 = EDGE_LOOP('',(#15773,#15774,#15780,#15781));
#15773 = ORIENTED_EDGE('',*,*,#3103,.T.);
#15774 = ORIENTED_EDGE('',*,*,#15775,.T.);
#15775 = EDGE_CURVE('',#3104,#8373,#15776,.T.);
#15776 = LINE('',#15777,#15778);
#15777 = CARTESIAN_POINT('',(142.6,-111.2,-4.6E-02));
#15778 = VECTOR('',#15779,1.);
#15779 = DIRECTION('',(0.,0.,1.));
#15780 = ORIENTED_EDGE('',*,*,#8372,.F.);
#15781 = ORIENTED_EDGE('',*,*,#15775,.F.);
#15782 = CYLINDRICAL_SURFACE('',#15783,0.2);
#15783 = AXIS2_PLACEMENT_3D('',#15784,#15785,#15786);
#15784 = CARTESIAN_POINT('',(142.6,-111.,-4.6E-02));
#15785 = DIRECTION('',(-0.,-0.,-1.));
#15786 = DIRECTION('',(-1.42108547152E-13,-1.,0.));
#15787 = ADVANCED_FACE('',(#15788),#15799,.F.);
#15788 = FACE_BOUND('',#15789,.T.);
#15789 = EDGE_LOOP('',(#15790,#15791,#15797,#15798));
#15790 = ORIENTED_EDGE('',*,*,#3114,.T.);
#15791 = ORIENTED_EDGE('',*,*,#15792,.T.);
#15792 = EDGE_CURVE('',#3115,#8384,#15793,.T.);
#15793 = LINE('',#15794,#15795);
#15794 = CARTESIAN_POINT('',(142.6,-108.66,-4.6E-02));
#15795 = VECTOR('',#15796,1.);
#15796 = DIRECTION('',(0.,0.,1.));
#15797 = ORIENTED_EDGE('',*,*,#8383,.F.);
#15798 = ORIENTED_EDGE('',*,*,#15792,.F.);
#15799 = CYLINDRICAL_SURFACE('',#15800,0.2);
#15800 = AXIS2_PLACEMENT_3D('',#15801,#15802,#15803);
#15801 = CARTESIAN_POINT('',(142.6,-108.46,-4.6E-02));
#15802 = DIRECTION('',(-0.,-0.,-1.));
#15803 = DIRECTION('',(-1.42108547152E-13,-1.,0.));
#15804 = ADVANCED_FACE('',(#15805),#15816,.F.);
#15805 = FACE_BOUND('',#15806,.T.);
#15806 = EDGE_LOOP('',(#15807,#15808,#15814,#15815));
#15807 = ORIENTED_EDGE('',*,*,#3125,.T.);
#15808 = ORIENTED_EDGE('',*,*,#15809,.T.);
#15809 = EDGE_CURVE('',#3126,#8395,#15810,.T.);
#15810 = LINE('',#15811,#15812);
#15811 = CARTESIAN_POINT('',(138.38,-106.42,-4.6E-02));
#15812 = VECTOR('',#15813,1.);
#15813 = DIRECTION('',(0.,0.,1.));
#15814 = ORIENTED_EDGE('',*,*,#8394,.F.);
#15815 = ORIENTED_EDGE('',*,*,#15809,.F.);
#15816 = CYLINDRICAL_SURFACE('',#15817,0.5);
#15817 = AXIS2_PLACEMENT_3D('',#15818,#15819,#15820);
#15818 = CARTESIAN_POINT('',(138.38,-105.92,-4.6E-02));
#15819 = DIRECTION('',(-0.,-0.,-1.));
#15820 = DIRECTION('',(-0.,-1.,0.));
#15821 = ADVANCED_FACE('',(#15822),#15833,.F.);
#15822 = FACE_BOUND('',#15823,.T.);
#15823 = EDGE_LOOP('',(#15824,#15825,#15831,#15832));
#15824 = ORIENTED_EDGE('',*,*,#3136,.T.);
#15825 = ORIENTED_EDGE('',*,*,#15826,.T.);
#15826 = EDGE_CURVE('',#3137,#8406,#15827,.T.);
#15827 = LINE('',#15828,#15829);
#15828 = CARTESIAN_POINT('',(142.6,-106.12,-4.6E-02));
#15829 = VECTOR('',#15830,1.);
#15830 = DIRECTION('',(0.,0.,1.));
#15831 = ORIENTED_EDGE('',*,*,#8405,.F.);
#15832 = ORIENTED_EDGE('',*,*,#15826,.F.);
#15833 = CYLINDRICAL_SURFACE('',#15834,0.2);
#15834 = AXIS2_PLACEMENT_3D('',#15835,#15836,#15837);
#15835 = CARTESIAN_POINT('',(142.6,-105.92,-4.6E-02));
#15836 = DIRECTION('',(-0.,-0.,-1.));
#15837 = DIRECTION('',(-1.42108547152E-13,-1.,0.));
#15838 = ADVANCED_FACE('',(#15839),#15850,.F.);
#15839 = FACE_BOUND('',#15840,.T.);
#15840 = EDGE_LOOP('',(#15841,#15842,#15848,#15849));
#15841 = ORIENTED_EDGE('',*,*,#3147,.T.);
#15842 = ORIENTED_EDGE('',*,*,#15843,.T.);
#15843 = EDGE_CURVE('',#3148,#8417,#15844,.T.);
#15844 = LINE('',#15845,#15846);
#15845 = CARTESIAN_POINT('',(149.4,-116.28,-4.6E-02));
#15846 = VECTOR('',#15847,1.);
#15847 = DIRECTION('',(0.,0.,1.));
#15848 = ORIENTED_EDGE('',*,*,#8416,.F.);
#15849 = ORIENTED_EDGE('',*,*,#15843,.F.);
#15850 = CYLINDRICAL_SURFACE('',#15851,0.2);
#15851 = AXIS2_PLACEMENT_3D('',#15852,#15853,#15854);
#15852 = CARTESIAN_POINT('',(149.4,-116.08,-4.6E-02));
#15853 = DIRECTION('',(-0.,0.,-1.));
#15854 = DIRECTION('',(1.42108547152E-13,-1.,-0.));
#15855 = ADVANCED_FACE('',(#15856),#15867,.F.);
#15856 = FACE_BOUND('',#15857,.T.);
#15857 = EDGE_LOOP('',(#15858,#15859,#15865,#15866));
#15858 = ORIENTED_EDGE('',*,*,#3158,.T.);
#15859 = ORIENTED_EDGE('',*,*,#15860,.T.);
#15860 = EDGE_CURVE('',#3159,#8428,#15861,.T.);
#15861 = LINE('',#15862,#15863);
#15862 = CARTESIAN_POINT('',(153.62,-116.58,-4.6E-02));
#15863 = VECTOR('',#15864,1.);
#15864 = DIRECTION('',(0.,0.,1.));
#15865 = ORIENTED_EDGE('',*,*,#8427,.F.);
#15866 = ORIENTED_EDGE('',*,*,#15860,.F.);
#15867 = CYLINDRICAL_SURFACE('',#15868,0.5);
#15868 = AXIS2_PLACEMENT_3D('',#15869,#15870,#15871);
#15869 = CARTESIAN_POINT('',(153.62,-116.08,-4.6E-02));
#15870 = DIRECTION('',(-0.,-0.,-1.));
#15871 = DIRECTION('',(-0.,-1.,0.));
#15872 = ADVANCED_FACE('',(#15873),#15884,.F.);
#15873 = FACE_BOUND('',#15874,.T.);
#15874 = EDGE_LOOP('',(#15875,#15876,#15882,#15883));
#15875 = ORIENTED_EDGE('',*,*,#3169,.T.);
#15876 = ORIENTED_EDGE('',*,*,#15877,.T.);
#15877 = EDGE_CURVE('',#3170,#8439,#15878,.T.);
#15878 = LINE('',#15879,#15880);
#15879 = CARTESIAN_POINT('',(149.4,-113.74,-4.6E-02));
#15880 = VECTOR('',#15881,1.);
#15881 = DIRECTION('',(0.,0.,1.));
#15882 = ORIENTED_EDGE('',*,*,#8438,.F.);
#15883 = ORIENTED_EDGE('',*,*,#15877,.F.);
#15884 = CYLINDRICAL_SURFACE('',#15885,0.2);
#15885 = AXIS2_PLACEMENT_3D('',#15886,#15887,#15888);
#15886 = CARTESIAN_POINT('',(149.4,-113.54,-4.6E-02));
#15887 = DIRECTION('',(-0.,0.,-1.));
#15888 = DIRECTION('',(1.42108547152E-13,-1.,-0.));
#15889 = ADVANCED_FACE('',(#15890),#15901,.F.);
#15890 = FACE_BOUND('',#15891,.T.);
#15891 = EDGE_LOOP('',(#15892,#15893,#15899,#15900));
#15892 = ORIENTED_EDGE('',*,*,#3180,.T.);
#15893 = ORIENTED_EDGE('',*,*,#15894,.T.);
#15894 = EDGE_CURVE('',#3181,#8450,#15895,.T.);
#15895 = LINE('',#15896,#15897);
#15896 = CARTESIAN_POINT('',(153.62,-114.04,-4.6E-02));
#15897 = VECTOR('',#15898,1.);
#15898 = DIRECTION('',(0.,0.,1.));
#15899 = ORIENTED_EDGE('',*,*,#8449,.F.);
#15900 = ORIENTED_EDGE('',*,*,#15894,.F.);
#15901 = CYLINDRICAL_SURFACE('',#15902,0.5);
#15902 = AXIS2_PLACEMENT_3D('',#15903,#15904,#15905);
#15903 = CARTESIAN_POINT('',(153.62,-113.54,-4.6E-02));
#15904 = DIRECTION('',(-0.,-0.,-1.));
#15905 = DIRECTION('',(-0.,-1.,0.));
#15906 = ADVANCED_FACE('',(#15907),#15918,.F.);
#15907 = FACE_BOUND('',#15908,.T.);
#15908 = EDGE_LOOP('',(#15909,#15910,#15916,#15917));
#15909 = ORIENTED_EDGE('',*,*,#3191,.T.);
#15910 = ORIENTED_EDGE('',*,*,#15911,.T.);
#15911 = EDGE_CURVE('',#3192,#8461,#15912,.T.);
#15912 = LINE('',#15913,#15914);
#15913 = CARTESIAN_POINT('',(149.4,-111.2,-4.6E-02));
#15914 = VECTOR('',#15915,1.);
#15915 = DIRECTION('',(0.,0.,1.));
#15916 = ORIENTED_EDGE('',*,*,#8460,.F.);
#15917 = ORIENTED_EDGE('',*,*,#15911,.F.);
#15918 = CYLINDRICAL_SURFACE('',#15919,0.2);
#15919 = AXIS2_PLACEMENT_3D('',#15920,#15921,#15922);
#15920 = CARTESIAN_POINT('',(149.4,-111.,-4.6E-02));
#15921 = DIRECTION('',(-0.,0.,-1.));
#15922 = DIRECTION('',(1.42108547152E-13,-1.,-0.));
#15923 = ADVANCED_FACE('',(#15924),#15935,.F.);
#15924 = FACE_BOUND('',#15925,.T.);
#15925 = EDGE_LOOP('',(#15926,#15927,#15933,#15934));
#15926 = ORIENTED_EDGE('',*,*,#3202,.T.);
#15927 = ORIENTED_EDGE('',*,*,#15928,.T.);
#15928 = EDGE_CURVE('',#3203,#8472,#15929,.T.);
#15929 = LINE('',#15930,#15931);
#15930 = CARTESIAN_POINT('',(149.4,-108.66,-4.6E-02));
#15931 = VECTOR('',#15932,1.);
#15932 = DIRECTION('',(0.,0.,1.));
#15933 = ORIENTED_EDGE('',*,*,#8471,.F.);
#15934 = ORIENTED_EDGE('',*,*,#15928,.F.);
#15935 = CYLINDRICAL_SURFACE('',#15936,0.2);
#15936 = AXIS2_PLACEMENT_3D('',#15937,#15938,#15939);
#15937 = CARTESIAN_POINT('',(149.4,-108.46,-4.6E-02));
#15938 = DIRECTION('',(-0.,0.,-1.));
#15939 = DIRECTION('',(1.42108547152E-13,-1.,-0.));
#15940 = ADVANCED_FACE('',(#15941),#15952,.F.);
#15941 = FACE_BOUND('',#15942,.T.);
#15942 = EDGE_LOOP('',(#15943,#15944,#15950,#15951));
#15943 = ORIENTED_EDGE('',*,*,#3213,.T.);
#15944 = ORIENTED_EDGE('',*,*,#15945,.T.);
#15945 = EDGE_CURVE('',#3214,#8483,#15946,.T.);
#15946 = LINE('',#15947,#15948);
#15947 = CARTESIAN_POINT('',(153.62,-111.5,-4.6E-02));
#15948 = VECTOR('',#15949,1.);
#15949 = DIRECTION('',(0.,0.,1.));
#15950 = ORIENTED_EDGE('',*,*,#8482,.F.);
#15951 = ORIENTED_EDGE('',*,*,#15945,.F.);
#15952 = CYLINDRICAL_SURFACE('',#15953,0.5);
#15953 = AXIS2_PLACEMENT_3D('',#15954,#15955,#15956);
#15954 = CARTESIAN_POINT('',(153.62,-111.,-4.6E-02));
#15955 = DIRECTION('',(-0.,-0.,-1.));
#15956 = DIRECTION('',(-0.,-1.,0.));
#15957 = ADVANCED_FACE('',(#15958),#15969,.F.);
#15958 = FACE_BOUND('',#15959,.T.);
#15959 = EDGE_LOOP('',(#15960,#15961,#15967,#15968));
#15960 = ORIENTED_EDGE('',*,*,#3224,.T.);
#15961 = ORIENTED_EDGE('',*,*,#15962,.T.);
#15962 = EDGE_CURVE('',#3225,#8494,#15963,.T.);
#15963 = LINE('',#15964,#15965);
#15964 = CARTESIAN_POINT('',(153.62,-108.96,-4.6E-02));
#15965 = VECTOR('',#15966,1.);
#15966 = DIRECTION('',(0.,0.,1.));
#15967 = ORIENTED_EDGE('',*,*,#8493,.F.);
#15968 = ORIENTED_EDGE('',*,*,#15962,.F.);
#15969 = CYLINDRICAL_SURFACE('',#15970,0.5);
#15970 = AXIS2_PLACEMENT_3D('',#15971,#15972,#15973);
#15971 = CARTESIAN_POINT('',(153.62,-108.46,-4.6E-02));
#15972 = DIRECTION('',(-0.,-0.,-1.));
#15973 = DIRECTION('',(-0.,-1.,0.));
#15974 = ADVANCED_FACE('',(#15975),#15986,.F.);
#15975 = FACE_BOUND('',#15976,.T.);
#15976 = EDGE_LOOP('',(#15977,#15978,#15984,#15985));
#15977 = ORIENTED_EDGE('',*,*,#3235,.T.);
#15978 = ORIENTED_EDGE('',*,*,#15979,.T.);
#15979 = EDGE_CURVE('',#3236,#8505,#15980,.T.);
#15980 = LINE('',#15981,#15982);
#15981 = CARTESIAN_POINT('',(149.4,-106.12,-4.6E-02));
#15982 = VECTOR('',#15983,1.);
#15983 = DIRECTION('',(0.,0.,1.));
#15984 = ORIENTED_EDGE('',*,*,#8504,.F.);
#15985 = ORIENTED_EDGE('',*,*,#15979,.F.);
#15986 = CYLINDRICAL_SURFACE('',#15987,0.2);
#15987 = AXIS2_PLACEMENT_3D('',#15988,#15989,#15990);
#15988 = CARTESIAN_POINT('',(149.4,-105.92,-4.6E-02));
#15989 = DIRECTION('',(-0.,0.,-1.));
#15990 = DIRECTION('',(1.42108547152E-13,-1.,-0.));
#15991 = ADVANCED_FACE('',(#15992),#16003,.F.);
#15992 = FACE_BOUND('',#15993,.T.);
#15993 = EDGE_LOOP('',(#15994,#15995,#16001,#16002));
#15994 = ORIENTED_EDGE('',*,*,#3246,.T.);
#15995 = ORIENTED_EDGE('',*,*,#15996,.T.);
#15996 = EDGE_CURVE('',#3247,#8516,#15997,.T.);
#15997 = LINE('',#15998,#15999);
#15998 = CARTESIAN_POINT('',(153.62,-106.42,-4.6E-02));
#15999 = VECTOR('',#16000,1.);
#16000 = DIRECTION('',(0.,0.,1.));
#16001 = ORIENTED_EDGE('',*,*,#8515,.F.);
#16002 = ORIENTED_EDGE('',*,*,#15996,.F.);
#16003 = CYLINDRICAL_SURFACE('',#16004,0.5);
#16004 = AXIS2_PLACEMENT_3D('',#16005,#16006,#16007);
#16005 = CARTESIAN_POINT('',(153.62,-105.92,-4.6E-02));
#16006 = DIRECTION('',(-0.,-0.,-1.));
#16007 = DIRECTION('',(-0.,-1.,0.));
#16008 = ADVANCED_FACE('',(#16009),#16020,.F.);
#16009 = FACE_BOUND('',#16010,.T.);
#16010 = EDGE_LOOP('',(#16011,#16012,#16018,#16019));
#16011 = ORIENTED_EDGE('',*,*,#3257,.T.);
#16012 = ORIENTED_EDGE('',*,*,#16013,.T.);
#16013 = EDGE_CURVE('',#3258,#8527,#16014,.T.);
#16014 = LINE('',#16015,#16016);
#16015 = CARTESIAN_POINT('',(131.39,-103.35,-4.6E-02));
#16016 = VECTOR('',#16017,1.);
#16017 = DIRECTION('',(0.,0.,1.));
#16018 = ORIENTED_EDGE('',*,*,#8526,.F.);
#16019 = ORIENTED_EDGE('',*,*,#16013,.F.);
#16020 = CYLINDRICAL_SURFACE('',#16021,0.45);
#16021 = AXIS2_PLACEMENT_3D('',#16022,#16023,#16024);
#16022 = CARTESIAN_POINT('',(131.39,-102.9,-4.6E-02));
#16023 = DIRECTION('',(-0.,-0.,-1.));
#16024 = DIRECTION('',(-0.,-1.,0.));
#16025 = ADVANCED_FACE('',(#16026),#16037,.F.);
#16026 = FACE_BOUND('',#16027,.T.);
#16027 = EDGE_LOOP('',(#16028,#16029,#16035,#16036));
#16028 = ORIENTED_EDGE('',*,*,#3268,.T.);
#16029 = ORIENTED_EDGE('',*,*,#16030,.T.);
#16030 = EDGE_CURVE('',#3269,#8538,#16031,.T.);
#16031 = LINE('',#16032,#16033);
#16032 = CARTESIAN_POINT('',(138.38,-103.88,-4.6E-02));
#16033 = VECTOR('',#16034,1.);
#16034 = DIRECTION('',(0.,0.,1.));
#16035 = ORIENTED_EDGE('',*,*,#8537,.F.);
#16036 = ORIENTED_EDGE('',*,*,#16030,.F.);
#16037 = CYLINDRICAL_SURFACE('',#16038,0.5);
#16038 = AXIS2_PLACEMENT_3D('',#16039,#16040,#16041);
#16039 = CARTESIAN_POINT('',(138.38,-103.38,-4.6E-02));
#16040 = DIRECTION('',(-0.,-0.,-1.));
#16041 = DIRECTION('',(-0.,-1.,0.));
#16042 = ADVANCED_FACE('',(#16043),#16054,.F.);
#16043 = FACE_BOUND('',#16044,.T.);
#16044 = EDGE_LOOP('',(#16045,#16046,#16052,#16053));
#16045 = ORIENTED_EDGE('',*,*,#3279,.T.);
#16046 = ORIENTED_EDGE('',*,*,#16047,.T.);
#16047 = EDGE_CURVE('',#3280,#8549,#16048,.T.);
#16048 = LINE('',#16049,#16050);
#16049 = CARTESIAN_POINT('',(142.6,-103.58,-4.6E-02));
#16050 = VECTOR('',#16051,1.);
#16051 = DIRECTION('',(0.,0.,1.));
#16052 = ORIENTED_EDGE('',*,*,#8548,.F.);
#16053 = ORIENTED_EDGE('',*,*,#16047,.F.);
#16054 = CYLINDRICAL_SURFACE('',#16055,0.2);
#16055 = AXIS2_PLACEMENT_3D('',#16056,#16057,#16058);
#16056 = CARTESIAN_POINT('',(142.6,-103.38,-4.6E-02));
#16057 = DIRECTION('',(-0.,-0.,-1.));
#16058 = DIRECTION('',(-1.42108547152E-13,-1.,0.));
#16059 = ADVANCED_FACE('',(#16060),#16071,.F.);
#16060 = FACE_BOUND('',#16061,.T.);
#16061 = EDGE_LOOP('',(#16062,#16063,#16069,#16070));
#16062 = ORIENTED_EDGE('',*,*,#3290,.T.);
#16063 = ORIENTED_EDGE('',*,*,#16064,.T.);
#16064 = EDGE_CURVE('',#3291,#8560,#16065,.T.);
#16065 = LINE('',#16066,#16067);
#16066 = CARTESIAN_POINT('',(138.38,-101.34,-4.6E-02));
#16067 = VECTOR('',#16068,1.);
#16068 = DIRECTION('',(0.,0.,1.));
#16069 = ORIENTED_EDGE('',*,*,#8559,.F.);
#16070 = ORIENTED_EDGE('',*,*,#16064,.F.);
#16071 = CYLINDRICAL_SURFACE('',#16072,0.5);
#16072 = AXIS2_PLACEMENT_3D('',#16073,#16074,#16075);
#16073 = CARTESIAN_POINT('',(138.38,-100.84,-4.6E-02));
#16074 = DIRECTION('',(-0.,-0.,-1.));
#16075 = DIRECTION('',(-0.,-1.,0.));
#16076 = ADVANCED_FACE('',(#16077),#16088,.F.);
#16077 = FACE_BOUND('',#16078,.T.);
#16078 = EDGE_LOOP('',(#16079,#16080,#16086,#16087));
#16079 = ORIENTED_EDGE('',*,*,#3301,.T.);
#16080 = ORIENTED_EDGE('',*,*,#16081,.T.);
#16081 = EDGE_CURVE('',#3302,#8571,#16082,.T.);
#16082 = LINE('',#16083,#16084);
#16083 = CARTESIAN_POINT('',(138.38,-98.8,-4.6E-02));
#16084 = VECTOR('',#16085,1.);
#16085 = DIRECTION('',(0.,0.,1.));
#16086 = ORIENTED_EDGE('',*,*,#8570,.F.);
#16087 = ORIENTED_EDGE('',*,*,#16081,.F.);
#16088 = CYLINDRICAL_SURFACE('',#16089,0.5);
#16089 = AXIS2_PLACEMENT_3D('',#16090,#16091,#16092);
#16090 = CARTESIAN_POINT('',(138.38,-98.3,-4.6E-02));
#16091 = DIRECTION('',(-0.,-0.,-1.));
#16092 = DIRECTION('',(-0.,-1.,0.));
#16093 = ADVANCED_FACE('',(#16094),#16105,.F.);
#16094 = FACE_BOUND('',#16095,.T.);
#16095 = EDGE_LOOP('',(#16096,#16097,#16103,#16104));
#16096 = ORIENTED_EDGE('',*,*,#3312,.T.);
#16097 = ORIENTED_EDGE('',*,*,#16098,.T.);
#16098 = EDGE_CURVE('',#3313,#8582,#16099,.T.);
#16099 = LINE('',#16100,#16101);
#16100 = CARTESIAN_POINT('',(142.6,-101.04,-4.6E-02));
#16101 = VECTOR('',#16102,1.);
#16102 = DIRECTION('',(0.,0.,1.));
#16103 = ORIENTED_EDGE('',*,*,#8581,.F.);
#16104 = ORIENTED_EDGE('',*,*,#16098,.F.);
#16105 = CYLINDRICAL_SURFACE('',#16106,0.2);
#16106 = AXIS2_PLACEMENT_3D('',#16107,#16108,#16109);
#16107 = CARTESIAN_POINT('',(142.6,-100.84,-4.6E-02));
#16108 = DIRECTION('',(-0.,-0.,-1.));
#16109 = DIRECTION('',(-1.42108547152E-13,-1.,0.));
#16110 = ADVANCED_FACE('',(#16111),#16122,.F.);
#16111 = FACE_BOUND('',#16112,.T.);
#16112 = EDGE_LOOP('',(#16113,#16114,#16120,#16121));
#16113 = ORIENTED_EDGE('',*,*,#3323,.T.);
#16114 = ORIENTED_EDGE('',*,*,#16115,.T.);
#16115 = EDGE_CURVE('',#3324,#8593,#16116,.T.);
#16116 = LINE('',#16117,#16118);
#16117 = CARTESIAN_POINT('',(142.6,-98.5,-4.6E-02));
#16118 = VECTOR('',#16119,1.);
#16119 = DIRECTION('',(0.,0.,1.));
#16120 = ORIENTED_EDGE('',*,*,#8592,.F.);
#16121 = ORIENTED_EDGE('',*,*,#16115,.F.);
#16122 = CYLINDRICAL_SURFACE('',#16123,0.2);
#16123 = AXIS2_PLACEMENT_3D('',#16124,#16125,#16126);
#16124 = CARTESIAN_POINT('',(142.6,-98.3,-4.6E-02));
#16125 = DIRECTION('',(-0.,-0.,-1.));
#16126 = DIRECTION('',(-1.42108547152E-13,-1.,0.));
#16127 = ADVANCED_FACE('',(#16128),#16139,.F.);
#16128 = FACE_BOUND('',#16129,.T.);
#16129 = EDGE_LOOP('',(#16130,#16131,#16137,#16138));
#16130 = ORIENTED_EDGE('',*,*,#3334,.T.);
#16131 = ORIENTED_EDGE('',*,*,#16132,.T.);
#16132 = EDGE_CURVE('',#3335,#8604,#16133,.T.);
#16133 = LINE('',#16134,#16135);
#16134 = CARTESIAN_POINT('',(132.252,-97.217,-4.6E-02));
#16135 = VECTOR('',#16136,1.);
#16136 = DIRECTION('',(0.,0.,1.));
#16137 = ORIENTED_EDGE('',*,*,#8603,.F.);
#16138 = ORIENTED_EDGE('',*,*,#16132,.F.);
#16139 = CYLINDRICAL_SURFACE('',#16140,1.1);
#16140 = AXIS2_PLACEMENT_3D('',#16141,#16142,#16143);
#16141 = CARTESIAN_POINT('',(132.252,-96.117,-4.6E-02));
#16142 = DIRECTION('',(-0.,-0.,-1.));
#16143 = DIRECTION('',(-0.,-1.,0.));
#16144 = ADVANCED_FACE('',(#16145),#16156,.F.);
#16145 = FACE_BOUND('',#16146,.T.);
#16146 = EDGE_LOOP('',(#16147,#16148,#16154,#16155));
#16147 = ORIENTED_EDGE('',*,*,#3345,.T.);
#16148 = ORIENTED_EDGE('',*,*,#16149,.T.);
#16149 = EDGE_CURVE('',#3346,#8615,#16150,.T.);
#16150 = LINE('',#16151,#16152);
#16151 = CARTESIAN_POINT('',(149.4,-103.58,-4.6E-02));
#16152 = VECTOR('',#16153,1.);
#16153 = DIRECTION('',(0.,0.,1.));
#16154 = ORIENTED_EDGE('',*,*,#8614,.F.);
#16155 = ORIENTED_EDGE('',*,*,#16149,.F.);
#16156 = CYLINDRICAL_SURFACE('',#16157,0.2);
#16157 = AXIS2_PLACEMENT_3D('',#16158,#16159,#16160);
#16158 = CARTESIAN_POINT('',(149.4,-103.38,-4.6E-02));
#16159 = DIRECTION('',(-0.,0.,-1.));
#16160 = DIRECTION('',(1.42108547152E-13,-1.,-0.));
#16161 = ADVANCED_FACE('',(#16162),#16173,.F.);
#16162 = FACE_BOUND('',#16163,.T.);
#16163 = EDGE_LOOP('',(#16164,#16165,#16171,#16172));
#16164 = ORIENTED_EDGE('',*,*,#3356,.T.);
#16165 = ORIENTED_EDGE('',*,*,#16166,.T.);
#16166 = EDGE_CURVE('',#3357,#8626,#16167,.T.);
#16167 = LINE('',#16168,#16169);
#16168 = CARTESIAN_POINT('',(153.62,-103.88,-4.6E-02));
#16169 = VECTOR('',#16170,1.);
#16170 = DIRECTION('',(0.,0.,1.));
#16171 = ORIENTED_EDGE('',*,*,#8625,.F.);
#16172 = ORIENTED_EDGE('',*,*,#16166,.F.);
#16173 = CYLINDRICAL_SURFACE('',#16174,0.5);
#16174 = AXIS2_PLACEMENT_3D('',#16175,#16176,#16177);
#16175 = CARTESIAN_POINT('',(153.62,-103.38,-4.6E-02));
#16176 = DIRECTION('',(-0.,-0.,-1.));
#16177 = DIRECTION('',(-0.,-1.,0.));
#16178 = ADVANCED_FACE('',(#16179),#16190,.F.);
#16179 = FACE_BOUND('',#16180,.T.);
#16180 = EDGE_LOOP('',(#16181,#16182,#16188,#16189));
#16181 = ORIENTED_EDGE('',*,*,#3367,.T.);
#16182 = ORIENTED_EDGE('',*,*,#16183,.T.);
#16183 = EDGE_CURVE('',#3368,#8637,#16184,.T.);
#16184 = LINE('',#16185,#16186);
#16185 = CARTESIAN_POINT('',(149.4,-101.04,-4.6E-02));
#16186 = VECTOR('',#16187,1.);
#16187 = DIRECTION('',(0.,0.,1.));
#16188 = ORIENTED_EDGE('',*,*,#8636,.F.);
#16189 = ORIENTED_EDGE('',*,*,#16183,.F.);
#16190 = CYLINDRICAL_SURFACE('',#16191,0.2);
#16191 = AXIS2_PLACEMENT_3D('',#16192,#16193,#16194);
#16192 = CARTESIAN_POINT('',(149.4,-100.84,-4.6E-02));
#16193 = DIRECTION('',(-0.,0.,-1.));
#16194 = DIRECTION('',(1.42108547152E-13,-1.,-0.));
#16195 = ADVANCED_FACE('',(#16196),#16207,.F.);
#16196 = FACE_BOUND('',#16197,.T.);
#16197 = EDGE_LOOP('',(#16198,#16199,#16205,#16206));
#16198 = ORIENTED_EDGE('',*,*,#3378,.T.);
#16199 = ORIENTED_EDGE('',*,*,#16200,.T.);
#16200 = EDGE_CURVE('',#3379,#8648,#16201,.T.);
#16201 = LINE('',#16202,#16203);
#16202 = CARTESIAN_POINT('',(149.4,-98.5,-4.6E-02));
#16203 = VECTOR('',#16204,1.);
#16204 = DIRECTION('',(0.,0.,1.));
#16205 = ORIENTED_EDGE('',*,*,#8647,.F.);
#16206 = ORIENTED_EDGE('',*,*,#16200,.F.);
#16207 = CYLINDRICAL_SURFACE('',#16208,0.2);
#16208 = AXIS2_PLACEMENT_3D('',#16209,#16210,#16211);
#16209 = CARTESIAN_POINT('',(149.4,-98.3,-4.6E-02));
#16210 = DIRECTION('',(-0.,0.,-1.));
#16211 = DIRECTION('',(1.42108547152E-13,-1.,-0.));
#16212 = ADVANCED_FACE('',(#16213),#16224,.F.);
#16213 = FACE_BOUND('',#16214,.T.);
#16214 = EDGE_LOOP('',(#16215,#16216,#16222,#16223));
#16215 = ORIENTED_EDGE('',*,*,#3389,.T.);
#16216 = ORIENTED_EDGE('',*,*,#16217,.T.);
#16217 = EDGE_CURVE('',#3390,#8659,#16218,.T.);
#16218 = LINE('',#16219,#16220);
#16219 = CARTESIAN_POINT('',(153.62,-101.34,-4.6E-02));
#16220 = VECTOR('',#16221,1.);
#16221 = DIRECTION('',(0.,0.,1.));
#16222 = ORIENTED_EDGE('',*,*,#8658,.F.);
#16223 = ORIENTED_EDGE('',*,*,#16217,.F.);
#16224 = CYLINDRICAL_SURFACE('',#16225,0.5);
#16225 = AXIS2_PLACEMENT_3D('',#16226,#16227,#16228);
#16226 = CARTESIAN_POINT('',(153.62,-100.84,-4.6E-02));
#16227 = DIRECTION('',(-0.,-0.,-1.));
#16228 = DIRECTION('',(-0.,-1.,0.));
#16229 = ADVANCED_FACE('',(#16230),#16241,.F.);
#16230 = FACE_BOUND('',#16231,.T.);
#16231 = EDGE_LOOP('',(#16232,#16233,#16239,#16240));
#16232 = ORIENTED_EDGE('',*,*,#3400,.T.);
#16233 = ORIENTED_EDGE('',*,*,#16234,.T.);
#16234 = EDGE_CURVE('',#3401,#8670,#16235,.T.);
#16235 = LINE('',#16236,#16237);
#16236 = CARTESIAN_POINT('',(153.62,-98.8,-4.6E-02));
#16237 = VECTOR('',#16238,1.);
#16238 = DIRECTION('',(0.,0.,1.));
#16239 = ORIENTED_EDGE('',*,*,#8669,.F.);
#16240 = ORIENTED_EDGE('',*,*,#16234,.F.);
#16241 = CYLINDRICAL_SURFACE('',#16242,0.5);
#16242 = AXIS2_PLACEMENT_3D('',#16243,#16244,#16245);
#16243 = CARTESIAN_POINT('',(153.62,-98.3,-4.6E-02));
#16244 = DIRECTION('',(-0.,-0.,-1.));
#16245 = DIRECTION('',(-0.,-1.,0.));
#16246 = ADVANCED_FACE('',(#16247),#16263,.F.);
#16247 = FACE_BOUND('',#16248,.T.);
#16248 = EDGE_LOOP('',(#16249,#16250,#16256,#16257));
#16249 = ORIENTED_EDGE('',*,*,#3411,.T.);
#16250 = ORIENTED_EDGE('',*,*,#16251,.T.);
#16251 = EDGE_CURVE('',#3414,#8683,#16252,.T.);
#16252 = LINE('',#16253,#16254);
#16253 = CARTESIAN_POINT('',(166.19,-116.04,-4.6E-02));
#16254 = VECTOR('',#16255,1.);
#16255 = DIRECTION('',(0.,0.,1.));
#16256 = ORIENTED_EDGE('',*,*,#8680,.F.);
#16257 = ORIENTED_EDGE('',*,*,#16258,.T.);
#16258 = EDGE_CURVE('',#8681,#3412,#16259,.T.);
#16259 = LINE('',#16260,#16261);
#16260 = CARTESIAN_POINT('',(166.39244942492,-116.0262752875,-4.6E-02));
#16261 = VECTOR('',#16262,1.);
#16262 = DIRECTION('',(-0.,-0.,-1.));
#16263 = CYLINDRICAL_SURFACE('',#16264,1.5);
#16264 = AXIS2_PLACEMENT_3D('',#16265,#16266,#16267);
#16265 = CARTESIAN_POINT('',(166.19,-114.54,-4.6E-02));
#16266 = DIRECTION('',(-0.,-0.,-1.));
#16267 = DIRECTION('',(-0.,-1.,0.));
#16268 = ADVANCED_FACE('',(#16269),#16280,.F.);
#16269 = FACE_BOUND('',#16270,.T.);
#16270 = EDGE_LOOP('',(#16271,#16277,#16278,#16279));
#16271 = ORIENTED_EDGE('',*,*,#16272,.F.);
#16272 = EDGE_CURVE('',#3432,#8701,#16273,.T.);
#16273 = LINE('',#16274,#16275);
#16274 = CARTESIAN_POINT('',(167.46,-118.58,-4.6E-02));
#16275 = VECTOR('',#16276,1.);
#16276 = DIRECTION('',(0.,0.,1.));
#16277 = ORIENTED_EDGE('',*,*,#3440,.T.);
#16278 = ORIENTED_EDGE('',*,*,#16258,.F.);
#16279 = ORIENTED_EDGE('',*,*,#8709,.F.);
#16280 = CYLINDRICAL_SURFACE('',#16281,1.5);
#16281 = AXIS2_PLACEMENT_3D('',#16282,#16283,#16284);
#16282 = CARTESIAN_POINT('',(167.46,-117.08,-4.6E-02));
#16283 = DIRECTION('',(-0.,-0.,-1.));
#16284 = DIRECTION('',(-0.,-1.,0.));
#16285 = ADVANCED_FACE('',(#16286),#16297,.F.);
#16286 = FACE_BOUND('',#16287,.T.);
#16287 = EDGE_LOOP('',(#16288,#16289,#16290,#16291));
#16288 = ORIENTED_EDGE('',*,*,#3431,.T.);
#16289 = ORIENTED_EDGE('',*,*,#16272,.T.);
#16290 = ORIENTED_EDGE('',*,*,#8700,.F.);
#16291 = ORIENTED_EDGE('',*,*,#16292,.T.);
#16292 = EDGE_CURVE('',#8692,#3423,#16293,.T.);
#16293 = LINE('',#16294,#16295);
#16294 = CARTESIAN_POINT('',(167.25755057507,-115.5937247124,-4.6E-02));
#16295 = VECTOR('',#16296,1.);
#16296 = DIRECTION('',(-0.,-0.,-1.));
#16297 = CYLINDRICAL_SURFACE('',#16298,1.5);
#16298 = AXIS2_PLACEMENT_3D('',#16299,#16300,#16301);
#16299 = CARTESIAN_POINT('',(167.46,-117.08,-4.6E-02));
#16300 = DIRECTION('',(-0.,-0.,-1.));
#16301 = DIRECTION('',(-0.,-1.,0.));
#16302 = ADVANCED_FACE('',(#16303),#16309,.F.);
#16303 = FACE_BOUND('',#16304,.T.);
#16304 = EDGE_LOOP('',(#16305,#16306,#16307,#16308));
#16305 = ORIENTED_EDGE('',*,*,#16251,.F.);
#16306 = ORIENTED_EDGE('',*,*,#3422,.T.);
#16307 = ORIENTED_EDGE('',*,*,#16292,.F.);
#16308 = ORIENTED_EDGE('',*,*,#8691,.F.);
#16309 = CYLINDRICAL_SURFACE('',#16310,1.5);
#16310 = AXIS2_PLACEMENT_3D('',#16311,#16312,#16313);
#16311 = CARTESIAN_POINT('',(166.19,-114.54,-4.6E-02));
#16312 = DIRECTION('',(-0.,-0.,-1.));
#16313 = DIRECTION('',(-0.,-1.,0.));
#16314 = ADVANCED_FACE('',(#16315),#16331,.F.);
#16315 = FACE_BOUND('',#16316,.T.);
#16316 = EDGE_LOOP('',(#16317,#16318,#16324,#16325));
#16317 = ORIENTED_EDGE('',*,*,#3449,.T.);
#16318 = ORIENTED_EDGE('',*,*,#16319,.T.);
#16319 = EDGE_CURVE('',#3452,#8721,#16320,.T.);
#16320 = LINE('',#16321,#16322);
#16321 = CARTESIAN_POINT('',(164.92,-112.95,-4.6E-02));
#16322 = VECTOR('',#16323,1.);
#16323 = DIRECTION('',(0.,0.,1.));
#16324 = ORIENTED_EDGE('',*,*,#8718,.F.);
#16325 = ORIENTED_EDGE('',*,*,#16326,.T.);
#16326 = EDGE_CURVE('',#8719,#3450,#16327,.T.);
#16327 = LINE('',#16328,#16329);
#16328 = CARTESIAN_POINT('',(164.71,-111.0735012142,-4.6E-02));
#16329 = VECTOR('',#16330,1.);
#16330 = DIRECTION('',(-0.,-0.,-1.));
#16331 = CYLINDRICAL_SURFACE('',#16332,0.95);
#16332 = AXIS2_PLACEMENT_3D('',#16333,#16334,#16335);
#16333 = CARTESIAN_POINT('',(164.92,-112.,-4.6E-02));
#16334 = DIRECTION('',(-0.,-0.,-1.));
#16335 = DIRECTION('',(-2.991758887411E-14,-1.,0.));
#16336 = ADVANCED_FACE('',(#16337),#16348,.F.);
#16337 = FACE_BOUND('',#16338,.T.);
#16338 = EDGE_LOOP('',(#16339,#16345,#16346,#16347));
#16339 = ORIENTED_EDGE('',*,*,#16340,.F.);
#16340 = EDGE_CURVE('',#3470,#8739,#16341,.T.);
#16341 = LINE('',#16342,#16343);
#16342 = CARTESIAN_POINT('',(164.5,-112.95,-4.6E-02));
#16343 = VECTOR('',#16344,1.);
#16344 = DIRECTION('',(0.,0.,1.));
#16345 = ORIENTED_EDGE('',*,*,#3478,.T.);
#16346 = ORIENTED_EDGE('',*,*,#16326,.F.);
#16347 = ORIENTED_EDGE('',*,*,#8747,.F.);
#16348 = CYLINDRICAL_SURFACE('',#16349,0.95);
#16349 = AXIS2_PLACEMENT_3D('',#16350,#16351,#16352);
#16350 = CARTESIAN_POINT('',(164.5,-112.,-4.6E-02));
#16351 = DIRECTION('',(-0.,-0.,-1.));
#16352 = DIRECTION('',(-0.,-1.,0.));
#16353 = ADVANCED_FACE('',(#16354),#16365,.F.);
#16354 = FACE_BOUND('',#16355,.T.);
#16355 = EDGE_LOOP('',(#16356,#16357,#16358,#16359));
#16356 = ORIENTED_EDGE('',*,*,#3469,.T.);
#16357 = ORIENTED_EDGE('',*,*,#16340,.T.);
#16358 = ORIENTED_EDGE('',*,*,#8738,.F.);
#16359 = ORIENTED_EDGE('',*,*,#16360,.T.);
#16360 = EDGE_CURVE('',#8730,#3461,#16361,.T.);
#16361 = LINE('',#16362,#16363);
#16362 = CARTESIAN_POINT('',(164.71,-112.9264987857,-4.6E-02));
#16363 = VECTOR('',#16364,1.);
#16364 = DIRECTION('',(-0.,-0.,-1.));
#16365 = CYLINDRICAL_SURFACE('',#16366,0.95);
#16366 = AXIS2_PLACEMENT_3D('',#16367,#16368,#16369);
#16367 = CARTESIAN_POINT('',(164.5,-112.,-4.6E-02));
#16368 = DIRECTION('',(-0.,-0.,-1.));
#16369 = DIRECTION('',(-0.,-1.,0.));
#16370 = ADVANCED_FACE('',(#16371),#16377,.F.);
#16371 = FACE_BOUND('',#16372,.T.);
#16372 = EDGE_LOOP('',(#16373,#16374,#16375,#16376));
#16373 = ORIENTED_EDGE('',*,*,#16319,.F.);
#16374 = ORIENTED_EDGE('',*,*,#3460,.T.);
#16375 = ORIENTED_EDGE('',*,*,#16360,.F.);
#16376 = ORIENTED_EDGE('',*,*,#8729,.F.);
#16377 = CYLINDRICAL_SURFACE('',#16378,0.95);
#16378 = AXIS2_PLACEMENT_3D('',#16379,#16380,#16381);
#16379 = CARTESIAN_POINT('',(164.92,-112.,-4.6E-02));
#16380 = DIRECTION('',(-0.,-0.,-1.));
#16381 = DIRECTION('',(-2.991758887411E-14,-1.,0.));
#16382 = ADVANCED_FACE('',(#16383),#16394,.F.);
#16383 = FACE_BOUND('',#16384,.T.);
#16384 = EDGE_LOOP('',(#16385,#16386,#16392,#16393));
#16385 = ORIENTED_EDGE('',*,*,#3487,.T.);
#16386 = ORIENTED_EDGE('',*,*,#16387,.T.);
#16387 = EDGE_CURVE('',#3488,#8757,#16388,.T.);
#16388 = LINE('',#16389,#16390);
#16389 = CARTESIAN_POINT('',(170.,-114.5,-4.6E-02));
#16390 = VECTOR('',#16391,1.);
#16391 = DIRECTION('',(0.,0.,1.));
#16392 = ORIENTED_EDGE('',*,*,#8756,.F.);
#16393 = ORIENTED_EDGE('',*,*,#16387,.F.);
#16394 = CYLINDRICAL_SURFACE('',#16395,2.5);
#16395 = AXIS2_PLACEMENT_3D('',#16396,#16397,#16398);
#16396 = CARTESIAN_POINT('',(170.,-112.,-4.6E-02));
#16397 = DIRECTION('',(-0.,-0.,-1.));
#16398 = DIRECTION('',(-0.,-1.,0.));
#16399 = ADVANCED_FACE('',(#16400),#16416,.F.);
#16400 = FACE_BOUND('',#16401,.T.);
#16401 = EDGE_LOOP('',(#16402,#16403,#16409,#16410));
#16402 = ORIENTED_EDGE('',*,*,#3498,.T.);
#16403 = ORIENTED_EDGE('',*,*,#16404,.T.);
#16404 = EDGE_CURVE('',#3501,#8770,#16405,.T.);
#16405 = LINE('',#16406,#16407);
#16406 = CARTESIAN_POINT('',(172.54,-118.58,-4.6E-02));
#16407 = VECTOR('',#16408,1.);
#16408 = DIRECTION('',(0.,0.,1.));
#16409 = ORIENTED_EDGE('',*,*,#8767,.F.);
#16410 = ORIENTED_EDGE('',*,*,#16411,.T.);
#16411 = EDGE_CURVE('',#8768,#3499,#16412,.T.);
#16412 = LINE('',#16413,#16414);
#16413 = CARTESIAN_POINT('',(173.60755057507,-116.0262752875,-4.6E-02));
#16414 = VECTOR('',#16415,1.);
#16415 = DIRECTION('',(-0.,-0.,-1.));
#16416 = CYLINDRICAL_SURFACE('',#16417,1.5);
#16417 = AXIS2_PLACEMENT_3D('',#16418,#16419,#16420);
#16418 = CARTESIAN_POINT('',(172.54,-117.08,-4.6E-02));
#16419 = DIRECTION('',(-0.,-0.,-1.));
#16420 = DIRECTION('',(-0.,-1.,0.));
#16421 = ADVANCED_FACE('',(#16422),#16433,.F.);
#16422 = FACE_BOUND('',#16423,.T.);
#16423 = EDGE_LOOP('',(#16424,#16430,#16431,#16432));
#16424 = ORIENTED_EDGE('',*,*,#16425,.F.);
#16425 = EDGE_CURVE('',#3519,#8788,#16426,.T.);
#16426 = LINE('',#16427,#16428);
#16427 = CARTESIAN_POINT('',(173.81,-116.04,-4.6E-02));
#16428 = VECTOR('',#16429,1.);
#16429 = DIRECTION('',(0.,0.,1.));
#16430 = ORIENTED_EDGE('',*,*,#3527,.T.);
#16431 = ORIENTED_EDGE('',*,*,#16411,.F.);
#16432 = ORIENTED_EDGE('',*,*,#8796,.F.);
#16433 = CYLINDRICAL_SURFACE('',#16434,1.5);
#16434 = AXIS2_PLACEMENT_3D('',#16435,#16436,#16437);
#16435 = CARTESIAN_POINT('',(173.81,-114.54,-4.6E-02));
#16436 = DIRECTION('',(-0.,-0.,-1.));
#16437 = DIRECTION('',(-0.,-1.,0.));
#16438 = ADVANCED_FACE('',(#16439),#16450,.F.);
#16439 = FACE_BOUND('',#16440,.T.);
#16440 = EDGE_LOOP('',(#16441,#16442,#16443,#16444));
#16441 = ORIENTED_EDGE('',*,*,#3518,.T.);
#16442 = ORIENTED_EDGE('',*,*,#16425,.T.);
#16443 = ORIENTED_EDGE('',*,*,#8787,.F.);
#16444 = ORIENTED_EDGE('',*,*,#16445,.T.);
#16445 = EDGE_CURVE('',#8779,#3510,#16446,.T.);
#16446 = LINE('',#16447,#16448);
#16447 = CARTESIAN_POINT('',(172.74244942492,-115.5937247124,-4.6E-02));
#16448 = VECTOR('',#16449,1.);
#16449 = DIRECTION('',(-0.,-0.,-1.));
#16450 = CYLINDRICAL_SURFACE('',#16451,1.5);
#16451 = AXIS2_PLACEMENT_3D('',#16452,#16453,#16454);
#16452 = CARTESIAN_POINT('',(173.81,-114.54,-4.6E-02));
#16453 = DIRECTION('',(-0.,-0.,-1.));
#16454 = DIRECTION('',(-0.,-1.,0.));
#16455 = ADVANCED_FACE('',(#16456),#16462,.F.);
#16456 = FACE_BOUND('',#16457,.T.);
#16457 = EDGE_LOOP('',(#16458,#16459,#16460,#16461));
#16458 = ORIENTED_EDGE('',*,*,#16404,.F.);
#16459 = ORIENTED_EDGE('',*,*,#3509,.T.);
#16460 = ORIENTED_EDGE('',*,*,#16445,.F.);
#16461 = ORIENTED_EDGE('',*,*,#8778,.F.);
#16462 = CYLINDRICAL_SURFACE('',#16463,1.5);
#16463 = AXIS2_PLACEMENT_3D('',#16464,#16465,#16466);
#16464 = CARTESIAN_POINT('',(172.54,-117.08,-4.6E-02));
#16465 = DIRECTION('',(-0.,-0.,-1.));
#16466 = DIRECTION('',(-0.,-1.,0.));
#16467 = ADVANCED_FACE('',(#16468),#16484,.F.);
#16468 = FACE_BOUND('',#16469,.T.);
#16469 = EDGE_LOOP('',(#16470,#16471,#16477,#16478));
#16470 = ORIENTED_EDGE('',*,*,#3536,.T.);
#16471 = ORIENTED_EDGE('',*,*,#16472,.T.);
#16472 = EDGE_CURVE('',#3539,#8808,#16473,.T.);
#16473 = LINE('',#16474,#16475);
#16474 = CARTESIAN_POINT('',(175.08,-112.95,-4.6E-02));
#16475 = VECTOR('',#16476,1.);
#16476 = DIRECTION('',(0.,0.,1.));
#16477 = ORIENTED_EDGE('',*,*,#8805,.F.);
#16478 = ORIENTED_EDGE('',*,*,#16479,.T.);
#16479 = EDGE_CURVE('',#8806,#3537,#16480,.T.);
#16480 = LINE('',#16481,#16482);
#16481 = CARTESIAN_POINT('',(175.29,-112.9264987857,-4.6E-02));
#16482 = VECTOR('',#16483,1.);
#16483 = DIRECTION('',(-0.,0.,-1.));
#16484 = CYLINDRICAL_SURFACE('',#16485,0.95);
#16485 = AXIS2_PLACEMENT_3D('',#16486,#16487,#16488);
#16486 = CARTESIAN_POINT('',(175.08,-112.,-4.6E-02));
#16487 = DIRECTION('',(-0.,0.,-1.));
#16488 = DIRECTION('',(2.991758887411E-14,-1.,-0.));
#16489 = ADVANCED_FACE('',(#16490),#16501,.F.);
#16490 = FACE_BOUND('',#16491,.T.);
#16491 = EDGE_LOOP('',(#16492,#16498,#16499,#16500));
#16492 = ORIENTED_EDGE('',*,*,#16493,.F.);
#16493 = EDGE_CURVE('',#3557,#8826,#16494,.T.);
#16494 = LINE('',#16495,#16496);
#16495 = CARTESIAN_POINT('',(175.5,-112.95,-4.6E-02));
#16496 = VECTOR('',#16497,1.);
#16497 = DIRECTION('',(0.,0.,1.));
#16498 = ORIENTED_EDGE('',*,*,#3565,.T.);
#16499 = ORIENTED_EDGE('',*,*,#16479,.F.);
#16500 = ORIENTED_EDGE('',*,*,#8834,.F.);
#16501 = CYLINDRICAL_SURFACE('',#16502,0.95);
#16502 = AXIS2_PLACEMENT_3D('',#16503,#16504,#16505);
#16503 = CARTESIAN_POINT('',(175.5,-112.,-4.6E-02));
#16504 = DIRECTION('',(-0.,-0.,-1.));
#16505 = DIRECTION('',(-0.,-1.,0.));
#16506 = ADVANCED_FACE('',(#16507),#16518,.F.);
#16507 = FACE_BOUND('',#16508,.T.);
#16508 = EDGE_LOOP('',(#16509,#16510,#16511,#16512));
#16509 = ORIENTED_EDGE('',*,*,#3556,.T.);
#16510 = ORIENTED_EDGE('',*,*,#16493,.T.);
#16511 = ORIENTED_EDGE('',*,*,#8825,.F.);
#16512 = ORIENTED_EDGE('',*,*,#16513,.T.);
#16513 = EDGE_CURVE('',#8817,#3548,#16514,.T.);
#16514 = LINE('',#16515,#16516);
#16515 = CARTESIAN_POINT('',(175.29,-111.0735012142,-4.6E-02));
#16516 = VECTOR('',#16517,1.);
#16517 = DIRECTION('',(-0.,0.,-1.));
#16518 = CYLINDRICAL_SURFACE('',#16519,0.95);
#16519 = AXIS2_PLACEMENT_3D('',#16520,#16521,#16522);
#16520 = CARTESIAN_POINT('',(175.5,-112.,-4.6E-02));
#16521 = DIRECTION('',(-0.,-0.,-1.));
#16522 = DIRECTION('',(-0.,-1.,0.));
#16523 = ADVANCED_FACE('',(#16524),#16530,.F.);
#16524 = FACE_BOUND('',#16525,.T.);
#16525 = EDGE_LOOP('',(#16526,#16527,#16528,#16529));
#16526 = ORIENTED_EDGE('',*,*,#16472,.F.);
#16527 = ORIENTED_EDGE('',*,*,#3547,.T.);
#16528 = ORIENTED_EDGE('',*,*,#16513,.F.);
#16529 = ORIENTED_EDGE('',*,*,#8816,.F.);
#16530 = CYLINDRICAL_SURFACE('',#16531,0.95);
#16531 = AXIS2_PLACEMENT_3D('',#16532,#16533,#16534);
#16532 = CARTESIAN_POINT('',(175.08,-112.,-4.6E-02));
#16533 = DIRECTION('',(-0.,0.,-1.));
#16534 = DIRECTION('',(2.991758887411E-14,-1.,-0.));
#16535 = ADVANCED_FACE('',(#16536),#16547,.F.);
#16536 = FACE_BOUND('',#16537,.T.);
#16537 = EDGE_LOOP('',(#16538,#16539,#16545,#16546));
#16538 = ORIENTED_EDGE('',*,*,#3574,.T.);
#16539 = ORIENTED_EDGE('',*,*,#16540,.T.);
#16540 = EDGE_CURVE('',#3575,#8844,#16541,.T.);
#16541 = LINE('',#16542,#16543);
#16542 = CARTESIAN_POINT('',(165.,-109.75,-4.6E-02));
#16543 = VECTOR('',#16544,1.);
#16544 = DIRECTION('',(0.,0.,1.));
#16545 = ORIENTED_EDGE('',*,*,#8843,.F.);
#16546 = ORIENTED_EDGE('',*,*,#16540,.F.);
#16547 = CYLINDRICAL_SURFACE('',#16548,1.5);
#16548 = AXIS2_PLACEMENT_3D('',#16549,#16550,#16551);
#16549 = CARTESIAN_POINT('',(165.,-108.25,-4.6E-02));
#16550 = DIRECTION('',(-0.,-0.,-1.));
#16551 = DIRECTION('',(-0.,-1.,0.));
#16552 = ADVANCED_FACE('',(#16553),#16564,.F.);
#16553 = FACE_BOUND('',#16554,.T.);
#16554 = EDGE_LOOP('',(#16555,#16556,#16562,#16563));
#16555 = ORIENTED_EDGE('',*,*,#3585,.T.);
#16556 = ORIENTED_EDGE('',*,*,#16557,.T.);
#16557 = EDGE_CURVE('',#3586,#8855,#16558,.T.);
#16558 = LINE('',#16559,#16560);
#16559 = CARTESIAN_POINT('',(170.,-107.55,-4.6E-02));
#16560 = VECTOR('',#16561,1.);
#16561 = DIRECTION('',(0.,0.,1.));
#16562 = ORIENTED_EDGE('',*,*,#8854,.F.);
#16563 = ORIENTED_EDGE('',*,*,#16557,.F.);
#16564 = CYLINDRICAL_SURFACE('',#16565,1.5);
#16565 = AXIS2_PLACEMENT_3D('',#16566,#16567,#16568);
#16566 = CARTESIAN_POINT('',(170.,-106.05,-4.6E-02));
#16567 = DIRECTION('',(-0.,-0.,-1.));
#16568 = DIRECTION('',(-0.,-1.,0.));
#16569 = ADVANCED_FACE('',(#16570),#16581,.F.);
#16570 = FACE_BOUND('',#16571,.T.);
#16571 = EDGE_LOOP('',(#16572,#16573,#16579,#16580));
#16572 = ORIENTED_EDGE('',*,*,#3596,.T.);
#16573 = ORIENTED_EDGE('',*,*,#16574,.T.);
#16574 = EDGE_CURVE('',#3597,#8866,#16575,.T.);
#16575 = LINE('',#16576,#16577);
#16576 = CARTESIAN_POINT('',(175.,-109.75,-4.6E-02));
#16577 = VECTOR('',#16578,1.);
#16578 = DIRECTION('',(0.,0.,1.));
#16579 = ORIENTED_EDGE('',*,*,#8865,.F.);
#16580 = ORIENTED_EDGE('',*,*,#16574,.F.);
#16581 = CYLINDRICAL_SURFACE('',#16582,1.5);
#16582 = AXIS2_PLACEMENT_3D('',#16583,#16584,#16585);
#16583 = CARTESIAN_POINT('',(175.,-108.25,-4.6E-02));
#16584 = DIRECTION('',(-0.,-0.,-1.));
#16585 = DIRECTION('',(-0.,-1.,0.));
#16586 = ADVANCED_FACE('',(#16587),#16603,.F.);
#16587 = FACE_BOUND('',#16588,.T.);
#16588 = EDGE_LOOP('',(#16589,#16590,#16596,#16597));
#16589 = ORIENTED_EDGE('',*,*,#3607,.T.);
#16590 = ORIENTED_EDGE('',*,*,#16591,.T.);
#16591 = EDGE_CURVE('',#3610,#8879,#16592,.T.);
#16592 = LINE('',#16593,#16594);
#16593 = CARTESIAN_POINT('',(185.19,-112.04,-4.6E-02));
#16594 = VECTOR('',#16595,1.);
#16595 = DIRECTION('',(0.,0.,1.));
#16596 = ORIENTED_EDGE('',*,*,#8876,.F.);
#16597 = ORIENTED_EDGE('',*,*,#16598,.T.);
#16598 = EDGE_CURVE('',#8877,#3608,#16599,.T.);
#16599 = LINE('',#16600,#16601);
#16600 = CARTESIAN_POINT('',(185.39244942492,-112.0262752875,-4.6E-02));
#16601 = VECTOR('',#16602,1.);
#16602 = DIRECTION('',(-0.,-0.,-1.));
#16603 = CYLINDRICAL_SURFACE('',#16604,1.5);
#16604 = AXIS2_PLACEMENT_3D('',#16605,#16606,#16607);
#16605 = CARTESIAN_POINT('',(185.19,-110.54,-4.6E-02));
#16606 = DIRECTION('',(-0.,-0.,-1.));
#16607 = DIRECTION('',(-0.,-1.,0.));
#16608 = ADVANCED_FACE('',(#16609),#16620,.F.);
#16609 = FACE_BOUND('',#16610,.T.);
#16610 = EDGE_LOOP('',(#16611,#16617,#16618,#16619));
#16611 = ORIENTED_EDGE('',*,*,#16612,.F.);
#16612 = EDGE_CURVE('',#3628,#8897,#16613,.T.);
#16613 = LINE('',#16614,#16615);
#16614 = CARTESIAN_POINT('',(186.46,-114.58,-4.6E-02));
#16615 = VECTOR('',#16616,1.);
#16616 = DIRECTION('',(0.,0.,1.));
#16617 = ORIENTED_EDGE('',*,*,#3636,.T.);
#16618 = ORIENTED_EDGE('',*,*,#16598,.F.);
#16619 = ORIENTED_EDGE('',*,*,#8905,.F.);
#16620 = CYLINDRICAL_SURFACE('',#16621,1.5);
#16621 = AXIS2_PLACEMENT_3D('',#16622,#16623,#16624);
#16622 = CARTESIAN_POINT('',(186.46,-113.08,-4.6E-02));
#16623 = DIRECTION('',(-0.,-0.,-1.));
#16624 = DIRECTION('',(-0.,-1.,0.));
#16625 = ADVANCED_FACE('',(#16626),#16637,.F.);
#16626 = FACE_BOUND('',#16627,.T.);
#16627 = EDGE_LOOP('',(#16628,#16629,#16630,#16631));
#16628 = ORIENTED_EDGE('',*,*,#3627,.T.);
#16629 = ORIENTED_EDGE('',*,*,#16612,.T.);
#16630 = ORIENTED_EDGE('',*,*,#8896,.F.);
#16631 = ORIENTED_EDGE('',*,*,#16632,.T.);
#16632 = EDGE_CURVE('',#8888,#3619,#16633,.T.);
#16633 = LINE('',#16634,#16635);
#16634 = CARTESIAN_POINT('',(186.25755057507,-111.5937247124,-4.6E-02));
#16635 = VECTOR('',#16636,1.);
#16636 = DIRECTION('',(-0.,-0.,-1.));
#16637 = CYLINDRICAL_SURFACE('',#16638,1.5);
#16638 = AXIS2_PLACEMENT_3D('',#16639,#16640,#16641);
#16639 = CARTESIAN_POINT('',(186.46,-113.08,-4.6E-02));
#16640 = DIRECTION('',(-0.,-0.,-1.));
#16641 = DIRECTION('',(-0.,-1.,0.));
#16642 = ADVANCED_FACE('',(#16643),#16649,.F.);
#16643 = FACE_BOUND('',#16644,.T.);
#16644 = EDGE_LOOP('',(#16645,#16646,#16647,#16648));
#16645 = ORIENTED_EDGE('',*,*,#16591,.F.);
#16646 = ORIENTED_EDGE('',*,*,#3618,.T.);
#16647 = ORIENTED_EDGE('',*,*,#16632,.F.);
#16648 = ORIENTED_EDGE('',*,*,#8887,.F.);
#16649 = CYLINDRICAL_SURFACE('',#16650,1.5);
#16650 = AXIS2_PLACEMENT_3D('',#16651,#16652,#16653);
#16651 = CARTESIAN_POINT('',(185.19,-110.54,-4.6E-02));
#16652 = DIRECTION('',(-0.,-0.,-1.));
#16653 = DIRECTION('',(-0.,-1.,0.));
#16654 = ADVANCED_FACE('',(#16655),#16666,.F.);
#16655 = FACE_BOUND('',#16656,.T.);
#16656 = EDGE_LOOP('',(#16657,#16658,#16664,#16665));
#16657 = ORIENTED_EDGE('',*,*,#3645,.T.);
#16658 = ORIENTED_EDGE('',*,*,#16659,.T.);
#16659 = EDGE_CURVE('',#3646,#8915,#16660,.T.);
#16660 = LINE('',#16661,#16662);
#16661 = CARTESIAN_POINT('',(198.538,-117.775,-4.6E-02));
#16662 = VECTOR('',#16663,1.);
#16663 = DIRECTION('',(0.,0.,1.));
#16664 = ORIENTED_EDGE('',*,*,#8914,.F.);
#16665 = ORIENTED_EDGE('',*,*,#16659,.F.);
#16666 = CYLINDRICAL_SURFACE('',#16667,1.1);
#16667 = AXIS2_PLACEMENT_3D('',#16668,#16669,#16670);
#16668 = CARTESIAN_POINT('',(198.538,-116.675,-4.6E-02));
#16669 = DIRECTION('',(-0.,-0.,-1.));
#16670 = DIRECTION('',(-0.,-1.,0.));
#16671 = ADVANCED_FACE('',(#16672),#16688,.F.);
#16672 = FACE_BOUND('',#16673,.T.);
#16673 = EDGE_LOOP('',(#16674,#16675,#16681,#16682));
#16674 = ORIENTED_EDGE('',*,*,#3656,.T.);
#16675 = ORIENTED_EDGE('',*,*,#16676,.T.);
#16676 = EDGE_CURVE('',#3659,#8928,#16677,.T.);
#16677 = LINE('',#16678,#16679);
#16678 = CARTESIAN_POINT('',(191.54,-114.58,-4.6E-02));
#16679 = VECTOR('',#16680,1.);
#16680 = DIRECTION('',(0.,0.,1.));
#16681 = ORIENTED_EDGE('',*,*,#8925,.F.);
#16682 = ORIENTED_EDGE('',*,*,#16683,.T.);
#16683 = EDGE_CURVE('',#8926,#3657,#16684,.T.);
#16684 = LINE('',#16685,#16686);
#16685 = CARTESIAN_POINT('',(192.60755057507,-112.0262752875,-4.6E-02));
#16686 = VECTOR('',#16687,1.);
#16687 = DIRECTION('',(-0.,-0.,-1.));
#16688 = CYLINDRICAL_SURFACE('',#16689,1.5);
#16689 = AXIS2_PLACEMENT_3D('',#16690,#16691,#16692);
#16690 = CARTESIAN_POINT('',(191.54,-113.08,-4.6E-02));
#16691 = DIRECTION('',(-0.,-0.,-1.));
#16692 = DIRECTION('',(-0.,-1.,0.));
#16693 = ADVANCED_FACE('',(#16694),#16705,.F.);
#16694 = FACE_BOUND('',#16695,.T.);
#16695 = EDGE_LOOP('',(#16696,#16702,#16703,#16704));
#16696 = ORIENTED_EDGE('',*,*,#16697,.F.);
#16697 = EDGE_CURVE('',#3677,#8946,#16698,.T.);
#16698 = LINE('',#16699,#16700);
#16699 = CARTESIAN_POINT('',(192.81,-112.04,-4.6E-02));
#16700 = VECTOR('',#16701,1.);
#16701 = DIRECTION('',(0.,0.,1.));
#16702 = ORIENTED_EDGE('',*,*,#3685,.T.);
#16703 = ORIENTED_EDGE('',*,*,#16683,.F.);
#16704 = ORIENTED_EDGE('',*,*,#8954,.F.);
#16705 = CYLINDRICAL_SURFACE('',#16706,1.5);
#16706 = AXIS2_PLACEMENT_3D('',#16707,#16708,#16709);
#16707 = CARTESIAN_POINT('',(192.81,-110.54,-4.6E-02));
#16708 = DIRECTION('',(-0.,-0.,-1.));
#16709 = DIRECTION('',(-0.,-1.,0.));
#16710 = ADVANCED_FACE('',(#16711),#16722,.F.);
#16711 = FACE_BOUND('',#16712,.T.);
#16712 = EDGE_LOOP('',(#16713,#16714,#16715,#16716));
#16713 = ORIENTED_EDGE('',*,*,#3676,.T.);
#16714 = ORIENTED_EDGE('',*,*,#16697,.T.);
#16715 = ORIENTED_EDGE('',*,*,#8945,.F.);
#16716 = ORIENTED_EDGE('',*,*,#16717,.T.);
#16717 = EDGE_CURVE('',#8937,#3668,#16718,.T.);
#16718 = LINE('',#16719,#16720);
#16719 = CARTESIAN_POINT('',(191.74244942492,-111.5937247124,-4.6E-02));
#16720 = VECTOR('',#16721,1.);
#16721 = DIRECTION('',(-0.,-0.,-1.));
#16722 = CYLINDRICAL_SURFACE('',#16723,1.5);
#16723 = AXIS2_PLACEMENT_3D('',#16724,#16725,#16726);
#16724 = CARTESIAN_POINT('',(192.81,-110.54,-4.6E-02));
#16725 = DIRECTION('',(-0.,-0.,-1.));
#16726 = DIRECTION('',(-0.,-1.,0.));
#16727 = ADVANCED_FACE('',(#16728),#16734,.F.);
#16728 = FACE_BOUND('',#16729,.T.);
#16729 = EDGE_LOOP('',(#16730,#16731,#16732,#16733));
#16730 = ORIENTED_EDGE('',*,*,#16676,.F.);
#16731 = ORIENTED_EDGE('',*,*,#3667,.T.);
#16732 = ORIENTED_EDGE('',*,*,#16717,.F.);
#16733 = ORIENTED_EDGE('',*,*,#8936,.F.);
#16734 = CYLINDRICAL_SURFACE('',#16735,1.5);
#16735 = AXIS2_PLACEMENT_3D('',#16736,#16737,#16738);
#16736 = CARTESIAN_POINT('',(191.54,-113.08,-4.6E-02));
#16737 = DIRECTION('',(-0.,-0.,-1.));
#16738 = DIRECTION('',(-0.,-1.,0.));
#16739 = ADVANCED_FACE('',(#16740),#16756,.F.);
#16740 = FACE_BOUND('',#16741,.T.);
#16741 = EDGE_LOOP('',(#16742,#16743,#16749,#16750));
#16742 = ORIENTED_EDGE('',*,*,#3694,.T.);
#16743 = ORIENTED_EDGE('',*,*,#16744,.T.);
#16744 = EDGE_CURVE('',#3697,#8966,#16745,.T.);
#16745 = LINE('',#16746,#16747);
#16746 = CARTESIAN_POINT('',(183.92,-108.95,-4.6E-02));
#16747 = VECTOR('',#16748,1.);
#16748 = DIRECTION('',(0.,0.,1.));
#16749 = ORIENTED_EDGE('',*,*,#8963,.F.);
#16750 = ORIENTED_EDGE('',*,*,#16751,.T.);
#16751 = EDGE_CURVE('',#8964,#3695,#16752,.T.);
#16752 = LINE('',#16753,#16754);
#16753 = CARTESIAN_POINT('',(183.71,-107.0735012142,-4.6E-02));
#16754 = VECTOR('',#16755,1.);
#16755 = DIRECTION('',(-0.,-0.,-1.));
#16756 = CYLINDRICAL_SURFACE('',#16757,0.95);
#16757 = AXIS2_PLACEMENT_3D('',#16758,#16759,#16760);
#16758 = CARTESIAN_POINT('',(183.92,-108.,-4.6E-02));
#16759 = DIRECTION('',(-0.,-0.,-1.));
#16760 = DIRECTION('',(-2.991758887411E-14,-1.,0.));
#16761 = ADVANCED_FACE('',(#16762),#16773,.F.);
#16762 = FACE_BOUND('',#16763,.T.);
#16763 = EDGE_LOOP('',(#16764,#16770,#16771,#16772));
#16764 = ORIENTED_EDGE('',*,*,#16765,.F.);
#16765 = EDGE_CURVE('',#3715,#8984,#16766,.T.);
#16766 = LINE('',#16767,#16768);
#16767 = CARTESIAN_POINT('',(183.5,-108.95,-4.6E-02));
#16768 = VECTOR('',#16769,1.);
#16769 = DIRECTION('',(0.,0.,1.));
#16770 = ORIENTED_EDGE('',*,*,#3723,.T.);
#16771 = ORIENTED_EDGE('',*,*,#16751,.F.);
#16772 = ORIENTED_EDGE('',*,*,#8992,.F.);
#16773 = CYLINDRICAL_SURFACE('',#16774,0.95);
#16774 = AXIS2_PLACEMENT_3D('',#16775,#16776,#16777);
#16775 = CARTESIAN_POINT('',(183.5,-108.,-4.6E-02));
#16776 = DIRECTION('',(-0.,-0.,-1.));
#16777 = DIRECTION('',(-0.,-1.,0.));
#16778 = ADVANCED_FACE('',(#16779),#16790,.F.);
#16779 = FACE_BOUND('',#16780,.T.);
#16780 = EDGE_LOOP('',(#16781,#16782,#16783,#16784));
#16781 = ORIENTED_EDGE('',*,*,#3714,.T.);
#16782 = ORIENTED_EDGE('',*,*,#16765,.T.);
#16783 = ORIENTED_EDGE('',*,*,#8983,.F.);
#16784 = ORIENTED_EDGE('',*,*,#16785,.T.);
#16785 = EDGE_CURVE('',#8975,#3706,#16786,.T.);
#16786 = LINE('',#16787,#16788);
#16787 = CARTESIAN_POINT('',(183.71,-108.9264987857,-4.6E-02));
#16788 = VECTOR('',#16789,1.);
#16789 = DIRECTION('',(-0.,-0.,-1.));
#16790 = CYLINDRICAL_SURFACE('',#16791,0.95);
#16791 = AXIS2_PLACEMENT_3D('',#16792,#16793,#16794);
#16792 = CARTESIAN_POINT('',(183.5,-108.,-4.6E-02));
#16793 = DIRECTION('',(-0.,-0.,-1.));
#16794 = DIRECTION('',(-0.,-1.,0.));
#16795 = ADVANCED_FACE('',(#16796),#16802,.F.);
#16796 = FACE_BOUND('',#16797,.T.);
#16797 = EDGE_LOOP('',(#16798,#16799,#16800,#16801));
#16798 = ORIENTED_EDGE('',*,*,#16744,.F.);
#16799 = ORIENTED_EDGE('',*,*,#3705,.T.);
#16800 = ORIENTED_EDGE('',*,*,#16785,.F.);
#16801 = ORIENTED_EDGE('',*,*,#8974,.F.);
#16802 = CYLINDRICAL_SURFACE('',#16803,0.95);
#16803 = AXIS2_PLACEMENT_3D('',#16804,#16805,#16806);
#16804 = CARTESIAN_POINT('',(183.92,-108.,-4.6E-02));
#16805 = DIRECTION('',(-0.,-0.,-1.));
#16806 = DIRECTION('',(-2.991758887411E-14,-1.,0.));
#16807 = ADVANCED_FACE('',(#16808),#16819,.F.);
#16808 = FACE_BOUND('',#16809,.T.);
#16809 = EDGE_LOOP('',(#16810,#16811,#16817,#16818));
#16810 = ORIENTED_EDGE('',*,*,#3732,.T.);
#16811 = ORIENTED_EDGE('',*,*,#16812,.T.);
#16812 = EDGE_CURVE('',#3733,#9002,#16813,.T.);
#16813 = LINE('',#16814,#16815);
#16814 = CARTESIAN_POINT('',(189.,-110.5,-4.6E-02));
#16815 = VECTOR('',#16816,1.);
#16816 = DIRECTION('',(0.,0.,1.));
#16817 = ORIENTED_EDGE('',*,*,#9001,.F.);
#16818 = ORIENTED_EDGE('',*,*,#16812,.F.);
#16819 = CYLINDRICAL_SURFACE('',#16820,2.5);
#16820 = AXIS2_PLACEMENT_3D('',#16821,#16822,#16823);
#16821 = CARTESIAN_POINT('',(189.,-108.,-4.6E-02));
#16822 = DIRECTION('',(-0.,-0.,-1.));
#16823 = DIRECTION('',(-0.,-1.,0.));
#16824 = ADVANCED_FACE('',(#16825),#16841,.F.);
#16825 = FACE_BOUND('',#16826,.T.);
#16826 = EDGE_LOOP('',(#16827,#16828,#16834,#16835));
#16827 = ORIENTED_EDGE('',*,*,#3743,.T.);
#16828 = ORIENTED_EDGE('',*,*,#16829,.T.);
#16829 = EDGE_CURVE('',#3746,#9015,#16830,.T.);
#16830 = LINE('',#16831,#16832);
#16831 = CARTESIAN_POINT('',(194.08,-108.95,-4.6E-02));
#16832 = VECTOR('',#16833,1.);
#16833 = DIRECTION('',(0.,0.,1.));
#16834 = ORIENTED_EDGE('',*,*,#9012,.F.);
#16835 = ORIENTED_EDGE('',*,*,#16836,.T.);
#16836 = EDGE_CURVE('',#9013,#3744,#16837,.T.);
#16837 = LINE('',#16838,#16839);
#16838 = CARTESIAN_POINT('',(194.29,-108.9264987857,-4.6E-02));
#16839 = VECTOR('',#16840,1.);
#16840 = DIRECTION('',(-0.,0.,-1.));
#16841 = CYLINDRICAL_SURFACE('',#16842,0.95);
#16842 = AXIS2_PLACEMENT_3D('',#16843,#16844,#16845);
#16843 = CARTESIAN_POINT('',(194.08,-108.,-4.6E-02));
#16844 = DIRECTION('',(-0.,0.,-1.));
#16845 = DIRECTION('',(2.991758887411E-14,-1.,-0.));
#16846 = ADVANCED_FACE('',(#16847),#16858,.F.);
#16847 = FACE_BOUND('',#16848,.T.);
#16848 = EDGE_LOOP('',(#16849,#16855,#16856,#16857));
#16849 = ORIENTED_EDGE('',*,*,#16850,.F.);
#16850 = EDGE_CURVE('',#3764,#9033,#16851,.T.);
#16851 = LINE('',#16852,#16853);
#16852 = CARTESIAN_POINT('',(194.5,-108.95,-4.6E-02));
#16853 = VECTOR('',#16854,1.);
#16854 = DIRECTION('',(0.,0.,1.));
#16855 = ORIENTED_EDGE('',*,*,#3772,.T.);
#16856 = ORIENTED_EDGE('',*,*,#16836,.F.);
#16857 = ORIENTED_EDGE('',*,*,#9041,.F.);
#16858 = CYLINDRICAL_SURFACE('',#16859,0.95);
#16859 = AXIS2_PLACEMENT_3D('',#16860,#16861,#16862);
#16860 = CARTESIAN_POINT('',(194.5,-108.,-4.6E-02));
#16861 = DIRECTION('',(-0.,-0.,-1.));
#16862 = DIRECTION('',(-0.,-1.,0.));
#16863 = ADVANCED_FACE('',(#16864),#16875,.F.);
#16864 = FACE_BOUND('',#16865,.T.);
#16865 = EDGE_LOOP('',(#16866,#16867,#16868,#16869));
#16866 = ORIENTED_EDGE('',*,*,#3763,.T.);
#16867 = ORIENTED_EDGE('',*,*,#16850,.T.);
#16868 = ORIENTED_EDGE('',*,*,#9032,.F.);
#16869 = ORIENTED_EDGE('',*,*,#16870,.T.);
#16870 = EDGE_CURVE('',#9024,#3755,#16871,.T.);
#16871 = LINE('',#16872,#16873);
#16872 = CARTESIAN_POINT('',(194.29,-107.0735012142,-4.6E-02));
#16873 = VECTOR('',#16874,1.);
#16874 = DIRECTION('',(-0.,0.,-1.));
#16875 = CYLINDRICAL_SURFACE('',#16876,0.95);
#16876 = AXIS2_PLACEMENT_3D('',#16877,#16878,#16879);
#16877 = CARTESIAN_POINT('',(194.5,-108.,-4.6E-02));
#16878 = DIRECTION('',(-0.,-0.,-1.));
#16879 = DIRECTION('',(-0.,-1.,0.));
#16880 = ADVANCED_FACE('',(#16881),#16887,.F.);
#16881 = FACE_BOUND('',#16882,.T.);
#16882 = EDGE_LOOP('',(#16883,#16884,#16885,#16886));
#16883 = ORIENTED_EDGE('',*,*,#16829,.F.);
#16884 = ORIENTED_EDGE('',*,*,#3754,.T.);
#16885 = ORIENTED_EDGE('',*,*,#16870,.F.);
#16886 = ORIENTED_EDGE('',*,*,#9023,.F.);
#16887 = CYLINDRICAL_SURFACE('',#16888,0.95);
#16888 = AXIS2_PLACEMENT_3D('',#16889,#16890,#16891);
#16889 = CARTESIAN_POINT('',(194.08,-108.,-4.6E-02));
#16890 = DIRECTION('',(-0.,0.,-1.));
#16891 = DIRECTION('',(2.991758887411E-14,-1.,-0.));
#16892 = ADVANCED_FACE('',(#16893),#16904,.F.);
#16893 = FACE_BOUND('',#16894,.T.);
#16894 = EDGE_LOOP('',(#16895,#16896,#16902,#16903));
#16895 = ORIENTED_EDGE('',*,*,#3781,.T.);
#16896 = ORIENTED_EDGE('',*,*,#16897,.T.);
#16897 = EDGE_CURVE('',#3782,#9051,#16898,.T.);
#16898 = LINE('',#16899,#16900);
#16899 = CARTESIAN_POINT('',(184.,-105.75,-4.6E-02));
#16900 = VECTOR('',#16901,1.);
#16901 = DIRECTION('',(0.,0.,1.));
#16902 = ORIENTED_EDGE('',*,*,#9050,.F.);
#16903 = ORIENTED_EDGE('',*,*,#16897,.F.);
#16904 = CYLINDRICAL_SURFACE('',#16905,1.5);
#16905 = AXIS2_PLACEMENT_3D('',#16906,#16907,#16908);
#16906 = CARTESIAN_POINT('',(184.,-104.25,-4.6E-02));
#16907 = DIRECTION('',(-0.,-0.,-1.));
#16908 = DIRECTION('',(-0.,-1.,0.));
#16909 = ADVANCED_FACE('',(#16910),#16921,.F.);
#16910 = FACE_BOUND('',#16911,.T.);
#16911 = EDGE_LOOP('',(#16912,#16913,#16919,#16920));
#16912 = ORIENTED_EDGE('',*,*,#3792,.T.);
#16913 = ORIENTED_EDGE('',*,*,#16914,.T.);
#16914 = EDGE_CURVE('',#3793,#9062,#16915,.T.);
#16915 = LINE('',#16916,#16917);
#16916 = CARTESIAN_POINT('',(189.,-103.55,-4.6E-02));
#16917 = VECTOR('',#16918,1.);
#16918 = DIRECTION('',(0.,0.,1.));
#16919 = ORIENTED_EDGE('',*,*,#9061,.F.);
#16920 = ORIENTED_EDGE('',*,*,#16914,.F.);
#16921 = CYLINDRICAL_SURFACE('',#16922,1.5);
#16922 = AXIS2_PLACEMENT_3D('',#16923,#16924,#16925);
#16923 = CARTESIAN_POINT('',(189.,-102.05,-4.6E-02));
#16924 = DIRECTION('',(-0.,-0.,-1.));
#16925 = DIRECTION('',(-0.,-1.,0.));
#16926 = ADVANCED_FACE('',(#16927),#16938,.F.);
#16927 = FACE_BOUND('',#16928,.T.);
#16928 = EDGE_LOOP('',(#16929,#16930,#16936,#16937));
#16929 = ORIENTED_EDGE('',*,*,#3803,.T.);
#16930 = ORIENTED_EDGE('',*,*,#16931,.T.);
#16931 = EDGE_CURVE('',#3804,#9073,#16932,.T.);
#16932 = LINE('',#16933,#16934);
#16933 = CARTESIAN_POINT('',(194.,-105.75,-4.6E-02));
#16934 = VECTOR('',#16935,1.);
#16935 = DIRECTION('',(0.,0.,1.));
#16936 = ORIENTED_EDGE('',*,*,#9072,.F.);
#16937 = ORIENTED_EDGE('',*,*,#16931,.F.);
#16938 = CYLINDRICAL_SURFACE('',#16939,1.5);
#16939 = AXIS2_PLACEMENT_3D('',#16940,#16941,#16942);
#16940 = CARTESIAN_POINT('',(194.,-104.25,-4.6E-02));
#16941 = DIRECTION('',(-0.,-0.,-1.));
#16942 = DIRECTION('',(-0.,-1.,0.));
#16943 = ADVANCED_FACE('',(#16944),#16955,.F.);
#16944 = FACE_BOUND('',#16945,.T.);
#16945 = EDGE_LOOP('',(#16946,#16947,#16953,#16954));
#16946 = ORIENTED_EDGE('',*,*,#3814,.T.);
#16947 = ORIENTED_EDGE('',*,*,#16948,.T.);
#16948 = EDGE_CURVE('',#3815,#9084,#16949,.T.);
#16949 = LINE('',#16950,#16951);
#16950 = CARTESIAN_POINT('',(194.332,-97.217,-4.6E-02));
#16951 = VECTOR('',#16952,1.);
#16952 = DIRECTION('',(0.,0.,1.));
#16953 = ORIENTED_EDGE('',*,*,#9083,.F.);
#16954 = ORIENTED_EDGE('',*,*,#16948,.F.);
#16955 = CYLINDRICAL_SURFACE('',#16956,1.1);
#16956 = AXIS2_PLACEMENT_3D('',#16957,#16958,#16959);
#16957 = CARTESIAN_POINT('',(194.332,-96.117,-4.6E-02));
#16958 = DIRECTION('',(-0.,-0.,-1.));
#16959 = DIRECTION('',(-0.,-1.,0.));
#16960 = ADVANCED_FACE('',(#16961),#16977,.F.);
#16961 = FACE_BOUND('',#16962,.T.);
#16962 = EDGE_LOOP('',(#16963,#16964,#16970,#16971));
#16963 = ORIENTED_EDGE('',*,*,#3825,.T.);
#16964 = ORIENTED_EDGE('',*,*,#16965,.T.);
#16965 = EDGE_CURVE('',#3828,#9097,#16966,.T.);
#16966 = LINE('',#16967,#16968);
#16967 = CARTESIAN_POINT('',(204.19,-141.04,-4.6E-02));
#16968 = VECTOR('',#16969,1.);
#16969 = DIRECTION('',(0.,0.,1.));
#16970 = ORIENTED_EDGE('',*,*,#9094,.F.);
#16971 = ORIENTED_EDGE('',*,*,#16972,.T.);
#16972 = EDGE_CURVE('',#9095,#3826,#16973,.T.);
#16973 = LINE('',#16974,#16975);
#16974 = CARTESIAN_POINT('',(204.39244942492,-141.0262752875,-4.6E-02));
#16975 = VECTOR('',#16976,1.);
#16976 = DIRECTION('',(-0.,-0.,-1.));
#16977 = CYLINDRICAL_SURFACE('',#16978,1.5);
#16978 = AXIS2_PLACEMENT_3D('',#16979,#16980,#16981);
#16979 = CARTESIAN_POINT('',(204.19,-139.54,-4.6E-02));
#16980 = DIRECTION('',(-0.,-0.,-1.));
#16981 = DIRECTION('',(-0.,-1.,0.));
#16982 = ADVANCED_FACE('',(#16983),#16994,.F.);
#16983 = FACE_BOUND('',#16984,.T.);
#16984 = EDGE_LOOP('',(#16985,#16991,#16992,#16993));
#16985 = ORIENTED_EDGE('',*,*,#16986,.F.);
#16986 = EDGE_CURVE('',#3846,#9115,#16987,.T.);
#16987 = LINE('',#16988,#16989);
#16988 = CARTESIAN_POINT('',(205.46,-143.58,-4.6E-02));
#16989 = VECTOR('',#16990,1.);
#16990 = DIRECTION('',(0.,0.,1.));
#16991 = ORIENTED_EDGE('',*,*,#3854,.T.);
#16992 = ORIENTED_EDGE('',*,*,#16972,.F.);
#16993 = ORIENTED_EDGE('',*,*,#9123,.F.);
#16994 = CYLINDRICAL_SURFACE('',#16995,1.5);
#16995 = AXIS2_PLACEMENT_3D('',#16996,#16997,#16998);
#16996 = CARTESIAN_POINT('',(205.46,-142.08,-4.6E-02));
#16997 = DIRECTION('',(-0.,-0.,-1.));
#16998 = DIRECTION('',(-0.,-1.,0.));
#16999 = ADVANCED_FACE('',(#17000),#17011,.F.);
#17000 = FACE_BOUND('',#17001,.T.);
#17001 = EDGE_LOOP('',(#17002,#17003,#17004,#17005));
#17002 = ORIENTED_EDGE('',*,*,#3845,.T.);
#17003 = ORIENTED_EDGE('',*,*,#16986,.T.);
#17004 = ORIENTED_EDGE('',*,*,#9114,.F.);
#17005 = ORIENTED_EDGE('',*,*,#17006,.T.);
#17006 = EDGE_CURVE('',#9106,#3837,#17007,.T.);
#17007 = LINE('',#17008,#17009);
#17008 = CARTESIAN_POINT('',(205.25755057507,-140.5937247124,-4.6E-02));
#17009 = VECTOR('',#17010,1.);
#17010 = DIRECTION('',(-0.,-0.,-1.));
#17011 = CYLINDRICAL_SURFACE('',#17012,1.5);
#17012 = AXIS2_PLACEMENT_3D('',#17013,#17014,#17015);
#17013 = CARTESIAN_POINT('',(205.46,-142.08,-4.6E-02));
#17014 = DIRECTION('',(-0.,-0.,-1.));
#17015 = DIRECTION('',(-0.,-1.,0.));
#17016 = ADVANCED_FACE('',(#17017),#17023,.F.);
#17017 = FACE_BOUND('',#17018,.T.);
#17018 = EDGE_LOOP('',(#17019,#17020,#17021,#17022));
#17019 = ORIENTED_EDGE('',*,*,#16965,.F.);
#17020 = ORIENTED_EDGE('',*,*,#3836,.T.);
#17021 = ORIENTED_EDGE('',*,*,#17006,.F.);
#17022 = ORIENTED_EDGE('',*,*,#9105,.F.);
#17023 = CYLINDRICAL_SURFACE('',#17024,1.5);
#17024 = AXIS2_PLACEMENT_3D('',#17025,#17026,#17027);
#17025 = CARTESIAN_POINT('',(204.19,-139.54,-4.6E-02));
#17026 = DIRECTION('',(-0.,-0.,-1.));
#17027 = DIRECTION('',(-0.,-1.,0.));
#17028 = ADVANCED_FACE('',(#17029),#17045,.F.);
#17029 = FACE_BOUND('',#17030,.T.);
#17030 = EDGE_LOOP('',(#17031,#17032,#17038,#17039));
#17031 = ORIENTED_EDGE('',*,*,#3863,.T.);
#17032 = ORIENTED_EDGE('',*,*,#17033,.T.);
#17033 = EDGE_CURVE('',#3866,#9135,#17034,.T.);
#17034 = LINE('',#17035,#17036);
#17035 = CARTESIAN_POINT('',(210.54,-143.58,-4.6E-02));
#17036 = VECTOR('',#17037,1.);
#17037 = DIRECTION('',(0.,0.,1.));
#17038 = ORIENTED_EDGE('',*,*,#9132,.F.);
#17039 = ORIENTED_EDGE('',*,*,#17040,.T.);
#17040 = EDGE_CURVE('',#9133,#3864,#17041,.T.);
#17041 = LINE('',#17042,#17043);
#17042 = CARTESIAN_POINT('',(211.60755057507,-141.0262752875,-4.6E-02));
#17043 = VECTOR('',#17044,1.);
#17044 = DIRECTION('',(-0.,-0.,-1.));
#17045 = CYLINDRICAL_SURFACE('',#17046,1.5);
#17046 = AXIS2_PLACEMENT_3D('',#17047,#17048,#17049);
#17047 = CARTESIAN_POINT('',(210.54,-142.08,-4.6E-02));
#17048 = DIRECTION('',(-0.,-0.,-1.));
#17049 = DIRECTION('',(-0.,-1.,0.));
#17050 = ADVANCED_FACE('',(#17051),#17062,.F.);
#17051 = FACE_BOUND('',#17052,.T.);
#17052 = EDGE_LOOP('',(#17053,#17059,#17060,#17061));
#17053 = ORIENTED_EDGE('',*,*,#17054,.F.);
#17054 = EDGE_CURVE('',#3884,#9153,#17055,.T.);
#17055 = LINE('',#17056,#17057);
#17056 = CARTESIAN_POINT('',(211.81,-141.04,-4.6E-02));
#17057 = VECTOR('',#17058,1.);
#17058 = DIRECTION('',(0.,0.,1.));
#17059 = ORIENTED_EDGE('',*,*,#3892,.T.);
#17060 = ORIENTED_EDGE('',*,*,#17040,.F.);
#17061 = ORIENTED_EDGE('',*,*,#9161,.F.);
#17062 = CYLINDRICAL_SURFACE('',#17063,1.5);
#17063 = AXIS2_PLACEMENT_3D('',#17064,#17065,#17066);
#17064 = CARTESIAN_POINT('',(211.81,-139.54,-4.6E-02));
#17065 = DIRECTION('',(-0.,-0.,-1.));
#17066 = DIRECTION('',(-0.,-1.,0.));
#17067 = ADVANCED_FACE('',(#17068),#17079,.F.);
#17068 = FACE_BOUND('',#17069,.T.);
#17069 = EDGE_LOOP('',(#17070,#17071,#17072,#17073));
#17070 = ORIENTED_EDGE('',*,*,#3883,.T.);
#17071 = ORIENTED_EDGE('',*,*,#17054,.T.);
#17072 = ORIENTED_EDGE('',*,*,#9152,.F.);
#17073 = ORIENTED_EDGE('',*,*,#17074,.T.);
#17074 = EDGE_CURVE('',#9144,#3875,#17075,.T.);
#17075 = LINE('',#17076,#17077);
#17076 = CARTESIAN_POINT('',(210.74244942492,-140.5937247124,-4.6E-02));
#17077 = VECTOR('',#17078,1.);
#17078 = DIRECTION('',(-0.,-0.,-1.));
#17079 = CYLINDRICAL_SURFACE('',#17080,1.5);
#17080 = AXIS2_PLACEMENT_3D('',#17081,#17082,#17083);
#17081 = CARTESIAN_POINT('',(211.81,-139.54,-4.6E-02));
#17082 = DIRECTION('',(-0.,-0.,-1.));
#17083 = DIRECTION('',(-0.,-1.,0.));
#17084 = ADVANCED_FACE('',(#17085),#17091,.F.);
#17085 = FACE_BOUND('',#17086,.T.);
#17086 = EDGE_LOOP('',(#17087,#17088,#17089,#17090));
#17087 = ORIENTED_EDGE('',*,*,#17033,.F.);
#17088 = ORIENTED_EDGE('',*,*,#3874,.T.);
#17089 = ORIENTED_EDGE('',*,*,#17074,.F.);
#17090 = ORIENTED_EDGE('',*,*,#9143,.F.);
#17091 = CYLINDRICAL_SURFACE('',#17092,1.5);
#17092 = AXIS2_PLACEMENT_3D('',#17093,#17094,#17095);
#17093 = CARTESIAN_POINT('',(210.54,-142.08,-4.6E-02));
#17094 = DIRECTION('',(-0.,-0.,-1.));
#17095 = DIRECTION('',(-0.,-1.,0.));
#17096 = ADVANCED_FACE('',(#17097),#17113,.F.);
#17097 = FACE_BOUND('',#17098,.T.);
#17098 = EDGE_LOOP('',(#17099,#17100,#17106,#17107));
#17099 = ORIENTED_EDGE('',*,*,#3901,.T.);
#17100 = ORIENTED_EDGE('',*,*,#17101,.T.);
#17101 = EDGE_CURVE('',#3904,#9173,#17102,.T.);
#17102 = LINE('',#17103,#17104);
#17103 = CARTESIAN_POINT('',(202.5,-137.95,-4.6E-02));
#17104 = VECTOR('',#17105,1.);
#17105 = DIRECTION('',(0.,0.,1.));
#17106 = ORIENTED_EDGE('',*,*,#9170,.F.);
#17107 = ORIENTED_EDGE('',*,*,#17108,.T.);
#17108 = EDGE_CURVE('',#9171,#3902,#17109,.T.);
#17109 = LINE('',#17110,#17111);
#17110 = CARTESIAN_POINT('',(202.71,-137.9264987857,-4.6E-02));
#17111 = VECTOR('',#17112,1.);
#17112 = DIRECTION('',(-0.,-0.,-1.));
#17113 = CYLINDRICAL_SURFACE('',#17114,0.95);
#17114 = AXIS2_PLACEMENT_3D('',#17115,#17116,#17117);
#17115 = CARTESIAN_POINT('',(202.5,-137.,-4.6E-02));
#17116 = DIRECTION('',(-0.,-0.,-1.));
#17117 = DIRECTION('',(-0.,-1.,0.));
#17118 = ADVANCED_FACE('',(#17119),#17130,.F.);
#17119 = FACE_BOUND('',#17120,.T.);
#17120 = EDGE_LOOP('',(#17121,#17127,#17128,#17129));
#17121 = ORIENTED_EDGE('',*,*,#17122,.F.);
#17122 = EDGE_CURVE('',#3922,#9191,#17123,.T.);
#17123 = LINE('',#17124,#17125);
#17124 = CARTESIAN_POINT('',(202.92,-137.95,-4.6E-02));
#17125 = VECTOR('',#17126,1.);
#17126 = DIRECTION('',(0.,0.,1.));
#17127 = ORIENTED_EDGE('',*,*,#3930,.T.);
#17128 = ORIENTED_EDGE('',*,*,#17108,.F.);
#17129 = ORIENTED_EDGE('',*,*,#9199,.F.);
#17130 = CYLINDRICAL_SURFACE('',#17131,0.95);
#17131 = AXIS2_PLACEMENT_3D('',#17132,#17133,#17134);
#17132 = CARTESIAN_POINT('',(202.92,-137.,-4.6E-02));
#17133 = DIRECTION('',(-0.,-0.,-1.));
#17134 = DIRECTION('',(-2.991758887411E-14,-1.,0.));
#17135 = ADVANCED_FACE('',(#17136),#17147,.F.);
#17136 = FACE_BOUND('',#17137,.T.);
#17137 = EDGE_LOOP('',(#17138,#17139,#17140,#17141));
#17138 = ORIENTED_EDGE('',*,*,#3921,.T.);
#17139 = ORIENTED_EDGE('',*,*,#17122,.T.);
#17140 = ORIENTED_EDGE('',*,*,#9190,.F.);
#17141 = ORIENTED_EDGE('',*,*,#17142,.T.);
#17142 = EDGE_CURVE('',#9182,#3913,#17143,.T.);
#17143 = LINE('',#17144,#17145);
#17144 = CARTESIAN_POINT('',(202.71,-136.0735012142,-4.6E-02));
#17145 = VECTOR('',#17146,1.);
#17146 = DIRECTION('',(-0.,-0.,-1.));
#17147 = CYLINDRICAL_SURFACE('',#17148,0.95);
#17148 = AXIS2_PLACEMENT_3D('',#17149,#17150,#17151);
#17149 = CARTESIAN_POINT('',(202.92,-137.,-4.6E-02));
#17150 = DIRECTION('',(-0.,-0.,-1.));
#17151 = DIRECTION('',(-2.991758887411E-14,-1.,0.));
#17152 = ADVANCED_FACE('',(#17153),#17159,.F.);
#17153 = FACE_BOUND('',#17154,.T.);
#17154 = EDGE_LOOP('',(#17155,#17156,#17157,#17158));
#17155 = ORIENTED_EDGE('',*,*,#17101,.F.);
#17156 = ORIENTED_EDGE('',*,*,#3912,.T.);
#17157 = ORIENTED_EDGE('',*,*,#17142,.F.);
#17158 = ORIENTED_EDGE('',*,*,#9181,.F.);
#17159 = CYLINDRICAL_SURFACE('',#17160,0.95);
#17160 = AXIS2_PLACEMENT_3D('',#17161,#17162,#17163);
#17161 = CARTESIAN_POINT('',(202.5,-137.,-4.6E-02));
#17162 = DIRECTION('',(-0.,-0.,-1.));
#17163 = DIRECTION('',(-0.,-1.,0.));
#17164 = ADVANCED_FACE('',(#17165),#17176,.F.);
#17165 = FACE_BOUND('',#17166,.T.);
#17166 = EDGE_LOOP('',(#17167,#17168,#17174,#17175));
#17167 = ORIENTED_EDGE('',*,*,#3939,.T.);
#17168 = ORIENTED_EDGE('',*,*,#17169,.T.);
#17169 = EDGE_CURVE('',#3940,#9209,#17170,.T.);
#17170 = LINE('',#17171,#17172);
#17171 = CARTESIAN_POINT('',(208.,-139.5,-4.6E-02));
#17172 = VECTOR('',#17173,1.);
#17173 = DIRECTION('',(0.,0.,1.));
#17174 = ORIENTED_EDGE('',*,*,#9208,.F.);
#17175 = ORIENTED_EDGE('',*,*,#17169,.F.);
#17176 = CYLINDRICAL_SURFACE('',#17177,2.5);
#17177 = AXIS2_PLACEMENT_3D('',#17178,#17179,#17180);
#17178 = CARTESIAN_POINT('',(208.,-137.,-4.6E-02));
#17179 = DIRECTION('',(-0.,-0.,-1.));
#17180 = DIRECTION('',(-0.,-1.,0.));
#17181 = ADVANCED_FACE('',(#17182),#17193,.F.);
#17182 = FACE_BOUND('',#17183,.T.);
#17183 = EDGE_LOOP('',(#17184,#17185,#17191,#17192));
#17184 = ORIENTED_EDGE('',*,*,#3950,.T.);
#17185 = ORIENTED_EDGE('',*,*,#17186,.T.);
#17186 = EDGE_CURVE('',#3951,#9220,#17187,.T.);
#17187 = LINE('',#17188,#17189);
#17188 = CARTESIAN_POINT('',(203.,-134.75,-4.6E-02));
#17189 = VECTOR('',#17190,1.);
#17190 = DIRECTION('',(0.,0.,1.));
#17191 = ORIENTED_EDGE('',*,*,#9219,.F.);
#17192 = ORIENTED_EDGE('',*,*,#17186,.F.);
#17193 = CYLINDRICAL_SURFACE('',#17194,1.5);
#17194 = AXIS2_PLACEMENT_3D('',#17195,#17196,#17197);
#17195 = CARTESIAN_POINT('',(203.,-133.25,-4.6E-02));
#17196 = DIRECTION('',(-0.,-0.,-1.));
#17197 = DIRECTION('',(-0.,-1.,0.));
#17198 = ADVANCED_FACE('',(#17199),#17215,.F.);
#17199 = FACE_BOUND('',#17200,.T.);
#17200 = EDGE_LOOP('',(#17201,#17202,#17208,#17209));
#17201 = ORIENTED_EDGE('',*,*,#3961,.T.);
#17202 = ORIENTED_EDGE('',*,*,#17203,.T.);
#17203 = EDGE_CURVE('',#3964,#9233,#17204,.T.);
#17204 = LINE('',#17205,#17206);
#17205 = CARTESIAN_POINT('',(213.5,-137.95,-4.6E-02));
#17206 = VECTOR('',#17207,1.);
#17207 = DIRECTION('',(0.,0.,1.));
#17208 = ORIENTED_EDGE('',*,*,#9230,.F.);
#17209 = ORIENTED_EDGE('',*,*,#17210,.T.);
#17210 = EDGE_CURVE('',#9231,#3962,#17211,.T.);
#17211 = LINE('',#17212,#17213);
#17212 = CARTESIAN_POINT('',(213.29,-136.0735012142,-4.6E-02));
#17213 = VECTOR('',#17214,1.);
#17214 = DIRECTION('',(-0.,-0.,-1.));
#17215 = CYLINDRICAL_SURFACE('',#17216,0.95);
#17216 = AXIS2_PLACEMENT_3D('',#17217,#17218,#17219);
#17217 = CARTESIAN_POINT('',(213.5,-137.,-4.6E-02));
#17218 = DIRECTION('',(-0.,-0.,-1.));
#17219 = DIRECTION('',(-0.,-1.,0.));
#17220 = ADVANCED_FACE('',(#17221),#17232,.F.);
#17221 = FACE_BOUND('',#17222,.T.);
#17222 = EDGE_LOOP('',(#17223,#17229,#17230,#17231));
#17223 = ORIENTED_EDGE('',*,*,#17224,.F.);
#17224 = EDGE_CURVE('',#3982,#9251,#17225,.T.);
#17225 = LINE('',#17226,#17227);
#17226 = CARTESIAN_POINT('',(213.08,-137.95,-4.6E-02));
#17227 = VECTOR('',#17228,1.);
#17228 = DIRECTION('',(0.,0.,1.));
#17229 = ORIENTED_EDGE('',*,*,#3990,.T.);
#17230 = ORIENTED_EDGE('',*,*,#17210,.F.);
#17231 = ORIENTED_EDGE('',*,*,#9259,.F.);
#17232 = CYLINDRICAL_SURFACE('',#17233,0.95);
#17233 = AXIS2_PLACEMENT_3D('',#17234,#17235,#17236);
#17234 = CARTESIAN_POINT('',(213.08,-137.,-4.6E-02));
#17235 = DIRECTION('',(-0.,0.,-1.));
#17236 = DIRECTION('',(2.991758887411E-14,-1.,-0.));
#17237 = ADVANCED_FACE('',(#17238),#17249,.F.);
#17238 = FACE_BOUND('',#17239,.T.);
#17239 = EDGE_LOOP('',(#17240,#17241,#17242,#17243));
#17240 = ORIENTED_EDGE('',*,*,#3981,.T.);
#17241 = ORIENTED_EDGE('',*,*,#17224,.T.);
#17242 = ORIENTED_EDGE('',*,*,#9250,.F.);
#17243 = ORIENTED_EDGE('',*,*,#17244,.T.);
#17244 = EDGE_CURVE('',#9242,#3973,#17245,.T.);
#17245 = LINE('',#17246,#17247);
#17246 = CARTESIAN_POINT('',(213.29,-137.9264987857,-4.6E-02));
#17247 = VECTOR('',#17248,1.);
#17248 = DIRECTION('',(-0.,-0.,-1.));
#17249 = CYLINDRICAL_SURFACE('',#17250,0.95);
#17250 = AXIS2_PLACEMENT_3D('',#17251,#17252,#17253);
#17251 = CARTESIAN_POINT('',(213.08,-137.,-4.6E-02));
#17252 = DIRECTION('',(-0.,0.,-1.));
#17253 = DIRECTION('',(2.991758887411E-14,-1.,-0.));
#17254 = ADVANCED_FACE('',(#17255),#17261,.F.);
#17255 = FACE_BOUND('',#17256,.T.);
#17256 = EDGE_LOOP('',(#17257,#17258,#17259,#17260));
#17257 = ORIENTED_EDGE('',*,*,#17203,.F.);
#17258 = ORIENTED_EDGE('',*,*,#3972,.T.);
#17259 = ORIENTED_EDGE('',*,*,#17244,.F.);
#17260 = ORIENTED_EDGE('',*,*,#9241,.F.);
#17261 = CYLINDRICAL_SURFACE('',#17262,0.95);
#17262 = AXIS2_PLACEMENT_3D('',#17263,#17264,#17265);
#17263 = CARTESIAN_POINT('',(213.5,-137.,-4.6E-02));
#17264 = DIRECTION('',(-0.,-0.,-1.));
#17265 = DIRECTION('',(-0.,-1.,0.));
#17266 = ADVANCED_FACE('',(#17267),#17278,.F.);
#17267 = FACE_BOUND('',#17268,.T.);
#17268 = EDGE_LOOP('',(#17269,#17270,#17276,#17277));
#17269 = ORIENTED_EDGE('',*,*,#3999,.T.);
#17270 = ORIENTED_EDGE('',*,*,#17271,.T.);
#17271 = EDGE_CURVE('',#4000,#9269,#17272,.T.);
#17272 = LINE('',#17273,#17274);
#17273 = CARTESIAN_POINT('',(217.588,-136.825,-4.6E-02));
#17274 = VECTOR('',#17275,1.);
#17275 = DIRECTION('',(0.,0.,1.));
#17276 = ORIENTED_EDGE('',*,*,#9268,.F.);
#17277 = ORIENTED_EDGE('',*,*,#17271,.F.);
#17278 = CYLINDRICAL_SURFACE('',#17279,1.1);
#17279 = AXIS2_PLACEMENT_3D('',#17280,#17281,#17282);
#17280 = CARTESIAN_POINT('',(217.588,-135.725,-4.6E-02));
#17281 = DIRECTION('',(-0.,-0.,-1.));
#17282 = DIRECTION('',(-0.,-1.,0.));
#17283 = ADVANCED_FACE('',(#17284),#17295,.F.);
#17284 = FACE_BOUND('',#17285,.T.);
#17285 = EDGE_LOOP('',(#17286,#17287,#17293,#17294));
#17286 = ORIENTED_EDGE('',*,*,#4010,.T.);
#17287 = ORIENTED_EDGE('',*,*,#17288,.T.);
#17288 = EDGE_CURVE('',#4011,#9280,#17289,.T.);
#17289 = LINE('',#17290,#17291);
#17290 = CARTESIAN_POINT('',(213.,-134.75,-4.6E-02));
#17291 = VECTOR('',#17292,1.);
#17292 = DIRECTION('',(0.,0.,1.));
#17293 = ORIENTED_EDGE('',*,*,#9279,.F.);
#17294 = ORIENTED_EDGE('',*,*,#17288,.F.);
#17295 = CYLINDRICAL_SURFACE('',#17296,1.5);
#17296 = AXIS2_PLACEMENT_3D('',#17297,#17298,#17299);
#17297 = CARTESIAN_POINT('',(213.,-133.25,-4.6E-02));
#17298 = DIRECTION('',(-0.,-0.,-1.));
#17299 = DIRECTION('',(-0.,-1.,0.));
#17300 = ADVANCED_FACE('',(#17301),#17312,.F.);
#17301 = FACE_BOUND('',#17302,.T.);
#17302 = EDGE_LOOP('',(#17303,#17304,#17310,#17311));
#17303 = ORIENTED_EDGE('',*,*,#4021,.T.);
#17304 = ORIENTED_EDGE('',*,*,#17305,.T.);
#17305 = EDGE_CURVE('',#4022,#9291,#17306,.T.);
#17306 = LINE('',#17307,#17308);
#17307 = CARTESIAN_POINT('',(222.273767,-144.710352,-4.6E-02));
#17308 = VECTOR('',#17309,1.);
#17309 = DIRECTION('',(0.,0.,1.));
#17310 = ORIENTED_EDGE('',*,*,#9290,.F.);
#17311 = ORIENTED_EDGE('',*,*,#17305,.F.);
#17312 = CYLINDRICAL_SURFACE('',#17313,1.5);
#17313 = AXIS2_PLACEMENT_3D('',#17314,#17315,#17316);
#17314 = CARTESIAN_POINT('',(222.273767,-143.210352,-4.6E-02));
#17315 = DIRECTION('',(-0.,-0.,-1.));
#17316 = DIRECTION('',(-0.,-1.,0.));
#17317 = ADVANCED_FACE('',(#17318),#17329,.F.);
#17318 = FACE_BOUND('',#17319,.T.);
#17319 = EDGE_LOOP('',(#17320,#17321,#17327,#17328));
#17320 = ORIENTED_EDGE('',*,*,#4032,.T.);
#17321 = ORIENTED_EDGE('',*,*,#17322,.T.);
#17322 = EDGE_CURVE('',#4033,#9302,#17323,.T.);
#17323 = LINE('',#17324,#17325);
#17324 = CARTESIAN_POINT('',(227.415051,-142.864494,-4.6E-02));
#17325 = VECTOR('',#17326,1.);
#17326 = DIRECTION('',(0.,0.,1.));
#17327 = ORIENTED_EDGE('',*,*,#9301,.F.);
#17328 = ORIENTED_EDGE('',*,*,#17322,.F.);
#17329 = CYLINDRICAL_SURFACE('',#17330,1.5);
#17330 = AXIS2_PLACEMENT_3D('',#17331,#17332,#17333);
#17331 = CARTESIAN_POINT('',(227.415051,-141.364494,-4.6E-02));
#17332 = DIRECTION('',(-0.,-0.,-1.));
#17333 = DIRECTION('',(-0.,-1.,0.));
#17334 = ADVANCED_FACE('',(#17335),#17346,.F.);
#17335 = FACE_BOUND('',#17336,.T.);
#17336 = EDGE_LOOP('',(#17337,#17338,#17344,#17345));
#17337 = ORIENTED_EDGE('',*,*,#4043,.T.);
#17338 = ORIENTED_EDGE('',*,*,#17339,.T.);
#17339 = EDGE_CURVE('',#4044,#9313,#17340,.T.);
#17340 = LINE('',#17341,#17342);
#17341 = CARTESIAN_POINT('',(232.249407,-145.407917,-4.6E-02));
#17342 = VECTOR('',#17343,1.);
#17343 = DIRECTION('',(0.,0.,1.));
#17344 = ORIENTED_EDGE('',*,*,#9312,.F.);
#17345 = ORIENTED_EDGE('',*,*,#17339,.F.);
#17346 = CYLINDRICAL_SURFACE('',#17347,1.5);
#17347 = AXIS2_PLACEMENT_3D('',#17348,#17349,#17350);
#17348 = CARTESIAN_POINT('',(232.249407,-143.907917,-4.6E-02));
#17349 = DIRECTION('',(-0.,-0.,-1.));
#17350 = DIRECTION('',(-0.,-1.,0.));
#17351 = ADVANCED_FACE('',(#17352),#17368,.F.);
#17352 = FACE_BOUND('',#17353,.T.);
#17353 = EDGE_LOOP('',(#17354,#17355,#17361,#17362));
#17354 = ORIENTED_EDGE('',*,*,#4054,.T.);
#17355 = ORIENTED_EDGE('',*,*,#17356,.T.);
#17356 = EDGE_CURVE('',#4057,#9326,#17357,.T.);
#17357 = LINE('',#17358,#17359);
#17358 = CARTESIAN_POINT('',(224.347475,-132.114324,-4.6E-02));
#17359 = VECTOR('',#17360,1.);
#17360 = DIRECTION('',(0.,0.,1.));
#17361 = ORIENTED_EDGE('',*,*,#9323,.F.);
#17362 = ORIENTED_EDGE('',*,*,#17363,.T.);
#17363 = EDGE_CURVE('',#9324,#4055,#17364,.T.);
#17364 = LINE('',#17365,#17366);
#17365 = CARTESIAN_POINT('',(224.44575030892,-132.1111011923,-4.6E-02));
#17366 = VECTOR('',#17367,1.);
#17367 = DIRECTION('',(-0.,-0.,-1.));
#17368 = CYLINDRICAL_SURFACE('',#17369,1.5);
#17369 = AXIS2_PLACEMENT_3D('',#17370,#17371,#17372);
#17370 = CARTESIAN_POINT('',(224.347475,-130.614324,-4.6E-02));
#17371 = DIRECTION('',(-0.,-0.,-1.));
#17372 = DIRECTION('',(-0.,-1.,0.));
#17373 = ADVANCED_FACE('',(#17374),#17385,.F.);
#17374 = FACE_BOUND('',#17375,.T.);
#17375 = EDGE_LOOP('',(#17376,#17382,#17383,#17384));
#17376 = ORIENTED_EDGE('',*,*,#17377,.F.);
#17377 = EDGE_CURVE('',#4075,#9344,#17378,.T.);
#17378 = LINE('',#17379,#17380);
#17379 = CARTESIAN_POINT('',(225.437197,-134.736727,-4.6E-02));
#17380 = VECTOR('',#17381,1.);
#17381 = DIRECTION('',(0.,0.,1.));
#17382 = ORIENTED_EDGE('',*,*,#4083,.T.);
#17383 = ORIENTED_EDGE('',*,*,#17363,.F.);
#17384 = ORIENTED_EDGE('',*,*,#9352,.F.);
#17385 = CYLINDRICAL_SURFACE('',#17386,1.5);
#17386 = AXIS2_PLACEMENT_3D('',#17387,#17388,#17389);
#17387 = CARTESIAN_POINT('',(225.437197,-133.236727,-4.6E-02));
#17388 = DIRECTION('',(-0.,-0.,-1.));
#17389 = DIRECTION('',(-0.,-1.,0.));
#17390 = ADVANCED_FACE('',(#17391),#17402,.F.);
#17391 = FACE_BOUND('',#17392,.T.);
#17392 = EDGE_LOOP('',(#17393,#17394,#17395,#17396));
#17393 = ORIENTED_EDGE('',*,*,#4074,.T.);
#17394 = ORIENTED_EDGE('',*,*,#17377,.T.);
#17395 = ORIENTED_EDGE('',*,*,#9343,.F.);
#17396 = ORIENTED_EDGE('',*,*,#17397,.T.);
#17397 = EDGE_CURVE('',#9335,#4066,#17398,.T.);
#17398 = LINE('',#17399,#17400);
#17399 = CARTESIAN_POINT('',(225.33892169107,-131.7399498076,-4.6E-02));
#17400 = VECTOR('',#17401,1.);
#17401 = DIRECTION('',(-0.,-0.,-1.));
#17402 = CYLINDRICAL_SURFACE('',#17403,1.5);
#17403 = AXIS2_PLACEMENT_3D('',#17404,#17405,#17406);
#17404 = CARTESIAN_POINT('',(225.437197,-133.236727,-4.6E-02));
#17405 = DIRECTION('',(-0.,-0.,-1.));
#17406 = DIRECTION('',(-0.,-1.,0.));
#17407 = ADVANCED_FACE('',(#17408),#17414,.F.);
#17408 = FACE_BOUND('',#17409,.T.);
#17409 = EDGE_LOOP('',(#17410,#17411,#17412,#17413));
#17410 = ORIENTED_EDGE('',*,*,#17356,.F.);
#17411 = ORIENTED_EDGE('',*,*,#4065,.T.);
#17412 = ORIENTED_EDGE('',*,*,#17397,.F.);
#17413 = ORIENTED_EDGE('',*,*,#9334,.F.);
#17414 = CYLINDRICAL_SURFACE('',#17415,1.5);
#17415 = AXIS2_PLACEMENT_3D('',#17416,#17417,#17418);
#17416 = CARTESIAN_POINT('',(224.347475,-130.614324,-4.6E-02));
#17417 = DIRECTION('',(-0.,-0.,-1.));
#17418 = DIRECTION('',(-0.,-1.,0.));
#17419 = ADVANCED_FACE('',(#17420),#17436,.F.);
#17420 = FACE_BOUND('',#17421,.T.);
#17421 = EDGE_LOOP('',(#17422,#17423,#17429,#17430));
#17422 = ORIENTED_EDGE('',*,*,#4092,.T.);
#17423 = ORIENTED_EDGE('',*,*,#17424,.T.);
#17424 = EDGE_CURVE('',#4095,#9364,#17425,.T.);
#17425 = LINE('',#17426,#17427);
#17426 = CARTESIAN_POINT('',(230.504823,-135.09109,-4.6E-02));
#17427 = VECTOR('',#17428,1.);
#17428 = DIRECTION('',(0.,0.,1.));
#17429 = ORIENTED_EDGE('',*,*,#9361,.F.);
#17430 = ORIENTED_EDGE('',*,*,#17431,.T.);
#17431 = EDGE_CURVE('',#9362,#4093,#17432,.T.);
#17432 = LINE('',#17433,#17434);
#17433 = CARTESIAN_POINT('',(231.64327711399,-132.6144005763,-4.6E-02));
#17434 = VECTOR('',#17435,1.);
#17435 = DIRECTION('',(-0.,-0.,-1.));
#17436 = CYLINDRICAL_SURFACE('',#17437,1.5);
#17437 = AXIS2_PLACEMENT_3D('',#17438,#17439,#17440);
#17438 = CARTESIAN_POINT('',(230.504823,-133.59109,-4.6E-02));
#17439 = DIRECTION('',(-0.,-0.,-1.));
#17440 = DIRECTION('',(-0.,-1.,0.));
#17441 = ADVANCED_FACE('',(#17442),#17453,.F.);
#17442 = FACE_BOUND('',#17443,.T.);
#17443 = EDGE_LOOP('',(#17444,#17450,#17451,#17452));
#17444 = ORIENTED_EDGE('',*,*,#17445,.F.);
#17445 = EDGE_CURVE('',#4113,#9382,#17446,.T.);
#17446 = LINE('',#17447,#17448);
#17447 = CARTESIAN_POINT('',(231.948911,-132.645868,-4.6E-02));
#17448 = VECTOR('',#17449,1.);
#17449 = DIRECTION('',(0.,0.,1.));
#17450 = ORIENTED_EDGE('',*,*,#4121,.T.);
#17451 = ORIENTED_EDGE('',*,*,#17431,.F.);
#17452 = ORIENTED_EDGE('',*,*,#9390,.F.);
#17453 = CYLINDRICAL_SURFACE('',#17454,1.5);
#17454 = AXIS2_PLACEMENT_3D('',#17455,#17456,#17457);
#17455 = CARTESIAN_POINT('',(231.948911,-131.145868,-4.6E-02));
#17456 = DIRECTION('',(-0.,-0.,-1.));
#17457 = DIRECTION('',(-0.,-1.,0.));
#17458 = ADVANCED_FACE('',(#17459),#17470,.F.);
#17459 = FACE_BOUND('',#17460,.T.);
#17460 = EDGE_LOOP('',(#17461,#17462,#17463,#17464));
#17461 = ORIENTED_EDGE('',*,*,#4112,.T.);
#17462 = ORIENTED_EDGE('',*,*,#17445,.T.);
#17463 = ORIENTED_EDGE('',*,*,#9381,.F.);
#17464 = ORIENTED_EDGE('',*,*,#17465,.T.);
#17465 = EDGE_CURVE('',#9373,#4104,#17466,.T.);
#17466 = LINE('',#17467,#17468);
#17467 = CARTESIAN_POINT('',(230.810456886,-132.1225574236,-4.6E-02));
#17468 = VECTOR('',#17469,1.);
#17469 = DIRECTION('',(-0.,-0.,-1.));
#17470 = CYLINDRICAL_SURFACE('',#17471,1.5);
#17471 = AXIS2_PLACEMENT_3D('',#17472,#17473,#17474);
#17472 = CARTESIAN_POINT('',(231.948911,-131.145868,-4.6E-02));
#17473 = DIRECTION('',(-0.,-0.,-1.));
#17474 = DIRECTION('',(-0.,-1.,0.));
#17475 = ADVANCED_FACE('',(#17476),#17482,.F.);
#17476 = FACE_BOUND('',#17477,.T.);
#17477 = EDGE_LOOP('',(#17478,#17479,#17480,#17481));
#17478 = ORIENTED_EDGE('',*,*,#17424,.F.);
#17479 = ORIENTED_EDGE('',*,*,#4103,.T.);
#17480 = ORIENTED_EDGE('',*,*,#17465,.F.);
#17481 = ORIENTED_EDGE('',*,*,#9372,.F.);
#17482 = CYLINDRICAL_SURFACE('',#17483,1.5);
#17483 = AXIS2_PLACEMENT_3D('',#17484,#17485,#17486);
#17484 = CARTESIAN_POINT('',(230.504823,-133.59109,-4.6E-02));
#17485 = DIRECTION('',(-0.,-0.,-1.));
#17486 = DIRECTION('',(-0.,-1.,0.));
#17487 = ADVANCED_FACE('',(#17488),#17499,.F.);
#17488 = FACE_BOUND('',#17489,.T.);
#17489 = EDGE_LOOP('',(#17490,#17491,#17497,#17498));
#17490 = ORIENTED_EDGE('',*,*,#4130,.T.);
#17491 = ORIENTED_EDGE('',*,*,#17492,.T.);
#17492 = EDGE_CURVE('',#4131,#9400,#17493,.T.);
#17493 = LINE('',#17494,#17495);
#17494 = CARTESIAN_POINT('',(208.,-132.55,-4.6E-02));
#17495 = VECTOR('',#17496,1.);
#17496 = DIRECTION('',(0.,0.,1.));
#17497 = ORIENTED_EDGE('',*,*,#9399,.F.);
#17498 = ORIENTED_EDGE('',*,*,#17492,.F.);
#17499 = CYLINDRICAL_SURFACE('',#17500,1.5);
#17500 = AXIS2_PLACEMENT_3D('',#17501,#17502,#17503);
#17501 = CARTESIAN_POINT('',(208.,-131.05,-4.6E-02));
#17502 = DIRECTION('',(-0.,-0.,-1.));
#17503 = DIRECTION('',(-0.,-1.,0.));
#17504 = ADVANCED_FACE('',(#17505),#17516,.F.);
#17505 = FACE_BOUND('',#17506,.T.);
#17506 = EDGE_LOOP('',(#17507,#17508,#17514,#17515));
#17507 = ORIENTED_EDGE('',*,*,#4141,.T.);
#17508 = ORIENTED_EDGE('',*,*,#17509,.T.);
#17509 = EDGE_CURVE('',#4142,#9411,#17510,.T.);
#17510 = LINE('',#17511,#17512);
#17511 = CARTESIAN_POINT('',(216.172186,-127.591,-4.6E-02));
#17512 = VECTOR('',#17513,1.);
#17513 = DIRECTION('',(0.,0.,1.));
#17514 = ORIENTED_EDGE('',*,*,#9410,.F.);
#17515 = ORIENTED_EDGE('',*,*,#17509,.F.);
#17516 = CYLINDRICAL_SURFACE('',#17517,1.1);
#17517 = AXIS2_PLACEMENT_3D('',#17518,#17519,#17520);
#17518 = CARTESIAN_POINT('',(216.172186,-126.491,-4.6E-02));
#17519 = DIRECTION('',(-0.,-0.,-1.));
#17520 = DIRECTION('',(-0.,-1.,0.));
#17521 = ADVANCED_FACE('',(#17522),#17538,.F.);
#17522 = FACE_BOUND('',#17523,.T.);
#17523 = EDGE_LOOP('',(#17524,#17525,#17531,#17532));
#17524 = ORIENTED_EDGE('',*,*,#4152,.T.);
#17525 = ORIENTED_EDGE('',*,*,#17526,.T.);
#17526 = EDGE_CURVE('',#4155,#9424,#17527,.T.);
#17527 = LINE('',#17528,#17529);
#17528 = CARTESIAN_POINT('',(204.19,-122.04,-4.6E-02));
#17529 = VECTOR('',#17530,1.);
#17530 = DIRECTION('',(0.,0.,1.));
#17531 = ORIENTED_EDGE('',*,*,#9421,.F.);
#17532 = ORIENTED_EDGE('',*,*,#17533,.T.);
#17533 = EDGE_CURVE('',#9422,#4153,#17534,.T.);
#17534 = LINE('',#17535,#17536);
#17535 = CARTESIAN_POINT('',(204.39244942492,-122.0262752875,-4.6E-02));
#17536 = VECTOR('',#17537,1.);
#17537 = DIRECTION('',(-0.,-0.,-1.));
#17538 = CYLINDRICAL_SURFACE('',#17539,1.5);
#17539 = AXIS2_PLACEMENT_3D('',#17540,#17541,#17542);
#17540 = CARTESIAN_POINT('',(204.19,-120.54,-4.6E-02));
#17541 = DIRECTION('',(-0.,-0.,-1.));
#17542 = DIRECTION('',(-0.,-1.,0.));
#17543 = ADVANCED_FACE('',(#17544),#17555,.F.);
#17544 = FACE_BOUND('',#17545,.T.);
#17545 = EDGE_LOOP('',(#17546,#17552,#17553,#17554));
#17546 = ORIENTED_EDGE('',*,*,#17547,.F.);
#17547 = EDGE_CURVE('',#4173,#9442,#17548,.T.);
#17548 = LINE('',#17549,#17550);
#17549 = CARTESIAN_POINT('',(205.46,-124.58,-4.6E-02));
#17550 = VECTOR('',#17551,1.);
#17551 = DIRECTION('',(0.,0.,1.));
#17552 = ORIENTED_EDGE('',*,*,#4181,.T.);
#17553 = ORIENTED_EDGE('',*,*,#17533,.F.);
#17554 = ORIENTED_EDGE('',*,*,#9450,.F.);
#17555 = CYLINDRICAL_SURFACE('',#17556,1.5);
#17556 = AXIS2_PLACEMENT_3D('',#17557,#17558,#17559);
#17557 = CARTESIAN_POINT('',(205.46,-123.08,-4.6E-02));
#17558 = DIRECTION('',(-0.,-0.,-1.));
#17559 = DIRECTION('',(-0.,-1.,0.));
#17560 = ADVANCED_FACE('',(#17561),#17572,.F.);
#17561 = FACE_BOUND('',#17562,.T.);
#17562 = EDGE_LOOP('',(#17563,#17564,#17565,#17566));
#17563 = ORIENTED_EDGE('',*,*,#4172,.T.);
#17564 = ORIENTED_EDGE('',*,*,#17547,.T.);
#17565 = ORIENTED_EDGE('',*,*,#9441,.F.);
#17566 = ORIENTED_EDGE('',*,*,#17567,.T.);
#17567 = EDGE_CURVE('',#9433,#4164,#17568,.T.);
#17568 = LINE('',#17569,#17570);
#17569 = CARTESIAN_POINT('',(205.25755057507,-121.5937247124,-4.6E-02));
#17570 = VECTOR('',#17571,1.);
#17571 = DIRECTION('',(-0.,-0.,-1.));
#17572 = CYLINDRICAL_SURFACE('',#17573,1.5);
#17573 = AXIS2_PLACEMENT_3D('',#17574,#17575,#17576);
#17574 = CARTESIAN_POINT('',(205.46,-123.08,-4.6E-02));
#17575 = DIRECTION('',(-0.,-0.,-1.));
#17576 = DIRECTION('',(-0.,-1.,0.));
#17577 = ADVANCED_FACE('',(#17578),#17584,.F.);
#17578 = FACE_BOUND('',#17579,.T.);
#17579 = EDGE_LOOP('',(#17580,#17581,#17582,#17583));
#17580 = ORIENTED_EDGE('',*,*,#17526,.F.);
#17581 = ORIENTED_EDGE('',*,*,#4163,.T.);
#17582 = ORIENTED_EDGE('',*,*,#17567,.F.);
#17583 = ORIENTED_EDGE('',*,*,#9432,.F.);
#17584 = CYLINDRICAL_SURFACE('',#17585,1.5);
#17585 = AXIS2_PLACEMENT_3D('',#17586,#17587,#17588);
#17586 = CARTESIAN_POINT('',(204.19,-120.54,-4.6E-02));
#17587 = DIRECTION('',(-0.,-0.,-1.));
#17588 = DIRECTION('',(-0.,-1.,0.));
#17589 = ADVANCED_FACE('',(#17590),#17606,.F.);
#17590 = FACE_BOUND('',#17591,.T.);
#17591 = EDGE_LOOP('',(#17592,#17593,#17599,#17600));
#17592 = ORIENTED_EDGE('',*,*,#4190,.T.);
#17593 = ORIENTED_EDGE('',*,*,#17594,.T.);
#17594 = EDGE_CURVE('',#4193,#9462,#17595,.T.);
#17595 = LINE('',#17596,#17597);
#17596 = CARTESIAN_POINT('',(210.54,-124.58,-4.6E-02));
#17597 = VECTOR('',#17598,1.);
#17598 = DIRECTION('',(0.,0.,1.));
#17599 = ORIENTED_EDGE('',*,*,#9459,.F.);
#17600 = ORIENTED_EDGE('',*,*,#17601,.T.);
#17601 = EDGE_CURVE('',#9460,#4191,#17602,.T.);
#17602 = LINE('',#17603,#17604);
#17603 = CARTESIAN_POINT('',(211.60755057507,-122.0262752875,-4.6E-02));
#17604 = VECTOR('',#17605,1.);
#17605 = DIRECTION('',(-0.,-0.,-1.));
#17606 = CYLINDRICAL_SURFACE('',#17607,1.5);
#17607 = AXIS2_PLACEMENT_3D('',#17608,#17609,#17610);
#17608 = CARTESIAN_POINT('',(210.54,-123.08,-4.6E-02));
#17609 = DIRECTION('',(-0.,-0.,-1.));
#17610 = DIRECTION('',(-0.,-1.,0.));
#17611 = ADVANCED_FACE('',(#17612),#17623,.F.);
#17612 = FACE_BOUND('',#17613,.T.);
#17613 = EDGE_LOOP('',(#17614,#17620,#17621,#17622));
#17614 = ORIENTED_EDGE('',*,*,#17615,.F.);
#17615 = EDGE_CURVE('',#4211,#9480,#17616,.T.);
#17616 = LINE('',#17617,#17618);
#17617 = CARTESIAN_POINT('',(211.81,-122.04,-4.6E-02));
#17618 = VECTOR('',#17619,1.);
#17619 = DIRECTION('',(0.,0.,1.));
#17620 = ORIENTED_EDGE('',*,*,#4219,.T.);
#17621 = ORIENTED_EDGE('',*,*,#17601,.F.);
#17622 = ORIENTED_EDGE('',*,*,#9488,.F.);
#17623 = CYLINDRICAL_SURFACE('',#17624,1.5);
#17624 = AXIS2_PLACEMENT_3D('',#17625,#17626,#17627);
#17625 = CARTESIAN_POINT('',(211.81,-120.54,-4.6E-02));
#17626 = DIRECTION('',(-0.,-0.,-1.));
#17627 = DIRECTION('',(-0.,-1.,0.));
#17628 = ADVANCED_FACE('',(#17629),#17640,.F.);
#17629 = FACE_BOUND('',#17630,.T.);
#17630 = EDGE_LOOP('',(#17631,#17632,#17633,#17634));
#17631 = ORIENTED_EDGE('',*,*,#4210,.T.);
#17632 = ORIENTED_EDGE('',*,*,#17615,.T.);
#17633 = ORIENTED_EDGE('',*,*,#9479,.F.);
#17634 = ORIENTED_EDGE('',*,*,#17635,.T.);
#17635 = EDGE_CURVE('',#9471,#4202,#17636,.T.);
#17636 = LINE('',#17637,#17638);
#17637 = CARTESIAN_POINT('',(210.74244942492,-121.5937247124,-4.6E-02));
#17638 = VECTOR('',#17639,1.);
#17639 = DIRECTION('',(-0.,-0.,-1.));
#17640 = CYLINDRICAL_SURFACE('',#17641,1.5);
#17641 = AXIS2_PLACEMENT_3D('',#17642,#17643,#17644);
#17642 = CARTESIAN_POINT('',(211.81,-120.54,-4.6E-02));
#17643 = DIRECTION('',(-0.,-0.,-1.));
#17644 = DIRECTION('',(-0.,-1.,0.));
#17645 = ADVANCED_FACE('',(#17646),#17652,.F.);
#17646 = FACE_BOUND('',#17647,.T.);
#17647 = EDGE_LOOP('',(#17648,#17649,#17650,#17651));
#17648 = ORIENTED_EDGE('',*,*,#17594,.F.);
#17649 = ORIENTED_EDGE('',*,*,#4201,.T.);
#17650 = ORIENTED_EDGE('',*,*,#17635,.F.);
#17651 = ORIENTED_EDGE('',*,*,#9470,.F.);
#17652 = CYLINDRICAL_SURFACE('',#17653,1.5);
#17653 = AXIS2_PLACEMENT_3D('',#17654,#17655,#17656);
#17654 = CARTESIAN_POINT('',(210.54,-123.08,-4.6E-02));
#17655 = DIRECTION('',(-0.,-0.,-1.));
#17656 = DIRECTION('',(-0.,-1.,0.));
#17657 = ADVANCED_FACE('',(#17658),#17674,.F.);
#17658 = FACE_BOUND('',#17659,.T.);
#17659 = EDGE_LOOP('',(#17660,#17661,#17667,#17668));
#17660 = ORIENTED_EDGE('',*,*,#4228,.T.);
#17661 = ORIENTED_EDGE('',*,*,#17662,.T.);
#17662 = EDGE_CURVE('',#4231,#9500,#17663,.T.);
#17663 = LINE('',#17664,#17665);
#17664 = CARTESIAN_POINT('',(223.257748,-128.94192,-4.6E-02));
#17665 = VECTOR('',#17666,1.);
#17666 = DIRECTION('',(0.,0.,1.));
#17667 = ORIENTED_EDGE('',*,*,#9497,.F.);
#17668 = ORIENTED_EDGE('',*,*,#17669,.T.);
#17669 = EDGE_CURVE('',#9498,#4229,#17670,.T.);
#17670 = LINE('',#17671,#17672);
#17671 = CARTESIAN_POINT('',(223.11288938902,-127.0530291741,-4.6E-02));
#17672 = VECTOR('',#17673,1.);
#17673 = DIRECTION('',(-0.,-0.,-1.));
#17674 = CYLINDRICAL_SURFACE('',#17675,0.95);
#17675 = AXIS2_PLACEMENT_3D('',#17676,#17677,#17678);
#17676 = CARTESIAN_POINT('',(223.257748,-127.99192,-4.6E-02));
#17677 = DIRECTION('',(-0.,-0.,-1.));
#17678 = DIRECTION('',(-0.,-1.,0.));
#17679 = ADVANCED_FACE('',(#17680),#17691,.F.);
#17680 = FACE_BOUND('',#17681,.T.);
#17681 = EDGE_LOOP('',(#17682,#17688,#17689,#17690));
#17682 = ORIENTED_EDGE('',*,*,#17683,.F.);
#17683 = EDGE_CURVE('',#4249,#9518,#17684,.T.);
#17684 = LINE('',#17685,#17686);
#17685 = CARTESIAN_POINT('',(222.838771,-128.912622,-4.6E-02));
#17686 = VECTOR('',#17687,1.);
#17687 = DIRECTION('',(0.,0.,1.));
#17688 = ORIENTED_EDGE('',*,*,#4257,.T.);
#17689 = ORIENTED_EDGE('',*,*,#17669,.F.);
#17690 = ORIENTED_EDGE('',*,*,#9526,.F.);
#17691 = CYLINDRICAL_SURFACE('',#17692,0.95);
#17692 = AXIS2_PLACEMENT_3D('',#17693,#17694,#17695);
#17693 = CARTESIAN_POINT('',(222.838771,-127.962622,-4.6E-02));
#17694 = DIRECTION('',(-0.,-0.,-1.));
#17695 = DIRECTION('',(-0.,-1.,0.));
#17696 = ADVANCED_FACE('',(#17697),#17708,.F.);
#17697 = FACE_BOUND('',#17698,.T.);
#17698 = EDGE_LOOP('',(#17699,#17700,#17701,#17702));
#17699 = ORIENTED_EDGE('',*,*,#4248,.T.);
#17700 = ORIENTED_EDGE('',*,*,#17683,.T.);
#17701 = ORIENTED_EDGE('',*,*,#9517,.F.);
#17702 = ORIENTED_EDGE('',*,*,#17703,.T.);
#17703 = EDGE_CURVE('',#9509,#4240,#17704,.T.);
#17704 = LINE('',#17705,#17706);
#17705 = CARTESIAN_POINT('',(222.98362961097,-128.9015128258,-4.6E-02));
#17706 = VECTOR('',#17707,1.);
#17707 = DIRECTION('',(-0.,-0.,-1.));
#17708 = CYLINDRICAL_SURFACE('',#17709,0.95);
#17709 = AXIS2_PLACEMENT_3D('',#17710,#17711,#17712);
#17710 = CARTESIAN_POINT('',(222.838771,-127.962622,-4.6E-02));
#17711 = DIRECTION('',(-0.,-0.,-1.));
#17712 = DIRECTION('',(-0.,-1.,0.));
#17713 = ADVANCED_FACE('',(#17714),#17720,.F.);
#17714 = FACE_BOUND('',#17715,.T.);
#17715 = EDGE_LOOP('',(#17716,#17717,#17718,#17719));
#17716 = ORIENTED_EDGE('',*,*,#17662,.F.);
#17717 = ORIENTED_EDGE('',*,*,#4239,.T.);
#17718 = ORIENTED_EDGE('',*,*,#17703,.F.);
#17719 = ORIENTED_EDGE('',*,*,#9508,.F.);
#17720 = CYLINDRICAL_SURFACE('',#17721,0.95);
#17721 = AXIS2_PLACEMENT_3D('',#17722,#17723,#17724);
#17722 = CARTESIAN_POINT('',(223.257748,-127.99192,-4.6E-02));
#17723 = DIRECTION('',(-0.,-0.,-1.));
#17724 = DIRECTION('',(-0.,-1.,0.));
#17725 = ADVANCED_FACE('',(#17726),#17737,.F.);
#17726 = FACE_BOUND('',#17727,.T.);
#17727 = EDGE_LOOP('',(#17728,#17729,#17735,#17736));
#17728 = ORIENTED_EDGE('',*,*,#4266,.T.);
#17729 = ORIENTED_EDGE('',*,*,#17730,.T.);
#17730 = EDGE_CURVE('',#4267,#9536,#17731,.T.);
#17731 = LINE('',#17732,#17733);
#17732 = CARTESIAN_POINT('',(228.325373,-130.846283,-4.6E-02));
#17733 = VECTOR('',#17734,1.);
#17734 = DIRECTION('',(0.,0.,1.));
#17735 = ORIENTED_EDGE('',*,*,#9535,.F.);
#17736 = ORIENTED_EDGE('',*,*,#17730,.F.);
#17737 = CYLINDRICAL_SURFACE('',#17738,2.5);
#17738 = AXIS2_PLACEMENT_3D('',#17739,#17740,#17741);
#17739 = CARTESIAN_POINT('',(228.325373,-128.346283,-4.6E-02));
#17740 = DIRECTION('',(-0.,-0.,-1.));
#17741 = DIRECTION('',(-0.,-1.,0.));
#17742 = ADVANCED_FACE('',(#17743),#17759,.F.);
#17743 = FACE_BOUND('',#17744,.T.);
#17744 = EDGE_LOOP('',(#17745,#17746,#17752,#17753));
#17745 = ORIENTED_EDGE('',*,*,#4277,.T.);
#17746 = ORIENTED_EDGE('',*,*,#17747,.T.);
#17747 = EDGE_CURVE('',#4280,#9549,#17748,.T.);
#17748 = LINE('',#17749,#17750);
#17749 = CARTESIAN_POINT('',(233.392998,-129.650646,-4.6E-02));
#17750 = VECTOR('',#17751,1.);
#17751 = DIRECTION('',(0.,0.,1.));
#17752 = ORIENTED_EDGE('',*,*,#9546,.F.);
#17753 = ORIENTED_EDGE('',*,*,#17754,.T.);
#17754 = EDGE_CURVE('',#9547,#4278,#17755,.T.);
#17755 = LINE('',#17756,#17757);
#17756 = CARTESIAN_POINT('',(233.53785661097,-129.6395368258,-4.6E-02));
#17757 = VECTOR('',#17758,1.);
#17758 = DIRECTION('',(-0.,0.,-1.));
#17759 = CYLINDRICAL_SURFACE('',#17760,0.95);
#17760 = AXIS2_PLACEMENT_3D('',#17761,#17762,#17763);
#17761 = CARTESIAN_POINT('',(233.392998,-128.700646,-4.6E-02));
#17762 = DIRECTION('',(-0.,0.,-1.));
#17763 = DIRECTION('',(2.991758887411E-14,-1.,-0.));
#17764 = ADVANCED_FACE('',(#17765),#17776,.F.);
#17765 = FACE_BOUND('',#17766,.T.);
#17766 = EDGE_LOOP('',(#17767,#17773,#17774,#17775));
#17767 = ORIENTED_EDGE('',*,*,#17768,.F.);
#17768 = EDGE_CURVE('',#4298,#9567,#17769,.T.);
#17769 = LINE('',#17770,#17771);
#17770 = CARTESIAN_POINT('',(233.811975,-129.679944,-4.6E-02));
#17771 = VECTOR('',#17772,1.);
#17772 = DIRECTION('',(0.,0.,1.));
#17773 = ORIENTED_EDGE('',*,*,#4306,.T.);
#17774 = ORIENTED_EDGE('',*,*,#17754,.F.);
#17775 = ORIENTED_EDGE('',*,*,#9575,.F.);
#17776 = CYLINDRICAL_SURFACE('',#17777,0.95);
#17777 = AXIS2_PLACEMENT_3D('',#17778,#17779,#17780);
#17778 = CARTESIAN_POINT('',(233.811975,-128.729944,-4.6E-02));
#17779 = DIRECTION('',(-0.,-0.,-1.));
#17780 = DIRECTION('',(-2.991758887411E-14,-1.,0.));
#17781 = ADVANCED_FACE('',(#17782),#17793,.F.);
#17782 = FACE_BOUND('',#17783,.T.);
#17783 = EDGE_LOOP('',(#17784,#17785,#17786,#17787));
#17784 = ORIENTED_EDGE('',*,*,#4297,.T.);
#17785 = ORIENTED_EDGE('',*,*,#17768,.T.);
#17786 = ORIENTED_EDGE('',*,*,#9566,.F.);
#17787 = ORIENTED_EDGE('',*,*,#17788,.T.);
#17788 = EDGE_CURVE('',#9558,#4289,#17789,.T.);
#17789 = LINE('',#17790,#17791);
#17790 = CARTESIAN_POINT('',(233.66711638902,-127.7910531741,-4.6E-02));
#17791 = VECTOR('',#17792,1.);
#17792 = DIRECTION('',(-0.,0.,-1.));
#17793 = CYLINDRICAL_SURFACE('',#17794,0.95);
#17794 = AXIS2_PLACEMENT_3D('',#17795,#17796,#17797);
#17795 = CARTESIAN_POINT('',(233.811975,-128.729944,-4.6E-02));
#17796 = DIRECTION('',(-0.,-0.,-1.));
#17797 = DIRECTION('',(-2.991758887411E-14,-1.,0.));
#17798 = ADVANCED_FACE('',(#17799),#17805,.F.);
#17799 = FACE_BOUND('',#17800,.T.);
#17800 = EDGE_LOOP('',(#17801,#17802,#17803,#17804));
#17801 = ORIENTED_EDGE('',*,*,#17747,.F.);
#17802 = ORIENTED_EDGE('',*,*,#4288,.T.);
#17803 = ORIENTED_EDGE('',*,*,#17788,.F.);
#17804 = ORIENTED_EDGE('',*,*,#9557,.F.);
#17805 = CYLINDRICAL_SURFACE('',#17806,0.95);
#17806 = AXIS2_PLACEMENT_3D('',#17807,#17808,#17809);
#17807 = CARTESIAN_POINT('',(233.392998,-128.700646,-4.6E-02));
#17808 = DIRECTION('',(-0.,0.,-1.));
#17809 = DIRECTION('',(2.991758887411E-14,-1.,-0.));
#17810 = ADVANCED_FACE('',(#17811),#17822,.F.);
#17811 = FACE_BOUND('',#17812,.T.);
#17812 = EDGE_LOOP('',(#17813,#17814,#17820,#17821));
#17813 = ORIENTED_EDGE('',*,*,#4315,.T.);
#17814 = ORIENTED_EDGE('',*,*,#17815,.T.);
#17815 = EDGE_CURVE('',#4316,#9585,#17816,.T.);
#17816 = LINE('',#17817,#17818);
#17817 = CARTESIAN_POINT('',(223.59914,-125.756635,-4.6E-02));
#17818 = VECTOR('',#17819,1.);
#17819 = DIRECTION('',(0.,0.,1.));
#17820 = ORIENTED_EDGE('',*,*,#9584,.F.);
#17821 = ORIENTED_EDGE('',*,*,#17815,.F.);
#17822 = CYLINDRICAL_SURFACE('',#17823,1.5);
#17823 = AXIS2_PLACEMENT_3D('',#17824,#17825,#17826);
#17824 = CARTESIAN_POINT('',(223.59914,-124.256635,-4.6E-02));
#17825 = DIRECTION('',(-0.,-0.,-1.));
#17826 = DIRECTION('',(-0.,-1.,0.));
#17827 = ADVANCED_FACE('',(#17828),#17839,.F.);
#17828 = FACE_BOUND('',#17829,.T.);
#17829 = EDGE_LOOP('',(#17830,#17831,#17837,#17838));
#17830 = ORIENTED_EDGE('',*,*,#4326,.T.);
#17831 = ORIENTED_EDGE('',*,*,#17832,.T.);
#17832 = EDGE_CURVE('',#4327,#9596,#17833,.T.);
#17833 = LINE('',#17834,#17835);
#17834 = CARTESIAN_POINT('',(228.740424,-123.910777,-4.6E-02));
#17835 = VECTOR('',#17836,1.);
#17836 = DIRECTION('',(0.,0.,1.));
#17837 = ORIENTED_EDGE('',*,*,#9595,.F.);
#17838 = ORIENTED_EDGE('',*,*,#17832,.F.);
#17839 = CYLINDRICAL_SURFACE('',#17840,1.5);
#17840 = AXIS2_PLACEMENT_3D('',#17841,#17842,#17843);
#17841 = CARTESIAN_POINT('',(228.740424,-122.410777,-4.6E-02));
#17842 = DIRECTION('',(-0.,-0.,-1.));
#17843 = DIRECTION('',(-0.,-1.,0.));
#17844 = ADVANCED_FACE('',(#17845),#17856,.F.);
#17845 = FACE_BOUND('',#17846,.T.);
#17846 = EDGE_LOOP('',(#17847,#17848,#17854,#17855));
#17847 = ORIENTED_EDGE('',*,*,#4337,.T.);
#17848 = ORIENTED_EDGE('',*,*,#17849,.T.);
#17849 = EDGE_CURVE('',#4338,#9607,#17850,.T.);
#17850 = LINE('',#17851,#17852);
#17851 = CARTESIAN_POINT('',(233.57478,-126.4542,-4.6E-02));
#17852 = VECTOR('',#17853,1.);
#17853 = DIRECTION('',(0.,0.,1.));
#17854 = ORIENTED_EDGE('',*,*,#9606,.F.);
#17855 = ORIENTED_EDGE('',*,*,#17849,.F.);
#17856 = CYLINDRICAL_SURFACE('',#17857,1.5);
#17857 = AXIS2_PLACEMENT_3D('',#17858,#17859,#17860);
#17858 = CARTESIAN_POINT('',(233.57478,-124.9542,-4.6E-02));
#17859 = DIRECTION('',(-0.,-0.,-1.));
#17860 = DIRECTION('',(-0.,-1.,0.));
#17861 = ADVANCED_FACE('',(#17862),#17878,.F.);
#17862 = FACE_BOUND('',#17863,.T.);
#17863 = EDGE_LOOP('',(#17864,#17865,#17871,#17872));
#17864 = ORIENTED_EDGE('',*,*,#4348,.T.);
#17865 = ORIENTED_EDGE('',*,*,#17866,.T.);
#17866 = EDGE_CURVE('',#4351,#9620,#17867,.T.);
#17867 = LINE('',#17868,#17869);
#17868 = CARTESIAN_POINT('',(243.184485,-142.701546,-4.6E-02));
#17869 = VECTOR('',#17870,1.);
#17870 = DIRECTION('',(0.,0.,1.));
#17871 = ORIENTED_EDGE('',*,*,#9617,.F.);
#17872 = ORIENTED_EDGE('',*,*,#17873,.T.);
#17873 = EDGE_CURVE('',#9618,#4349,#17874,.T.);
#17874 = LINE('',#17875,#17876);
#17875 = CARTESIAN_POINT('',(243.13855902962,-140.8026567518,-4.6E-02));
#17876 = VECTOR('',#17877,1.);
#17877 = DIRECTION('',(-0.,-0.,-1.));
#17878 = CYLINDRICAL_SURFACE('',#17879,0.95);
#17879 = AXIS2_PLACEMENT_3D('',#17880,#17881,#17882);
#17880 = CARTESIAN_POINT('',(243.184485,-141.751546,-4.6E-02));
#17881 = DIRECTION('',(-0.,-0.,-1.));
#17882 = DIRECTION('',(-0.,-1.,0.));
#17883 = ADVANCED_FACE('',(#17884),#17895,.F.);
#17884 = FACE_BOUND('',#17885,.T.);
#17885 = EDGE_LOOP('',(#17886,#17892,#17893,#17894));
#17886 = ORIENTED_EDGE('',*,*,#17887,.F.);
#17887 = EDGE_CURVE('',#4369,#9638,#17888,.T.);
#17888 = LINE('',#17889,#17890);
#17889 = CARTESIAN_POINT('',(242.770865,-142.628614,-4.6E-02));
#17890 = VECTOR('',#17891,1.);
#17891 = DIRECTION('',(0.,0.,1.));
#17892 = ORIENTED_EDGE('',*,*,#4377,.T.);
#17893 = ORIENTED_EDGE('',*,*,#17873,.F.);
#17894 = ORIENTED_EDGE('',*,*,#9646,.F.);
#17895 = CYLINDRICAL_SURFACE('',#17896,0.95);
#17896 = AXIS2_PLACEMENT_3D('',#17897,#17898,#17899);
#17897 = CARTESIAN_POINT('',(242.770865,-141.678614,-4.6E-02));
#17898 = DIRECTION('',(-0.,-0.,-1.));
#17899 = DIRECTION('',(-2.991758887411E-14,-1.,0.));
#17900 = ADVANCED_FACE('',(#17901),#17912,.F.);
#17901 = FACE_BOUND('',#17902,.T.);
#17902 = EDGE_LOOP('',(#17903,#17904,#17905,#17906));
#17903 = ORIENTED_EDGE('',*,*,#4368,.T.);
#17904 = ORIENTED_EDGE('',*,*,#17887,.T.);
#17905 = ORIENTED_EDGE('',*,*,#9637,.F.);
#17906 = ORIENTED_EDGE('',*,*,#17907,.T.);
#17907 = EDGE_CURVE('',#9629,#4360,#17908,.T.);
#17908 = LINE('',#17909,#17910);
#17909 = CARTESIAN_POINT('',(242.81679097037,-142.6275032481,-4.6E-02));
#17910 = VECTOR('',#17911,1.);
#17911 = DIRECTION('',(-0.,-0.,-1.));
#17912 = CYLINDRICAL_SURFACE('',#17913,0.95);
#17913 = AXIS2_PLACEMENT_3D('',#17914,#17915,#17916);
#17914 = CARTESIAN_POINT('',(242.770865,-141.678614,-4.6E-02));
#17915 = DIRECTION('',(-0.,-0.,-1.));
#17916 = DIRECTION('',(-2.991758887411E-14,-1.,0.));
#17917 = ADVANCED_FACE('',(#17918),#17924,.F.);
#17918 = FACE_BOUND('',#17919,.T.);
#17919 = EDGE_LOOP('',(#17920,#17921,#17922,#17923));
#17920 = ORIENTED_EDGE('',*,*,#17866,.F.);
#17921 = ORIENTED_EDGE('',*,*,#4359,.T.);
#17922 = ORIENTED_EDGE('',*,*,#17907,.F.);
#17923 = ORIENTED_EDGE('',*,*,#9628,.F.);
#17924 = CYLINDRICAL_SURFACE('',#17925,0.95);
#17925 = AXIS2_PLACEMENT_3D('',#17926,#17927,#17928);
#17926 = CARTESIAN_POINT('',(243.184485,-141.751546,-4.6E-02));
#17927 = DIRECTION('',(-0.,-0.,-1.));
#17928 = DIRECTION('',(-0.,-1.,0.));
#17929 = ADVANCED_FACE('',(#17930),#17941,.F.);
#17930 = FACE_BOUND('',#17931,.T.);
#17931 = EDGE_LOOP('',(#17932,#17933,#17939,#17940));
#17932 = ORIENTED_EDGE('',*,*,#4386,.T.);
#17933 = ORIENTED_EDGE('',*,*,#17934,.T.);
#17934 = EDGE_CURVE('',#4387,#9656,#17935,.T.);
#17935 = LINE('',#17936,#17937);
#17936 = CARTESIAN_POINT('',(248.187308,-145.133679,-4.6E-02));
#17937 = VECTOR('',#17938,1.);
#17938 = DIRECTION('',(0.,0.,1.));
#17939 = ORIENTED_EDGE('',*,*,#9655,.F.);
#17940 = ORIENTED_EDGE('',*,*,#17934,.F.);
#17941 = CYLINDRICAL_SURFACE('',#17942,2.5);
#17942 = AXIS2_PLACEMENT_3D('',#17943,#17944,#17945);
#17943 = CARTESIAN_POINT('',(248.187308,-142.633679,-4.6E-02));
#17944 = DIRECTION('',(-0.,-0.,-1.));
#17945 = DIRECTION('',(-0.,-1.,0.));
#17946 = ADVANCED_FACE('',(#17947),#17963,.F.);
#17947 = FACE_BOUND('',#17948,.T.);
#17948 = EDGE_LOOP('',(#17949,#17950,#17956,#17957));
#17949 = ORIENTED_EDGE('',*,*,#4397,.T.);
#17950 = ORIENTED_EDGE('',*,*,#17951,.T.);
#17951 = EDGE_CURVE('',#4400,#9669,#17952,.T.);
#17952 = LINE('',#17953,#17954);
#17953 = CARTESIAN_POINT('',(253.190131,-144.465812,-4.6E-02));
#17954 = VECTOR('',#17955,1.);
#17955 = DIRECTION('',(0.,0.,1.));
#17956 = ORIENTED_EDGE('',*,*,#9666,.F.);
#17957 = ORIENTED_EDGE('',*,*,#17958,.T.);
#17958 = EDGE_CURVE('',#9667,#4398,#17959,.T.);
#17959 = LINE('',#17960,#17961);
#17960 = CARTESIAN_POINT('',(253.23605697037,-144.4647012481,-4.6E-02));
#17961 = VECTOR('',#17962,1.);
#17962 = DIRECTION('',(-0.,-0.,-1.));
#17963 = CYLINDRICAL_SURFACE('',#17964,0.95);
#17964 = AXIS2_PLACEMENT_3D('',#17965,#17966,#17967);
#17965 = CARTESIAN_POINT('',(253.190131,-143.515812,-4.6E-02));
#17966 = DIRECTION('',(-0.,-0.,-1.));
#17967 = DIRECTION('',(-0.,-1.,0.));
#17968 = ADVANCED_FACE('',(#17969),#17980,.F.);
#17969 = FACE_BOUND('',#17970,.T.);
#17970 = EDGE_LOOP('',(#17971,#17977,#17978,#17979));
#17971 = ORIENTED_EDGE('',*,*,#17972,.F.);
#17972 = EDGE_CURVE('',#4418,#9687,#17973,.T.);
#17973 = LINE('',#17974,#17975);
#17974 = CARTESIAN_POINT('',(253.603751,-144.538744,-4.6E-02));
#17975 = VECTOR('',#17976,1.);
#17976 = DIRECTION('',(0.,0.,1.));
#17977 = ORIENTED_EDGE('',*,*,#4426,.T.);
#17978 = ORIENTED_EDGE('',*,*,#17958,.F.);
#17979 = ORIENTED_EDGE('',*,*,#9695,.F.);
#17980 = CYLINDRICAL_SURFACE('',#17981,0.95);
#17981 = AXIS2_PLACEMENT_3D('',#17982,#17983,#17984);
#17982 = CARTESIAN_POINT('',(253.603751,-143.588744,-4.6E-02));
#17983 = DIRECTION('',(-0.,-0.,-1.));
#17984 = DIRECTION('',(-0.,-1.,0.));
#17985 = ADVANCED_FACE('',(#17986),#17997,.F.);
#17986 = FACE_BOUND('',#17987,.T.);
#17987 = EDGE_LOOP('',(#17988,#17989,#17990,#17991));
#17988 = ORIENTED_EDGE('',*,*,#4417,.T.);
#17989 = ORIENTED_EDGE('',*,*,#17972,.T.);
#17990 = ORIENTED_EDGE('',*,*,#9686,.F.);
#17991 = ORIENTED_EDGE('',*,*,#17992,.T.);
#17992 = EDGE_CURVE('',#9678,#4409,#17993,.T.);
#17993 = LINE('',#17994,#17995);
#17994 = CARTESIAN_POINT('',(253.55782502962,-142.6398547518,-4.6E-02));
#17995 = VECTOR('',#17996,1.);
#17996 = DIRECTION('',(-0.,-0.,-1.));
#17997 = CYLINDRICAL_SURFACE('',#17998,0.95);
#17998 = AXIS2_PLACEMENT_3D('',#17999,#18000,#18001);
#17999 = CARTESIAN_POINT('',(253.603751,-143.588744,-4.6E-02));
#18000 = DIRECTION('',(-0.,-0.,-1.));
#18001 = DIRECTION('',(-0.,-1.,0.));
#18002 = ADVANCED_FACE('',(#18003),#18009,.F.);
#18003 = FACE_BOUND('',#18004,.T.);
#18004 = EDGE_LOOP('',(#18005,#18006,#18007,#18008));
#18005 = ORIENTED_EDGE('',*,*,#17951,.F.);
#18006 = ORIENTED_EDGE('',*,*,#4408,.T.);
#18007 = ORIENTED_EDGE('',*,*,#17992,.F.);
#18008 = ORIENTED_EDGE('',*,*,#9677,.F.);
#18009 = CYLINDRICAL_SURFACE('',#18010,0.95);
#18010 = AXIS2_PLACEMENT_3D('',#18011,#18012,#18013);
#18011 = CARTESIAN_POINT('',(253.190131,-143.515812,-4.6E-02));
#18012 = DIRECTION('',(-0.,-0.,-1.));
#18013 = DIRECTION('',(-0.,-1.,0.));
#18014 = ADVANCED_FACE('',(#18015),#18026,.F.);
#18015 = FACE_BOUND('',#18016,.T.);
#18016 = EDGE_LOOP('',(#18017,#18018,#18024,#18025));
#18017 = ORIENTED_EDGE('',*,*,#4435,.T.);
#18018 = ORIENTED_EDGE('',*,*,#18019,.T.);
#18019 = EDGE_CURVE('',#4436,#9705,#18020,.T.);
#18020 = LINE('',#18021,#18022);
#18021 = CARTESIAN_POINT('',(253.762527,-141.308891,-4.6E-02));
#18022 = VECTOR('',#18023,1.);
#18023 = DIRECTION('',(0.,0.,1.));
#18024 = ORIENTED_EDGE('',*,*,#9704,.F.);
#18025 = ORIENTED_EDGE('',*,*,#18019,.F.);
#18026 = CYLINDRICAL_SURFACE('',#18027,1.5);
#18027 = AXIS2_PLACEMENT_3D('',#18028,#18029,#18030);
#18028 = CARTESIAN_POINT('',(253.762527,-139.808891,-4.6E-02));
#18029 = DIRECTION('',(-0.,-0.,-1.));
#18030 = DIRECTION('',(-0.,-1.,0.));
#18031 = ADVANCED_FACE('',(#18032),#18043,.F.);
#18032 = FACE_BOUND('',#18033,.T.);
#18033 = EDGE_LOOP('',(#18034,#18035,#18041,#18042));
#18034 = ORIENTED_EDGE('',*,*,#4446,.T.);
#18035 = ORIENTED_EDGE('',*,*,#18036,.T.);
#18036 = EDGE_CURVE('',#4447,#9716,#18037,.T.);
#18037 = LINE('',#18038,#18039);
#18038 = CARTESIAN_POINT('',(243.91445,-139.572409,-4.6E-02));
#18039 = VECTOR('',#18040,1.);
#18040 = DIRECTION('',(0.,0.,1.));
#18041 = ORIENTED_EDGE('',*,*,#9715,.F.);
#18042 = ORIENTED_EDGE('',*,*,#18036,.F.);
#18043 = CYLINDRICAL_SURFACE('',#18044,1.5);
#18044 = AXIS2_PLACEMENT_3D('',#18045,#18046,#18047);
#18045 = CARTESIAN_POINT('',(243.91445,-138.072409,-4.6E-02));
#18046 = DIRECTION('',(-0.,-0.,-1.));
#18047 = DIRECTION('',(-0.,-1.,0.));
#18048 = ADVANCED_FACE('',(#18049),#18060,.F.);
#18049 = FACE_BOUND('',#18050,.T.);
#18050 = EDGE_LOOP('',(#18051,#18052,#18058,#18059));
#18051 = ORIENTED_EDGE('',*,*,#4457,.T.);
#18052 = ORIENTED_EDGE('',*,*,#18053,.T.);
#18053 = EDGE_CURVE('',#4458,#9727,#18054,.T.);
#18054 = LINE('',#18055,#18056);
#18055 = CARTESIAN_POINT('',(249.220515,-138.274073,-4.6E-02));
#18056 = VECTOR('',#18057,1.);
#18057 = DIRECTION('',(0.,0.,1.));
#18058 = ORIENTED_EDGE('',*,*,#9726,.F.);
#18059 = ORIENTED_EDGE('',*,*,#18053,.F.);
#18060 = CYLINDRICAL_SURFACE('',#18061,1.5);
#18061 = AXIS2_PLACEMENT_3D('',#18062,#18063,#18064);
#18062 = CARTESIAN_POINT('',(249.220515,-136.774073,-4.6E-02));
#18063 = DIRECTION('',(-0.,-0.,-1.));
#18064 = DIRECTION('',(-0.,-1.,0.));
#18065 = ADVANCED_FACE('',(#18066),#18082,.F.);
#18066 = FACE_BOUND('',#18067,.T.);
#18067 = EDGE_LOOP('',(#18068,#18074,#18075,#18081));
#18068 = ORIENTED_EDGE('',*,*,#18069,.F.);
#18069 = EDGE_CURVE('',#4469,#9738,#18070,.T.);
#18070 = LINE('',#18071,#18072);
#18071 = CARTESIAN_POINT('',(264.383352,-147.070713,-4.6E-02));
#18072 = VECTOR('',#18073,1.);
#18073 = DIRECTION('',(0.,0.,1.));
#18074 = ORIENTED_EDGE('',*,*,#4468,.T.);
#18075 = ORIENTED_EDGE('',*,*,#18076,.F.);
#18076 = EDGE_CURVE('',#9740,#4471,#18077,.T.);
#18077 = LINE('',#18078,#18079);
#18078 = CARTESIAN_POINT('',(263.51499742803,-144.3476184258,-4.6E-02));
#18079 = VECTOR('',#18080,1.);
#18080 = DIRECTION('',(-0.,-0.,-1.));
#18081 = ORIENTED_EDGE('',*,*,#9737,.F.);
#18082 = CYLINDRICAL_SURFACE('',#18083,1.5);
#18083 = AXIS2_PLACEMENT_3D('',#18084,#18085,#18086);
#18084 = CARTESIAN_POINT('',(264.383352,-145.570713,-4.6E-02));
#18085 = DIRECTION('',(-0.,-0.,-1.));
#18086 = DIRECTION('',(-0.,-1.,0.));
#18087 = ADVANCED_FACE('',(#18088),#18099,.F.);
#18088 = FACE_BOUND('',#18089,.T.);
#18089 = EDGE_LOOP('',(#18090,#18091,#18092,#18093));
#18090 = ORIENTED_EDGE('',*,*,#4488,.T.);
#18091 = ORIENTED_EDGE('',*,*,#18069,.T.);
#18092 = ORIENTED_EDGE('',*,*,#9757,.F.);
#18093 = ORIENTED_EDGE('',*,*,#18094,.T.);
#18094 = EDGE_CURVE('',#9749,#4480,#18095,.T.);
#18095 = LINE('',#18096,#18097);
#18096 = CARTESIAN_POINT('',(264.44206657196,-144.0718625741,-4.6E-02));
#18097 = VECTOR('',#18098,1.);
#18098 = DIRECTION('',(-0.,-0.,-1.));
#18099 = CYLINDRICAL_SURFACE('',#18100,1.5);
#18100 = AXIS2_PLACEMENT_3D('',#18101,#18102,#18103);
#18101 = CARTESIAN_POINT('',(264.383352,-145.570713,-4.6E-02));
#18102 = DIRECTION('',(-0.,-0.,-1.));
#18103 = DIRECTION('',(-0.,-1.,0.));
#18104 = ADVANCED_FACE('',(#18105),#18111,.F.);
#18105 = FACE_BOUND('',#18106,.T.);
#18106 = EDGE_LOOP('',(#18107,#18108,#18109,#18110));
#18107 = ORIENTED_EDGE('',*,*,#18076,.T.);
#18108 = ORIENTED_EDGE('',*,*,#4479,.T.);
#18109 = ORIENTED_EDGE('',*,*,#18094,.F.);
#18110 = ORIENTED_EDGE('',*,*,#9748,.F.);
#18111 = CYLINDRICAL_SURFACE('',#18112,1.5);
#18112 = AXIS2_PLACEMENT_3D('',#18113,#18114,#18115);
#18113 = CARTESIAN_POINT('',(263.573712,-142.848768,-4.6E-02));
#18114 = DIRECTION('',(-0.,-0.,-1.));
#18115 = DIRECTION('',(-0.,-1.,0.));
#18116 = ADVANCED_FACE('',(#18117),#18133,.F.);
#18117 = FACE_BOUND('',#18118,.T.);
#18118 = EDGE_LOOP('',(#18119,#18120,#18126,#18127));
#18119 = ORIENTED_EDGE('',*,*,#4497,.T.);
#18120 = ORIENTED_EDGE('',*,*,#18121,.T.);
#18121 = EDGE_CURVE('',#4500,#9769,#18122,.T.);
#18122 = LINE('',#18123,#18124);
#18123 = CARTESIAN_POINT('',(262.764073,-141.076823,-4.6E-02));
#18124 = VECTOR('',#18125,1.);
#18125 = DIRECTION('',(0.,0.,1.));
#18126 = ORIENTED_EDGE('',*,*,#9766,.F.);
#18127 = ORIENTED_EDGE('',*,*,#18128,.T.);
#18128 = EDGE_CURVE('',#9767,#4498,#18129,.T.);
#18129 = LINE('',#18130,#18131);
#18130 = CARTESIAN_POINT('',(262.71814702962,-139.1779337518,-4.6E-02));
#18131 = VECTOR('',#18132,1.);
#18132 = DIRECTION('',(-0.,-0.,-1.));
#18133 = CYLINDRICAL_SURFACE('',#18134,0.95);
#18134 = AXIS2_PLACEMENT_3D('',#18135,#18136,#18137);
#18135 = CARTESIAN_POINT('',(262.764073,-140.126823,-4.6E-02));
#18136 = DIRECTION('',(-0.,-0.,-1.));
#18137 = DIRECTION('',(-0.,-1.,0.));
#18138 = ADVANCED_FACE('',(#18139),#18150,.F.);
#18139 = FACE_BOUND('',#18140,.T.);
#18140 = EDGE_LOOP('',(#18141,#18147,#18148,#18149));
#18141 = ORIENTED_EDGE('',*,*,#18142,.F.);
#18142 = EDGE_CURVE('',#4518,#9787,#18143,.T.);
#18143 = LINE('',#18144,#18145);
#18144 = CARTESIAN_POINT('',(262.350453,-141.003891,-4.6E-02));
#18145 = VECTOR('',#18146,1.);
#18146 = DIRECTION('',(0.,0.,1.));
#18147 = ORIENTED_EDGE('',*,*,#4526,.T.);
#18148 = ORIENTED_EDGE('',*,*,#18128,.F.);
#18149 = ORIENTED_EDGE('',*,*,#9795,.F.);
#18150 = CYLINDRICAL_SURFACE('',#18151,0.95);
#18151 = AXIS2_PLACEMENT_3D('',#18152,#18153,#18154);
#18152 = CARTESIAN_POINT('',(262.350453,-140.053891,-4.6E-02));
#18153 = DIRECTION('',(-0.,-0.,-1.));
#18154 = DIRECTION('',(-0.,-1.,0.));
#18155 = ADVANCED_FACE('',(#18156),#18167,.F.);
#18156 = FACE_BOUND('',#18157,.T.);
#18157 = EDGE_LOOP('',(#18158,#18159,#18160,#18161));
#18158 = ORIENTED_EDGE('',*,*,#4517,.T.);
#18159 = ORIENTED_EDGE('',*,*,#18142,.T.);
#18160 = ORIENTED_EDGE('',*,*,#9786,.F.);
#18161 = ORIENTED_EDGE('',*,*,#18162,.T.);
#18162 = EDGE_CURVE('',#9778,#4509,#18163,.T.);
#18163 = LINE('',#18164,#18165);
#18164 = CARTESIAN_POINT('',(262.39637897037,-141.0027802481,-4.6E-02));
#18165 = VECTOR('',#18166,1.);
#18166 = DIRECTION('',(-0.,-0.,-1.));
#18167 = CYLINDRICAL_SURFACE('',#18168,0.95);
#18168 = AXIS2_PLACEMENT_3D('',#18169,#18170,#18171);
#18169 = CARTESIAN_POINT('',(262.350453,-140.053891,-4.6E-02));
#18170 = DIRECTION('',(-0.,-0.,-1.));
#18171 = DIRECTION('',(-0.,-1.,0.));
#18172 = ADVANCED_FACE('',(#18173),#18179,.F.);
#18173 = FACE_BOUND('',#18174,.T.);
#18174 = EDGE_LOOP('',(#18175,#18176,#18177,#18178));
#18175 = ORIENTED_EDGE('',*,*,#18121,.F.);
#18176 = ORIENTED_EDGE('',*,*,#4508,.T.);
#18177 = ORIENTED_EDGE('',*,*,#18162,.F.);
#18178 = ORIENTED_EDGE('',*,*,#9777,.F.);
#18179 = CYLINDRICAL_SURFACE('',#18180,0.95);
#18180 = AXIS2_PLACEMENT_3D('',#18181,#18182,#18183);
#18181 = CARTESIAN_POINT('',(262.764073,-140.126823,-4.6E-02));
#18182 = DIRECTION('',(-0.,-0.,-1.));
#18183 = DIRECTION('',(-0.,-1.,0.));
#18184 = ADVANCED_FACE('',(#18185),#18196,.F.);
#18185 = FACE_BOUND('',#18186,.T.);
#18186 = EDGE_LOOP('',(#18187,#18188,#18194,#18195));
#18187 = ORIENTED_EDGE('',*,*,#4535,.T.);
#18188 = ORIENTED_EDGE('',*,*,#18189,.T.);
#18189 = EDGE_CURVE('',#4536,#9805,#18190,.T.);
#18190 = LINE('',#18191,#18192);
#18191 = CARTESIAN_POINT('',(267.766896,-143.508956,-4.6E-02));
#18192 = VECTOR('',#18193,1.);
#18193 = DIRECTION('',(0.,0.,1.));
#18194 = ORIENTED_EDGE('',*,*,#9804,.F.);
#18195 = ORIENTED_EDGE('',*,*,#18189,.F.);
#18196 = CYLINDRICAL_SURFACE('',#18197,2.5);
#18197 = AXIS2_PLACEMENT_3D('',#18198,#18199,#18200);
#18198 = CARTESIAN_POINT('',(267.766896,-141.008956,-4.6E-02));
#18199 = DIRECTION('',(-0.,-0.,-1.));
#18200 = DIRECTION('',(-0.,-1.,0.));
#18201 = ADVANCED_FACE('',(#18202),#18218,.F.);
#18202 = FACE_BOUND('',#18203,.T.);
#18203 = EDGE_LOOP('',(#18204,#18205,#18211,#18212));
#18204 = ORIENTED_EDGE('',*,*,#4546,.T.);
#18205 = ORIENTED_EDGE('',*,*,#18206,.T.);
#18206 = EDGE_CURVE('',#4549,#9818,#18207,.T.);
#18207 = LINE('',#18208,#18209);
#18208 = CARTESIAN_POINT('',(272.769719,-142.841089,-4.6E-02));
#18209 = VECTOR('',#18210,1.);
#18210 = DIRECTION('',(0.,0.,1.));
#18211 = ORIENTED_EDGE('',*,*,#9815,.F.);
#18212 = ORIENTED_EDGE('',*,*,#18213,.T.);
#18213 = EDGE_CURVE('',#9816,#4547,#18214,.T.);
#18214 = LINE('',#18215,#18216);
#18215 = CARTESIAN_POINT('',(272.81564497037,-142.8399782481,-4.6E-02));
#18216 = VECTOR('',#18217,1.);
#18217 = DIRECTION('',(-0.,-0.,-1.));
#18218 = CYLINDRICAL_SURFACE('',#18219,0.95);
#18219 = AXIS2_PLACEMENT_3D('',#18220,#18221,#18222);
#18220 = CARTESIAN_POINT('',(272.769719,-141.891089,-4.6E-02));
#18221 = DIRECTION('',(-0.,-0.,-1.));
#18222 = DIRECTION('',(-0.,-1.,0.));
#18223 = ADVANCED_FACE('',(#18224),#18235,.F.);
#18224 = FACE_BOUND('',#18225,.T.);
#18225 = EDGE_LOOP('',(#18226,#18232,#18233,#18234));
#18226 = ORIENTED_EDGE('',*,*,#18227,.F.);
#18227 = EDGE_CURVE('',#4567,#9836,#18228,.T.);
#18228 = LINE('',#18229,#18230);
#18229 = CARTESIAN_POINT('',(273.183339,-142.914021,-4.6E-02));
#18230 = VECTOR('',#18231,1.);
#18231 = DIRECTION('',(0.,0.,1.));
#18232 = ORIENTED_EDGE('',*,*,#4575,.T.);
#18233 = ORIENTED_EDGE('',*,*,#18213,.F.);
#18234 = ORIENTED_EDGE('',*,*,#9844,.F.);
#18235 = CYLINDRICAL_SURFACE('',#18236,0.95);
#18236 = AXIS2_PLACEMENT_3D('',#18237,#18238,#18239);
#18237 = CARTESIAN_POINT('',(273.183339,-141.964021,-4.6E-02));
#18238 = DIRECTION('',(-0.,-0.,-1.));
#18239 = DIRECTION('',(-0.,-1.,0.));
#18240 = ADVANCED_FACE('',(#18241),#18252,.F.);
#18241 = FACE_BOUND('',#18242,.T.);
#18242 = EDGE_LOOP('',(#18243,#18244,#18245,#18246));
#18243 = ORIENTED_EDGE('',*,*,#4566,.T.);
#18244 = ORIENTED_EDGE('',*,*,#18227,.T.);
#18245 = ORIENTED_EDGE('',*,*,#9835,.F.);
#18246 = ORIENTED_EDGE('',*,*,#18247,.T.);
#18247 = EDGE_CURVE('',#9827,#4558,#18248,.T.);
#18248 = LINE('',#18249,#18250);
#18249 = CARTESIAN_POINT('',(273.13741302962,-141.0151317518,-4.6E-02));
#18250 = VECTOR('',#18251,1.);
#18251 = DIRECTION('',(-0.,-0.,-1.));
#18252 = CYLINDRICAL_SURFACE('',#18253,0.95);
#18253 = AXIS2_PLACEMENT_3D('',#18254,#18255,#18256);
#18254 = CARTESIAN_POINT('',(273.183339,-141.964021,-4.6E-02));
#18255 = DIRECTION('',(-0.,-0.,-1.));
#18256 = DIRECTION('',(-0.,-1.,0.));
#18257 = ADVANCED_FACE('',(#18258),#18264,.F.);
#18258 = FACE_BOUND('',#18259,.T.);
#18259 = EDGE_LOOP('',(#18260,#18261,#18262,#18263));
#18260 = ORIENTED_EDGE('',*,*,#18206,.F.);
#18261 = ORIENTED_EDGE('',*,*,#4557,.T.);
#18262 = ORIENTED_EDGE('',*,*,#18247,.F.);
#18263 = ORIENTED_EDGE('',*,*,#9826,.F.);
#18264 = CYLINDRICAL_SURFACE('',#18265,0.95);
#18265 = AXIS2_PLACEMENT_3D('',#18266,#18267,#18268);
#18266 = CARTESIAN_POINT('',(272.769719,-141.891089,-4.6E-02));
#18267 = DIRECTION('',(-0.,-0.,-1.));
#18268 = DIRECTION('',(-0.,-1.,0.));
#18269 = ADVANCED_FACE('',(#18270),#18281,.F.);
#18270 = FACE_BOUND('',#18271,.T.);
#18271 = EDGE_LOOP('',(#18272,#18273,#18279,#18280));
#18272 = ORIENTED_EDGE('',*,*,#4584,.T.);
#18273 = ORIENTED_EDGE('',*,*,#18274,.T.);
#18274 = EDGE_CURVE('',#4585,#9854,#18275,.T.);
#18275 = LINE('',#18276,#18277);
#18276 = CARTESIAN_POINT('',(263.494038,-137.947686,-4.6E-02));
#18277 = VECTOR('',#18278,1.);
#18278 = DIRECTION('',(0.,0.,1.));
#18279 = ORIENTED_EDGE('',*,*,#9853,.F.);
#18280 = ORIENTED_EDGE('',*,*,#18274,.F.);
#18281 = CYLINDRICAL_SURFACE('',#18282,1.5);
#18282 = AXIS2_PLACEMENT_3D('',#18283,#18284,#18285);
#18283 = CARTESIAN_POINT('',(263.494038,-136.447686,-4.6E-02));
#18284 = DIRECTION('',(-0.,-0.,-1.));
#18285 = DIRECTION('',(-0.,-1.,0.));
#18286 = ADVANCED_FACE('',(#18287),#18298,.F.);
#18287 = FACE_BOUND('',#18288,.T.);
#18288 = EDGE_LOOP('',(#18289,#18290,#18296,#18297));
#18289 = ORIENTED_EDGE('',*,*,#4595,.T.);
#18290 = ORIENTED_EDGE('',*,*,#18291,.T.);
#18291 = EDGE_CURVE('',#4596,#9865,#18292,.T.);
#18292 = LINE('',#18293,#18294);
#18293 = CARTESIAN_POINT('',(273.342115,-139.684168,-4.6E-02));
#18294 = VECTOR('',#18295,1.);
#18295 = DIRECTION('',(0.,0.,1.));
#18296 = ORIENTED_EDGE('',*,*,#9864,.F.);
#18297 = ORIENTED_EDGE('',*,*,#18291,.F.);
#18298 = CYLINDRICAL_SURFACE('',#18299,1.5);
#18299 = AXIS2_PLACEMENT_3D('',#18300,#18301,#18302);
#18300 = CARTESIAN_POINT('',(273.342115,-138.184168,-4.6E-02));
#18301 = DIRECTION('',(-0.,-0.,-1.));
#18302 = DIRECTION('',(-0.,-1.,0.));
#18303 = ADVANCED_FACE('',(#18304),#18315,.F.);
#18304 = FACE_BOUND('',#18305,.T.);
#18305 = EDGE_LOOP('',(#18306,#18307,#18313,#18314));
#18306 = ORIENTED_EDGE('',*,*,#4606,.T.);
#18307 = ORIENTED_EDGE('',*,*,#18308,.T.);
#18308 = EDGE_CURVE('',#4607,#9876,#18309,.T.);
#18309 = LINE('',#18310,#18311);
#18310 = CARTESIAN_POINT('',(268.800103,-136.64935,-4.6E-02));
#18311 = VECTOR('',#18312,1.);
#18312 = DIRECTION('',(0.,0.,1.));
#18313 = ORIENTED_EDGE('',*,*,#9875,.F.);
#18314 = ORIENTED_EDGE('',*,*,#18308,.F.);
#18315 = CYLINDRICAL_SURFACE('',#18316,1.5);
#18316 = AXIS2_PLACEMENT_3D('',#18317,#18318,#18319);
#18317 = CARTESIAN_POINT('',(268.800103,-135.14935,-4.6E-02));
#18318 = DIRECTION('',(-0.,-0.,-1.));
#18319 = DIRECTION('',(-0.,-1.,0.));
#18320 = ADVANCED_FACE('',(#18321),#18337,.F.);
#18321 = FACE_BOUND('',#18322,.T.);
#18322 = EDGE_LOOP('',(#18323,#18329,#18330,#18336));
#18323 = ORIENTED_EDGE('',*,*,#18324,.F.);
#18324 = EDGE_CURVE('',#4618,#9887,#18325,.T.);
#18325 = LINE('',#18326,#18327);
#18326 = CARTESIAN_POINT('',(248.10308,-129.984089,-4.6E-02));
#18327 = VECTOR('',#18328,1.);
#18328 = DIRECTION('',(0.,0.,1.));
#18329 = ORIENTED_EDGE('',*,*,#4617,.T.);
#18330 = ORIENTED_EDGE('',*,*,#18331,.F.);
#18331 = EDGE_CURVE('',#9889,#4620,#18332,.T.);
#18332 = LINE('',#18333,#18334);
#18333 = CARTESIAN_POINT('',(247.23472542803,-127.2609944258,-4.6E-02));
#18334 = VECTOR('',#18335,1.);
#18335 = DIRECTION('',(-0.,-0.,-1.));
#18336 = ORIENTED_EDGE('',*,*,#9886,.F.);
#18337 = CYLINDRICAL_SURFACE('',#18338,1.5);
#18338 = AXIS2_PLACEMENT_3D('',#18339,#18340,#18341);
#18339 = CARTESIAN_POINT('',(248.10308,-128.484089,-4.6E-02));
#18340 = DIRECTION('',(-0.,-0.,-1.));
#18341 = DIRECTION('',(-0.,-1.,0.));
#18342 = ADVANCED_FACE('',(#18343),#18354,.F.);
#18343 = FACE_BOUND('',#18344,.T.);
#18344 = EDGE_LOOP('',(#18345,#18346,#18347,#18348));
#18345 = ORIENTED_EDGE('',*,*,#4637,.T.);
#18346 = ORIENTED_EDGE('',*,*,#18324,.T.);
#18347 = ORIENTED_EDGE('',*,*,#9906,.F.);
#18348 = ORIENTED_EDGE('',*,*,#18349,.T.);
#18349 = EDGE_CURVE('',#9898,#4629,#18350,.T.);
#18350 = LINE('',#18351,#18352);
#18351 = CARTESIAN_POINT('',(248.16179457196,-126.9852385741,-4.6E-02));
#18352 = VECTOR('',#18353,1.);
#18353 = DIRECTION('',(-0.,-0.,-1.));
#18354 = CYLINDRICAL_SURFACE('',#18355,1.5);
#18355 = AXIS2_PLACEMENT_3D('',#18356,#18357,#18358);
#18356 = CARTESIAN_POINT('',(248.10308,-128.484089,-4.6E-02));
#18357 = DIRECTION('',(-0.,-0.,-1.));
#18358 = DIRECTION('',(-0.,-1.,0.));
#18359 = ADVANCED_FACE('',(#18360),#18366,.F.);
#18360 = FACE_BOUND('',#18361,.T.);
#18361 = EDGE_LOOP('',(#18362,#18363,#18364,#18365));
#18362 = ORIENTED_EDGE('',*,*,#18331,.T.);
#18363 = ORIENTED_EDGE('',*,*,#4628,.T.);
#18364 = ORIENTED_EDGE('',*,*,#18349,.F.);
#18365 = ORIENTED_EDGE('',*,*,#9897,.F.);
#18366 = CYLINDRICAL_SURFACE('',#18367,1.5);
#18367 = AXIS2_PLACEMENT_3D('',#18368,#18369,#18370);
#18368 = CARTESIAN_POINT('',(247.29344,-125.762144,-4.6E-02));
#18369 = DIRECTION('',(-0.,-0.,-1.));
#18370 = DIRECTION('',(-0.,-1.,0.));
#18371 = ADVANCED_FACE('',(#18372),#18388,.F.);
#18372 = FACE_BOUND('',#18373,.T.);
#18373 = EDGE_LOOP('',(#18374,#18375,#18381,#18382));
#18374 = ORIENTED_EDGE('',*,*,#4646,.T.);
#18375 = ORIENTED_EDGE('',*,*,#18376,.T.);
#18376 = EDGE_CURVE('',#4649,#9918,#18377,.T.);
#18377 = LINE('',#18378,#18379);
#18378 = CARTESIAN_POINT('',(253.105903,-130.866222,-4.6E-02));
#18379 = VECTOR('',#18380,1.);
#18380 = DIRECTION('',(0.,0.,1.));
#18381 = ORIENTED_EDGE('',*,*,#9915,.F.);
#18382 = ORIENTED_EDGE('',*,*,#18383,.T.);
#18383 = EDGE_CURVE('',#9916,#4647,#18384,.T.);
#18384 = LINE('',#18385,#18386);
#18385 = CARTESIAN_POINT('',(254.34021208385,-128.513883402,-4.6E-02));
#18386 = VECTOR('',#18387,1.);
#18387 = DIRECTION('',(-0.,-0.,-1.));
#18388 = CYLINDRICAL_SURFACE('',#18389,1.5);
#18389 = AXIS2_PLACEMENT_3D('',#18390,#18391,#18392);
#18390 = CARTESIAN_POINT('',(253.105903,-129.366222,-4.6E-02));
#18391 = DIRECTION('',(-0.,-0.,-1.));
#18392 = DIRECTION('',(-0.,-1.,0.));
#18393 = ADVANCED_FACE('',(#18394),#18405,.F.);
#18394 = FACE_BOUND('',#18395,.T.);
#18395 = EDGE_LOOP('',(#18396,#18402,#18403,#18404));
#18396 = ORIENTED_EDGE('',*,*,#18397,.F.);
#18397 = EDGE_CURVE('',#4667,#9936,#18398,.T.);
#18398 = LINE('',#18399,#18400);
#18399 = CARTESIAN_POINT('',(254.797675,-128.585343,-4.6E-02));
#18400 = VECTOR('',#18401,1.);
#18401 = DIRECTION('',(0.,0.,1.));
#18402 = ORIENTED_EDGE('',*,*,#4675,.T.);
#18403 = ORIENTED_EDGE('',*,*,#18383,.F.);
#18404 = ORIENTED_EDGE('',*,*,#9944,.F.);
#18405 = CYLINDRICAL_SURFACE('',#18406,1.5);
#18406 = AXIS2_PLACEMENT_3D('',#18407,#18408,#18409);
#18407 = CARTESIAN_POINT('',(254.797675,-127.085343,-4.6E-02));
#18408 = DIRECTION('',(-0.,-0.,-1.));
#18409 = DIRECTION('',(-1.894780628694E-14,-1.,0.));
#18410 = ADVANCED_FACE('',(#18411),#18422,.F.);
#18411 = FACE_BOUND('',#18412,.T.);
#18412 = EDGE_LOOP('',(#18413,#18414,#18415,#18416));
#18413 = ORIENTED_EDGE('',*,*,#4666,.T.);
#18414 = ORIENTED_EDGE('',*,*,#18397,.T.);
#18415 = ORIENTED_EDGE('',*,*,#9935,.F.);
#18416 = ORIENTED_EDGE('',*,*,#18417,.T.);
#18417 = EDGE_CURVE('',#9927,#4658,#18418,.T.);
#18418 = LINE('',#18419,#18420);
#18419 = CARTESIAN_POINT('',(253.56336591614,-127.9376815979,-4.6E-02));
#18420 = VECTOR('',#18421,1.);
#18421 = DIRECTION('',(-0.,-0.,-1.));
#18422 = CYLINDRICAL_SURFACE('',#18423,1.5);
#18423 = AXIS2_PLACEMENT_3D('',#18424,#18425,#18426);
#18424 = CARTESIAN_POINT('',(254.797675,-127.085343,-4.6E-02));
#18425 = DIRECTION('',(-0.,-0.,-1.));
#18426 = DIRECTION('',(-1.894780628694E-14,-1.,0.));
#18427 = ADVANCED_FACE('',(#18428),#18434,.F.);
#18428 = FACE_BOUND('',#18429,.T.);
#18429 = EDGE_LOOP('',(#18430,#18431,#18432,#18433));
#18430 = ORIENTED_EDGE('',*,*,#18376,.F.);
#18431 = ORIENTED_EDGE('',*,*,#4657,.T.);
#18432 = ORIENTED_EDGE('',*,*,#18417,.F.);
#18433 = ORIENTED_EDGE('',*,*,#9926,.F.);
#18434 = CYLINDRICAL_SURFACE('',#18435,1.5);
#18435 = AXIS2_PLACEMENT_3D('',#18436,#18437,#18438);
#18436 = CARTESIAN_POINT('',(253.105903,-129.366222,-4.6E-02));
#18437 = DIRECTION('',(-0.,-0.,-1.));
#18438 = DIRECTION('',(-0.,-1.,0.));
#18439 = ADVANCED_FACE('',(#18440),#18456,.F.);
#18440 = FACE_BOUND('',#18441,.T.);
#18441 = EDGE_LOOP('',(#18442,#18443,#18449,#18450));
#18442 = ORIENTED_EDGE('',*,*,#4684,.T.);
#18443 = ORIENTED_EDGE('',*,*,#18444,.T.);
#18444 = EDGE_CURVE('',#4687,#9956,#18445,.T.);
#18445 = LINE('',#18446,#18447);
#18446 = CARTESIAN_POINT('',(246.483801,-123.990199,-4.6E-02));
#18447 = VECTOR('',#18448,1.);
#18448 = DIRECTION('',(0.,0.,1.));
#18449 = ORIENTED_EDGE('',*,*,#9953,.F.);
#18450 = ORIENTED_EDGE('',*,*,#18451,.T.);
#18451 = EDGE_CURVE('',#9954,#4685,#18452,.T.);
#18452 = LINE('',#18453,#18454);
#18453 = CARTESIAN_POINT('',(246.43787502962,-122.0913097518,-4.6E-02));
#18454 = VECTOR('',#18455,1.);
#18455 = DIRECTION('',(-0.,-0.,-1.));
#18456 = CYLINDRICAL_SURFACE('',#18457,0.95);
#18457 = AXIS2_PLACEMENT_3D('',#18458,#18459,#18460);
#18458 = CARTESIAN_POINT('',(246.483801,-123.040199,-4.6E-02));
#18459 = DIRECTION('',(-0.,-0.,-1.));
#18460 = DIRECTION('',(-0.,-1.,0.));
#18461 = ADVANCED_FACE('',(#18462),#18473,.F.);
#18462 = FACE_BOUND('',#18463,.T.);
#18463 = EDGE_LOOP('',(#18464,#18470,#18471,#18472));
#18464 = ORIENTED_EDGE('',*,*,#18465,.F.);
#18465 = EDGE_CURVE('',#4705,#9974,#18466,.T.);
#18466 = LINE('',#18467,#18468);
#18467 = CARTESIAN_POINT('',(246.070181,-123.917267,-4.6E-02));
#18468 = VECTOR('',#18469,1.);
#18469 = DIRECTION('',(0.,0.,1.));
#18470 = ORIENTED_EDGE('',*,*,#4713,.T.);
#18471 = ORIENTED_EDGE('',*,*,#18451,.F.);
#18472 = ORIENTED_EDGE('',*,*,#9982,.F.);
#18473 = CYLINDRICAL_SURFACE('',#18474,0.95);
#18474 = AXIS2_PLACEMENT_3D('',#18475,#18476,#18477);
#18475 = CARTESIAN_POINT('',(246.070181,-122.967267,-4.6E-02));
#18476 = DIRECTION('',(-0.,-0.,-1.));
#18477 = DIRECTION('',(-0.,-1.,0.));
#18478 = ADVANCED_FACE('',(#18479),#18490,.F.);
#18479 = FACE_BOUND('',#18480,.T.);
#18480 = EDGE_LOOP('',(#18481,#18482,#18483,#18484));
#18481 = ORIENTED_EDGE('',*,*,#4704,.T.);
#18482 = ORIENTED_EDGE('',*,*,#18465,.T.);
#18483 = ORIENTED_EDGE('',*,*,#9973,.F.);
#18484 = ORIENTED_EDGE('',*,*,#18485,.T.);
#18485 = EDGE_CURVE('',#9965,#4696,#18486,.T.);
#18486 = LINE('',#18487,#18488);
#18487 = CARTESIAN_POINT('',(246.11610697037,-123.9161562481,-4.6E-02));
#18488 = VECTOR('',#18489,1.);
#18489 = DIRECTION('',(-0.,-0.,-1.));
#18490 = CYLINDRICAL_SURFACE('',#18491,0.95);
#18491 = AXIS2_PLACEMENT_3D('',#18492,#18493,#18494);
#18492 = CARTESIAN_POINT('',(246.070181,-122.967267,-4.6E-02));
#18493 = DIRECTION('',(-0.,-0.,-1.));
#18494 = DIRECTION('',(-0.,-1.,0.));
#18495 = ADVANCED_FACE('',(#18496),#18502,.F.);
#18496 = FACE_BOUND('',#18497,.T.);
#18497 = EDGE_LOOP('',(#18498,#18499,#18500,#18501));
#18498 = ORIENTED_EDGE('',*,*,#18444,.F.);
#18499 = ORIENTED_EDGE('',*,*,#4695,.T.);
#18500 = ORIENTED_EDGE('',*,*,#18485,.F.);
#18501 = ORIENTED_EDGE('',*,*,#9964,.F.);
#18502 = CYLINDRICAL_SURFACE('',#18503,0.95);
#18503 = AXIS2_PLACEMENT_3D('',#18504,#18505,#18506);
#18504 = CARTESIAN_POINT('',(246.483801,-123.040199,-4.6E-02));
#18505 = DIRECTION('',(-0.,-0.,-1.));
#18506 = DIRECTION('',(-0.,-1.,0.));
#18507 = ADVANCED_FACE('',(#18508),#18519,.F.);
#18508 = FACE_BOUND('',#18509,.T.);
#18509 = EDGE_LOOP('',(#18510,#18511,#18517,#18518));
#18510 = ORIENTED_EDGE('',*,*,#4722,.T.);
#18511 = ORIENTED_EDGE('',*,*,#18512,.T.);
#18512 = EDGE_CURVE('',#4723,#9992,#18513,.T.);
#18513 = LINE('',#18514,#18515);
#18514 = CARTESIAN_POINT('',(251.486624,-126.422332,-4.6E-02));
#18515 = VECTOR('',#18516,1.);
#18516 = DIRECTION('',(0.,0.,1.));
#18517 = ORIENTED_EDGE('',*,*,#9991,.F.);
#18518 = ORIENTED_EDGE('',*,*,#18512,.F.);
#18519 = CYLINDRICAL_SURFACE('',#18520,2.5);
#18520 = AXIS2_PLACEMENT_3D('',#18521,#18522,#18523);
#18521 = CARTESIAN_POINT('',(251.486624,-123.922332,-4.6E-02));
#18522 = DIRECTION('',(-0.,-0.,-1.));
#18523 = DIRECTION('',(-0.,-1.,0.));
#18524 = ADVANCED_FACE('',(#18525),#18536,.F.);
#18525 = FACE_BOUND('',#18526,.T.);
#18526 = EDGE_LOOP('',(#18527,#18528,#18534,#18535));
#18527 = ORIENTED_EDGE('',*,*,#4733,.T.);
#18528 = ORIENTED_EDGE('',*,*,#18529,.T.);
#18529 = EDGE_CURVE('',#4734,#10003,#18530,.T.);
#18530 = LINE('',#18531,#18532);
#18531 = CARTESIAN_POINT('',(247.213766,-120.861062,-4.6E-02));
#18532 = VECTOR('',#18533,1.);
#18533 = DIRECTION('',(0.,0.,1.));
#18534 = ORIENTED_EDGE('',*,*,#10002,.F.);
#18535 = ORIENTED_EDGE('',*,*,#18529,.F.);
#18536 = CYLINDRICAL_SURFACE('',#18537,1.5);
#18537 = AXIS2_PLACEMENT_3D('',#18538,#18539,#18540);
#18538 = CARTESIAN_POINT('',(247.213766,-119.361062,-4.6E-02));
#18539 = DIRECTION('',(-0.,-0.,-1.));
#18540 = DIRECTION('',(-0.,-1.,0.));
#18541 = ADVANCED_FACE('',(#18542),#18558,.F.);
#18542 = FACE_BOUND('',#18543,.T.);
#18543 = EDGE_LOOP('',(#18544,#18545,#18551,#18552));
#18544 = ORIENTED_EDGE('',*,*,#4744,.T.);
#18545 = ORIENTED_EDGE('',*,*,#18546,.T.);
#18546 = EDGE_CURVE('',#4747,#10016,#18547,.T.);
#18547 = LINE('',#18548,#18549);
#18548 = CARTESIAN_POINT('',(256.489447,-125.754465,-4.6E-02));
#18549 = VECTOR('',#18550,1.);
#18550 = DIRECTION('',(0.,0.,1.));
#18551 = ORIENTED_EDGE('',*,*,#10013,.F.);
#18552 = ORIENTED_EDGE('',*,*,#18553,.T.);
#18553 = EDGE_CURVE('',#10014,#4745,#18554,.T.);
#18554 = LINE('',#18555,#18556);
#18555 = CARTESIAN_POINT('',(256.53537297037,-125.7533542481,-4.6E-02));
#18556 = VECTOR('',#18557,1.);
#18557 = DIRECTION('',(-0.,-0.,-1.));
#18558 = CYLINDRICAL_SURFACE('',#18559,0.95);
#18559 = AXIS2_PLACEMENT_3D('',#18560,#18561,#18562);
#18560 = CARTESIAN_POINT('',(256.489447,-124.804465,-4.6E-02));
#18561 = DIRECTION('',(-0.,-0.,-1.));
#18562 = DIRECTION('',(-0.,-1.,0.));
#18563 = ADVANCED_FACE('',(#18564),#18575,.F.);
#18564 = FACE_BOUND('',#18565,.T.);
#18565 = EDGE_LOOP('',(#18566,#18572,#18573,#18574));
#18566 = ORIENTED_EDGE('',*,*,#18567,.F.);
#18567 = EDGE_CURVE('',#4765,#10034,#18568,.T.);
#18568 = LINE('',#18569,#18570);
#18569 = CARTESIAN_POINT('',(256.903067,-125.827397,-4.6E-02));
#18570 = VECTOR('',#18571,1.);
#18571 = DIRECTION('',(0.,0.,1.));
#18572 = ORIENTED_EDGE('',*,*,#4773,.T.);
#18573 = ORIENTED_EDGE('',*,*,#18553,.F.);
#18574 = ORIENTED_EDGE('',*,*,#10042,.F.);
#18575 = CYLINDRICAL_SURFACE('',#18576,0.95);
#18576 = AXIS2_PLACEMENT_3D('',#18577,#18578,#18579);
#18577 = CARTESIAN_POINT('',(256.903067,-124.877397,-4.6E-02));
#18578 = DIRECTION('',(-0.,-0.,-1.));
#18579 = DIRECTION('',(-0.,-1.,0.));
#18580 = ADVANCED_FACE('',(#18581),#18592,.F.);
#18581 = FACE_BOUND('',#18582,.T.);
#18582 = EDGE_LOOP('',(#18583,#18584,#18585,#18586));
#18583 = ORIENTED_EDGE('',*,*,#4764,.T.);
#18584 = ORIENTED_EDGE('',*,*,#18567,.T.);
#18585 = ORIENTED_EDGE('',*,*,#10033,.F.);
#18586 = ORIENTED_EDGE('',*,*,#18587,.T.);
#18587 = EDGE_CURVE('',#10025,#4756,#18588,.T.);
#18588 = LINE('',#18589,#18590);
#18589 = CARTESIAN_POINT('',(256.85714102962,-123.9285077518,-4.6E-02));
#18590 = VECTOR('',#18591,1.);
#18591 = DIRECTION('',(-0.,-0.,-1.));
#18592 = CYLINDRICAL_SURFACE('',#18593,0.95);
#18593 = AXIS2_PLACEMENT_3D('',#18594,#18595,#18596);
#18594 = CARTESIAN_POINT('',(256.903067,-124.877397,-4.6E-02));
#18595 = DIRECTION('',(-0.,-0.,-1.));
#18596 = DIRECTION('',(-0.,-1.,0.));
#18597 = ADVANCED_FACE('',(#18598),#18604,.F.);
#18598 = FACE_BOUND('',#18599,.T.);
#18599 = EDGE_LOOP('',(#18600,#18601,#18602,#18603));
#18600 = ORIENTED_EDGE('',*,*,#18546,.F.);
#18601 = ORIENTED_EDGE('',*,*,#4755,.T.);
#18602 = ORIENTED_EDGE('',*,*,#18587,.F.);
#18603 = ORIENTED_EDGE('',*,*,#10024,.F.);
#18604 = CYLINDRICAL_SURFACE('',#18605,0.95);
#18605 = AXIS2_PLACEMENT_3D('',#18606,#18607,#18608);
#18606 = CARTESIAN_POINT('',(256.489447,-124.804465,-4.6E-02));
#18607 = DIRECTION('',(-0.,-0.,-1.));
#18608 = DIRECTION('',(-0.,-1.,0.));
#18609 = ADVANCED_FACE('',(#18610),#18621,.F.);
#18610 = FACE_BOUND('',#18611,.T.);
#18611 = EDGE_LOOP('',(#18612,#18613,#18619,#18620));
#18612 = ORIENTED_EDGE('',*,*,#4782,.T.);
#18613 = ORIENTED_EDGE('',*,*,#18614,.T.);
#18614 = EDGE_CURVE('',#4783,#10052,#18615,.T.);
#18615 = LINE('',#18616,#18617);
#18616 = CARTESIAN_POINT('',(257.061843,-122.597544,-4.6E-02));
#18617 = VECTOR('',#18618,1.);
#18618 = DIRECTION('',(0.,0.,1.));
#18619 = ORIENTED_EDGE('',*,*,#10051,.F.);
#18620 = ORIENTED_EDGE('',*,*,#18614,.F.);
#18621 = CYLINDRICAL_SURFACE('',#18622,1.5);
#18622 = AXIS2_PLACEMENT_3D('',#18623,#18624,#18625);
#18623 = CARTESIAN_POINT('',(257.061843,-121.097544,-4.6E-02));
#18624 = DIRECTION('',(-0.,-0.,-1.));
#18625 = DIRECTION('',(-0.,-1.,0.));
#18626 = ADVANCED_FACE('',(#18627),#18643,.F.);
#18627 = FACE_BOUND('',#18628,.T.);
#18628 = EDGE_LOOP('',(#18629,#18630,#18636,#18637));
#18629 = ORIENTED_EDGE('',*,*,#4793,.T.);
#18630 = ORIENTED_EDGE('',*,*,#18631,.T.);
#18631 = EDGE_CURVE('',#4796,#10065,#18632,.T.);
#18632 = LINE('',#18633,#18634);
#18633 = CARTESIAN_POINT('',(202.92,-118.95,-4.6E-02));
#18634 = VECTOR('',#18635,1.);
#18635 = DIRECTION('',(0.,0.,1.));
#18636 = ORIENTED_EDGE('',*,*,#10062,.F.);
#18637 = ORIENTED_EDGE('',*,*,#18638,.T.);
#18638 = EDGE_CURVE('',#10063,#4794,#18639,.T.);
#18639 = LINE('',#18640,#18641);
#18640 = CARTESIAN_POINT('',(202.71,-117.0735012142,-4.6E-02));
#18641 = VECTOR('',#18642,1.);
#18642 = DIRECTION('',(-0.,-0.,-1.));
#18643 = CYLINDRICAL_SURFACE('',#18644,0.95);
#18644 = AXIS2_PLACEMENT_3D('',#18645,#18646,#18647);
#18645 = CARTESIAN_POINT('',(202.92,-118.,-4.6E-02));
#18646 = DIRECTION('',(-0.,-0.,-1.));
#18647 = DIRECTION('',(-2.991758887411E-14,-1.,0.));
#18648 = ADVANCED_FACE('',(#18649),#18660,.F.);
#18649 = FACE_BOUND('',#18650,.T.);
#18650 = EDGE_LOOP('',(#18651,#18657,#18658,#18659));
#18651 = ORIENTED_EDGE('',*,*,#18652,.F.);
#18652 = EDGE_CURVE('',#4814,#10083,#18653,.T.);
#18653 = LINE('',#18654,#18655);
#18654 = CARTESIAN_POINT('',(202.5,-118.95,-4.6E-02));
#18655 = VECTOR('',#18656,1.);
#18656 = DIRECTION('',(0.,0.,1.));
#18657 = ORIENTED_EDGE('',*,*,#4822,.T.);
#18658 = ORIENTED_EDGE('',*,*,#18638,.F.);
#18659 = ORIENTED_EDGE('',*,*,#10091,.F.);
#18660 = CYLINDRICAL_SURFACE('',#18661,0.95);
#18661 = AXIS2_PLACEMENT_3D('',#18662,#18663,#18664);
#18662 = CARTESIAN_POINT('',(202.5,-118.,-4.6E-02));
#18663 = DIRECTION('',(-0.,-0.,-1.));
#18664 = DIRECTION('',(-0.,-1.,0.));
#18665 = ADVANCED_FACE('',(#18666),#18677,.F.);
#18666 = FACE_BOUND('',#18667,.T.);
#18667 = EDGE_LOOP('',(#18668,#18669,#18670,#18671));
#18668 = ORIENTED_EDGE('',*,*,#4813,.T.);
#18669 = ORIENTED_EDGE('',*,*,#18652,.T.);
#18670 = ORIENTED_EDGE('',*,*,#10082,.F.);
#18671 = ORIENTED_EDGE('',*,*,#18672,.T.);
#18672 = EDGE_CURVE('',#10074,#4805,#18673,.T.);
#18673 = LINE('',#18674,#18675);
#18674 = CARTESIAN_POINT('',(202.71,-118.9264987857,-4.6E-02));
#18675 = VECTOR('',#18676,1.);
#18676 = DIRECTION('',(-0.,-0.,-1.));
#18677 = CYLINDRICAL_SURFACE('',#18678,0.95);
#18678 = AXIS2_PLACEMENT_3D('',#18679,#18680,#18681);
#18679 = CARTESIAN_POINT('',(202.5,-118.,-4.6E-02));
#18680 = DIRECTION('',(-0.,-0.,-1.));
#18681 = DIRECTION('',(-0.,-1.,0.));
#18682 = ADVANCED_FACE('',(#18683),#18689,.F.);
#18683 = FACE_BOUND('',#18684,.T.);
#18684 = EDGE_LOOP('',(#18685,#18686,#18687,#18688));
#18685 = ORIENTED_EDGE('',*,*,#18631,.F.);
#18686 = ORIENTED_EDGE('',*,*,#4804,.T.);
#18687 = ORIENTED_EDGE('',*,*,#18672,.F.);
#18688 = ORIENTED_EDGE('',*,*,#10073,.F.);
#18689 = CYLINDRICAL_SURFACE('',#18690,0.95);
#18690 = AXIS2_PLACEMENT_3D('',#18691,#18692,#18693);
#18691 = CARTESIAN_POINT('',(202.92,-118.,-4.6E-02));
#18692 = DIRECTION('',(-0.,-0.,-1.));
#18693 = DIRECTION('',(-2.991758887411E-14,-1.,0.));
#18694 = ADVANCED_FACE('',(#18695),#18706,.F.);
#18695 = FACE_BOUND('',#18696,.T.);
#18696 = EDGE_LOOP('',(#18697,#18698,#18704,#18705));
#18697 = ORIENTED_EDGE('',*,*,#4831,.T.);
#18698 = ORIENTED_EDGE('',*,*,#18699,.T.);
#18699 = EDGE_CURVE('',#4832,#10101,#18700,.T.);
#18700 = LINE('',#18701,#18702);
#18701 = CARTESIAN_POINT('',(208.,-120.5,-4.6E-02));
#18702 = VECTOR('',#18703,1.);
#18703 = DIRECTION('',(0.,0.,1.));
#18704 = ORIENTED_EDGE('',*,*,#10100,.F.);
#18705 = ORIENTED_EDGE('',*,*,#18699,.F.);
#18706 = CYLINDRICAL_SURFACE('',#18707,2.5);
#18707 = AXIS2_PLACEMENT_3D('',#18708,#18709,#18710);
#18708 = CARTESIAN_POINT('',(208.,-118.,-4.6E-02));
#18709 = DIRECTION('',(-0.,-0.,-1.));
#18710 = DIRECTION('',(-0.,-1.,0.));
#18711 = ADVANCED_FACE('',(#18712),#18723,.F.);
#18712 = FACE_BOUND('',#18713,.T.);
#18713 = EDGE_LOOP('',(#18714,#18715,#18721,#18722));
#18714 = ORIENTED_EDGE('',*,*,#4842,.T.);
#18715 = ORIENTED_EDGE('',*,*,#18716,.T.);
#18716 = EDGE_CURVE('',#4843,#10112,#18717,.T.);
#18717 = LINE('',#18718,#18719);
#18718 = CARTESIAN_POINT('',(203.,-115.75,-4.6E-02));
#18719 = VECTOR('',#18720,1.);
#18720 = DIRECTION('',(0.,0.,1.));
#18721 = ORIENTED_EDGE('',*,*,#10111,.F.);
#18722 = ORIENTED_EDGE('',*,*,#18716,.F.);
#18723 = CYLINDRICAL_SURFACE('',#18724,1.5);
#18724 = AXIS2_PLACEMENT_3D('',#18725,#18726,#18727);
#18725 = CARTESIAN_POINT('',(203.,-114.25,-4.6E-02));
#18726 = DIRECTION('',(-0.,-0.,-1.));
#18727 = DIRECTION('',(-0.,-1.,0.));
#18728 = ADVANCED_FACE('',(#18729),#18740,.F.);
#18729 = FACE_BOUND('',#18730,.T.);
#18730 = EDGE_LOOP('',(#18731,#18732,#18738,#18739));
#18731 = ORIENTED_EDGE('',*,*,#4853,.T.);
#18732 = ORIENTED_EDGE('',*,*,#18733,.T.);
#18733 = EDGE_CURVE('',#4854,#10123,#18734,.T.);
#18734 = LINE('',#18735,#18736);
#18735 = CARTESIAN_POINT('',(208.,-113.55,-4.6E-02));
#18736 = VECTOR('',#18737,1.);
#18737 = DIRECTION('',(0.,0.,1.));
#18738 = ORIENTED_EDGE('',*,*,#10122,.F.);
#18739 = ORIENTED_EDGE('',*,*,#18733,.F.);
#18740 = CYLINDRICAL_SURFACE('',#18741,1.5);
#18741 = AXIS2_PLACEMENT_3D('',#18742,#18743,#18744);
#18742 = CARTESIAN_POINT('',(208.,-112.05,-4.6E-02));
#18743 = DIRECTION('',(-0.,-0.,-1.));
#18744 = DIRECTION('',(-0.,-1.,0.));
#18745 = ADVANCED_FACE('',(#18746),#18762,.F.);
#18746 = FACE_BOUND('',#18747,.T.);
#18747 = EDGE_LOOP('',(#18748,#18749,#18755,#18756));
#18748 = ORIENTED_EDGE('',*,*,#4864,.T.);
#18749 = ORIENTED_EDGE('',*,*,#18750,.T.);
#18750 = EDGE_CURVE('',#4867,#10136,#18751,.T.);
#18751 = LINE('',#18752,#18753);
#18752 = CARTESIAN_POINT('',(213.08,-118.95,-4.6E-02));
#18753 = VECTOR('',#18754,1.);
#18754 = DIRECTION('',(0.,0.,1.));
#18755 = ORIENTED_EDGE('',*,*,#10133,.F.);
#18756 = ORIENTED_EDGE('',*,*,#18757,.T.);
#18757 = EDGE_CURVE('',#10134,#4865,#18758,.T.);
#18758 = LINE('',#18759,#18760);
#18759 = CARTESIAN_POINT('',(213.29,-118.9264987857,-4.6E-02));
#18760 = VECTOR('',#18761,1.);
#18761 = DIRECTION('',(-0.,0.,-1.));
#18762 = CYLINDRICAL_SURFACE('',#18763,0.95);
#18763 = AXIS2_PLACEMENT_3D('',#18764,#18765,#18766);
#18764 = CARTESIAN_POINT('',(213.08,-118.,-4.6E-02));
#18765 = DIRECTION('',(-0.,0.,-1.));
#18766 = DIRECTION('',(2.991758887411E-14,-1.,-0.));
#18767 = ADVANCED_FACE('',(#18768),#18779,.F.);
#18768 = FACE_BOUND('',#18769,.T.);
#18769 = EDGE_LOOP('',(#18770,#18776,#18777,#18778));
#18770 = ORIENTED_EDGE('',*,*,#18771,.F.);
#18771 = EDGE_CURVE('',#4885,#10154,#18772,.T.);
#18772 = LINE('',#18773,#18774);
#18773 = CARTESIAN_POINT('',(213.5,-118.95,-4.6E-02));
#18774 = VECTOR('',#18775,1.);
#18775 = DIRECTION('',(0.,0.,1.));
#18776 = ORIENTED_EDGE('',*,*,#4893,.T.);
#18777 = ORIENTED_EDGE('',*,*,#18757,.F.);
#18778 = ORIENTED_EDGE('',*,*,#10162,.F.);
#18779 = CYLINDRICAL_SURFACE('',#18780,0.95);
#18780 = AXIS2_PLACEMENT_3D('',#18781,#18782,#18783);
#18781 = CARTESIAN_POINT('',(213.5,-118.,-4.6E-02));
#18782 = DIRECTION('',(-0.,-0.,-1.));
#18783 = DIRECTION('',(-0.,-1.,0.));
#18784 = ADVANCED_FACE('',(#18785),#18796,.F.);
#18785 = FACE_BOUND('',#18786,.T.);
#18786 = EDGE_LOOP('',(#18787,#18788,#18789,#18790));
#18787 = ORIENTED_EDGE('',*,*,#4884,.T.);
#18788 = ORIENTED_EDGE('',*,*,#18771,.T.);
#18789 = ORIENTED_EDGE('',*,*,#10153,.F.);
#18790 = ORIENTED_EDGE('',*,*,#18791,.T.);
#18791 = EDGE_CURVE('',#10145,#4876,#18792,.T.);
#18792 = LINE('',#18793,#18794);
#18793 = CARTESIAN_POINT('',(213.29,-117.0735012142,-4.6E-02));
#18794 = VECTOR('',#18795,1.);
#18795 = DIRECTION('',(-0.,0.,-1.));
#18796 = CYLINDRICAL_SURFACE('',#18797,0.95);
#18797 = AXIS2_PLACEMENT_3D('',#18798,#18799,#18800);
#18798 = CARTESIAN_POINT('',(213.5,-118.,-4.6E-02));
#18799 = DIRECTION('',(-0.,-0.,-1.));
#18800 = DIRECTION('',(-0.,-1.,0.));
#18801 = ADVANCED_FACE('',(#18802),#18808,.F.);
#18802 = FACE_BOUND('',#18803,.T.);
#18803 = EDGE_LOOP('',(#18804,#18805,#18806,#18807));
#18804 = ORIENTED_EDGE('',*,*,#18750,.F.);
#18805 = ORIENTED_EDGE('',*,*,#4875,.T.);
#18806 = ORIENTED_EDGE('',*,*,#18791,.F.);
#18807 = ORIENTED_EDGE('',*,*,#10144,.F.);
#18808 = CYLINDRICAL_SURFACE('',#18809,0.95);
#18809 = AXIS2_PLACEMENT_3D('',#18810,#18811,#18812);
#18810 = CARTESIAN_POINT('',(213.08,-118.,-4.6E-02));
#18811 = DIRECTION('',(-0.,0.,-1.));
#18812 = DIRECTION('',(2.991758887411E-14,-1.,-0.));
#18813 = ADVANCED_FACE('',(#18814),#18825,.F.);
#18814 = FACE_BOUND('',#18815,.T.);
#18815 = EDGE_LOOP('',(#18816,#18817,#18823,#18824));
#18816 = ORIENTED_EDGE('',*,*,#4902,.T.);
#18817 = ORIENTED_EDGE('',*,*,#18818,.T.);
#18818 = EDGE_CURVE('',#4903,#10172,#18819,.T.);
#18819 = LINE('',#18820,#18821);
#18820 = CARTESIAN_POINT('',(213.,-115.75,-4.6E-02));
#18821 = VECTOR('',#18822,1.);
#18822 = DIRECTION('',(0.,0.,1.));
#18823 = ORIENTED_EDGE('',*,*,#10171,.F.);
#18824 = ORIENTED_EDGE('',*,*,#18818,.F.);
#18825 = CYLINDRICAL_SURFACE('',#18826,1.5);
#18826 = AXIS2_PLACEMENT_3D('',#18827,#18828,#18829);
#18827 = CARTESIAN_POINT('',(213.,-114.25,-4.6E-02));
#18828 = DIRECTION('',(-0.,-0.,-1.));
#18829 = DIRECTION('',(-0.,-1.,0.));
#18830 = ADVANCED_FACE('',(#18831),#18847,.F.);
#18831 = FACE_BOUND('',#18832,.T.);
#18832 = EDGE_LOOP('',(#18833,#18834,#18840,#18841));
#18833 = ORIENTED_EDGE('',*,*,#4913,.T.);
#18834 = ORIENTED_EDGE('',*,*,#18835,.T.);
#18835 = EDGE_CURVE('',#4916,#10185,#18836,.T.);
#18836 = LINE('',#18837,#18838);
#18837 = CARTESIAN_POINT('',(225.672848,-113.160607,-4.6E-02));
#18838 = VECTOR('',#18839,1.);
#18839 = DIRECTION('',(0.,0.,1.));
#18840 = ORIENTED_EDGE('',*,*,#10182,.F.);
#18841 = ORIENTED_EDGE('',*,*,#18842,.T.);
#18842 = EDGE_CURVE('',#10183,#4914,#18843,.T.);
#18843 = LINE('',#18844,#18845);
#18844 = CARTESIAN_POINT('',(225.77112330892,-113.1573841923,-4.6E-02));
#18845 = VECTOR('',#18846,1.);
#18846 = DIRECTION('',(-0.,-0.,-1.));
#18847 = CYLINDRICAL_SURFACE('',#18848,1.5);
#18848 = AXIS2_PLACEMENT_3D('',#18849,#18850,#18851);
#18849 = CARTESIAN_POINT('',(225.672848,-111.660607,-4.6E-02));
#18850 = DIRECTION('',(-0.,-0.,-1.));
#18851 = DIRECTION('',(-0.,-1.,0.));
#18852 = ADVANCED_FACE('',(#18853),#18864,.F.);
#18853 = FACE_BOUND('',#18854,.T.);
#18854 = EDGE_LOOP('',(#18855,#18861,#18862,#18863));
#18855 = ORIENTED_EDGE('',*,*,#18856,.F.);
#18856 = EDGE_CURVE('',#4934,#10203,#18857,.T.);
#18857 = LINE('',#18858,#18859);
#18858 = CARTESIAN_POINT('',(226.76257,-115.78301,-4.6E-02));
#18859 = VECTOR('',#18860,1.);
#18860 = DIRECTION('',(0.,0.,1.));
#18861 = ORIENTED_EDGE('',*,*,#4942,.T.);
#18862 = ORIENTED_EDGE('',*,*,#18842,.F.);
#18863 = ORIENTED_EDGE('',*,*,#10211,.F.);
#18864 = CYLINDRICAL_SURFACE('',#18865,1.5);
#18865 = AXIS2_PLACEMENT_3D('',#18866,#18867,#18868);
#18866 = CARTESIAN_POINT('',(226.76257,-114.28301,-4.6E-02));
#18867 = DIRECTION('',(-0.,-0.,-1.));
#18868 = DIRECTION('',(-0.,-1.,0.));
#18869 = ADVANCED_FACE('',(#18870),#18881,.F.);
#18870 = FACE_BOUND('',#18871,.T.);
#18871 = EDGE_LOOP('',(#18872,#18873,#18874,#18875));
#18872 = ORIENTED_EDGE('',*,*,#4933,.T.);
#18873 = ORIENTED_EDGE('',*,*,#18856,.T.);
#18874 = ORIENTED_EDGE('',*,*,#10202,.F.);
#18875 = ORIENTED_EDGE('',*,*,#18876,.T.);
#18876 = EDGE_CURVE('',#10194,#4925,#18877,.T.);
#18877 = LINE('',#18878,#18879);
#18878 = CARTESIAN_POINT('',(226.66429469107,-112.7862328076,-4.6E-02));
#18879 = VECTOR('',#18880,1.);
#18880 = DIRECTION('',(-0.,-0.,-1.));
#18881 = CYLINDRICAL_SURFACE('',#18882,1.5);
#18882 = AXIS2_PLACEMENT_3D('',#18883,#18884,#18885);
#18883 = CARTESIAN_POINT('',(226.76257,-114.28301,-4.6E-02));
#18884 = DIRECTION('',(-0.,-0.,-1.));
#18885 = DIRECTION('',(-0.,-1.,0.));
#18886 = ADVANCED_FACE('',(#18887),#18893,.F.);
#18887 = FACE_BOUND('',#18888,.T.);
#18888 = EDGE_LOOP('',(#18889,#18890,#18891,#18892));
#18889 = ORIENTED_EDGE('',*,*,#18835,.F.);
#18890 = ORIENTED_EDGE('',*,*,#4924,.T.);
#18891 = ORIENTED_EDGE('',*,*,#18876,.F.);
#18892 = ORIENTED_EDGE('',*,*,#10193,.F.);
#18893 = CYLINDRICAL_SURFACE('',#18894,1.5);
#18894 = AXIS2_PLACEMENT_3D('',#18895,#18896,#18897);
#18895 = CARTESIAN_POINT('',(225.672848,-111.660607,-4.6E-02));
#18896 = DIRECTION('',(-0.,-0.,-1.));
#18897 = DIRECTION('',(-0.,-1.,0.));
#18898 = ADVANCED_FACE('',(#18899),#18915,.F.);
#18899 = FACE_BOUND('',#18900,.T.);
#18900 = EDGE_LOOP('',(#18901,#18902,#18908,#18909));
#18901 = ORIENTED_EDGE('',*,*,#4951,.T.);
#18902 = ORIENTED_EDGE('',*,*,#18903,.T.);
#18903 = EDGE_CURVE('',#4954,#10223,#18904,.T.);
#18904 = LINE('',#18905,#18906);
#18905 = CARTESIAN_POINT('',(231.830196,-116.137373,-4.6E-02));
#18906 = VECTOR('',#18907,1.);
#18907 = DIRECTION('',(0.,0.,1.));
#18908 = ORIENTED_EDGE('',*,*,#10220,.F.);
#18909 = ORIENTED_EDGE('',*,*,#18910,.T.);
#18910 = EDGE_CURVE('',#10221,#4952,#18911,.T.);
#18911 = LINE('',#18912,#18913);
#18912 = CARTESIAN_POINT('',(232.96865011399,-113.6606835763,-4.6E-02));
#18913 = VECTOR('',#18914,1.);
#18914 = DIRECTION('',(-0.,-0.,-1.));
#18915 = CYLINDRICAL_SURFACE('',#18916,1.5);
#18916 = AXIS2_PLACEMENT_3D('',#18917,#18918,#18919);
#18917 = CARTESIAN_POINT('',(231.830196,-114.637373,-4.6E-02));
#18918 = DIRECTION('',(-0.,-0.,-1.));
#18919 = DIRECTION('',(-0.,-1.,0.));
#18920 = ADVANCED_FACE('',(#18921),#18932,.F.);
#18921 = FACE_BOUND('',#18922,.T.);
#18922 = EDGE_LOOP('',(#18923,#18929,#18930,#18931));
#18923 = ORIENTED_EDGE('',*,*,#18924,.F.);
#18924 = EDGE_CURVE('',#4972,#10241,#18925,.T.);
#18925 = LINE('',#18926,#18927);
#18926 = CARTESIAN_POINT('',(233.274284,-113.692151,-4.6E-02));
#18927 = VECTOR('',#18928,1.);
#18928 = DIRECTION('',(0.,0.,1.));
#18929 = ORIENTED_EDGE('',*,*,#4980,.T.);
#18930 = ORIENTED_EDGE('',*,*,#18910,.F.);
#18931 = ORIENTED_EDGE('',*,*,#10249,.F.);
#18932 = CYLINDRICAL_SURFACE('',#18933,1.5);
#18933 = AXIS2_PLACEMENT_3D('',#18934,#18935,#18936);
#18934 = CARTESIAN_POINT('',(233.274284,-112.192151,-4.6E-02));
#18935 = DIRECTION('',(-0.,-0.,-1.));
#18936 = DIRECTION('',(-0.,-1.,0.));
#18937 = ADVANCED_FACE('',(#18938),#18949,.F.);
#18938 = FACE_BOUND('',#18939,.T.);
#18939 = EDGE_LOOP('',(#18940,#18941,#18942,#18943));
#18940 = ORIENTED_EDGE('',*,*,#4971,.T.);
#18941 = ORIENTED_EDGE('',*,*,#18924,.T.);
#18942 = ORIENTED_EDGE('',*,*,#10240,.F.);
#18943 = ORIENTED_EDGE('',*,*,#18944,.T.);
#18944 = EDGE_CURVE('',#10232,#4963,#18945,.T.);
#18945 = LINE('',#18946,#18947);
#18946 = CARTESIAN_POINT('',(232.135829886,-113.1688404236,-4.6E-02));
#18947 = VECTOR('',#18948,1.);
#18948 = DIRECTION('',(-0.,-0.,-1.));
#18949 = CYLINDRICAL_SURFACE('',#18950,1.5);
#18950 = AXIS2_PLACEMENT_3D('',#18951,#18952,#18953);
#18951 = CARTESIAN_POINT('',(233.274284,-112.192151,-4.6E-02));
#18952 = DIRECTION('',(-0.,-0.,-1.));
#18953 = DIRECTION('',(-0.,-1.,0.));
#18954 = ADVANCED_FACE('',(#18955),#18961,.F.);
#18955 = FACE_BOUND('',#18956,.T.);
#18956 = EDGE_LOOP('',(#18957,#18958,#18959,#18960));
#18957 = ORIENTED_EDGE('',*,*,#18903,.F.);
#18958 = ORIENTED_EDGE('',*,*,#4962,.T.);
#18959 = ORIENTED_EDGE('',*,*,#18944,.F.);
#18960 = ORIENTED_EDGE('',*,*,#10231,.F.);
#18961 = CYLINDRICAL_SURFACE('',#18962,1.5);
#18962 = AXIS2_PLACEMENT_3D('',#18963,#18964,#18965);
#18963 = CARTESIAN_POINT('',(231.830196,-114.637373,-4.6E-02));
#18964 = DIRECTION('',(-0.,-0.,-1.));
#18965 = DIRECTION('',(-0.,-1.,0.));
#18966 = ADVANCED_FACE('',(#18967),#18983,.F.);
#18967 = FACE_BOUND('',#18968,.T.);
#18968 = EDGE_LOOP('',(#18969,#18970,#18976,#18977));
#18969 = ORIENTED_EDGE('',*,*,#4989,.T.);
#18970 = ORIENTED_EDGE('',*,*,#18971,.T.);
#18971 = EDGE_CURVE('',#4992,#10261,#18972,.T.);
#18972 = LINE('',#18973,#18974);
#18973 = CARTESIAN_POINT('',(224.164144,-109.958905,-4.6E-02));
#18974 = VECTOR('',#18975,1.);
#18975 = DIRECTION('',(0.,0.,1.));
#18976 = ORIENTED_EDGE('',*,*,#10258,.F.);
#18977 = ORIENTED_EDGE('',*,*,#18978,.T.);
#18978 = EDGE_CURVE('',#10259,#4990,#18979,.T.);
#18979 = LINE('',#18980,#18981);
#18980 = CARTESIAN_POINT('',(224.30900261097,-109.9477958258,-4.6E-02));
#18981 = VECTOR('',#18982,1.);
#18982 = DIRECTION('',(-0.,-0.,-1.));
#18983 = CYLINDRICAL_SURFACE('',#18984,0.95);
#18984 = AXIS2_PLACEMENT_3D('',#18985,#18986,#18987);
#18985 = CARTESIAN_POINT('',(224.164144,-109.008905,-4.6E-02));
#18986 = DIRECTION('',(-0.,-0.,-1.));
#18987 = DIRECTION('',(-2.991758887411E-14,-1.,0.));
#18988 = ADVANCED_FACE('',(#18989),#19000,.F.);
#18989 = FACE_BOUND('',#18990,.T.);
#18990 = EDGE_LOOP('',(#18991,#18997,#18998,#18999));
#18991 = ORIENTED_EDGE('',*,*,#18992,.F.);
#18992 = EDGE_CURVE('',#5010,#10279,#18993,.T.);
#18993 = LINE('',#18994,#18995);
#18994 = CARTESIAN_POINT('',(224.583121,-109.988203,-4.6E-02));
#18995 = VECTOR('',#18996,1.);
#18996 = DIRECTION('',(0.,0.,1.));
#18997 = ORIENTED_EDGE('',*,*,#5018,.T.);
#18998 = ORIENTED_EDGE('',*,*,#18978,.F.);
#18999 = ORIENTED_EDGE('',*,*,#10287,.F.);
#19000 = CYLINDRICAL_SURFACE('',#19001,0.95);
#19001 = AXIS2_PLACEMENT_3D('',#19002,#19003,#19004);
#19002 = CARTESIAN_POINT('',(224.583121,-109.038203,-4.6E-02));
#19003 = DIRECTION('',(-0.,-0.,-1.));
#19004 = DIRECTION('',(-0.,-1.,0.));
#19005 = ADVANCED_FACE('',(#19006),#19017,.F.);
#19006 = FACE_BOUND('',#19007,.T.);
#19007 = EDGE_LOOP('',(#19008,#19009,#19010,#19011));
#19008 = ORIENTED_EDGE('',*,*,#5009,.T.);
#19009 = ORIENTED_EDGE('',*,*,#18992,.T.);
#19010 = ORIENTED_EDGE('',*,*,#10278,.F.);
#19011 = ORIENTED_EDGE('',*,*,#19012,.T.);
#19012 = EDGE_CURVE('',#10270,#5001,#19013,.T.);
#19013 = LINE('',#19014,#19015);
#19014 = CARTESIAN_POINT('',(224.43826238902,-108.0993121741,-4.6E-02));
#19015 = VECTOR('',#19016,1.);
#19016 = DIRECTION('',(-0.,-0.,-1.));
#19017 = CYLINDRICAL_SURFACE('',#19018,0.95);
#19018 = AXIS2_PLACEMENT_3D('',#19019,#19020,#19021);
#19019 = CARTESIAN_POINT('',(224.583121,-109.038203,-4.6E-02));
#19020 = DIRECTION('',(-0.,-0.,-1.));
#19021 = DIRECTION('',(-0.,-1.,0.));
#19022 = ADVANCED_FACE('',(#19023),#19029,.F.);
#19023 = FACE_BOUND('',#19024,.T.);
#19024 = EDGE_LOOP('',(#19025,#19026,#19027,#19028));
#19025 = ORIENTED_EDGE('',*,*,#18971,.F.);
#19026 = ORIENTED_EDGE('',*,*,#5000,.T.);
#19027 = ORIENTED_EDGE('',*,*,#19012,.F.);
#19028 = ORIENTED_EDGE('',*,*,#10269,.F.);
#19029 = CYLINDRICAL_SURFACE('',#19030,0.95);
#19030 = AXIS2_PLACEMENT_3D('',#19031,#19032,#19033);
#19031 = CARTESIAN_POINT('',(224.164144,-109.008905,-4.6E-02));
#19032 = DIRECTION('',(-0.,-0.,-1.));
#19033 = DIRECTION('',(-2.991758887411E-14,-1.,0.));
#19034 = ADVANCED_FACE('',(#19035),#19046,.F.);
#19035 = FACE_BOUND('',#19036,.T.);
#19036 = EDGE_LOOP('',(#19037,#19038,#19044,#19045));
#19037 = ORIENTED_EDGE('',*,*,#5027,.T.);
#19038 = ORIENTED_EDGE('',*,*,#19039,.T.);
#19039 = EDGE_CURVE('',#5028,#10297,#19040,.T.);
#19040 = LINE('',#19041,#19042);
#19041 = CARTESIAN_POINT('',(224.924513,-106.802918,-4.6E-02));
#19042 = VECTOR('',#19043,1.);
#19043 = DIRECTION('',(0.,0.,1.));
#19044 = ORIENTED_EDGE('',*,*,#10296,.F.);
#19045 = ORIENTED_EDGE('',*,*,#19039,.F.);
#19046 = CYLINDRICAL_SURFACE('',#19047,1.5);
#19047 = AXIS2_PLACEMENT_3D('',#19048,#19049,#19050);
#19048 = CARTESIAN_POINT('',(224.924513,-105.302918,-4.6E-02));
#19049 = DIRECTION('',(-0.,-0.,-1.));
#19050 = DIRECTION('',(-0.,-1.,0.));
#19051 = ADVANCED_FACE('',(#19052),#19063,.F.);
#19052 = FACE_BOUND('',#19053,.T.);
#19053 = EDGE_LOOP('',(#19054,#19055,#19061,#19062));
#19054 = ORIENTED_EDGE('',*,*,#5038,.T.);
#19055 = ORIENTED_EDGE('',*,*,#19056,.T.);
#19056 = EDGE_CURVE('',#5039,#10308,#19057,.T.);
#19057 = LINE('',#19058,#19059);
#19058 = CARTESIAN_POINT('',(229.650746,-111.892566,-4.6E-02));
#19059 = VECTOR('',#19060,1.);
#19060 = DIRECTION('',(0.,0.,1.));
#19061 = ORIENTED_EDGE('',*,*,#10307,.F.);
#19062 = ORIENTED_EDGE('',*,*,#19056,.F.);
#19063 = CYLINDRICAL_SURFACE('',#19064,2.5);
#19064 = AXIS2_PLACEMENT_3D('',#19065,#19066,#19067);
#19065 = CARTESIAN_POINT('',(229.650746,-109.392566,-4.6E-02));
#19066 = DIRECTION('',(-0.,-0.,-1.));
#19067 = DIRECTION('',(-0.,-1.,0.));
#19068 = ADVANCED_FACE('',(#19069),#19085,.F.);
#19069 = FACE_BOUND('',#19070,.T.);
#19070 = EDGE_LOOP('',(#19071,#19072,#19078,#19079));
#19071 = ORIENTED_EDGE('',*,*,#5049,.T.);
#19072 = ORIENTED_EDGE('',*,*,#19073,.T.);
#19073 = EDGE_CURVE('',#5052,#10321,#19074,.T.);
#19074 = LINE('',#19075,#19076);
#19075 = CARTESIAN_POINT('',(235.137348,-110.726227,-4.6E-02));
#19076 = VECTOR('',#19077,1.);
#19077 = DIRECTION('',(0.,0.,1.));
#19078 = ORIENTED_EDGE('',*,*,#10318,.F.);
#19079 = ORIENTED_EDGE('',*,*,#19080,.T.);
#19080 = EDGE_CURVE('',#10319,#5050,#19081,.T.);
#19081 = LINE('',#19082,#19083);
#19082 = CARTESIAN_POINT('',(234.99248938902,-108.8373361741,-4.6E-02));
#19083 = VECTOR('',#19084,1.);
#19084 = DIRECTION('',(-0.,0.,-1.));
#19085 = CYLINDRICAL_SURFACE('',#19086,0.95);
#19086 = AXIS2_PLACEMENT_3D('',#19087,#19088,#19089);
#19087 = CARTESIAN_POINT('',(235.137348,-109.776227,-4.6E-02));
#19088 = DIRECTION('',(-0.,0.,-1.));
#19089 = DIRECTION('',(2.991758887411E-14,-1.,-0.));
#19090 = ADVANCED_FACE('',(#19091),#19102,.F.);
#19091 = FACE_BOUND('',#19092,.T.);
#19092 = EDGE_LOOP('',(#19093,#19099,#19100,#19101));
#19093 = ORIENTED_EDGE('',*,*,#19094,.F.);
#19094 = EDGE_CURVE('',#5070,#10339,#19095,.T.);
#19095 = LINE('',#19096,#19097);
#19096 = CARTESIAN_POINT('',(234.718371,-110.696929,-4.6E-02));
#19097 = VECTOR('',#19098,1.);
#19098 = DIRECTION('',(0.,0.,1.));
#19099 = ORIENTED_EDGE('',*,*,#5078,.T.);
#19100 = ORIENTED_EDGE('',*,*,#19080,.F.);
#19101 = ORIENTED_EDGE('',*,*,#10347,.F.);
#19102 = CYLINDRICAL_SURFACE('',#19103,0.95);
#19103 = AXIS2_PLACEMENT_3D('',#19104,#19105,#19106);
#19104 = CARTESIAN_POINT('',(234.718371,-109.746929,-4.6E-02));
#19105 = DIRECTION('',(-0.,-0.,-1.));
#19106 = DIRECTION('',(-0.,-1.,0.));
#19107 = ADVANCED_FACE('',(#19108),#19119,.F.);
#19108 = FACE_BOUND('',#19109,.T.);
#19109 = EDGE_LOOP('',(#19110,#19111,#19112,#19113));
#19110 = ORIENTED_EDGE('',*,*,#5069,.T.);
#19111 = ORIENTED_EDGE('',*,*,#19094,.T.);
#19112 = ORIENTED_EDGE('',*,*,#10338,.F.);
#19113 = ORIENTED_EDGE('',*,*,#19114,.T.);
#19114 = EDGE_CURVE('',#10330,#5061,#19115,.T.);
#19115 = LINE('',#19116,#19117);
#19116 = CARTESIAN_POINT('',(234.86322961097,-110.6858198258,-4.6E-02));
#19117 = VECTOR('',#19118,1.);
#19118 = DIRECTION('',(-0.,0.,-1.));
#19119 = CYLINDRICAL_SURFACE('',#19120,0.95);
#19120 = AXIS2_PLACEMENT_3D('',#19121,#19122,#19123);
#19121 = CARTESIAN_POINT('',(234.718371,-109.746929,-4.6E-02));
#19122 = DIRECTION('',(-0.,-0.,-1.));
#19123 = DIRECTION('',(-0.,-1.,0.));
#19124 = ADVANCED_FACE('',(#19125),#19131,.F.);
#19125 = FACE_BOUND('',#19126,.T.);
#19126 = EDGE_LOOP('',(#19127,#19128,#19129,#19130));
#19127 = ORIENTED_EDGE('',*,*,#19073,.F.);
#19128 = ORIENTED_EDGE('',*,*,#5060,.T.);
#19129 = ORIENTED_EDGE('',*,*,#19114,.F.);
#19130 = ORIENTED_EDGE('',*,*,#10329,.F.);
#19131 = CYLINDRICAL_SURFACE('',#19132,0.95);
#19132 = AXIS2_PLACEMENT_3D('',#19133,#19134,#19135);
#19133 = CARTESIAN_POINT('',(235.137348,-109.776227,-4.6E-02));
#19134 = DIRECTION('',(-0.,0.,-1.));
#19135 = DIRECTION('',(2.991758887411E-14,-1.,-0.));
#19136 = ADVANCED_FACE('',(#19137),#19148,.F.);
#19137 = FACE_BOUND('',#19138,.T.);
#19138 = EDGE_LOOP('',(#19139,#19140,#19146,#19147));
#19139 = ORIENTED_EDGE('',*,*,#5087,.T.);
#19140 = ORIENTED_EDGE('',*,*,#19141,.T.);
#19141 = EDGE_CURVE('',#5088,#10357,#19142,.T.);
#19142 = LINE('',#19143,#19144);
#19143 = CARTESIAN_POINT('',(234.900153,-107.500483,-4.6E-02));
#19144 = VECTOR('',#19145,1.);
#19145 = DIRECTION('',(0.,0.,1.));
#19146 = ORIENTED_EDGE('',*,*,#10356,.F.);
#19147 = ORIENTED_EDGE('',*,*,#19141,.F.);
#19148 = CYLINDRICAL_SURFACE('',#19149,1.5);
#19149 = AXIS2_PLACEMENT_3D('',#19150,#19151,#19152);
#19150 = CARTESIAN_POINT('',(234.900153,-106.000483,-4.6E-02));
#19151 = DIRECTION('',(-0.,-0.,-1.));
#19152 = DIRECTION('',(-0.,-1.,0.));
#19153 = ADVANCED_FACE('',(#19154),#19170,.F.);
#19154 = FACE_BOUND('',#19155,.T.);
#19155 = EDGE_LOOP('',(#19156,#19157,#19163,#19164));
#19156 = ORIENTED_EDGE('',*,*,#5098,.T.);
#19157 = ORIENTED_EDGE('',*,*,#19158,.T.);
#19158 = EDGE_CURVE('',#5101,#10370,#19159,.T.);
#19159 = LINE('',#19160,#19161);
#19160 = CARTESIAN_POINT('',(204.19,-103.04,-4.6E-02));
#19161 = VECTOR('',#19162,1.);
#19162 = DIRECTION('',(0.,0.,1.));
#19163 = ORIENTED_EDGE('',*,*,#10367,.F.);
#19164 = ORIENTED_EDGE('',*,*,#19165,.T.);
#19165 = EDGE_CURVE('',#10368,#5099,#19166,.T.);
#19166 = LINE('',#19167,#19168);
#19167 = CARTESIAN_POINT('',(204.39244942492,-103.0262752875,-4.6E-02));
#19168 = VECTOR('',#19169,1.);
#19169 = DIRECTION('',(-0.,-0.,-1.));
#19170 = CYLINDRICAL_SURFACE('',#19171,1.5);
#19171 = AXIS2_PLACEMENT_3D('',#19172,#19173,#19174);
#19172 = CARTESIAN_POINT('',(204.19,-101.54,-4.6E-02));
#19173 = DIRECTION('',(-0.,-0.,-1.));
#19174 = DIRECTION('',(-0.,-1.,0.));
#19175 = ADVANCED_FACE('',(#19176),#19187,.F.);
#19176 = FACE_BOUND('',#19177,.T.);
#19177 = EDGE_LOOP('',(#19178,#19184,#19185,#19186));
#19178 = ORIENTED_EDGE('',*,*,#19179,.F.);
#19179 = EDGE_CURVE('',#5119,#10388,#19180,.T.);
#19180 = LINE('',#19181,#19182);
#19181 = CARTESIAN_POINT('',(205.46,-105.58,-4.6E-02));
#19182 = VECTOR('',#19183,1.);
#19183 = DIRECTION('',(0.,0.,1.));
#19184 = ORIENTED_EDGE('',*,*,#5127,.T.);
#19185 = ORIENTED_EDGE('',*,*,#19165,.F.);
#19186 = ORIENTED_EDGE('',*,*,#10396,.F.);
#19187 = CYLINDRICAL_SURFACE('',#19188,1.5);
#19188 = AXIS2_PLACEMENT_3D('',#19189,#19190,#19191);
#19189 = CARTESIAN_POINT('',(205.46,-104.08,-4.6E-02));
#19190 = DIRECTION('',(-0.,-0.,-1.));
#19191 = DIRECTION('',(-0.,-1.,0.));
#19192 = ADVANCED_FACE('',(#19193),#19204,.F.);
#19193 = FACE_BOUND('',#19194,.T.);
#19194 = EDGE_LOOP('',(#19195,#19196,#19197,#19198));
#19195 = ORIENTED_EDGE('',*,*,#5118,.T.);
#19196 = ORIENTED_EDGE('',*,*,#19179,.T.);
#19197 = ORIENTED_EDGE('',*,*,#10387,.F.);
#19198 = ORIENTED_EDGE('',*,*,#19199,.T.);
#19199 = EDGE_CURVE('',#10379,#5110,#19200,.T.);
#19200 = LINE('',#19201,#19202);
#19201 = CARTESIAN_POINT('',(205.25755057507,-102.5937247124,-4.6E-02));
#19202 = VECTOR('',#19203,1.);
#19203 = DIRECTION('',(-0.,-0.,-1.));
#19204 = CYLINDRICAL_SURFACE('',#19205,1.5);
#19205 = AXIS2_PLACEMENT_3D('',#19206,#19207,#19208);
#19206 = CARTESIAN_POINT('',(205.46,-104.08,-4.6E-02));
#19207 = DIRECTION('',(-0.,-0.,-1.));
#19208 = DIRECTION('',(-0.,-1.,0.));
#19209 = ADVANCED_FACE('',(#19210),#19216,.F.);
#19210 = FACE_BOUND('',#19211,.T.);
#19211 = EDGE_LOOP('',(#19212,#19213,#19214,#19215));
#19212 = ORIENTED_EDGE('',*,*,#19158,.F.);
#19213 = ORIENTED_EDGE('',*,*,#5109,.T.);
#19214 = ORIENTED_EDGE('',*,*,#19199,.F.);
#19215 = ORIENTED_EDGE('',*,*,#10378,.F.);
#19216 = CYLINDRICAL_SURFACE('',#19217,1.5);
#19217 = AXIS2_PLACEMENT_3D('',#19218,#19219,#19220);
#19218 = CARTESIAN_POINT('',(204.19,-101.54,-4.6E-02));
#19219 = DIRECTION('',(-0.,-0.,-1.));
#19220 = DIRECTION('',(-0.,-1.,0.));
#19221 = ADVANCED_FACE('',(#19222),#19238,.F.);
#19222 = FACE_BOUND('',#19223,.T.);
#19223 = EDGE_LOOP('',(#19224,#19225,#19231,#19232));
#19224 = ORIENTED_EDGE('',*,*,#5136,.T.);
#19225 = ORIENTED_EDGE('',*,*,#19226,.T.);
#19226 = EDGE_CURVE('',#5139,#10408,#19227,.T.);
#19227 = LINE('',#19228,#19229);
#19228 = CARTESIAN_POINT('',(202.5,-99.95,-4.6E-02));
#19229 = VECTOR('',#19230,1.);
#19230 = DIRECTION('',(0.,0.,1.));
#19231 = ORIENTED_EDGE('',*,*,#10405,.F.);
#19232 = ORIENTED_EDGE('',*,*,#19233,.T.);
#19233 = EDGE_CURVE('',#10406,#5137,#19234,.T.);
#19234 = LINE('',#19235,#19236);
#19235 = CARTESIAN_POINT('',(202.71,-99.92649878575,-4.6E-02));
#19236 = VECTOR('',#19237,1.);
#19237 = DIRECTION('',(-0.,-0.,-1.));
#19238 = CYLINDRICAL_SURFACE('',#19239,0.95);
#19239 = AXIS2_PLACEMENT_3D('',#19240,#19241,#19242);
#19240 = CARTESIAN_POINT('',(202.5,-99.,-4.6E-02));
#19241 = DIRECTION('',(-0.,-0.,-1.));
#19242 = DIRECTION('',(-0.,-1.,0.));
#19243 = ADVANCED_FACE('',(#19244),#19255,.F.);
#19244 = FACE_BOUND('',#19245,.T.);
#19245 = EDGE_LOOP('',(#19246,#19252,#19253,#19254));
#19246 = ORIENTED_EDGE('',*,*,#19247,.F.);
#19247 = EDGE_CURVE('',#5157,#10426,#19248,.T.);
#19248 = LINE('',#19249,#19250);
#19249 = CARTESIAN_POINT('',(202.92,-99.95,-4.6E-02));
#19250 = VECTOR('',#19251,1.);
#19251 = DIRECTION('',(0.,0.,1.));
#19252 = ORIENTED_EDGE('',*,*,#5165,.T.);
#19253 = ORIENTED_EDGE('',*,*,#19233,.F.);
#19254 = ORIENTED_EDGE('',*,*,#10434,.F.);
#19255 = CYLINDRICAL_SURFACE('',#19256,0.95);
#19256 = AXIS2_PLACEMENT_3D('',#19257,#19258,#19259);
#19257 = CARTESIAN_POINT('',(202.92,-99.,-4.6E-02));
#19258 = DIRECTION('',(-0.,-0.,-1.));
#19259 = DIRECTION('',(-2.991758887411E-14,-1.,0.));
#19260 = ADVANCED_FACE('',(#19261),#19272,.F.);
#19261 = FACE_BOUND('',#19262,.T.);
#19262 = EDGE_LOOP('',(#19263,#19264,#19265,#19266));
#19263 = ORIENTED_EDGE('',*,*,#5156,.T.);
#19264 = ORIENTED_EDGE('',*,*,#19247,.T.);
#19265 = ORIENTED_EDGE('',*,*,#10425,.F.);
#19266 = ORIENTED_EDGE('',*,*,#19267,.T.);
#19267 = EDGE_CURVE('',#10417,#5148,#19268,.T.);
#19268 = LINE('',#19269,#19270);
#19269 = CARTESIAN_POINT('',(202.71,-98.07350121424,-4.6E-02));
#19270 = VECTOR('',#19271,1.);
#19271 = DIRECTION('',(-0.,-0.,-1.));
#19272 = CYLINDRICAL_SURFACE('',#19273,0.95);
#19273 = AXIS2_PLACEMENT_3D('',#19274,#19275,#19276);
#19274 = CARTESIAN_POINT('',(202.92,-99.,-4.6E-02));
#19275 = DIRECTION('',(-0.,-0.,-1.));
#19276 = DIRECTION('',(-2.991758887411E-14,-1.,0.));
#19277 = ADVANCED_FACE('',(#19278),#19284,.F.);
#19278 = FACE_BOUND('',#19279,.T.);
#19279 = EDGE_LOOP('',(#19280,#19281,#19282,#19283));
#19280 = ORIENTED_EDGE('',*,*,#19226,.F.);
#19281 = ORIENTED_EDGE('',*,*,#5147,.T.);
#19282 = ORIENTED_EDGE('',*,*,#19267,.F.);
#19283 = ORIENTED_EDGE('',*,*,#10416,.F.);
#19284 = CYLINDRICAL_SURFACE('',#19285,0.95);
#19285 = AXIS2_PLACEMENT_3D('',#19286,#19287,#19288);
#19286 = CARTESIAN_POINT('',(202.5,-99.,-4.6E-02));
#19287 = DIRECTION('',(-0.,-0.,-1.));
#19288 = DIRECTION('',(-0.,-1.,0.));
#19289 = ADVANCED_FACE('',(#19290),#19301,.F.);
#19290 = FACE_BOUND('',#19291,.T.);
#19291 = EDGE_LOOP('',(#19292,#19293,#19299,#19300));
#19292 = ORIENTED_EDGE('',*,*,#5174,.T.);
#19293 = ORIENTED_EDGE('',*,*,#19294,.T.);
#19294 = EDGE_CURVE('',#5175,#10444,#19295,.T.);
#19295 = LINE('',#19296,#19297);
#19296 = CARTESIAN_POINT('',(208.,-101.5,-4.6E-02));
#19297 = VECTOR('',#19298,1.);
#19298 = DIRECTION('',(0.,0.,1.));
#19299 = ORIENTED_EDGE('',*,*,#10443,.F.);
#19300 = ORIENTED_EDGE('',*,*,#19294,.F.);
#19301 = CYLINDRICAL_SURFACE('',#19302,2.5);
#19302 = AXIS2_PLACEMENT_3D('',#19303,#19304,#19305);
#19303 = CARTESIAN_POINT('',(208.,-99.,-4.6E-02));
#19304 = DIRECTION('',(-0.,-0.,-1.));
#19305 = DIRECTION('',(-0.,-1.,0.));
#19306 = ADVANCED_FACE('',(#19307),#19323,.F.);
#19307 = FACE_BOUND('',#19308,.T.);
#19308 = EDGE_LOOP('',(#19309,#19310,#19316,#19317));
#19309 = ORIENTED_EDGE('',*,*,#5185,.T.);
#19310 = ORIENTED_EDGE('',*,*,#19311,.T.);
#19311 = EDGE_CURVE('',#5188,#10457,#19312,.T.);
#19312 = LINE('',#19313,#19314);
#19313 = CARTESIAN_POINT('',(210.54,-105.58,-4.6E-02));
#19314 = VECTOR('',#19315,1.);
#19315 = DIRECTION('',(0.,0.,1.));
#19316 = ORIENTED_EDGE('',*,*,#10454,.F.);
#19317 = ORIENTED_EDGE('',*,*,#19318,.T.);
#19318 = EDGE_CURVE('',#10455,#5186,#19319,.T.);
#19319 = LINE('',#19320,#19321);
#19320 = CARTESIAN_POINT('',(211.60755057507,-103.0262752875,-4.6E-02));
#19321 = VECTOR('',#19322,1.);
#19322 = DIRECTION('',(-0.,-0.,-1.));
#19323 = CYLINDRICAL_SURFACE('',#19324,1.5);
#19324 = AXIS2_PLACEMENT_3D('',#19325,#19326,#19327);
#19325 = CARTESIAN_POINT('',(210.54,-104.08,-4.6E-02));
#19326 = DIRECTION('',(-0.,-0.,-1.));
#19327 = DIRECTION('',(-0.,-1.,0.));
#19328 = ADVANCED_FACE('',(#19329),#19340,.F.);
#19329 = FACE_BOUND('',#19330,.T.);
#19330 = EDGE_LOOP('',(#19331,#19337,#19338,#19339));
#19331 = ORIENTED_EDGE('',*,*,#19332,.F.);
#19332 = EDGE_CURVE('',#5206,#10475,#19333,.T.);
#19333 = LINE('',#19334,#19335);
#19334 = CARTESIAN_POINT('',(211.81,-103.04,-4.6E-02));
#19335 = VECTOR('',#19336,1.);
#19336 = DIRECTION('',(0.,0.,1.));
#19337 = ORIENTED_EDGE('',*,*,#5214,.T.);
#19338 = ORIENTED_EDGE('',*,*,#19318,.F.);
#19339 = ORIENTED_EDGE('',*,*,#10483,.F.);
#19340 = CYLINDRICAL_SURFACE('',#19341,1.5);
#19341 = AXIS2_PLACEMENT_3D('',#19342,#19343,#19344);
#19342 = CARTESIAN_POINT('',(211.81,-101.54,-4.6E-02));
#19343 = DIRECTION('',(-0.,-0.,-1.));
#19344 = DIRECTION('',(-0.,-1.,0.));
#19345 = ADVANCED_FACE('',(#19346),#19357,.F.);
#19346 = FACE_BOUND('',#19347,.T.);
#19347 = EDGE_LOOP('',(#19348,#19349,#19350,#19351));
#19348 = ORIENTED_EDGE('',*,*,#5205,.T.);
#19349 = ORIENTED_EDGE('',*,*,#19332,.T.);
#19350 = ORIENTED_EDGE('',*,*,#10474,.F.);
#19351 = ORIENTED_EDGE('',*,*,#19352,.T.);
#19352 = EDGE_CURVE('',#10466,#5197,#19353,.T.);
#19353 = LINE('',#19354,#19355);
#19354 = CARTESIAN_POINT('',(210.74244942492,-102.5937247124,-4.6E-02));
#19355 = VECTOR('',#19356,1.);
#19356 = DIRECTION('',(-0.,-0.,-1.));
#19357 = CYLINDRICAL_SURFACE('',#19358,1.5);
#19358 = AXIS2_PLACEMENT_3D('',#19359,#19360,#19361);
#19359 = CARTESIAN_POINT('',(211.81,-101.54,-4.6E-02));
#19360 = DIRECTION('',(-0.,-0.,-1.));
#19361 = DIRECTION('',(-0.,-1.,0.));
#19362 = ADVANCED_FACE('',(#19363),#19369,.F.);
#19363 = FACE_BOUND('',#19364,.T.);
#19364 = EDGE_LOOP('',(#19365,#19366,#19367,#19368));
#19365 = ORIENTED_EDGE('',*,*,#19311,.F.);
#19366 = ORIENTED_EDGE('',*,*,#5196,.T.);
#19367 = ORIENTED_EDGE('',*,*,#19352,.F.);
#19368 = ORIENTED_EDGE('',*,*,#10465,.F.);
#19369 = CYLINDRICAL_SURFACE('',#19370,1.5);
#19370 = AXIS2_PLACEMENT_3D('',#19371,#19372,#19373);
#19371 = CARTESIAN_POINT('',(210.54,-104.08,-4.6E-02));
#19372 = DIRECTION('',(-0.,-0.,-1.));
#19373 = DIRECTION('',(-0.,-1.,0.));
#19374 = ADVANCED_FACE('',(#19375),#19391,.F.);
#19375 = FACE_BOUND('',#19376,.T.);
#19376 = EDGE_LOOP('',(#19377,#19378,#19384,#19385));
#19377 = ORIENTED_EDGE('',*,*,#5223,.T.);
#19378 = ORIENTED_EDGE('',*,*,#19379,.T.);
#19379 = EDGE_CURVE('',#5226,#10495,#19380,.T.);
#19380 = LINE('',#19381,#19382);
#19381 = CARTESIAN_POINT('',(213.5,-99.95,-4.6E-02));
#19382 = VECTOR('',#19383,1.);
#19383 = DIRECTION('',(0.,0.,1.));
#19384 = ORIENTED_EDGE('',*,*,#10492,.F.);
#19385 = ORIENTED_EDGE('',*,*,#19386,.T.);
#19386 = EDGE_CURVE('',#10493,#5224,#19387,.T.);
#19387 = LINE('',#19388,#19389);
#19388 = CARTESIAN_POINT('',(213.29,-98.07350121424,-4.6E-02));
#19389 = VECTOR('',#19390,1.);
#19390 = DIRECTION('',(-0.,-0.,-1.));
#19391 = CYLINDRICAL_SURFACE('',#19392,0.95);
#19392 = AXIS2_PLACEMENT_3D('',#19393,#19394,#19395);
#19393 = CARTESIAN_POINT('',(213.5,-99.,-4.6E-02));
#19394 = DIRECTION('',(-0.,-0.,-1.));
#19395 = DIRECTION('',(-0.,-1.,0.));
#19396 = ADVANCED_FACE('',(#19397),#19408,.F.);
#19397 = FACE_BOUND('',#19398,.T.);
#19398 = EDGE_LOOP('',(#19399,#19405,#19406,#19407));
#19399 = ORIENTED_EDGE('',*,*,#19400,.F.);
#19400 = EDGE_CURVE('',#5244,#10513,#19401,.T.);
#19401 = LINE('',#19402,#19403);
#19402 = CARTESIAN_POINT('',(213.08,-99.95,-4.6E-02));
#19403 = VECTOR('',#19404,1.);
#19404 = DIRECTION('',(0.,0.,1.));
#19405 = ORIENTED_EDGE('',*,*,#5252,.T.);
#19406 = ORIENTED_EDGE('',*,*,#19386,.F.);
#19407 = ORIENTED_EDGE('',*,*,#10521,.F.);
#19408 = CYLINDRICAL_SURFACE('',#19409,0.95);
#19409 = AXIS2_PLACEMENT_3D('',#19410,#19411,#19412);
#19410 = CARTESIAN_POINT('',(213.08,-99.,-4.6E-02));
#19411 = DIRECTION('',(-0.,0.,-1.));
#19412 = DIRECTION('',(2.991758887411E-14,-1.,-0.));
#19413 = ADVANCED_FACE('',(#19414),#19425,.F.);
#19414 = FACE_BOUND('',#19415,.T.);
#19415 = EDGE_LOOP('',(#19416,#19417,#19418,#19419));
#19416 = ORIENTED_EDGE('',*,*,#5243,.T.);
#19417 = ORIENTED_EDGE('',*,*,#19400,.T.);
#19418 = ORIENTED_EDGE('',*,*,#10512,.F.);
#19419 = ORIENTED_EDGE('',*,*,#19420,.T.);
#19420 = EDGE_CURVE('',#10504,#5235,#19421,.T.);
#19421 = LINE('',#19422,#19423);
#19422 = CARTESIAN_POINT('',(213.29,-99.92649878575,-4.6E-02));
#19423 = VECTOR('',#19424,1.);
#19424 = DIRECTION('',(-0.,-0.,-1.));
#19425 = CYLINDRICAL_SURFACE('',#19426,0.95);
#19426 = AXIS2_PLACEMENT_3D('',#19427,#19428,#19429);
#19427 = CARTESIAN_POINT('',(213.08,-99.,-4.6E-02));
#19428 = DIRECTION('',(-0.,0.,-1.));
#19429 = DIRECTION('',(2.991758887411E-14,-1.,-0.));
#19430 = ADVANCED_FACE('',(#19431),#19437,.F.);
#19431 = FACE_BOUND('',#19432,.T.);
#19432 = EDGE_LOOP('',(#19433,#19434,#19435,#19436));
#19433 = ORIENTED_EDGE('',*,*,#19379,.F.);
#19434 = ORIENTED_EDGE('',*,*,#5234,.T.);
#19435 = ORIENTED_EDGE('',*,*,#19420,.F.);
#19436 = ORIENTED_EDGE('',*,*,#10503,.F.);
#19437 = CYLINDRICAL_SURFACE('',#19438,0.95);
#19438 = AXIS2_PLACEMENT_3D('',#19439,#19440,#19441);
#19439 = CARTESIAN_POINT('',(213.5,-99.,-4.6E-02));
#19440 = DIRECTION('',(-0.,-0.,-1.));
#19441 = DIRECTION('',(-0.,-1.,0.));
#19442 = ADVANCED_FACE('',(#19443),#19454,.F.);
#19443 = FACE_BOUND('',#19444,.T.);
#19444 = EDGE_LOOP('',(#19445,#19446,#19452,#19453));
#19445 = ORIENTED_EDGE('',*,*,#5261,.T.);
#19446 = ORIENTED_EDGE('',*,*,#19447,.T.);
#19447 = EDGE_CURVE('',#5262,#10531,#19448,.T.);
#19448 = LINE('',#19449,#19450);
#19449 = CARTESIAN_POINT('',(203.,-96.75,-4.6E-02));
#19450 = VECTOR('',#19451,1.);
#19451 = DIRECTION('',(0.,0.,1.));
#19452 = ORIENTED_EDGE('',*,*,#10530,.F.);
#19453 = ORIENTED_EDGE('',*,*,#19447,.F.);
#19454 = CYLINDRICAL_SURFACE('',#19455,1.5);
#19455 = AXIS2_PLACEMENT_3D('',#19456,#19457,#19458);
#19456 = CARTESIAN_POINT('',(203.,-95.25,-4.6E-02));
#19457 = DIRECTION('',(-0.,-0.,-1.));
#19458 = DIRECTION('',(-0.,-1.,0.));
#19459 = ADVANCED_FACE('',(#19460),#19471,.F.);
#19460 = FACE_BOUND('',#19461,.T.);
#19461 = EDGE_LOOP('',(#19462,#19463,#19469,#19470));
#19462 = ORIENTED_EDGE('',*,*,#5272,.T.);
#19463 = ORIENTED_EDGE('',*,*,#19464,.T.);
#19464 = EDGE_CURVE('',#5273,#10542,#19465,.T.);
#19465 = LINE('',#19466,#19467);
#19466 = CARTESIAN_POINT('',(208.,-94.55,-4.6E-02));
#19467 = VECTOR('',#19468,1.);
#19468 = DIRECTION('',(0.,0.,1.));
#19469 = ORIENTED_EDGE('',*,*,#10541,.F.);
#19470 = ORIENTED_EDGE('',*,*,#19464,.F.);
#19471 = CYLINDRICAL_SURFACE('',#19472,1.5);
#19472 = AXIS2_PLACEMENT_3D('',#19473,#19474,#19475);
#19473 = CARTESIAN_POINT('',(208.,-93.05,-4.6E-02));
#19474 = DIRECTION('',(-0.,-0.,-1.));
#19475 = DIRECTION('',(-0.,-1.,0.));
#19476 = ADVANCED_FACE('',(#19477),#19488,.F.);
#19477 = FACE_BOUND('',#19478,.T.);
#19478 = EDGE_LOOP('',(#19479,#19480,#19486,#19487));
#19479 = ORIENTED_EDGE('',*,*,#5283,.T.);
#19480 = ORIENTED_EDGE('',*,*,#19481,.T.);
#19481 = EDGE_CURVE('',#5284,#10553,#19482,.T.);
#19482 = LINE('',#19483,#19484);
#19483 = CARTESIAN_POINT('',(213.,-96.75,-4.6E-02));
#19484 = VECTOR('',#19485,1.);
#19485 = DIRECTION('',(0.,0.,1.));
#19486 = ORIENTED_EDGE('',*,*,#10552,.F.);
#19487 = ORIENTED_EDGE('',*,*,#19481,.F.);
#19488 = CYLINDRICAL_SURFACE('',#19489,1.5);
#19489 = AXIS2_PLACEMENT_3D('',#19490,#19491,#19492);
#19490 = CARTESIAN_POINT('',(213.,-95.25,-4.6E-02));
#19491 = DIRECTION('',(-0.,-0.,-1.));
#19492 = DIRECTION('',(-0.,-1.,0.));
#19493 = ADVANCED_FACE('',(#19494),#19505,.F.);
#19494 = FACE_BOUND('',#19495,.T.);
#19495 = EDGE_LOOP('',(#19496,#19497,#19503,#19504));
#19496 = ORIENTED_EDGE('',*,*,#5294,.T.);
#19497 = ORIENTED_EDGE('',*,*,#19498,.T.);
#19498 = EDGE_CURVE('',#5295,#10564,#19499,.T.);
#19499 = LINE('',#19500,#19501);
#19500 = CARTESIAN_POINT('',(230.065797,-104.95706,-4.6E-02));
#19501 = VECTOR('',#19502,1.);
#19502 = DIRECTION('',(0.,0.,1.));
#19503 = ORIENTED_EDGE('',*,*,#10563,.F.);
#19504 = ORIENTED_EDGE('',*,*,#19498,.F.);
#19505 = CYLINDRICAL_SURFACE('',#19506,1.5);
#19506 = AXIS2_PLACEMENT_3D('',#19507,#19508,#19509);
#19507 = CARTESIAN_POINT('',(230.065797,-103.45706,-4.6E-02));
#19508 = DIRECTION('',(-0.,-0.,-1.));
#19509 = DIRECTION('',(-0.,-1.,0.));
#19510 = ADVANCED_FACE('',(#19511),#19522,.F.);
#19511 = FACE_BOUND('',#19512,.T.);
#19512 = EDGE_LOOP('',(#19513,#19514,#19520,#19521));
#19513 = ORIENTED_EDGE('',*,*,#5305,.T.);
#19514 = ORIENTED_EDGE('',*,*,#19515,.T.);
#19515 = EDGE_CURVE('',#5306,#10575,#19516,.T.);
#19516 = LINE('',#19517,#19518);
#19517 = CARTESIAN_POINT('',(223.082,-97.217,-4.6E-02));
#19518 = VECTOR('',#19519,1.);
#19519 = DIRECTION('',(0.,0.,1.));
#19520 = ORIENTED_EDGE('',*,*,#10574,.F.);
#19521 = ORIENTED_EDGE('',*,*,#19515,.F.);
#19522 = CYLINDRICAL_SURFACE('',#19523,1.1);
#19523 = AXIS2_PLACEMENT_3D('',#19524,#19525,#19526);
#19524 = CARTESIAN_POINT('',(223.082,-96.117,-4.6E-02));
#19525 = DIRECTION('',(-0.,-0.,-1.));
#19526 = DIRECTION('',(-0.,-1.,0.));
#19527 = ADVANCED_FACE('',(#19528),#19539,.F.);
#19528 = FACE_BOUND('',#19529,.T.);
#19529 = EDGE_LOOP('',(#19530,#19531,#19537,#19538));
#19530 = ORIENTED_EDGE('',*,*,#5316,.T.);
#19531 = ORIENTED_EDGE('',*,*,#19532,.T.);
#19532 = EDGE_CURVE('',#5317,#10586,#19533,.T.);
#19533 = LINE('',#19534,#19535);
#19534 = CARTESIAN_POINT('',(242.965808,-116.432848,-4.6E-02));
#19535 = VECTOR('',#19536,1.);
#19536 = DIRECTION('',(0.,0.,1.));
#19537 = ORIENTED_EDGE('',*,*,#10585,.F.);
#19538 = ORIENTED_EDGE('',*,*,#19532,.F.);
#19539 = CYLINDRICAL_SURFACE('',#19540,1.1);
#19540 = AXIS2_PLACEMENT_3D('',#19541,#19542,#19543);
#19541 = CARTESIAN_POINT('',(242.965808,-115.332848,-4.6E-02));
#19542 = DIRECTION('',(-0.,0.,-1.));
#19543 = DIRECTION('',(2.5837917664E-14,-1.,-0.));
#19544 = ADVANCED_FACE('',(#19545),#19556,.F.);
#19545 = FACE_BOUND('',#19546,.T.);
#19546 = EDGE_LOOP('',(#19547,#19548,#19554,#19555));
#19547 = ORIENTED_EDGE('',*,*,#5327,.T.);
#19548 = ORIENTED_EDGE('',*,*,#19549,.T.);
#19549 = EDGE_CURVE('',#5328,#10597,#19550,.T.);
#19550 = LINE('',#19551,#19552);
#19551 = CARTESIAN_POINT('',(252.519831,-119.562726,-4.6E-02));
#19552 = VECTOR('',#19553,1.);
#19553 = DIRECTION('',(0.,0.,1.));
#19554 = ORIENTED_EDGE('',*,*,#10596,.F.);
#19555 = ORIENTED_EDGE('',*,*,#19549,.F.);
#19556 = CYLINDRICAL_SURFACE('',#19557,1.5);
#19557 = AXIS2_PLACEMENT_3D('',#19558,#19559,#19560);
#19558 = CARTESIAN_POINT('',(252.519831,-118.062726,-4.6E-02));
#19559 = DIRECTION('',(-0.,-0.,-1.));
#19560 = DIRECTION('',(-0.,-1.,0.));
#19561 = ADVANCED_FACE('',(#19562),#19573,.F.);
#19562 = FACE_BOUND('',#19563,.T.);
#19563 = EDGE_LOOP('',(#19564,#19565,#19571,#19572));
#19564 = ORIENTED_EDGE('',*,*,#5338,.T.);
#19565 = ORIENTED_EDGE('',*,*,#19566,.T.);
#19566 = EDGE_CURVE('',#5339,#10608,#19567,.T.);
#19567 = LINE('',#19568,#19569);
#19568 = CARTESIAN_POINT('',(237.922,-98.227,-4.6E-02));
#19569 = VECTOR('',#19570,1.);
#19570 = DIRECTION('',(0.,0.,1.));
#19571 = ORIENTED_EDGE('',*,*,#10607,.F.);
#19572 = ORIENTED_EDGE('',*,*,#19566,.F.);
#19573 = CYLINDRICAL_SURFACE('',#19574,1.1);
#19574 = AXIS2_PLACEMENT_3D('',#19575,#19576,#19577);
#19575 = CARTESIAN_POINT('',(237.922,-97.127,-4.6E-02));
#19576 = DIRECTION('',(-0.,-0.,-1.));
#19577 = DIRECTION('',(-0.,-1.,0.));
#19578 = ADVANCED_FACE('',(#19579),#19590,.F.);
#19579 = FACE_BOUND('',#19580,.T.);
#19580 = EDGE_LOOP('',(#19581,#19582,#19588,#19589));
#19581 = ORIENTED_EDGE('',*,*,#5349,.T.);
#19582 = ORIENTED_EDGE('',*,*,#19583,.T.);
#19583 = EDGE_CURVE('',#5350,#10619,#19584,.T.);
#19584 = LINE('',#19585,#19586);
#19585 = CARTESIAN_POINT('',(244.42,-94.6,-4.6E-02));
#19586 = VECTOR('',#19587,1.);
#19587 = DIRECTION('',(0.,0.,1.));
#19588 = ORIENTED_EDGE('',*,*,#10618,.F.);
#19589 = ORIENTED_EDGE('',*,*,#19583,.F.);
#19590 = CYLINDRICAL_SURFACE('',#19591,0.5);
#19591 = AXIS2_PLACEMENT_3D('',#19592,#19593,#19594);
#19592 = CARTESIAN_POINT('',(244.42,-94.1,-4.6E-02));
#19593 = DIRECTION('',(-0.,-0.,-1.));
#19594 = DIRECTION('',(-0.,-1.,0.));
#19595 = ADVANCED_FACE('',(#19596),#19607,.F.);
#19596 = FACE_BOUND('',#19597,.T.);
#19597 = EDGE_LOOP('',(#19598,#19599,#19605,#19606));
#19598 = ORIENTED_EDGE('',*,*,#5360,.T.);
#19599 = ORIENTED_EDGE('',*,*,#19600,.T.);
#19600 = EDGE_CURVE('',#5361,#10630,#19601,.T.);
#19601 = LINE('',#19602,#19603);
#19602 = CARTESIAN_POINT('',(246.96,-94.6,-4.6E-02));
#19603 = VECTOR('',#19604,1.);
#19604 = DIRECTION('',(0.,0.,1.));
#19605 = ORIENTED_EDGE('',*,*,#10629,.F.);
#19606 = ORIENTED_EDGE('',*,*,#19600,.F.);
#19607 = CYLINDRICAL_SURFACE('',#19608,0.5);
#19608 = AXIS2_PLACEMENT_3D('',#19609,#19610,#19611);
#19609 = CARTESIAN_POINT('',(246.96,-94.1,-4.6E-02));
#19610 = DIRECTION('',(-0.,-0.,-1.));
#19611 = DIRECTION('',(-0.,-1.,0.));
#19612 = ADVANCED_FACE('',(#19613),#19624,.F.);
#19613 = FACE_BOUND('',#19614,.T.);
#19614 = EDGE_LOOP('',(#19615,#19616,#19622,#19623));
#19615 = ORIENTED_EDGE('',*,*,#5371,.T.);
#19616 = ORIENTED_EDGE('',*,*,#19617,.T.);
#19617 = EDGE_CURVE('',#5372,#10641,#19618,.T.);
#19618 = LINE('',#19619,#19620);
#19619 = CARTESIAN_POINT('',(249.5,-94.6,-4.6E-02));
#19620 = VECTOR('',#19621,1.);
#19621 = DIRECTION('',(0.,0.,1.));
#19622 = ORIENTED_EDGE('',*,*,#10640,.F.);
#19623 = ORIENTED_EDGE('',*,*,#19617,.F.);
#19624 = CYLINDRICAL_SURFACE('',#19625,0.5);
#19625 = AXIS2_PLACEMENT_3D('',#19626,#19627,#19628);
#19626 = CARTESIAN_POINT('',(249.5,-94.1,-4.6E-02));
#19627 = DIRECTION('',(-0.,-0.,-1.));
#19628 = DIRECTION('',(-0.,-1.,0.));
#19629 = ADVANCED_FACE('',(#19630),#19641,.F.);
#19630 = FACE_BOUND('',#19631,.T.);
#19631 = EDGE_LOOP('',(#19632,#19633,#19639,#19640));
#19632 = ORIENTED_EDGE('',*,*,#5382,.T.);
#19633 = ORIENTED_EDGE('',*,*,#19634,.T.);
#19634 = EDGE_CURVE('',#5383,#10652,#19635,.T.);
#19635 = LINE('',#19636,#19637);
#19636 = CARTESIAN_POINT('',(252.04,-94.6,-4.6E-02));
#19637 = VECTOR('',#19638,1.);
#19638 = DIRECTION('',(0.,0.,1.));
#19639 = ORIENTED_EDGE('',*,*,#10651,.F.);
#19640 = ORIENTED_EDGE('',*,*,#19634,.F.);
#19641 = CYLINDRICAL_SURFACE('',#19642,0.5);
#19642 = AXIS2_PLACEMENT_3D('',#19643,#19644,#19645);
#19643 = CARTESIAN_POINT('',(252.04,-94.1,-4.6E-02));
#19644 = DIRECTION('',(-0.,-0.,-1.));
#19645 = DIRECTION('',(-0.,-1.,0.));
#19646 = ADVANCED_FACE('',(#19647),#19658,.F.);
#19647 = FACE_BOUND('',#19648,.T.);
#19648 = EDGE_LOOP('',(#19649,#19650,#19656,#19657));
#19649 = ORIENTED_EDGE('',*,*,#5393,.T.);
#19650 = ORIENTED_EDGE('',*,*,#19651,.T.);
#19651 = EDGE_CURVE('',#5394,#10663,#19652,.T.);
#19652 = LINE('',#19653,#19654);
#19653 = CARTESIAN_POINT('',(254.58,-94.6,-4.6E-02));
#19654 = VECTOR('',#19655,1.);
#19655 = DIRECTION('',(0.,0.,1.));
#19656 = ORIENTED_EDGE('',*,*,#10662,.F.);
#19657 = ORIENTED_EDGE('',*,*,#19651,.F.);
#19658 = CYLINDRICAL_SURFACE('',#19659,0.5);
#19659 = AXIS2_PLACEMENT_3D('',#19660,#19661,#19662);
#19660 = CARTESIAN_POINT('',(254.58,-94.1,-4.6E-02));
#19661 = DIRECTION('',(-0.,-0.,-1.));
#19662 = DIRECTION('',(-0.,-1.,0.));
#19663 = ( GEOMETRIC_REPRESENTATION_CONTEXT(3) 
GLOBAL_UNCERTAINTY_ASSIGNED_CONTEXT((#19667)) 
GLOBAL_UNIT_ASSIGNED_CONTEXT((#19664,#19665,#19666)) 
REPRESENTATION_CONTEXT('Context #1',
  '3D Context with UNIT and UNCERTAINTY') );
#19664 = ( LENGTH_UNIT() NAMED_UNIT(*) SI_UNIT(.MILLI.,.METRE.) );
#19665 = ( NAMED_UNIT(*) PLANE_ANGLE_UNIT() SI_UNIT($,.RADIAN.) );
#19666 = ( NAMED_UNIT(*) SI_UNIT($,.STERADIAN.) SOLID_ANGLE_UNIT() );
#19667 = UNCERTAINTY_MEASURE_WITH_UNIT(LENGTH_MEASURE(1.E-07),#19664,
  'distance_accuracy_value','confusion accuracy');
#19668 = CONTEXT_DEPENDENT_SHAPE_REPRESENTATION(#19669,#19671);
#19669 = ( REPRESENTATION_RELATIONSHIP('','',#32,#10) 
REPRESENTATION_RELATIONSHIP_WITH_TRANSFORMATION(#19670) 
SHAPE_REPRESENTATION_RELATIONSHIP() );
#19670 = ITEM_DEFINED_TRANSFORMATION('','',#11,#15);
#19671 = PRODUCT_DEFINITION_SHAPE('Placement','Placement of an item',
  #19672);
#19672 = NEXT_ASSEMBLY_USAGE_OCCURRENCE('1','=>[0:1:1:2]','',#5,#27,$);
#19673 = PRODUCT_RELATED_PRODUCT_CATEGORY('part',$,(#29));
#19674 = MECHANICAL_DESIGN_GEOMETRIC_PRESENTATION_REPRESENTATION('',(
    #19675),#19663);
#19675 = STYLED_ITEM('color',(#19676),#33);
#19676 = PRESENTATION_STYLE_ASSIGNMENT((#19677));
#19677 = SURFACE_STYLE_USAGE(.BOTH.,#19678);
#19678 = SURFACE_SIDE_STYLE('',(#19679));
#19679 = SURFACE_STYLE_FILL_AREA(#19680);
#19680 = FILL_AREA_STYLE('',(#19681));
#19681 = FILL_AREA_STYLE_COLOUR('',#19682);
#19682 = COLOUR_RGB('',0.313304153717,0.484529207832,0.410020903123);
ENDSEC;
END-ISO-10303-21;
