ISO-10303-21;
HEADER;
FILE_DESCRIPTION(('KiCad electronic assembly'),'2;1');
FILE_NAME('KLON (10).step','2026-05-21T12:07:39',('Pcbnew'),('Kicad'),
  'Open CASCADE STEP processor 7.9','KiCad to STEP converter','Unknown'
  );
FILE_SCHEMA(('AUTOMOTIVE_DESIGN { 1 0 10303 214 1 1 1 1 }'));
ENDSEC;
DATA;
#1 = APPLICATION_PROTOCOL_DEFINITION('international standard',
  'automotive_design',2000,#2);
#2 = APPLICATION_CONTEXT(
  'core data for automotive mechanical design processes');
#3 = SHAPE_DEFINITION_REPRESENTATION(#4,#10);
#4 = PRODUCT_DEFINITION_SHAPE('','',#5);
#5 = PRODUCT_DEFINITION('design','',#6,#9);
#6 = PRODUCT_DEFINITION_FORMATION('','',#7);
#7 = PRODUCT('KLON (10) 1','KLON (10) 1','',(#8));
#8 = PRODUCT_CONTEXT('',#2,'mechanical');
#9 = PRODUCT_DEFINITION_CONTEXT('part definition',#2,'design');
#10 = SHAPE_REPRESENTATION('',(#11,#15),#19);
#11 = AXIS2_PLACEMENT_3D('',#12,#13,#14);
#12 = CARTESIAN_POINT('',(0.,0.,0.));
#13 = DIRECTION('',(0.,0.,1.));
#14 = DIRECTION('',(1.,0.,-0.));
#15 = AXIS2_PLACEMENT_3D('',#16,#17,#18);
#16 = CARTESIAN_POINT('',(0.,0.,0.));
#17 = DIRECTION('',(0.,0.,1.));
#18 = DIRECTION('',(1.,0.,-0.));
#19 = ( GEOMETRIC_REPRESENTATION_CONTEXT(3) 
GLOBAL_UNCERTAINTY_ASSIGNED_CONTEXT((#23)) GLOBAL_UNIT_ASSIGNED_CONTEXT(
(#20,#21,#22)) REPRESENTATION_CONTEXT('Context #1',
  '3D Context with UNIT and UNCERTAINTY') );
#20 = ( LENGTH_UNIT() NAMED_UNIT(*) SI_UNIT(.MILLI.,.METRE.) );
#21 = ( NAMED_UNIT(*) PLANE_ANGLE_UNIT() SI_UNIT($,.RADIAN.) );
#22 = ( NAMED_UNIT(*) SI_UNIT($,.STERADIAN.) SOLID_ANGLE_UNIT() );
#23 = UNCERTAINTY_MEASURE_WITH_UNIT(LENGTH_MEASURE(1.E-07),#20,
  'distance_accuracy_value','confusion accuracy');
#24 = PRODUCT_RELATED_PRODUCT_CATEGORY('part',$,(#7));
#25 = SHAPE_DEFINITION_REPRESENTATION(#26,#32);
#26 = PRODUCT_DEFINITION_SHAPE('','',#27);
#27 = PRODUCT_DEFINITION('design','',#28,#31);
#28 = PRODUCT_DEFINITION_FORMATION('','',#29);
#29 = PRODUCT('KLON (10)_PCB','KLON (10)_PCB','',(#30));
#30 = PRODUCT_CONTEXT('',#2,'mechanical');
#31 = PRODUCT_DEFINITION_CONTEXT('part definition',#2,'design');
#32 = ADVANCED_BREP_SHAPE_REPRESENTATION('',(#11,#33),#3165);
#33 = MANIFOLD_SOLID_BREP('',#34);
#34 = CLOSED_SHELL('',(#35,#77,#108,#139,#172,#203,#234,#265,#298,#329,
    #362,#393,#426,#457,#488,#521,#552,#585,#616,#647,#680,#711,#744,
    #775,#808,#839,#872,#903,#934,#965,#996,#1029,#1060,#1091,#1122,
    #1155,#1186,#1217,#1250,#1281,#1314,#1345,#1378,#1409,#1440,#1473,
    #1504,#1537,#1568,#1599,#1630,#1663,#1694,#1725,#1758,#1789,#1822,
    #1853,#1884,#1917,#1948,#1981,#2012,#2043,#2076,#2107,#2138,#2171,
    #2193,#2235,#2266,#2297,#2330,#2361,#2394,#2425,#2456,#2489,#2520,
    #2542,#2584,#2615,#2648,#2679,#2712,#2743,#2776,#2807,#2829,#2869,
    #2900,#2931,#2953,#3059));
#35 = ADVANCED_FACE('',(#36),#72,.T.);
#36 = FACE_BOUND('',#37,.T.);
#37 = EDGE_LOOP('',(#38,#48,#57,#65));
#38 = ORIENTED_EDGE('',*,*,#39,.T.);
#39 = EDGE_CURVE('',#40,#42,#44,.T.);
#40 = VERTEX_POINT('',#41);
#41 = CARTESIAN_POINT('',(217.6,-88.7,0.));
#42 = VERTEX_POINT('',#43);
#43 = CARTESIAN_POINT('',(217.6,-88.7,1.51));
#44 = LINE('',#45,#46);
#45 = CARTESIAN_POINT('',(217.6,-88.7,0.));
#46 = VECTOR('',#47,1.);
#47 = DIRECTION('',(0.,0.,1.));
#48 = ORIENTED_EDGE('',*,*,#49,.T.);
#49 = EDGE_CURVE('',#42,#50,#52,.T.);
#50 = VERTEX_POINT('',#51);
#51 = CARTESIAN_POINT('',(218.3,-89.4,1.51));
#52 = CIRCLE('',#53,0.699999135627);
#53 = AXIS2_PLACEMENT_3D('',#54,#55,#56);
#54 = CARTESIAN_POINT('',(217.60000086437,-89.39999913562,1.51));
#55 = DIRECTION('',(0.,0.,-1.));
#56 = DIRECTION('',(-1.234820370049E-06,0.999999999999,0.));
#57 = ORIENTED_EDGE('',*,*,#58,.F.);
#58 = EDGE_CURVE('',#59,#50,#61,.T.);
#59 = VERTEX_POINT('',#60);
#60 = CARTESIAN_POINT('',(218.3,-89.4,0.));
#61 = LINE('',#62,#63);
#62 = CARTESIAN_POINT('',(218.3,-89.4,0.));
#63 = VECTOR('',#64,1.);
#64 = DIRECTION('',(0.,0.,1.));
#65 = ORIENTED_EDGE('',*,*,#66,.F.);
#66 = EDGE_CURVE('',#40,#59,#67,.T.);
#67 = CIRCLE('',#68,0.699999135627);
#68 = AXIS2_PLACEMENT_3D('',#69,#70,#71);
#69 = CARTESIAN_POINT('',(217.60000086437,-89.39999913562,0.));
#70 = DIRECTION('',(0.,0.,-1.));
#71 = DIRECTION('',(-1.234820370049E-06,0.999999999999,0.));
#72 = CYLINDRICAL_SURFACE('',#73,0.699999135627);
#73 = AXIS2_PLACEMENT_3D('',#74,#75,#76);
#74 = CARTESIAN_POINT('',(217.60000086437,-89.39999913562,0.));
#75 = DIRECTION('',(0.,0.,-1.));
#76 = DIRECTION('',(-1.234820370049E-06,0.999999999999,0.));
#77 = ADVANCED_FACE('',(#78),#103,.T.);
#78 = FACE_BOUND('',#79,.T.);
#79 = EDGE_LOOP('',(#80,#81,#89,#97));
#80 = ORIENTED_EDGE('',*,*,#58,.T.);
#81 = ORIENTED_EDGE('',*,*,#82,.T.);
#82 = EDGE_CURVE('',#50,#83,#85,.T.);
#83 = VERTEX_POINT('',#84);
#84 = CARTESIAN_POINT('',(218.3,-92.7,1.51));
#85 = LINE('',#86,#87);
#86 = CARTESIAN_POINT('',(218.3,-89.4,1.51));
#87 = VECTOR('',#88,1.);
#88 = DIRECTION('',(0.,-1.,0.));
#89 = ORIENTED_EDGE('',*,*,#90,.F.);
#90 = EDGE_CURVE('',#91,#83,#93,.T.);
#91 = VERTEX_POINT('',#92);
#92 = CARTESIAN_POINT('',(218.3,-92.7,0.));
#93 = LINE('',#94,#95);
#94 = CARTESIAN_POINT('',(218.3,-92.7,0.));
#95 = VECTOR('',#96,1.);
#96 = DIRECTION('',(0.,0.,1.));
#97 = ORIENTED_EDGE('',*,*,#98,.F.);
#98 = EDGE_CURVE('',#59,#91,#99,.T.);
#99 = LINE('',#100,#101);
#100 = CARTESIAN_POINT('',(218.3,-89.4,0.));
#101 = VECTOR('',#102,1.);
#102 = DIRECTION('',(0.,-1.,0.));
#103 = PLANE('',#104);
#104 = AXIS2_PLACEMENT_3D('',#105,#106,#107);
#105 = CARTESIAN_POINT('',(218.3,-89.4,0.));
#106 = DIRECTION('',(1.,0.,-0.));
#107 = DIRECTION('',(0.,-1.,0.));
#108 = ADVANCED_FACE('',(#109),#134,.T.);
#109 = FACE_BOUND('',#110,.T.);
#110 = EDGE_LOOP('',(#111,#112,#120,#128));
#111 = ORIENTED_EDGE('',*,*,#90,.T.);
#112 = ORIENTED_EDGE('',*,*,#113,.T.);
#113 = EDGE_CURVE('',#83,#114,#116,.T.);
#114 = VERTEX_POINT('',#115);
#115 = CARTESIAN_POINT('',(258.4,-92.7,1.51));
#116 = LINE('',#117,#118);
#117 = CARTESIAN_POINT('',(218.3,-92.7,1.51));
#118 = VECTOR('',#119,1.);
#119 = DIRECTION('',(1.,0.,0.));
#120 = ORIENTED_EDGE('',*,*,#121,.F.);
#121 = EDGE_CURVE('',#122,#114,#124,.T.);
#122 = VERTEX_POINT('',#123);
#123 = CARTESIAN_POINT('',(258.4,-92.7,0.));
#124 = LINE('',#125,#126);
#125 = CARTESIAN_POINT('',(258.4,-92.7,0.));
#126 = VECTOR('',#127,1.);
#127 = DIRECTION('',(0.,0.,1.));
#128 = ORIENTED_EDGE('',*,*,#129,.F.);
#129 = EDGE_CURVE('',#91,#122,#130,.T.);
#130 = LINE('',#131,#132);
#131 = CARTESIAN_POINT('',(218.3,-92.7,0.));
#132 = VECTOR('',#133,1.);
#133 = DIRECTION('',(1.,0.,0.));
#134 = PLANE('',#135);
#135 = AXIS2_PLACEMENT_3D('',#136,#137,#138);
#136 = CARTESIAN_POINT('',(218.3,-92.7,0.));
#137 = DIRECTION('',(0.,1.,0.));
#138 = DIRECTION('',(1.,0.,0.));
#139 = ADVANCED_FACE('',(#140),#167,.T.);
#140 = FACE_BOUND('',#141,.T.);
#141 = EDGE_LOOP('',(#142,#143,#152,#160));
#142 = ORIENTED_EDGE('',*,*,#121,.T.);
#143 = ORIENTED_EDGE('',*,*,#144,.T.);
#144 = EDGE_CURVE('',#114,#145,#147,.T.);
#145 = VERTEX_POINT('',#146);
#146 = CARTESIAN_POINT('',(259.1,-93.4,1.51));
#147 = CIRCLE('',#148,0.699999135627);
#148 = AXIS2_PLACEMENT_3D('',#149,#150,#151);
#149 = CARTESIAN_POINT('',(258.40000086437,-93.39999913562,1.51));
#150 = DIRECTION('',(0.,0.,-1.));
#151 = DIRECTION('',(-1.234820370049E-06,0.999999999999,0.));
#152 = ORIENTED_EDGE('',*,*,#153,.F.);
#153 = EDGE_CURVE('',#154,#145,#156,.T.);
#154 = VERTEX_POINT('',#155);
#155 = CARTESIAN_POINT('',(259.1,-93.4,0.));
#156 = LINE('',#157,#158);
#157 = CARTESIAN_POINT('',(259.1,-93.4,0.));
#158 = VECTOR('',#159,1.);
#159 = DIRECTION('',(0.,0.,1.));
#160 = ORIENTED_EDGE('',*,*,#161,.F.);
#161 = EDGE_CURVE('',#122,#154,#162,.T.);
#162 = CIRCLE('',#163,0.699999135627);
#163 = AXIS2_PLACEMENT_3D('',#164,#165,#166);
#164 = CARTESIAN_POINT('',(258.40000086437,-93.39999913562,0.));
#165 = DIRECTION('',(0.,0.,-1.));
#166 = DIRECTION('',(-1.234820370049E-06,0.999999999999,0.));
#167 = CYLINDRICAL_SURFACE('',#168,0.699999135627);
#168 = AXIS2_PLACEMENT_3D('',#169,#170,#171);
#169 = CARTESIAN_POINT('',(258.40000086437,-93.39999913562,0.));
#170 = DIRECTION('',(0.,0.,-1.));
#171 = DIRECTION('',(-1.234820370049E-06,0.999999999999,0.));
#172 = ADVANCED_FACE('',(#173),#198,.T.);
#173 = FACE_BOUND('',#174,.T.);
#174 = EDGE_LOOP('',(#175,#176,#184,#192));
#175 = ORIENTED_EDGE('',*,*,#153,.T.);
#176 = ORIENTED_EDGE('',*,*,#177,.T.);
#177 = EDGE_CURVE('',#145,#178,#180,.T.);
#178 = VERTEX_POINT('',#179);
#179 = CARTESIAN_POINT('',(259.1,-114.805881,1.51));
#180 = LINE('',#181,#182);
#181 = CARTESIAN_POINT('',(259.1,-93.4,1.51));
#182 = VECTOR('',#183,1.);
#183 = DIRECTION('',(0.,-1.,0.));
#184 = ORIENTED_EDGE('',*,*,#185,.F.);
#185 = EDGE_CURVE('',#186,#178,#188,.T.);
#186 = VERTEX_POINT('',#187);
#187 = CARTESIAN_POINT('',(259.1,-114.805881,0.));
#188 = LINE('',#189,#190);
#189 = CARTESIAN_POINT('',(259.1,-114.805881,0.));
#190 = VECTOR('',#191,1.);
#191 = DIRECTION('',(0.,0.,1.));
#192 = ORIENTED_EDGE('',*,*,#193,.F.);
#193 = EDGE_CURVE('',#154,#186,#194,.T.);
#194 = LINE('',#195,#196);
#195 = CARTESIAN_POINT('',(259.1,-93.4,0.));
#196 = VECTOR('',#197,1.);
#197 = DIRECTION('',(0.,-1.,0.));
#198 = PLANE('',#199);
#199 = AXIS2_PLACEMENT_3D('',#200,#201,#202);
#200 = CARTESIAN_POINT('',(259.1,-93.4,0.));
#201 = DIRECTION('',(1.,0.,-0.));
#202 = DIRECTION('',(0.,-1.,0.));
#203 = ADVANCED_FACE('',(#204),#229,.T.);
#204 = FACE_BOUND('',#205,.T.);
#205 = EDGE_LOOP('',(#206,#207,#215,#223));
#206 = ORIENTED_EDGE('',*,*,#185,.T.);
#207 = ORIENTED_EDGE('',*,*,#208,.T.);
#208 = EDGE_CURVE('',#178,#209,#211,.T.);
#209 = VERTEX_POINT('',#210);
#210 = CARTESIAN_POINT('',(262.729354,-115.445834,1.51));
#211 = LINE('',#212,#213);
#212 = CARTESIAN_POINT('',(259.1,-114.805881,1.51));
#213 = VECTOR('',#214,1.);
#214 = DIRECTION('',(0.984807754532,-0.17364816905,0.));
#215 = ORIENTED_EDGE('',*,*,#216,.F.);
#216 = EDGE_CURVE('',#217,#209,#219,.T.);
#217 = VERTEX_POINT('',#218);
#218 = CARTESIAN_POINT('',(262.729354,-115.445834,0.));
#219 = LINE('',#220,#221);
#220 = CARTESIAN_POINT('',(262.729354,-115.445834,0.));
#221 = VECTOR('',#222,1.);
#222 = DIRECTION('',(0.,0.,1.));
#223 = ORIENTED_EDGE('',*,*,#224,.F.);
#224 = EDGE_CURVE('',#186,#217,#225,.T.);
#225 = LINE('',#226,#227);
#226 = CARTESIAN_POINT('',(259.1,-114.805881,0.));
#227 = VECTOR('',#228,1.);
#228 = DIRECTION('',(0.984807754532,-0.17364816905,0.));
#229 = PLANE('',#230);
#230 = AXIS2_PLACEMENT_3D('',#231,#232,#233);
#231 = CARTESIAN_POINT('',(259.1,-114.805881,0.));
#232 = DIRECTION('',(0.17364816905,0.984807754532,-0.));
#233 = DIRECTION('',(0.984807754532,-0.17364816905,0.));
#234 = ADVANCED_FACE('',(#235),#260,.T.);
#235 = FACE_BOUND('',#236,.T.);
#236 = EDGE_LOOP('',(#237,#238,#246,#254));
#237 = ORIENTED_EDGE('',*,*,#216,.T.);
#238 = ORIENTED_EDGE('',*,*,#239,.T.);
#239 = EDGE_CURVE('',#209,#240,#242,.T.);
#240 = VERTEX_POINT('',#241);
#241 = CARTESIAN_POINT('',(262.729354,-115.445835,1.51));
#242 = LINE('',#243,#244);
#243 = CARTESIAN_POINT('',(262.729354,-115.445834,1.51));
#244 = VECTOR('',#245,1.);
#245 = DIRECTION('',(0.,-1.,0.));
#246 = ORIENTED_EDGE('',*,*,#247,.F.);
#247 = EDGE_CURVE('',#248,#240,#250,.T.);
#248 = VERTEX_POINT('',#249);
#249 = CARTESIAN_POINT('',(262.729354,-115.445835,0.));
#250 = LINE('',#251,#252);
#251 = CARTESIAN_POINT('',(262.729354,-115.445835,0.));
#252 = VECTOR('',#253,1.);
#253 = DIRECTION('',(0.,0.,1.));
#254 = ORIENTED_EDGE('',*,*,#255,.F.);
#255 = EDGE_CURVE('',#217,#248,#256,.T.);
#256 = LINE('',#257,#258);
#257 = CARTESIAN_POINT('',(262.729354,-115.445834,0.));
#258 = VECTOR('',#259,1.);
#259 = DIRECTION('',(0.,-1.,0.));
#260 = PLANE('',#261);
#261 = AXIS2_PLACEMENT_3D('',#262,#263,#264);
#262 = CARTESIAN_POINT('',(262.729354,-115.445834,0.));
#263 = DIRECTION('',(1.,0.,-0.));
#264 = DIRECTION('',(0.,-1.,0.));
#265 = ADVANCED_FACE('',(#266),#293,.T.);
#266 = FACE_BOUND('',#267,.T.);
#267 = EDGE_LOOP('',(#268,#269,#278,#286));
#268 = ORIENTED_EDGE('',*,*,#247,.T.);
#269 = ORIENTED_EDGE('',*,*,#270,.T.);
#270 = EDGE_CURVE('',#240,#271,#273,.T.);
#271 = VERTEX_POINT('',#272);
#272 = CARTESIAN_POINT('',(263.297166,-116.256754,1.51));
#273 = CIRCLE('',#274,0.699998598424);
#274 = AXIS2_PLACEMENT_3D('',#275,#276,#277);
#275 = CARTESIAN_POINT('',(262.60780216169,-116.1351993364,1.51));
#276 = DIRECTION('',(0.,0.,-1.));
#277 = DIRECTION('',(0.173645830983,0.984808166793,0.));
#278 = ORIENTED_EDGE('',*,*,#279,.F.);
#279 = EDGE_CURVE('',#280,#271,#282,.T.);
#280 = VERTEX_POINT('',#281);
#281 = CARTESIAN_POINT('',(263.297166,-116.256754,0.));
#282 = LINE('',#283,#284);
#283 = CARTESIAN_POINT('',(263.297166,-116.256754,0.));
#284 = VECTOR('',#285,1.);
#285 = DIRECTION('',(0.,0.,1.));
#286 = ORIENTED_EDGE('',*,*,#287,.F.);
#287 = EDGE_CURVE('',#248,#280,#288,.T.);
#288 = CIRCLE('',#289,0.699998598424);
#289 = AXIS2_PLACEMENT_3D('',#290,#291,#292);
#290 = CARTESIAN_POINT('',(262.60780216169,-116.1351993364,0.));
#291 = DIRECTION('',(0.,0.,-1.));
#292 = DIRECTION('',(0.173645830983,0.984808166793,0.));
#293 = CYLINDRICAL_SURFACE('',#294,0.699998598424);
#294 = AXIS2_PLACEMENT_3D('',#295,#296,#297);
#295 = CARTESIAN_POINT('',(262.60780216169,-116.1351993364,0.));
#296 = DIRECTION('',(0.,0.,-1.));
#297 = DIRECTION('',(0.173645830983,0.984808166793,0.));
#298 = ADVANCED_FACE('',(#299),#324,.T.);
#299 = FACE_BOUND('',#300,.T.);
#300 = EDGE_LOOP('',(#301,#302,#310,#318));
#301 = ORIENTED_EDGE('',*,*,#279,.T.);
#302 = ORIENTED_EDGE('',*,*,#303,.T.);
#303 = EDGE_CURVE('',#271,#304,#306,.T.);
#304 = VERTEX_POINT('',#305);
#305 = CARTESIAN_POINT('',(260.326046,-133.106813,1.51));
#306 = LINE('',#307,#308);
#307 = CARTESIAN_POINT('',(263.297166,-116.256754,1.51));
#308 = VECTOR('',#309,1.);
#309 = DIRECTION('',(-0.173648176067,-0.984807753294,0.));
#310 = ORIENTED_EDGE('',*,*,#311,.F.);
#311 = EDGE_CURVE('',#312,#304,#314,.T.);
#312 = VERTEX_POINT('',#313);
#313 = CARTESIAN_POINT('',(260.326046,-133.106813,0.));
#314 = LINE('',#315,#316);
#315 = CARTESIAN_POINT('',(260.326046,-133.106813,0.));
#316 = VECTOR('',#317,1.);
#317 = DIRECTION('',(0.,0.,1.));
#318 = ORIENTED_EDGE('',*,*,#319,.F.);
#319 = EDGE_CURVE('',#280,#312,#320,.T.);
#320 = LINE('',#321,#322);
#321 = CARTESIAN_POINT('',(263.297166,-116.256754,0.));
#322 = VECTOR('',#323,1.);
#323 = DIRECTION('',(-0.173648176067,-0.984807753294,0.));
#324 = PLANE('',#325);
#325 = AXIS2_PLACEMENT_3D('',#326,#327,#328);
#326 = CARTESIAN_POINT('',(263.297166,-116.256754,0.));
#327 = DIRECTION('',(0.984807753294,-0.173648176067,0.));
#328 = DIRECTION('',(-0.173648176067,-0.984807753294,0.));
#329 = ADVANCED_FACE('',(#330),#357,.F.);
#330 = FACE_BOUND('',#331,.T.);
#331 = EDGE_LOOP('',(#332,#333,#342,#350));
#332 = ORIENTED_EDGE('',*,*,#311,.T.);
#333 = ORIENTED_EDGE('',*,*,#334,.T.);
#334 = EDGE_CURVE('',#304,#335,#337,.T.);
#335 = VERTEX_POINT('',#336);
#336 = CARTESIAN_POINT('',(260.723518,-133.674459,1.51));
#337 = CIRCLE('',#338,0.489996003935);
#338 = AXIS2_PLACEMENT_3D('',#339,#340,#341);
#339 = CARTESIAN_POINT('',(260.80859684089,-133.191905713,1.51));
#340 = DIRECTION('',(0.,0.,1.));
#341 = DIRECTION('',(-0.984805665805,0.17366001439,0.));
#342 = ORIENTED_EDGE('',*,*,#343,.F.);
#343 = EDGE_CURVE('',#344,#335,#346,.T.);
#344 = VERTEX_POINT('',#345);
#345 = CARTESIAN_POINT('',(260.723518,-133.674459,0.));
#346 = LINE('',#347,#348);
#347 = CARTESIAN_POINT('',(260.723518,-133.674459,0.));
#348 = VECTOR('',#349,1.);
#349 = DIRECTION('',(0.,0.,1.));
#350 = ORIENTED_EDGE('',*,*,#351,.F.);
#351 = EDGE_CURVE('',#312,#344,#352,.T.);
#352 = CIRCLE('',#353,0.489996003935);
#353 = AXIS2_PLACEMENT_3D('',#354,#355,#356);
#354 = CARTESIAN_POINT('',(260.80859684089,-133.191905713,0.));
#355 = DIRECTION('',(0.,0.,1.));
#356 = DIRECTION('',(-0.984805665805,0.17366001439,0.));
#357 = CYLINDRICAL_SURFACE('',#358,0.489996003935);
#358 = AXIS2_PLACEMENT_3D('',#359,#360,#361);
#359 = CARTESIAN_POINT('',(260.80859684089,-133.191905713,0.));
#360 = DIRECTION('',(-0.,-0.,-1.));
#361 = DIRECTION('',(-0.984805665805,0.17366001439,0.));
#362 = ADVANCED_FACE('',(#363),#388,.T.);
#363 = FACE_BOUND('',#364,.T.);
#364 = EDGE_LOOP('',(#365,#366,#374,#382));
#365 = ORIENTED_EDGE('',*,*,#343,.T.);
#366 = ORIENTED_EDGE('',*,*,#367,.T.);
#367 = EDGE_CURVE('',#335,#368,#370,.T.);
#368 = VERTEX_POINT('',#369);
#369 = CARTESIAN_POINT('',(260.747114,-133.678619,1.51));
#370 = LINE('',#371,#372);
#371 = CARTESIAN_POINT('',(260.723518,-133.674459,1.51));
#372 = VECTOR('',#373,1.);
#373 = DIRECTION('',(0.984812116737,-0.173623427937,0.));
#374 = ORIENTED_EDGE('',*,*,#375,.F.);
#375 = EDGE_CURVE('',#376,#368,#378,.T.);
#376 = VERTEX_POINT('',#377);
#377 = CARTESIAN_POINT('',(260.747114,-133.678619,0.));
#378 = LINE('',#379,#380);
#379 = CARTESIAN_POINT('',(260.747114,-133.678619,0.));
#380 = VECTOR('',#381,1.);
#381 = DIRECTION('',(0.,0.,1.));
#382 = ORIENTED_EDGE('',*,*,#383,.F.);
#383 = EDGE_CURVE('',#344,#376,#384,.T.);
#384 = LINE('',#385,#386);
#385 = CARTESIAN_POINT('',(260.723518,-133.674459,0.));
#386 = VECTOR('',#387,1.);
#387 = DIRECTION('',(0.984812116737,-0.173623427937,0.));
#388 = PLANE('',#389);
#389 = AXIS2_PLACEMENT_3D('',#390,#391,#392);
#390 = CARTESIAN_POINT('',(260.723518,-133.674459,0.));
#391 = DIRECTION('',(0.173623427937,0.984812116737,-0.));
#392 = DIRECTION('',(0.984812116737,-0.173623427937,0.));
#393 = ADVANCED_FACE('',(#394),#421,.F.);
#394 = FACE_BOUND('',#395,.T.);
#395 = EDGE_LOOP('',(#396,#397,#406,#414));
#396 = ORIENTED_EDGE('',*,*,#375,.T.);
#397 = ORIENTED_EDGE('',*,*,#398,.T.);
#398 = EDGE_CURVE('',#368,#399,#401,.T.);
#399 = VERTEX_POINT('',#400);
#400 = CARTESIAN_POINT('',(261.310849,-133.280486,1.51));
#401 = CIRCLE('',#402,0.489991569593);
#402 = AXIS2_PLACEMENT_3D('',#403,#404,#405);
#403 = CARTESIAN_POINT('',(260.82830143022,-133.1954002716,1.51));
#404 = DIRECTION('',(0.,0.,1.));
#405 = DIRECTION('',(-0.16569148381,-0.98617763724,0.));
#406 = ORIENTED_EDGE('',*,*,#407,.F.);
#407 = EDGE_CURVE('',#408,#399,#410,.T.);
#408 = VERTEX_POINT('',#409);
#409 = CARTESIAN_POINT('',(261.310849,-133.280486,0.));
#410 = LINE('',#411,#412);
#411 = CARTESIAN_POINT('',(261.310849,-133.280486,0.));
#412 = VECTOR('',#413,1.);
#413 = DIRECTION('',(0.,0.,1.));
#414 = ORIENTED_EDGE('',*,*,#415,.F.);
#415 = EDGE_CURVE('',#376,#408,#416,.T.);
#416 = CIRCLE('',#417,0.489991569593);
#417 = AXIS2_PLACEMENT_3D('',#418,#419,#420);
#418 = CARTESIAN_POINT('',(260.82830143022,-133.1954002716,0.));
#419 = DIRECTION('',(0.,0.,1.));
#420 = DIRECTION('',(-0.16569148381,-0.98617763724,0.));
#421 = CYLINDRICAL_SURFACE('',#422,0.489991569593);
#422 = AXIS2_PLACEMENT_3D('',#423,#424,#425);
#423 = CARTESIAN_POINT('',(260.82830143022,-133.1954002716,0.));
#424 = DIRECTION('',(-0.,-0.,-1.));
#425 = DIRECTION('',(-0.16569148381,-0.98617763724,0.));
#426 = ADVANCED_FACE('',(#427),#452,.T.);
#427 = FACE_BOUND('',#428,.T.);
#428 = EDGE_LOOP('',(#429,#430,#438,#446));
#429 = ORIENTED_EDGE('',*,*,#407,.T.);
#430 = ORIENTED_EDGE('',*,*,#431,.T.);
#431 = EDGE_CURVE('',#399,#432,#434,.T.);
#432 = VERTEX_POINT('',#433);
#433 = CARTESIAN_POINT('',(261.972453,-129.528345,1.51));
#434 = LINE('',#435,#436);
#435 = CARTESIAN_POINT('',(261.310849,-133.280486,1.51));
#436 = VECTOR('',#437,1.);
#437 = DIRECTION('',(0.17364825563,0.984807739265,0.));
#438 = ORIENTED_EDGE('',*,*,#439,.F.);
#439 = EDGE_CURVE('',#440,#432,#442,.T.);
#440 = VERTEX_POINT('',#441);
#441 = CARTESIAN_POINT('',(261.972453,-129.528345,0.));
#442 = LINE('',#443,#444);
#443 = CARTESIAN_POINT('',(261.972453,-129.528345,0.));
#444 = VECTOR('',#445,1.);
#445 = DIRECTION('',(0.,0.,1.));
#446 = ORIENTED_EDGE('',*,*,#447,.F.);
#447 = EDGE_CURVE('',#408,#440,#448,.T.);
#448 = LINE('',#449,#450);
#449 = CARTESIAN_POINT('',(261.310849,-133.280486,0.));
#450 = VECTOR('',#451,1.);
#451 = DIRECTION('',(0.17364825563,0.984807739265,0.));
#452 = PLANE('',#453);
#453 = AXIS2_PLACEMENT_3D('',#454,#455,#456);
#454 = CARTESIAN_POINT('',(261.310849,-133.280486,0.));
#455 = DIRECTION('',(-0.984807739265,0.17364825563,0.));
#456 = DIRECTION('',(0.17364825563,0.984807739265,0.));
#457 = ADVANCED_FACE('',(#458),#483,.T.);
#458 = FACE_BOUND('',#459,.T.);
#459 = EDGE_LOOP('',(#460,#461,#469,#477));
#460 = ORIENTED_EDGE('',*,*,#439,.T.);
#461 = ORIENTED_EDGE('',*,*,#462,.T.);
#462 = EDGE_CURVE('',#432,#463,#465,.T.);
#463 = VERTEX_POINT('',#464);
#464 = CARTESIAN_POINT('',(279.009649,-132.532462,1.51));
#465 = LINE('',#466,#467);
#466 = CARTESIAN_POINT('',(261.972453,-129.528345,1.51));
#467 = VECTOR('',#468,1.);
#468 = DIRECTION('',(0.984807756278,-0.173648159144,0.));
#469 = ORIENTED_EDGE('',*,*,#470,.F.);
#470 = EDGE_CURVE('',#471,#463,#473,.T.);
#471 = VERTEX_POINT('',#472);
#472 = CARTESIAN_POINT('',(279.009649,-132.532462,0.));
#473 = LINE('',#474,#475);
#474 = CARTESIAN_POINT('',(279.009649,-132.532462,0.));
#475 = VECTOR('',#476,1.);
#476 = DIRECTION('',(0.,0.,1.));
#477 = ORIENTED_EDGE('',*,*,#478,.F.);
#478 = EDGE_CURVE('',#440,#471,#479,.T.);
#479 = LINE('',#480,#481);
#480 = CARTESIAN_POINT('',(261.972453,-129.528345,0.));
#481 = VECTOR('',#482,1.);
#482 = DIRECTION('',(0.984807756278,-0.173648159144,0.));
#483 = PLANE('',#484);
#484 = AXIS2_PLACEMENT_3D('',#485,#486,#487);
#485 = CARTESIAN_POINT('',(261.972453,-129.528345,0.));
#486 = DIRECTION('',(0.173648159144,0.984807756278,-0.));
#487 = DIRECTION('',(0.984807756278,-0.173648159144,0.));
#488 = ADVANCED_FACE('',(#489),#516,.T.);
#489 = FACE_BOUND('',#490,.T.);
#490 = EDGE_LOOP('',(#491,#492,#501,#509));
#491 = ORIENTED_EDGE('',*,*,#470,.T.);
#492 = ORIENTED_EDGE('',*,*,#493,.T.);
#493 = EDGE_CURVE('',#463,#494,#496,.T.);
#494 = VERTEX_POINT('',#495);
#495 = CARTESIAN_POINT('',(279.577439,-133.343377,1.51));
#496 = CIRCLE('',#497,0.699982968709);
#497 = AXIS2_PLACEMENT_3D('',#498,#499,#500);
#498 = CARTESIAN_POINT('',(278.88809324756,-133.2218097754,1.51));
#499 = DIRECTION('',(0.,0.,-1.));
#500 = DIRECTION('',(0.173655300013,0.984806497124,0.));
#501 = ORIENTED_EDGE('',*,*,#502,.F.);
#502 = EDGE_CURVE('',#503,#494,#505,.T.);
#503 = VERTEX_POINT('',#504);
#504 = CARTESIAN_POINT('',(279.577439,-133.343377,0.));
#505 = LINE('',#506,#507);
#506 = CARTESIAN_POINT('',(279.577439,-133.343377,0.));
#507 = VECTOR('',#508,1.);
#508 = DIRECTION('',(0.,0.,1.));
#509 = ORIENTED_EDGE('',*,*,#510,.F.);
#510 = EDGE_CURVE('',#471,#503,#511,.T.);
#511 = CIRCLE('',#512,0.699982968709);
#512 = AXIS2_PLACEMENT_3D('',#513,#514,#515);
#513 = CARTESIAN_POINT('',(278.88809324756,-133.2218097754,0.));
#514 = DIRECTION('',(0.,0.,-1.));
#515 = DIRECTION('',(0.173655300013,0.984806497124,0.));
#516 = CYLINDRICAL_SURFACE('',#517,0.699982968709);
#517 = AXIS2_PLACEMENT_3D('',#518,#519,#520);
#518 = CARTESIAN_POINT('',(278.88809324756,-133.2218097754,0.));
#519 = DIRECTION('',(0.,0.,-1.));
#520 = DIRECTION('',(0.173655300013,0.984806497124,0.));
#521 = ADVANCED_FACE('',(#522),#547,.T.);
#522 = FACE_BOUND('',#523,.T.);
#523 = EDGE_LOOP('',(#524,#525,#533,#541));
#524 = ORIENTED_EDGE('',*,*,#502,.T.);
#525 = ORIENTED_EDGE('',*,*,#526,.T.);
#526 = EDGE_CURVE('',#494,#527,#529,.T.);
#527 = VERTEX_POINT('',#528);
#528 = CARTESIAN_POINT('',(272.944074,-170.963055,1.51));
#529 = LINE('',#530,#531);
#530 = CARTESIAN_POINT('',(279.577439,-133.343377,1.51));
#531 = VECTOR('',#532,1.);
#532 = DIRECTION('',(-0.173648197039,-0.984807749596,0.));
#533 = ORIENTED_EDGE('',*,*,#534,.F.);
#534 = EDGE_CURVE('',#535,#527,#537,.T.);
#535 = VERTEX_POINT('',#536);
#536 = CARTESIAN_POINT('',(272.944074,-170.963055,0.));
#537 = LINE('',#538,#539);
#538 = CARTESIAN_POINT('',(272.944074,-170.963055,0.));
#539 = VECTOR('',#540,1.);
#540 = DIRECTION('',(0.,0.,1.));
#541 = ORIENTED_EDGE('',*,*,#542,.F.);
#542 = EDGE_CURVE('',#503,#535,#543,.T.);
#543 = LINE('',#544,#545);
#544 = CARTESIAN_POINT('',(279.577439,-133.343377,0.));
#545 = VECTOR('',#546,1.);
#546 = DIRECTION('',(-0.173648197039,-0.984807749596,0.));
#547 = PLANE('',#548);
#548 = AXIS2_PLACEMENT_3D('',#549,#550,#551);
#549 = CARTESIAN_POINT('',(279.577439,-133.343377,0.));
#550 = DIRECTION('',(0.984807749596,-0.173648197039,0.));
#551 = DIRECTION('',(-0.173648197039,-0.984807749596,0.));
#552 = ADVANCED_FACE('',(#553),#580,.T.);
#553 = FACE_BOUND('',#554,.T.);
#554 = EDGE_LOOP('',(#555,#556,#565,#573));
#555 = ORIENTED_EDGE('',*,*,#534,.T.);
#556 = ORIENTED_EDGE('',*,*,#557,.T.);
#557 = EDGE_CURVE('',#527,#558,#560,.T.);
#558 = VERTEX_POINT('',#559);
#559 = CARTESIAN_POINT('',(272.139637,-171.531987,1.51));
#560 = CIRCLE('',#561,0.700007757958);
#561 = AXIS2_PLACEMENT_3D('',#562,#563,#564);
#562 = CARTESIAN_POINT('',(272.25470077856,-170.8415008031,1.51));
#563 = DIRECTION('',(0.,0.,-1.));
#564 = DIRECTION('',(0.984807973331,-0.173646928172,0.));
#565 = ORIENTED_EDGE('',*,*,#566,.F.);
#566 = EDGE_CURVE('',#567,#558,#569,.T.);
#567 = VERTEX_POINT('',#568);
#568 = CARTESIAN_POINT('',(272.139637,-171.531987,0.));
#569 = LINE('',#570,#571);
#570 = CARTESIAN_POINT('',(272.139637,-171.531987,0.));
#571 = VECTOR('',#572,1.);
#572 = DIRECTION('',(0.,0.,1.));
#573 = ORIENTED_EDGE('',*,*,#574,.F.);
#574 = EDGE_CURVE('',#535,#567,#575,.T.);
#575 = CIRCLE('',#576,0.700007757958);
#576 = AXIS2_PLACEMENT_3D('',#577,#578,#579);
#577 = CARTESIAN_POINT('',(272.25470077856,-170.8415008031,0.));
#578 = DIRECTION('',(0.,0.,-1.));
#579 = DIRECTION('',(0.984807973331,-0.173646928172,0.));
#580 = CYLINDRICAL_SURFACE('',#581,0.700007757958);
#581 = AXIS2_PLACEMENT_3D('',#582,#583,#584);
#582 = CARTESIAN_POINT('',(272.25470077856,-170.8415008031,0.));
#583 = DIRECTION('',(0.,0.,-1.));
#584 = DIRECTION('',(0.984807973331,-0.173646928172,0.));
#585 = ADVANCED_FACE('',(#586),#611,.T.);
#586 = FACE_BOUND('',#587,.T.);
#587 = EDGE_LOOP('',(#588,#589,#597,#605));
#588 = ORIENTED_EDGE('',*,*,#566,.T.);
#589 = ORIENTED_EDGE('',*,*,#590,.T.);
#590 = EDGE_CURVE('',#558,#591,#593,.T.);
#591 = VERTEX_POINT('',#592);
#592 = CARTESIAN_POINT('',(255.095985,-168.526732,1.51));
#593 = LINE('',#594,#595);
#594 = CARTESIAN_POINT('',(272.139637,-171.531987,1.51));
#595 = VECTOR('',#596,1.);
#596 = DIRECTION('',(-0.984807759903,0.173648138585,0.));
#597 = ORIENTED_EDGE('',*,*,#598,.F.);
#598 = EDGE_CURVE('',#599,#591,#601,.T.);
#599 = VERTEX_POINT('',#600);
#600 = CARTESIAN_POINT('',(255.095985,-168.526732,0.));
#601 = LINE('',#602,#603);
#602 = CARTESIAN_POINT('',(255.095985,-168.526732,0.));
#603 = VECTOR('',#604,1.);
#604 = DIRECTION('',(0.,0.,1.));
#605 = ORIENTED_EDGE('',*,*,#606,.F.);
#606 = EDGE_CURVE('',#567,#599,#607,.T.);
#607 = LINE('',#608,#609);
#608 = CARTESIAN_POINT('',(272.139637,-171.531987,0.));
#609 = VECTOR('',#610,1.);
#610 = DIRECTION('',(-0.984807759903,0.173648138585,0.));
#611 = PLANE('',#612);
#612 = AXIS2_PLACEMENT_3D('',#613,#614,#615);
#613 = CARTESIAN_POINT('',(272.139637,-171.531987,0.));
#614 = DIRECTION('',(-0.173648138585,-0.984807759903,0.));
#615 = DIRECTION('',(-0.984807759903,0.173648138585,0.));
#616 = ADVANCED_FACE('',(#617),#642,.T.);
#617 = FACE_BOUND('',#618,.T.);
#618 = EDGE_LOOP('',(#619,#620,#628,#636));
#619 = ORIENTED_EDGE('',*,*,#598,.T.);
#620 = ORIENTED_EDGE('',*,*,#621,.T.);
#621 = EDGE_CURVE('',#591,#622,#624,.T.);
#622 = VERTEX_POINT('',#623);
#623 = CARTESIAN_POINT('',(255.845009,-164.278803,1.51));
#624 = LINE('',#625,#626);
#625 = CARTESIAN_POINT('',(255.095985,-168.526732,1.51));
#626 = VECTOR('',#627,1.);
#627 = DIRECTION('',(0.173648066408,0.98480777263,0.));
#628 = ORIENTED_EDGE('',*,*,#629,.F.);
#629 = EDGE_CURVE('',#630,#622,#632,.T.);
#630 = VERTEX_POINT('',#631);
#631 = CARTESIAN_POINT('',(255.845009,-164.278803,0.));
#632 = LINE('',#633,#634);
#633 = CARTESIAN_POINT('',(255.845009,-164.278803,0.));
#634 = VECTOR('',#635,1.);
#635 = DIRECTION('',(0.,0.,1.));
#636 = ORIENTED_EDGE('',*,*,#637,.F.);
#637 = EDGE_CURVE('',#599,#630,#638,.T.);
#638 = LINE('',#639,#640);
#639 = CARTESIAN_POINT('',(255.095985,-168.526732,0.));
#640 = VECTOR('',#641,1.);
#641 = DIRECTION('',(0.173648066408,0.98480777263,0.));
#642 = PLANE('',#643);
#643 = AXIS2_PLACEMENT_3D('',#644,#645,#646);
#644 = CARTESIAN_POINT('',(255.095985,-168.526732,0.));
#645 = DIRECTION('',(-0.98480777263,0.173648066408,0.));
#646 = DIRECTION('',(0.173648066408,0.98480777263,0.));
#647 = ADVANCED_FACE('',(#648),#675,.F.);
#648 = FACE_BOUND('',#649,.T.);
#649 = EDGE_LOOP('',(#650,#651,#660,#668));
#650 = ORIENTED_EDGE('',*,*,#629,.T.);
#651 = ORIENTED_EDGE('',*,*,#652,.T.);
#652 = EDGE_CURVE('',#622,#653,#655,.T.);
#653 = VERTEX_POINT('',#654);
#654 = CARTESIAN_POINT('',(255.446986,-163.714575,1.51));
#655 = CIRCLE('',#656,0.489968538601);
#656 = AXIS2_PLACEMENT_3D('',#657,#658,#659);
#657 = CARTESIAN_POINT('',(255.36190066181,-164.1970992522,1.51));
#658 = DIRECTION('',(0.,0.,1.));
#659 = DIRECTION('',(0.985998692016,-0.166753048975,0.));
#660 = ORIENTED_EDGE('',*,*,#661,.F.);
#661 = EDGE_CURVE('',#662,#653,#664,.T.);
#662 = VERTEX_POINT('',#663);
#663 = CARTESIAN_POINT('',(255.446986,-163.714575,0.));
#664 = LINE('',#665,#666);
#665 = CARTESIAN_POINT('',(255.446986,-163.714575,0.));
#666 = VECTOR('',#667,1.);
#667 = DIRECTION('',(0.,0.,1.));
#668 = ORIENTED_EDGE('',*,*,#669,.F.);
#669 = EDGE_CURVE('',#630,#662,#670,.T.);
#670 = CIRCLE('',#671,0.489968538601);
#671 = AXIS2_PLACEMENT_3D('',#672,#673,#674);
#672 = CARTESIAN_POINT('',(255.36190066181,-164.1970992522,0.));
#673 = DIRECTION('',(0.,0.,1.));
#674 = DIRECTION('',(0.985998692016,-0.166753048975,0.));
#675 = CYLINDRICAL_SURFACE('',#676,0.489968538601);
#676 = AXIS2_PLACEMENT_3D('',#677,#678,#679);
#677 = CARTESIAN_POINT('',(255.36190066181,-164.1970992522,0.));
#678 = DIRECTION('',(-0.,-0.,-1.));
#679 = DIRECTION('',(0.985998692016,-0.166753048975,0.));
#680 = ADVANCED_FACE('',(#681),#706,.T.);
#681 = FACE_BOUND('',#682,.T.);
#682 = EDGE_LOOP('',(#683,#684,#692,#700));
#683 = ORIENTED_EDGE('',*,*,#661,.T.);
#684 = ORIENTED_EDGE('',*,*,#685,.T.);
#685 = EDGE_CURVE('',#653,#686,#688,.T.);
#686 = VERTEX_POINT('',#687);
#687 = CARTESIAN_POINT('',(255.419998,-163.709816,1.51));
#688 = LINE('',#689,#690);
#689 = CARTESIAN_POINT('',(255.446986,-163.714575,1.51));
#690 = VECTOR('',#691,1.);
#691 = DIRECTION('',(-0.984805959235,0.173658350378,0.));
#692 = ORIENTED_EDGE('',*,*,#693,.F.);
#693 = EDGE_CURVE('',#694,#686,#696,.T.);
#694 = VERTEX_POINT('',#695);
#695 = CARTESIAN_POINT('',(255.419998,-163.709816,0.));
#696 = LINE('',#697,#698);
#697 = CARTESIAN_POINT('',(255.419998,-163.709816,0.));
#698 = VECTOR('',#699,1.);
#699 = DIRECTION('',(0.,0.,1.));
#700 = ORIENTED_EDGE('',*,*,#701,.F.);
#701 = EDGE_CURVE('',#662,#694,#702,.T.);
#702 = LINE('',#703,#704);
#703 = CARTESIAN_POINT('',(255.446986,-163.714575,0.));
#704 = VECTOR('',#705,1.);
#705 = DIRECTION('',(-0.984805959235,0.173658350378,0.));
#706 = PLANE('',#707);
#707 = AXIS2_PLACEMENT_3D('',#708,#709,#710);
#708 = CARTESIAN_POINT('',(255.446986,-163.714575,0.));
#709 = DIRECTION('',(-0.173658350378,-0.984805959235,0.));
#710 = DIRECTION('',(-0.984805959235,0.173658350378,0.));
#711 = ADVANCED_FACE('',(#712),#739,.F.);
#712 = FACE_BOUND('',#713,.T.);
#713 = EDGE_LOOP('',(#714,#715,#724,#732));
#714 = ORIENTED_EDGE('',*,*,#693,.T.);
#715 = ORIENTED_EDGE('',*,*,#716,.T.);
#716 = EDGE_CURVE('',#686,#717,#719,.T.);
#717 = VERTEX_POINT('',#718);
#718 = CARTESIAN_POINT('',(254.859625,-164.108427,1.51));
#719 = CIRCLE('',#720,0.489973910917);
#720 = AXIS2_PLACEMENT_3D('',#721,#722,#723);
#721 = CARTESIAN_POINT('',(255.34214536289,-164.1935653155,1.51));
#722 = DIRECTION('',(0.,0.,1.));
#723 = DIRECTION('',(0.158891392726,0.987296067711,-0.));
#724 = ORIENTED_EDGE('',*,*,#725,.F.);
#725 = EDGE_CURVE('',#726,#717,#728,.T.);
#726 = VERTEX_POINT('',#727);
#727 = CARTESIAN_POINT('',(254.859625,-164.108427,0.));
#728 = LINE('',#729,#730);
#729 = CARTESIAN_POINT('',(254.859625,-164.108427,0.));
#730 = VECTOR('',#731,1.);
#731 = DIRECTION('',(0.,0.,1.));
#732 = ORIENTED_EDGE('',*,*,#733,.F.);
#733 = EDGE_CURVE('',#694,#726,#734,.T.);
#734 = CIRCLE('',#735,0.489973910917);
#735 = AXIS2_PLACEMENT_3D('',#736,#737,#738);
#736 = CARTESIAN_POINT('',(255.34214536289,-164.1935653155,0.));
#737 = DIRECTION('',(0.,0.,1.));
#738 = DIRECTION('',(0.158891392726,0.987296067711,-0.));
#739 = CYLINDRICAL_SURFACE('',#740,0.489973910917);
#740 = AXIS2_PLACEMENT_3D('',#741,#742,#743);
#741 = CARTESIAN_POINT('',(255.34214536289,-164.1935653155,0.));
#742 = DIRECTION('',(-0.,-0.,-1.));
#743 = DIRECTION('',(0.158891392726,0.987296067711,-0.));
#744 = ADVANCED_FACE('',(#745),#770,.T.);
#745 = FACE_BOUND('',#746,.T.);
#746 = EDGE_LOOP('',(#747,#748,#756,#764));
#747 = ORIENTED_EDGE('',*,*,#725,.T.);
#748 = ORIENTED_EDGE('',*,*,#749,.T.);
#749 = EDGE_CURVE('',#717,#750,#752,.T.);
#750 = VERTEX_POINT('',#751);
#751 = CARTESIAN_POINT('',(253.36449,-172.587758,1.51));
#752 = LINE('',#753,#754);
#753 = CARTESIAN_POINT('',(254.859625,-164.108427,1.51));
#754 = VECTOR('',#755,1.);
#755 = DIRECTION('',(-0.173648196404,-0.984807749708,0.));
#756 = ORIENTED_EDGE('',*,*,#757,.F.);
#757 = EDGE_CURVE('',#758,#750,#760,.T.);
#758 = VERTEX_POINT('',#759);
#759 = CARTESIAN_POINT('',(253.36449,-172.587758,0.));
#760 = LINE('',#761,#762);
#761 = CARTESIAN_POINT('',(253.36449,-172.587758,0.));
#762 = VECTOR('',#763,1.);
#763 = DIRECTION('',(0.,0.,1.));
#764 = ORIENTED_EDGE('',*,*,#765,.F.);
#765 = EDGE_CURVE('',#726,#758,#766,.T.);
#766 = LINE('',#767,#768);
#767 = CARTESIAN_POINT('',(254.859625,-164.108427,0.));
#768 = VECTOR('',#769,1.);
#769 = DIRECTION('',(-0.173648196404,-0.984807749708,0.));
#770 = PLANE('',#771);
#771 = AXIS2_PLACEMENT_3D('',#772,#773,#774);
#772 = CARTESIAN_POINT('',(254.859625,-164.108427,0.));
#773 = DIRECTION('',(0.984807749708,-0.173648196404,0.));
#774 = DIRECTION('',(-0.173648196404,-0.984807749708,0.));
#775 = ADVANCED_FACE('',(#776),#803,.T.);
#776 = FACE_BOUND('',#777,.T.);
#777 = EDGE_LOOP('',(#778,#779,#788,#796));
#778 = ORIENTED_EDGE('',*,*,#757,.T.);
#779 = ORIENTED_EDGE('',*,*,#780,.T.);
#780 = EDGE_CURVE('',#750,#781,#783,.T.);
#781 = VERTEX_POINT('',#782);
#782 = CARTESIAN_POINT('',(252.547838,-173.154559,1.51));
#783 = CIRCLE('',#784,0.700024931304);
#784 = AXIS2_PLACEMENT_3D('',#785,#786,#787);
#785 = CARTESIAN_POINT('',(252.67510015627,-172.4661991754,1.51));
#786 = DIRECTION('',(0.,0.,-1.));
#787 = DIRECTION('',(0.984807558835,-0.173649278895,0.));
#788 = ORIENTED_EDGE('',*,*,#789,.F.);
#789 = EDGE_CURVE('',#790,#781,#792,.T.);
#790 = VERTEX_POINT('',#791);
#791 = CARTESIAN_POINT('',(252.547838,-173.154559,0.));
#792 = LINE('',#793,#794);
#793 = CARTESIAN_POINT('',(252.547838,-173.154559,0.));
#794 = VECTOR('',#795,1.);
#795 = DIRECTION('',(0.,0.,1.));
#796 = ORIENTED_EDGE('',*,*,#797,.F.);
#797 = EDGE_CURVE('',#758,#790,#798,.T.);
#798 = CIRCLE('',#799,0.700024931304);
#799 = AXIS2_PLACEMENT_3D('',#800,#801,#802);
#800 = CARTESIAN_POINT('',(252.67510015627,-172.4661991754,0.));
#801 = DIRECTION('',(0.,0.,-1.));
#802 = DIRECTION('',(0.984807558835,-0.173649278895,0.));
#803 = CYLINDRICAL_SURFACE('',#804,0.700024931304);
#804 = AXIS2_PLACEMENT_3D('',#805,#806,#807);
#805 = CARTESIAN_POINT('',(252.67510015627,-172.4661991754,0.));
#806 = DIRECTION('',(0.,0.,-1.));
#807 = DIRECTION('',(0.984807558835,-0.173649278895,0.));
#808 = ADVANCED_FACE('',(#809),#834,.T.);
#809 = FACE_BOUND('',#810,.T.);
#810 = EDGE_LOOP('',(#811,#812,#820,#828));
#811 = ORIENTED_EDGE('',*,*,#789,.T.);
#812 = ORIENTED_EDGE('',*,*,#813,.T.);
#813 = EDGE_CURVE('',#781,#814,#816,.T.);
#814 = VERTEX_POINT('',#815);
#815 = CARTESIAN_POINT('',(233.645317,-169.821534,1.51));
#816 = LINE('',#817,#818);
#817 = CARTESIAN_POINT('',(252.547838,-173.154559,1.51));
#818 = VECTOR('',#819,1.);
#819 = DIRECTION('',(-0.984807748163,0.173648205169,0.));
#820 = ORIENTED_EDGE('',*,*,#821,.F.);
#821 = EDGE_CURVE('',#822,#814,#824,.T.);
#822 = VERTEX_POINT('',#823);
#823 = CARTESIAN_POINT('',(233.645317,-169.821534,0.));
#824 = LINE('',#825,#826);
#825 = CARTESIAN_POINT('',(233.645317,-169.821534,0.));
#826 = VECTOR('',#827,1.);
#827 = DIRECTION('',(0.,0.,1.));
#828 = ORIENTED_EDGE('',*,*,#829,.F.);
#829 = EDGE_CURVE('',#790,#822,#830,.T.);
#830 = LINE('',#831,#832);
#831 = CARTESIAN_POINT('',(252.547838,-173.154559,0.));
#832 = VECTOR('',#833,1.);
#833 = DIRECTION('',(-0.984807748163,0.173648205169,0.));
#834 = PLANE('',#835);
#835 = AXIS2_PLACEMENT_3D('',#836,#837,#838);
#836 = CARTESIAN_POINT('',(252.547838,-173.154559,0.));
#837 = DIRECTION('',(-0.173648205169,-0.984807748163,0.));
#838 = DIRECTION('',(-0.984807748163,0.173648205169,0.));
#839 = ADVANCED_FACE('',(#840),#867,.T.);
#840 = FACE_BOUND('',#841,.T.);
#841 = EDGE_LOOP('',(#842,#843,#852,#860));
#842 = ORIENTED_EDGE('',*,*,#821,.T.);
#843 = ORIENTED_EDGE('',*,*,#844,.T.);
#844 = EDGE_CURVE('',#814,#845,#847,.T.);
#845 = VERTEX_POINT('',#846);
#846 = CARTESIAN_POINT('',(233.079285,-169.000195,1.51));
#847 = CIRCLE('',#848,0.700150806349);
#848 = AXIS2_PLACEMENT_3D('',#849,#850,#851);
#849 = CARTESIAN_POINT('',(233.76691320498,-169.1320229307,1.51));
#850 = DIRECTION('',(0.,0.,-1.));
#851 = DIRECTION('',(-0.173671448901,-0.984803649382,-0.));
#852 = ORIENTED_EDGE('',*,*,#853,.F.);
#853 = EDGE_CURVE('',#854,#845,#856,.T.);
#854 = VERTEX_POINT('',#855);
#855 = CARTESIAN_POINT('',(233.079285,-169.000195,0.));
#856 = LINE('',#857,#858);
#857 = CARTESIAN_POINT('',(233.079285,-169.000195,0.));
#858 = VECTOR('',#859,1.);
#859 = DIRECTION('',(0.,0.,1.));
#860 = ORIENTED_EDGE('',*,*,#861,.F.);
#861 = EDGE_CURVE('',#822,#854,#862,.T.);
#862 = CIRCLE('',#863,0.700150806349);
#863 = AXIS2_PLACEMENT_3D('',#864,#865,#866);
#864 = CARTESIAN_POINT('',(233.76691320498,-169.1320229307,0.));
#865 = DIRECTION('',(0.,0.,-1.));
#866 = DIRECTION('',(-0.173671448901,-0.984803649382,-0.));
#867 = CYLINDRICAL_SURFACE('',#868,0.700150806349);
#868 = AXIS2_PLACEMENT_3D('',#869,#870,#871);
#869 = CARTESIAN_POINT('',(233.76691320498,-169.1320229307,0.));
#870 = DIRECTION('',(0.,0.,-1.));
#871 = DIRECTION('',(-0.173671448901,-0.984803649382,-0.));
#872 = ADVANCED_FACE('',(#873),#898,.T.);
#873 = FACE_BOUND('',#874,.T.);
#874 = EDGE_LOOP('',(#875,#876,#884,#892));
#875 = ORIENTED_EDGE('',*,*,#853,.T.);
#876 = ORIENTED_EDGE('',*,*,#877,.T.);
#877 = EDGE_CURVE('',#845,#878,#880,.T.);
#878 = VERTEX_POINT('',#879);
#879 = CARTESIAN_POINT('',(233.656584,-165.726175,1.51));
#880 = LINE('',#881,#882);
#881 = CARTESIAN_POINT('',(233.079285,-169.000195,1.51));
#882 = VECTOR('',#883,1.);
#883 = DIRECTION('',(0.173648451486,0.984807704731,0.));
#884 = ORIENTED_EDGE('',*,*,#885,.F.);
#885 = EDGE_CURVE('',#886,#878,#888,.T.);
#886 = VERTEX_POINT('',#887);
#887 = CARTESIAN_POINT('',(233.656584,-165.726175,0.));
#888 = LINE('',#889,#890);
#889 = CARTESIAN_POINT('',(233.656584,-165.726175,0.));
#890 = VECTOR('',#891,1.);
#891 = DIRECTION('',(0.,0.,1.));
#892 = ORIENTED_EDGE('',*,*,#893,.F.);
#893 = EDGE_CURVE('',#854,#886,#894,.T.);
#894 = LINE('',#895,#896);
#895 = CARTESIAN_POINT('',(233.079285,-169.000195,0.));
#896 = VECTOR('',#897,1.);
#897 = DIRECTION('',(0.173648451486,0.984807704731,0.));
#898 = PLANE('',#899);
#899 = AXIS2_PLACEMENT_3D('',#900,#901,#902);
#900 = CARTESIAN_POINT('',(233.079285,-169.000195,0.));
#901 = DIRECTION('',(-0.984807704731,0.173648451486,0.));
#902 = DIRECTION('',(0.173648451486,0.984807704731,0.));
#903 = ADVANCED_FACE('',(#904),#929,.T.);
#904 = FACE_BOUND('',#905,.T.);
#905 = EDGE_LOOP('',(#906,#907,#915,#923));
#906 = ORIENTED_EDGE('',*,*,#885,.T.);
#907 = ORIENTED_EDGE('',*,*,#908,.T.);
#908 = EDGE_CURVE('',#878,#909,#911,.T.);
#909 = VERTEX_POINT('',#910);
#910 = CARTESIAN_POINT('',(218.654684,-164.67714,1.51));
#911 = LINE('',#912,#913);
#912 = CARTESIAN_POINT('',(233.656584,-165.726175,1.51));
#913 = VECTOR('',#914,1.);
#914 = DIRECTION('',(-0.997564050445,6.975647109092E-02,0.));
#915 = ORIENTED_EDGE('',*,*,#916,.F.);
#916 = EDGE_CURVE('',#917,#909,#919,.T.);
#917 = VERTEX_POINT('',#918);
#918 = CARTESIAN_POINT('',(218.654684,-164.67714,0.));
#919 = LINE('',#920,#921);
#920 = CARTESIAN_POINT('',(218.654684,-164.67714,0.));
#921 = VECTOR('',#922,1.);
#922 = DIRECTION('',(0.,0.,1.));
#923 = ORIENTED_EDGE('',*,*,#924,.F.);
#924 = EDGE_CURVE('',#886,#917,#925,.T.);
#925 = LINE('',#926,#927);
#926 = CARTESIAN_POINT('',(233.656584,-165.726175,0.));
#927 = VECTOR('',#928,1.);
#928 = DIRECTION('',(-0.997564050445,6.975647109092E-02,0.));
#929 = PLANE('',#930);
#930 = AXIS2_PLACEMENT_3D('',#931,#932,#933);
#931 = CARTESIAN_POINT('',(233.656584,-165.726175,0.));
#932 = DIRECTION('',(-6.975647109092E-02,-0.997564050445,0.));
#933 = DIRECTION('',(-0.997564050445,6.975647109092E-02,0.));
#934 = ADVANCED_FACE('',(#935),#960,.T.);
#935 = FACE_BOUND('',#936,.T.);
#936 = EDGE_LOOP('',(#937,#938,#946,#954));
#937 = ORIENTED_EDGE('',*,*,#916,.T.);
#938 = ORIENTED_EDGE('',*,*,#939,.T.);
#939 = EDGE_CURVE('',#909,#940,#942,.T.);
#940 = VERTEX_POINT('',#941);
#941 = CARTESIAN_POINT('',(202.25,-164.67714,1.51));
#942 = LINE('',#943,#944);
#943 = CARTESIAN_POINT('',(218.654684,-164.67714,1.51));
#944 = VECTOR('',#945,1.);
#945 = DIRECTION('',(-1.,0.,0.));
#946 = ORIENTED_EDGE('',*,*,#947,.F.);
#947 = EDGE_CURVE('',#948,#940,#950,.T.);
#948 = VERTEX_POINT('',#949);
#949 = CARTESIAN_POINT('',(202.25,-164.67714,0.));
#950 = LINE('',#951,#952);
#951 = CARTESIAN_POINT('',(202.25,-164.67714,0.));
#952 = VECTOR('',#953,1.);
#953 = DIRECTION('',(0.,0.,1.));
#954 = ORIENTED_EDGE('',*,*,#955,.F.);
#955 = EDGE_CURVE('',#917,#948,#956,.T.);
#956 = LINE('',#957,#958);
#957 = CARTESIAN_POINT('',(218.654684,-164.67714,0.));
#958 = VECTOR('',#959,1.);
#959 = DIRECTION('',(-1.,0.,0.));
#960 = PLANE('',#961);
#961 = AXIS2_PLACEMENT_3D('',#962,#963,#964);
#962 = CARTESIAN_POINT('',(218.654684,-164.67714,0.));
#963 = DIRECTION('',(0.,-1.,0.));
#964 = DIRECTION('',(-1.,0.,0.));
#965 = ADVANCED_FACE('',(#966),#991,.T.);
#966 = FACE_BOUND('',#967,.T.);
#967 = EDGE_LOOP('',(#968,#969,#977,#985));
#968 = ORIENTED_EDGE('',*,*,#947,.T.);
#969 = ORIENTED_EDGE('',*,*,#970,.T.);
#970 = EDGE_CURVE('',#940,#971,#973,.T.);
#971 = VERTEX_POINT('',#972);
#972 = CARTESIAN_POINT('',(202.25,-177.55,1.51));
#973 = LINE('',#974,#975);
#974 = CARTESIAN_POINT('',(202.25,-164.67714,1.51));
#975 = VECTOR('',#976,1.);
#976 = DIRECTION('',(0.,-1.,0.));
#977 = ORIENTED_EDGE('',*,*,#978,.F.);
#978 = EDGE_CURVE('',#979,#971,#981,.T.);
#979 = VERTEX_POINT('',#980);
#980 = CARTESIAN_POINT('',(202.25,-177.55,0.));
#981 = LINE('',#982,#983);
#982 = CARTESIAN_POINT('',(202.25,-177.55,0.));
#983 = VECTOR('',#984,1.);
#984 = DIRECTION('',(0.,0.,1.));
#985 = ORIENTED_EDGE('',*,*,#986,.F.);
#986 = EDGE_CURVE('',#948,#979,#987,.T.);
#987 = LINE('',#988,#989);
#988 = CARTESIAN_POINT('',(202.25,-164.67714,0.));
#989 = VECTOR('',#990,1.);
#990 = DIRECTION('',(0.,-1.,0.));
#991 = PLANE('',#992);
#992 = AXIS2_PLACEMENT_3D('',#993,#994,#995);
#993 = CARTESIAN_POINT('',(202.25,-164.67714,0.));
#994 = DIRECTION('',(1.,0.,-0.));
#995 = DIRECTION('',(0.,-1.,0.));
#996 = ADVANCED_FACE('',(#997),#1024,.T.);
#997 = FACE_BOUND('',#998,.T.);
#998 = EDGE_LOOP('',(#999,#1000,#1009,#1017));
#999 = ORIENTED_EDGE('',*,*,#978,.T.);
#1000 = ORIENTED_EDGE('',*,*,#1001,.T.);
#1001 = EDGE_CURVE('',#971,#1002,#1004,.T.);
#1002 = VERTEX_POINT('',#1003);
#1003 = CARTESIAN_POINT('',(201.55,-178.25,1.51));
#1004 = CIRCLE('',#1005,0.699999135627);
#1005 = AXIS2_PLACEMENT_3D('',#1006,#1007,#1008);
#1006 = CARTESIAN_POINT('',(201.55000086437,-177.5500008643,1.51));
#1007 = DIRECTION('',(0.,0.,-1.));
#1008 = DIRECTION('',(0.999999999999,1.234820248241E-06,0.));
#1009 = ORIENTED_EDGE('',*,*,#1010,.F.);
#1010 = EDGE_CURVE('',#1011,#1002,#1013,.T.);
#1011 = VERTEX_POINT('',#1012);
#1012 = CARTESIAN_POINT('',(201.55,-178.25,0.));
#1013 = LINE('',#1014,#1015);
#1014 = CARTESIAN_POINT('',(201.55,-178.25,0.));
#1015 = VECTOR('',#1016,1.);
#1016 = DIRECTION('',(0.,0.,1.));
#1017 = ORIENTED_EDGE('',*,*,#1018,.F.);
#1018 = EDGE_CURVE('',#979,#1011,#1019,.T.);
#1019 = CIRCLE('',#1020,0.699999135627);
#1020 = AXIS2_PLACEMENT_3D('',#1021,#1022,#1023);
#1021 = CARTESIAN_POINT('',(201.55000086437,-177.5500008643,0.));
#1022 = DIRECTION('',(0.,0.,-1.));
#1023 = DIRECTION('',(0.999999999999,1.234820248241E-06,0.));
#1024 = CYLINDRICAL_SURFACE('',#1025,0.699999135627);
#1025 = AXIS2_PLACEMENT_3D('',#1026,#1027,#1028);
#1026 = CARTESIAN_POINT('',(201.55000086437,-177.5500008643,0.));
#1027 = DIRECTION('',(0.,0.,-1.));
#1028 = DIRECTION('',(0.999999999999,1.234820248241E-06,0.));
#1029 = ADVANCED_FACE('',(#1030),#1055,.T.);
#1030 = FACE_BOUND('',#1031,.T.);
#1031 = EDGE_LOOP('',(#1032,#1033,#1041,#1049));
#1032 = ORIENTED_EDGE('',*,*,#1010,.T.);
#1033 = ORIENTED_EDGE('',*,*,#1034,.T.);
#1034 = EDGE_CURVE('',#1002,#1035,#1037,.T.);
#1035 = VERTEX_POINT('',#1036);
#1036 = CARTESIAN_POINT('',(191.950026,-178.25,1.51));
#1037 = LINE('',#1038,#1039);
#1038 = CARTESIAN_POINT('',(201.55,-178.25,1.51));
#1039 = VECTOR('',#1040,1.);
#1040 = DIRECTION('',(-1.,0.,0.));
#1041 = ORIENTED_EDGE('',*,*,#1042,.F.);
#1042 = EDGE_CURVE('',#1043,#1035,#1045,.T.);
#1043 = VERTEX_POINT('',#1044);
#1044 = CARTESIAN_POINT('',(191.950026,-178.25,0.));
#1045 = LINE('',#1046,#1047);
#1046 = CARTESIAN_POINT('',(191.950026,-178.25,0.));
#1047 = VECTOR('',#1048,1.);
#1048 = DIRECTION('',(0.,0.,1.));
#1049 = ORIENTED_EDGE('',*,*,#1050,.F.);
#1050 = EDGE_CURVE('',#1011,#1043,#1051,.T.);
#1051 = LINE('',#1052,#1053);
#1052 = CARTESIAN_POINT('',(201.55,-178.25,0.));
#1053 = VECTOR('',#1054,1.);
#1054 = DIRECTION('',(-1.,0.,0.));
#1055 = PLANE('',#1056);
#1056 = AXIS2_PLACEMENT_3D('',#1057,#1058,#1059);
#1057 = CARTESIAN_POINT('',(201.55,-178.25,0.));
#1058 = DIRECTION('',(0.,-1.,0.));
#1059 = DIRECTION('',(-1.,0.,0.));
#1060 = ADVANCED_FACE('',(#1061),#1086,.T.);
#1061 = FACE_BOUND('',#1062,.T.);
#1062 = EDGE_LOOP('',(#1063,#1064,#1072,#1080));
#1063 = ORIENTED_EDGE('',*,*,#1042,.T.);
#1064 = ORIENTED_EDGE('',*,*,#1065,.T.);
#1065 = EDGE_CURVE('',#1035,#1066,#1068,.T.);
#1066 = VERTEX_POINT('',#1067);
#1067 = CARTESIAN_POINT('',(191.95,-178.25,1.51));
#1068 = LINE('',#1069,#1070);
#1069 = CARTESIAN_POINT('',(191.950026,-178.25,1.51));
#1070 = VECTOR('',#1071,1.);
#1071 = DIRECTION('',(-1.,0.,0.));
#1072 = ORIENTED_EDGE('',*,*,#1073,.F.);
#1073 = EDGE_CURVE('',#1074,#1066,#1076,.T.);
#1074 = VERTEX_POINT('',#1075);
#1075 = CARTESIAN_POINT('',(191.95,-178.25,0.));
#1076 = LINE('',#1077,#1078);
#1077 = CARTESIAN_POINT('',(191.95,-178.25,0.));
#1078 = VECTOR('',#1079,1.);
#1079 = DIRECTION('',(0.,0.,1.));
#1080 = ORIENTED_EDGE('',*,*,#1081,.F.);
#1081 = EDGE_CURVE('',#1043,#1074,#1082,.T.);
#1082 = LINE('',#1083,#1084);
#1083 = CARTESIAN_POINT('',(191.950026,-178.25,0.));
#1084 = VECTOR('',#1085,1.);
#1085 = DIRECTION('',(-1.,0.,0.));
#1086 = PLANE('',#1087);
#1087 = AXIS2_PLACEMENT_3D('',#1088,#1089,#1090);
#1088 = CARTESIAN_POINT('',(191.950026,-178.25,0.));
#1089 = DIRECTION('',(0.,-1.,0.));
#1090 = DIRECTION('',(-1.,0.,0.));
#1091 = ADVANCED_FACE('',(#1092),#1117,.T.);
#1092 = FACE_BOUND('',#1093,.T.);
#1093 = EDGE_LOOP('',(#1094,#1095,#1103,#1111));
#1094 = ORIENTED_EDGE('',*,*,#1073,.T.);
#1095 = ORIENTED_EDGE('',*,*,#1096,.T.);
#1096 = EDGE_CURVE('',#1066,#1097,#1099,.T.);
#1097 = VERTEX_POINT('',#1098);
#1098 = CARTESIAN_POINT('',(191.95,-178.249998,1.51));
#1099 = LINE('',#1100,#1101);
#1100 = CARTESIAN_POINT('',(191.95,-178.25,1.51));
#1101 = VECTOR('',#1102,1.);
#1102 = DIRECTION('',(0.,1.,0.));
#1103 = ORIENTED_EDGE('',*,*,#1104,.F.);
#1104 = EDGE_CURVE('',#1105,#1097,#1107,.T.);
#1105 = VERTEX_POINT('',#1106);
#1106 = CARTESIAN_POINT('',(191.95,-178.249998,0.));
#1107 = LINE('',#1108,#1109);
#1108 = CARTESIAN_POINT('',(191.95,-178.249998,0.));
#1109 = VECTOR('',#1110,1.);
#1110 = DIRECTION('',(0.,0.,1.));
#1111 = ORIENTED_EDGE('',*,*,#1112,.F.);
#1112 = EDGE_CURVE('',#1074,#1105,#1113,.T.);
#1113 = LINE('',#1114,#1115);
#1114 = CARTESIAN_POINT('',(191.95,-178.25,0.));
#1115 = VECTOR('',#1116,1.);
#1116 = DIRECTION('',(0.,1.,0.));
#1117 = PLANE('',#1118);
#1118 = AXIS2_PLACEMENT_3D('',#1119,#1120,#1121);
#1119 = CARTESIAN_POINT('',(191.95,-178.25,0.));
#1120 = DIRECTION('',(-1.,0.,0.));
#1121 = DIRECTION('',(0.,1.,0.));
#1122 = ADVANCED_FACE('',(#1123),#1150,.F.);
#1123 = FACE_BOUND('',#1124,.T.);
#1124 = EDGE_LOOP('',(#1125,#1126,#1135,#1143));
#1125 = ORIENTED_EDGE('',*,*,#1104,.T.);
#1126 = ORIENTED_EDGE('',*,*,#1127,.T.);
#1127 = EDGE_CURVE('',#1097,#1128,#1130,.T.);
#1128 = VERTEX_POINT('',#1129);
#1129 = CARTESIAN_POINT('',(147.556805,-193.998364,1.51));
#1130 = CIRCLE('',#1131,70.502036904556);
#1131 = AXIS2_PLACEMENT_3D('',#1132,#1133,#1134);
#1132 = CARTESIAN_POINT('',(191.97046343274,-248.7520319347,1.51));
#1133 = DIRECTION('',(0.,0.,1.));
#1134 = DIRECTION('',(-2.902530712937E-04,0.999999957877,0.));
#1135 = ORIENTED_EDGE('',*,*,#1136,.F.);
#1136 = EDGE_CURVE('',#1137,#1128,#1139,.T.);
#1137 = VERTEX_POINT('',#1138);
#1138 = CARTESIAN_POINT('',(147.556805,-193.998364,0.));
#1139 = LINE('',#1140,#1141);
#1140 = CARTESIAN_POINT('',(147.556805,-193.998364,0.));
#1141 = VECTOR('',#1142,1.);
#1142 = DIRECTION('',(0.,0.,1.));
#1143 = ORIENTED_EDGE('',*,*,#1144,.F.);
#1144 = EDGE_CURVE('',#1105,#1137,#1145,.T.);
#1145 = CIRCLE('',#1146,70.502036904556);
#1146 = AXIS2_PLACEMENT_3D('',#1147,#1148,#1149);
#1147 = CARTESIAN_POINT('',(191.97046343274,-248.7520319347,0.));
#1148 = DIRECTION('',(0.,0.,1.));
#1149 = DIRECTION('',(-2.902530712937E-04,0.999999957877,0.));
#1150 = CYLINDRICAL_SURFACE('',#1151,70.502036904556);
#1151 = AXIS2_PLACEMENT_3D('',#1152,#1153,#1154);
#1152 = CARTESIAN_POINT('',(191.97046343274,-248.7520319347,0.));
#1153 = DIRECTION('',(-0.,-0.,-1.));
#1154 = DIRECTION('',(-2.902530712937E-04,0.999999957877,0.));
#1155 = ADVANCED_FACE('',(#1156),#1181,.T.);
#1156 = FACE_BOUND('',#1157,.T.);
#1157 = EDGE_LOOP('',(#1158,#1159,#1167,#1175));
#1158 = ORIENTED_EDGE('',*,*,#1136,.T.);
#1159 = ORIENTED_EDGE('',*,*,#1160,.T.);
#1160 = EDGE_CURVE('',#1128,#1161,#1163,.T.);
#1161 = VERTEX_POINT('',#1162);
#1162 = CARTESIAN_POINT('',(145.950909,-191.216868,1.51));
#1163 = LINE('',#1164,#1165);
#1164 = CARTESIAN_POINT('',(147.556805,-193.998364,1.51));
#1165 = VECTOR('',#1166,1.);
#1166 = DIRECTION('',(-0.499999658053,0.866025601207,0.));
#1167 = ORIENTED_EDGE('',*,*,#1168,.F.);
#1168 = EDGE_CURVE('',#1169,#1161,#1171,.T.);
#1169 = VERTEX_POINT('',#1170);
#1170 = CARTESIAN_POINT('',(145.950909,-191.216868,0.));
#1171 = LINE('',#1172,#1173);
#1172 = CARTESIAN_POINT('',(145.950909,-191.216868,0.));
#1173 = VECTOR('',#1174,1.);
#1174 = DIRECTION('',(0.,0.,1.));
#1175 = ORIENTED_EDGE('',*,*,#1176,.F.);
#1176 = EDGE_CURVE('',#1137,#1169,#1177,.T.);
#1177 = LINE('',#1178,#1179);
#1178 = CARTESIAN_POINT('',(147.556805,-193.998364,0.));
#1179 = VECTOR('',#1180,1.);
#1180 = DIRECTION('',(-0.499999658053,0.866025601207,0.));
#1181 = PLANE('',#1182);
#1182 = AXIS2_PLACEMENT_3D('',#1183,#1184,#1185);
#1183 = CARTESIAN_POINT('',(147.556805,-193.998364,0.));
#1184 = DIRECTION('',(-0.866025601207,-0.499999658053,0.));
#1185 = DIRECTION('',(-0.499999658053,0.866025601207,0.));
#1186 = ADVANCED_FACE('',(#1187),#1212,.T.);
#1187 = FACE_BOUND('',#1188,.T.);
#1188 = EDGE_LOOP('',(#1189,#1190,#1198,#1206));
#1189 = ORIENTED_EDGE('',*,*,#1168,.T.);
#1190 = ORIENTED_EDGE('',*,*,#1191,.T.);
#1191 = EDGE_CURVE('',#1161,#1192,#1194,.T.);
#1192 = VERTEX_POINT('',#1193);
#1193 = CARTESIAN_POINT('',(145.9509,-191.216873,1.51));
#1194 = LINE('',#1195,#1196);
#1195 = CARTESIAN_POINT('',(145.950909,-191.216868,1.51));
#1196 = VECTOR('',#1197,1.);
#1197 = DIRECTION('',(-0.874157276773,-0.485642930007,0.));
#1198 = ORIENTED_EDGE('',*,*,#1199,.F.);
#1199 = EDGE_CURVE('',#1200,#1192,#1202,.T.);
#1200 = VERTEX_POINT('',#1201);
#1201 = CARTESIAN_POINT('',(145.9509,-191.216873,0.));
#1202 = LINE('',#1203,#1204);
#1203 = CARTESIAN_POINT('',(145.9509,-191.216873,0.));
#1204 = VECTOR('',#1205,1.);
#1205 = DIRECTION('',(0.,0.,1.));
#1206 = ORIENTED_EDGE('',*,*,#1207,.F.);
#1207 = EDGE_CURVE('',#1169,#1200,#1208,.T.);
#1208 = LINE('',#1209,#1210);
#1209 = CARTESIAN_POINT('',(145.950909,-191.216868,0.));
#1210 = VECTOR('',#1211,1.);
#1211 = DIRECTION('',(-0.874157276773,-0.485642930007,0.));
#1212 = PLANE('',#1213);
#1213 = AXIS2_PLACEMENT_3D('',#1214,#1215,#1216);
#1214 = CARTESIAN_POINT('',(145.950909,-191.216868,0.));
#1215 = DIRECTION('',(0.485642930007,-0.874157276773,0.));
#1216 = DIRECTION('',(-0.874157276773,-0.485642930007,0.));
#1217 = ADVANCED_FACE('',(#1218),#1245,.F.);
#1218 = FACE_BOUND('',#1219,.T.);
#1219 = EDGE_LOOP('',(#1220,#1221,#1230,#1238));
#1220 = ORIENTED_EDGE('',*,*,#1199,.T.);
#1221 = ORIENTED_EDGE('',*,*,#1222,.T.);
#1222 = EDGE_CURVE('',#1192,#1223,#1225,.T.);
#1223 = VERTEX_POINT('',#1224);
#1224 = CARTESIAN_POINT('',(145.2815,-191.037484,1.51));
#1225 = CIRCLE('',#1226,0.490031045378);
#1226 = AXIS2_PLACEMENT_3D('',#1227,#1228,#1229);
#1227 = CARTESIAN_POINT('',(145.52650847366,-191.4618674036,1.51));
#1228 = DIRECTION('',(0.,0.,1.));
#1229 = DIRECTION('',(0.866050284656,0.499956902591,-0.));
#1230 = ORIENTED_EDGE('',*,*,#1231,.F.);
#1231 = EDGE_CURVE('',#1232,#1223,#1234,.T.);
#1232 = VERTEX_POINT('',#1233);
#1233 = CARTESIAN_POINT('',(145.2815,-191.037484,0.));
#1234 = LINE('',#1235,#1236);
#1235 = CARTESIAN_POINT('',(145.2815,-191.037484,0.));
#1236 = VECTOR('',#1237,1.);
#1237 = DIRECTION('',(0.,0.,1.));
#1238 = ORIENTED_EDGE('',*,*,#1239,.F.);
#1239 = EDGE_CURVE('',#1200,#1232,#1240,.T.);
#1240 = CIRCLE('',#1241,0.490031045378);
#1241 = AXIS2_PLACEMENT_3D('',#1242,#1243,#1244);
#1242 = CARTESIAN_POINT('',(145.52650847366,-191.4618674036,0.));
#1243 = DIRECTION('',(0.,0.,1.));
#1244 = DIRECTION('',(0.866050284656,0.499956902591,-0.));
#1245 = CYLINDRICAL_SURFACE('',#1246,0.490031045378);
#1246 = AXIS2_PLACEMENT_3D('',#1247,#1248,#1249);
#1247 = CARTESIAN_POINT('',(145.52650847366,-191.4618674036,0.));
#1248 = DIRECTION('',(-0.,-0.,-1.));
#1249 = DIRECTION('',(0.866050284656,0.499956902591,-0.));
#1250 = ADVANCED_FACE('',(#1251),#1276,.T.);
#1251 = FACE_BOUND('',#1252,.T.);
#1252 = EDGE_LOOP('',(#1253,#1254,#1262,#1270));
#1253 = ORIENTED_EDGE('',*,*,#1231,.T.);
#1254 = ORIENTED_EDGE('',*,*,#1255,.T.);
#1255 = EDGE_CURVE('',#1223,#1256,#1258,.T.);
#1256 = VERTEX_POINT('',#1257);
#1257 = CARTESIAN_POINT('',(145.268404,-191.045044,1.51));
#1258 = LINE('',#1259,#1260);
#1259 = CARTESIAN_POINT('',(145.2815,-191.037484,1.51));
#1260 = VECTOR('',#1261,1.);
#1261 = DIRECTION('',(-0.866053440288,-0.499951436207,0.));
#1262 = ORIENTED_EDGE('',*,*,#1263,.F.);
#1263 = EDGE_CURVE('',#1264,#1256,#1266,.T.);
#1264 = VERTEX_POINT('',#1265);
#1265 = CARTESIAN_POINT('',(145.268404,-191.045044,0.));
#1266 = LINE('',#1267,#1268);
#1267 = CARTESIAN_POINT('',(145.268404,-191.045044,0.));
#1268 = VECTOR('',#1269,1.);
#1269 = DIRECTION('',(0.,0.,1.));
#1270 = ORIENTED_EDGE('',*,*,#1271,.F.);
#1271 = EDGE_CURVE('',#1232,#1264,#1272,.T.);
#1272 = LINE('',#1273,#1274);
#1273 = CARTESIAN_POINT('',(145.2815,-191.037484,0.));
#1274 = VECTOR('',#1275,1.);
#1275 = DIRECTION('',(-0.866053440288,-0.499951436207,0.));
#1276 = PLANE('',#1277);
#1277 = AXIS2_PLACEMENT_3D('',#1278,#1279,#1280);
#1278 = CARTESIAN_POINT('',(145.2815,-191.037484,0.));
#1279 = DIRECTION('',(0.499951436207,-0.866053440288,0.));
#1280 = DIRECTION('',(-0.866053440288,-0.499951436207,0.));
#1281 = ADVANCED_FACE('',(#1282),#1309,.F.);
#1282 = FACE_BOUND('',#1283,.T.);
#1283 = EDGE_LOOP('',(#1284,#1285,#1294,#1302));
#1284 = ORIENTED_EDGE('',*,*,#1263,.T.);
#1285 = ORIENTED_EDGE('',*,*,#1286,.T.);
#1286 = EDGE_CURVE('',#1256,#1287,#1289,.T.);
#1287 = VERTEX_POINT('',#1288);
#1288 = CARTESIAN_POINT('',(145.084844,-191.716802,1.51));
#1289 = CIRCLE('',#1290,0.49000514204);
#1290 = AXIS2_PLACEMENT_3D('',#1291,#1292,#1293);
#1291 = CARTESIAN_POINT('',(145.50920176609,-191.4718009273,1.51));
#1292 = DIRECTION('',(0.,0.,1.));
#1293 = DIRECTION('',(-0.491418855504,0.870923365432,0.));
#1294 = ORIENTED_EDGE('',*,*,#1295,.F.);
#1295 = EDGE_CURVE('',#1296,#1287,#1298,.T.);
#1296 = VERTEX_POINT('',#1297);
#1297 = CARTESIAN_POINT('',(145.084844,-191.716802,0.));
#1298 = LINE('',#1299,#1300);
#1299 = CARTESIAN_POINT('',(145.084844,-191.716802,0.));
#1300 = VECTOR('',#1301,1.);
#1301 = DIRECTION('',(0.,0.,1.));
#1302 = ORIENTED_EDGE('',*,*,#1303,.F.);
#1303 = EDGE_CURVE('',#1264,#1296,#1304,.T.);
#1304 = CIRCLE('',#1305,0.49000514204);
#1305 = AXIS2_PLACEMENT_3D('',#1306,#1307,#1308);
#1306 = CARTESIAN_POINT('',(145.50920176609,-191.4718009273,0.));
#1307 = DIRECTION('',(0.,0.,1.));
#1308 = DIRECTION('',(-0.491418855504,0.870923365432,0.));
#1309 = CYLINDRICAL_SURFACE('',#1310,0.49000514204);
#1310 = AXIS2_PLACEMENT_3D('',#1311,#1312,#1313);
#1311 = CARTESIAN_POINT('',(145.50920176609,-191.4718009273,0.));
#1312 = DIRECTION('',(-0.,-0.,-1.));
#1313 = DIRECTION('',(-0.491418855504,0.870923365432,0.));
#1314 = ADVANCED_FACE('',(#1315),#1340,.T.);
#1315 = FACE_BOUND('',#1316,.T.);
#1316 = EDGE_LOOP('',(#1317,#1318,#1326,#1334));
#1317 = ORIENTED_EDGE('',*,*,#1295,.T.);
#1318 = ORIENTED_EDGE('',*,*,#1319,.T.);
#1319 = EDGE_CURVE('',#1287,#1320,#1322,.T.);
#1320 = VERTEX_POINT('',#1321);
#1321 = CARTESIAN_POINT('',(146.774083,-194.64265,1.51));
#1322 = LINE('',#1323,#1324);
#1323 = CARTESIAN_POINT('',(145.084844,-191.716802,1.51));
#1324 = VECTOR('',#1325,1.);
#1325 = DIRECTION('',(0.49999997105,-0.866025420499,0.));
#1326 = ORIENTED_EDGE('',*,*,#1327,.F.);
#1327 = EDGE_CURVE('',#1328,#1320,#1330,.T.);
#1328 = VERTEX_POINT('',#1329);
#1329 = CARTESIAN_POINT('',(146.774083,-194.64265,0.));
#1330 = LINE('',#1331,#1332);
#1331 = CARTESIAN_POINT('',(146.774083,-194.64265,0.));
#1332 = VECTOR('',#1333,1.);
#1333 = DIRECTION('',(0.,0.,1.));
#1334 = ORIENTED_EDGE('',*,*,#1335,.F.);
#1335 = EDGE_CURVE('',#1296,#1328,#1336,.T.);
#1336 = LINE('',#1337,#1338);
#1337 = CARTESIAN_POINT('',(145.084844,-191.716802,0.));
#1338 = VECTOR('',#1339,1.);
#1339 = DIRECTION('',(0.49999997105,-0.866025420499,0.));
#1340 = PLANE('',#1341);
#1341 = AXIS2_PLACEMENT_3D('',#1342,#1343,#1344);
#1342 = CARTESIAN_POINT('',(145.084844,-191.716802,0.));
#1343 = DIRECTION('',(0.866025420499,0.49999997105,-0.));
#1344 = DIRECTION('',(0.49999997105,-0.866025420499,0.));
#1345 = ADVANCED_FACE('',(#1346),#1373,.F.);
#1346 = FACE_BOUND('',#1347,.T.);
#1347 = EDGE_LOOP('',(#1348,#1349,#1358,#1366));
#1348 = ORIENTED_EDGE('',*,*,#1327,.T.);
#1349 = ORIENTED_EDGE('',*,*,#1350,.T.);
#1350 = EDGE_CURVE('',#1320,#1351,#1353,.T.);
#1351 = VERTEX_POINT('',#1352);
#1352 = CARTESIAN_POINT('',(141.596522,-199.426543,1.51));
#1353 = CIRCLE('',#1354,70.503330905429);
#1354 = AXIS2_PLACEMENT_3D('',#1355,#1356,#1357);
#1355 = CARTESIAN_POINT('',(191.97134878041,-248.7529709631,1.51));
#1356 = DIRECTION('',(0.,0.,1.));
#1357 = DIRECTION('',(-0.64106568016,0.767486021841,0.));
#1358 = ORIENTED_EDGE('',*,*,#1359,.F.);
#1359 = EDGE_CURVE('',#1360,#1351,#1362,.T.);
#1360 = VERTEX_POINT('',#1361);
#1361 = CARTESIAN_POINT('',(141.596522,-199.426543,0.));
#1362 = LINE('',#1363,#1364);
#1363 = CARTESIAN_POINT('',(141.596522,-199.426543,0.));
#1364 = VECTOR('',#1365,1.);
#1365 = DIRECTION('',(0.,0.,1.));
#1366 = ORIENTED_EDGE('',*,*,#1367,.F.);
#1367 = EDGE_CURVE('',#1328,#1360,#1368,.T.);
#1368 = CIRCLE('',#1369,70.503330905429);
#1369 = AXIS2_PLACEMENT_3D('',#1370,#1371,#1372);
#1370 = CARTESIAN_POINT('',(191.97134878041,-248.7529709631,0.));
#1371 = DIRECTION('',(0.,0.,1.));
#1372 = DIRECTION('',(-0.64106568016,0.767486021841,0.));
#1373 = CYLINDRICAL_SURFACE('',#1374,70.503330905429);
#1374 = AXIS2_PLACEMENT_3D('',#1375,#1376,#1377);
#1375 = CARTESIAN_POINT('',(191.97134878041,-248.7529709631,0.));
#1376 = DIRECTION('',(-0.,-0.,-1.));
#1377 = DIRECTION('',(-0.64106568016,0.767486021841,0.));
#1378 = ADVANCED_FACE('',(#1379),#1404,.T.);
#1379 = FACE_BOUND('',#1380,.T.);
#1380 = EDGE_LOOP('',(#1381,#1382,#1390,#1398));
#1381 = ORIENTED_EDGE('',*,*,#1359,.T.);
#1382 = ORIENTED_EDGE('',*,*,#1383,.T.);
#1383 = EDGE_CURVE('',#1351,#1384,#1386,.T.);
#1384 = VERTEX_POINT('',#1385);
#1385 = CARTESIAN_POINT('',(141.59141,-199.431709,1.51));
#1386 = LINE('',#1387,#1388);
#1387 = CARTESIAN_POINT('',(141.596522,-199.426543,1.51));
#1388 = VECTOR('',#1389,1.);
#1389 = DIRECTION('',(-0.70338197629,-0.710812067589,0.));
#1390 = ORIENTED_EDGE('',*,*,#1391,.F.);
#1391 = EDGE_CURVE('',#1392,#1384,#1394,.T.);
#1392 = VERTEX_POINT('',#1393);
#1393 = CARTESIAN_POINT('',(141.59141,-199.431709,0.));
#1394 = LINE('',#1395,#1396);
#1395 = CARTESIAN_POINT('',(141.59141,-199.431709,0.));
#1396 = VECTOR('',#1397,1.);
#1397 = DIRECTION('',(0.,0.,1.));
#1398 = ORIENTED_EDGE('',*,*,#1399,.F.);
#1399 = EDGE_CURVE('',#1360,#1392,#1400,.T.);
#1400 = LINE('',#1401,#1402);
#1401 = CARTESIAN_POINT('',(141.596522,-199.426543,0.));
#1402 = VECTOR('',#1403,1.);
#1403 = DIRECTION('',(-0.70338197629,-0.710812067589,0.));
#1404 = PLANE('',#1405);
#1405 = AXIS2_PLACEMENT_3D('',#1406,#1407,#1408);
#1406 = CARTESIAN_POINT('',(141.596522,-199.426543,0.));
#1407 = DIRECTION('',(0.710812067589,-0.70338197629,0.));
#1408 = DIRECTION('',(-0.70338197629,-0.710812067589,0.));
#1409 = ADVANCED_FACE('',(#1410),#1435,.T.);
#1410 = FACE_BOUND('',#1411,.T.);
#1411 = EDGE_LOOP('',(#1412,#1413,#1421,#1429));
#1412 = ORIENTED_EDGE('',*,*,#1391,.T.);
#1413 = ORIENTED_EDGE('',*,*,#1414,.T.);
#1414 = EDGE_CURVE('',#1384,#1415,#1417,.T.);
#1415 = VERTEX_POINT('',#1416);
#1416 = CARTESIAN_POINT('',(134.805726,-206.217394,1.51));
#1417 = LINE('',#1418,#1419);
#1418 = CARTESIAN_POINT('',(141.59141,-199.431709,1.51));
#1419 = VECTOR('',#1420,1.);
#1420 = DIRECTION('',(-0.707106729084,-0.707106833289,0.));
#1421 = ORIENTED_EDGE('',*,*,#1422,.F.);
#1422 = EDGE_CURVE('',#1423,#1415,#1425,.T.);
#1423 = VERTEX_POINT('',#1424);
#1424 = CARTESIAN_POINT('',(134.805726,-206.217394,0.));
#1425 = LINE('',#1426,#1427);
#1426 = CARTESIAN_POINT('',(134.805726,-206.217394,0.));
#1427 = VECTOR('',#1428,1.);
#1428 = DIRECTION('',(0.,0.,1.));
#1429 = ORIENTED_EDGE('',*,*,#1430,.F.);
#1430 = EDGE_CURVE('',#1392,#1423,#1431,.T.);
#1431 = LINE('',#1432,#1433);
#1432 = CARTESIAN_POINT('',(141.59141,-199.431709,0.));
#1433 = VECTOR('',#1434,1.);
#1434 = DIRECTION('',(-0.707106729084,-0.707106833289,0.));
#1435 = PLANE('',#1436);
#1436 = AXIS2_PLACEMENT_3D('',#1437,#1438,#1439);
#1437 = CARTESIAN_POINT('',(141.59141,-199.431709,0.));
#1438 = DIRECTION('',(0.707106833289,-0.707106729084,0.));
#1439 = DIRECTION('',(-0.707106729084,-0.707106833289,0.));
#1440 = ADVANCED_FACE('',(#1441),#1468,.T.);
#1441 = FACE_BOUND('',#1442,.T.);
#1442 = EDGE_LOOP('',(#1443,#1444,#1453,#1461));
#1443 = ORIENTED_EDGE('',*,*,#1422,.T.);
#1444 = ORIENTED_EDGE('',*,*,#1445,.T.);
#1445 = EDGE_CURVE('',#1415,#1446,#1448,.T.);
#1446 = VERTEX_POINT('',#1447);
#1447 = CARTESIAN_POINT('',(133.815775,-206.217395,1.51));
#1448 = CIRCLE('',#1449,0.700001222411);
#1449 = AXIS2_PLACEMENT_3D('',#1450,#1451,#1452);
#1450 = CARTESIAN_POINT('',(134.31075,-205.7224187775,1.51));
#1451 = DIRECTION('',(-0.,0.,-1.));
#1452 = DIRECTION('',(0.707107336606,-0.707106225767,-0.));
#1453 = ORIENTED_EDGE('',*,*,#1454,.F.);
#1454 = EDGE_CURVE('',#1455,#1446,#1457,.T.);
#1455 = VERTEX_POINT('',#1456);
#1456 = CARTESIAN_POINT('',(133.815775,-206.217395,0.));
#1457 = LINE('',#1458,#1459);
#1458 = CARTESIAN_POINT('',(133.815775,-206.217395,0.));
#1459 = VECTOR('',#1460,1.);
#1460 = DIRECTION('',(0.,0.,1.));
#1461 = ORIENTED_EDGE('',*,*,#1462,.F.);
#1462 = EDGE_CURVE('',#1423,#1455,#1463,.T.);
#1463 = CIRCLE('',#1464,0.700001222411);
#1464 = AXIS2_PLACEMENT_3D('',#1465,#1466,#1467);
#1465 = CARTESIAN_POINT('',(134.31075,-205.7224187775,0.));
#1466 = DIRECTION('',(-0.,0.,-1.));
#1467 = DIRECTION('',(0.707107336606,-0.707106225767,-0.));
#1468 = CYLINDRICAL_SURFACE('',#1469,0.700001222411);
#1469 = AXIS2_PLACEMENT_3D('',#1470,#1471,#1472);
#1470 = CARTESIAN_POINT('',(134.31075,-205.7224187775,0.));
#1471 = DIRECTION('',(-0.,0.,-1.));
#1472 = DIRECTION('',(0.707107336606,-0.707106225767,-0.));
#1473 = ADVANCED_FACE('',(#1474),#1499,.T.);
#1474 = FACE_BOUND('',#1475,.T.);
#1475 = EDGE_LOOP('',(#1476,#1477,#1485,#1493));
#1476 = ORIENTED_EDGE('',*,*,#1454,.T.);
#1477 = ORIENTED_EDGE('',*,*,#1478,.T.);
#1478 = EDGE_CURVE('',#1446,#1479,#1481,.T.);
#1479 = VERTEX_POINT('',#1480);
#1480 = CARTESIAN_POINT('',(120.23934,-192.64096,1.51));
#1481 = LINE('',#1482,#1483);
#1482 = CARTESIAN_POINT('',(133.815775,-206.217395,1.51));
#1483 = VECTOR('',#1484,1.);
#1484 = DIRECTION('',(-0.707106781187,0.707106781187,0.));
#1485 = ORIENTED_EDGE('',*,*,#1486,.F.);
#1486 = EDGE_CURVE('',#1487,#1479,#1489,.T.);
#1487 = VERTEX_POINT('',#1488);
#1488 = CARTESIAN_POINT('',(120.23934,-192.64096,0.));
#1489 = LINE('',#1490,#1491);
#1490 = CARTESIAN_POINT('',(120.23934,-192.64096,0.));
#1491 = VECTOR('',#1492,1.);
#1492 = DIRECTION('',(0.,0.,1.));
#1493 = ORIENTED_EDGE('',*,*,#1494,.F.);
#1494 = EDGE_CURVE('',#1455,#1487,#1495,.T.);
#1495 = LINE('',#1496,#1497);
#1496 = CARTESIAN_POINT('',(133.815775,-206.217395,0.));
#1497 = VECTOR('',#1498,1.);
#1498 = DIRECTION('',(-0.707106781187,0.707106781187,0.));
#1499 = PLANE('',#1500);
#1500 = AXIS2_PLACEMENT_3D('',#1501,#1502,#1503);
#1501 = CARTESIAN_POINT('',(133.815775,-206.217395,0.));
#1502 = DIRECTION('',(-0.707106781187,-0.707106781187,0.));
#1503 = DIRECTION('',(-0.707106781187,0.707106781187,0.));
#1504 = ADVANCED_FACE('',(#1505),#1532,.T.);
#1505 = FACE_BOUND('',#1506,.T.);
#1506 = EDGE_LOOP('',(#1507,#1508,#1517,#1525));
#1507 = ORIENTED_EDGE('',*,*,#1486,.T.);
#1508 = ORIENTED_EDGE('',*,*,#1509,.T.);
#1509 = EDGE_CURVE('',#1479,#1510,#1512,.T.);
#1510 = VERTEX_POINT('',#1511);
#1511 = CARTESIAN_POINT('',(120.239391,-191.650991,1.51));
#1512 = CIRCLE('',#1513,0.699977085898);
#1513 = AXIS2_PLACEMENT_3D('',#1514,#1515,#1516);
#1514 = CARTESIAN_POINT('',(120.73429808555,-192.1460009973,1.51));
#1515 = DIRECTION('',(0.,0.,-1.));
#1516 = DIRECTION('',(-0.707106126077,-0.707107436295,-0.));
#1517 = ORIENTED_EDGE('',*,*,#1518,.F.);
#1518 = EDGE_CURVE('',#1519,#1510,#1521,.T.);
#1519 = VERTEX_POINT('',#1520);
#1520 = CARTESIAN_POINT('',(120.239391,-191.650991,0.));
#1521 = LINE('',#1522,#1523);
#1522 = CARTESIAN_POINT('',(120.239391,-191.650991,0.));
#1523 = VECTOR('',#1524,1.);
#1524 = DIRECTION('',(0.,0.,1.));
#1525 = ORIENTED_EDGE('',*,*,#1526,.F.);
#1526 = EDGE_CURVE('',#1487,#1519,#1527,.T.);
#1527 = CIRCLE('',#1528,0.699977085898);
#1528 = AXIS2_PLACEMENT_3D('',#1529,#1530,#1531);
#1529 = CARTESIAN_POINT('',(120.73429808555,-192.1460009973,0.));
#1530 = DIRECTION('',(0.,0.,-1.));
#1531 = DIRECTION('',(-0.707106126077,-0.707107436295,-0.));
#1532 = CYLINDRICAL_SURFACE('',#1533,0.699977085898);
#1533 = AXIS2_PLACEMENT_3D('',#1534,#1535,#1536);
#1534 = CARTESIAN_POINT('',(120.73429808555,-192.1460009973,0.));
#1535 = DIRECTION('',(0.,0.,-1.));
#1536 = DIRECTION('',(-0.707106126077,-0.707107436295,-0.));
#1537 = ADVANCED_FACE('',(#1538),#1563,.T.);
#1538 = FACE_BOUND('',#1539,.T.);
#1539 = EDGE_LOOP('',(#1540,#1541,#1549,#1557));
#1540 = ORIENTED_EDGE('',*,*,#1518,.T.);
#1541 = ORIENTED_EDGE('',*,*,#1542,.T.);
#1542 = EDGE_CURVE('',#1510,#1543,#1545,.T.);
#1543 = VERTEX_POINT('',#1544);
#1544 = CARTESIAN_POINT('',(120.23936,-191.65096,1.51));
#1545 = LINE('',#1546,#1547);
#1546 = CARTESIAN_POINT('',(120.239391,-191.650991,1.51));
#1547 = VECTOR('',#1548,1.);
#1548 = DIRECTION('',(-0.707106781024,0.707106781349,0.));
#1549 = ORIENTED_EDGE('',*,*,#1550,.F.);
#1550 = EDGE_CURVE('',#1551,#1543,#1553,.T.);
#1551 = VERTEX_POINT('',#1552);
#1552 = CARTESIAN_POINT('',(120.23936,-191.65096,0.));
#1553 = LINE('',#1554,#1555);
#1554 = CARTESIAN_POINT('',(120.23936,-191.65096,0.));
#1555 = VECTOR('',#1556,1.);
#1556 = DIRECTION('',(0.,0.,1.));
#1557 = ORIENTED_EDGE('',*,*,#1558,.F.);
#1558 = EDGE_CURVE('',#1519,#1551,#1559,.T.);
#1559 = LINE('',#1560,#1561);
#1560 = CARTESIAN_POINT('',(120.239391,-191.650991,0.));
#1561 = VECTOR('',#1562,1.);
#1562 = DIRECTION('',(-0.707106781024,0.707106781349,0.));
#1563 = PLANE('',#1564);
#1564 = AXIS2_PLACEMENT_3D('',#1565,#1566,#1567);
#1565 = CARTESIAN_POINT('',(120.239391,-191.650991,0.));
#1566 = DIRECTION('',(-0.707106781349,-0.707106781024,0.));
#1567 = DIRECTION('',(-0.707106781024,0.707106781349,0.));
#1568 = ADVANCED_FACE('',(#1569),#1594,.T.);
#1569 = FACE_BOUND('',#1570,.T.);
#1570 = EDGE_LOOP('',(#1571,#1572,#1580,#1588));
#1571 = ORIENTED_EDGE('',*,*,#1550,.T.);
#1572 = ORIENTED_EDGE('',*,*,#1573,.T.);
#1573 = EDGE_CURVE('',#1543,#1574,#1576,.T.);
#1574 = VERTEX_POINT('',#1575);
#1575 = CARTESIAN_POINT('',(127.00876,-184.88156,1.51));
#1576 = LINE('',#1577,#1578);
#1577 = CARTESIAN_POINT('',(120.23936,-191.65096,1.51));
#1578 = VECTOR('',#1579,1.);
#1579 = DIRECTION('',(0.707106781187,0.707106781187,0.));
#1580 = ORIENTED_EDGE('',*,*,#1581,.F.);
#1581 = EDGE_CURVE('',#1582,#1574,#1584,.T.);
#1582 = VERTEX_POINT('',#1583);
#1583 = CARTESIAN_POINT('',(127.00876,-184.88156,0.));
#1584 = LINE('',#1585,#1586);
#1585 = CARTESIAN_POINT('',(127.00876,-184.88156,0.));
#1586 = VECTOR('',#1587,1.);
#1587 = DIRECTION('',(0.,0.,1.));
#1588 = ORIENTED_EDGE('',*,*,#1589,.F.);
#1589 = EDGE_CURVE('',#1551,#1582,#1590,.T.);
#1590 = LINE('',#1591,#1592);
#1591 = CARTESIAN_POINT('',(120.23936,-191.65096,0.));
#1592 = VECTOR('',#1593,1.);
#1593 = DIRECTION('',(0.707106781187,0.707106781187,0.));
#1594 = PLANE('',#1595);
#1595 = AXIS2_PLACEMENT_3D('',#1596,#1597,#1598);
#1596 = CARTESIAN_POINT('',(120.23936,-191.65096,0.));
#1597 = DIRECTION('',(-0.707106781187,0.707106781187,0.));
#1598 = DIRECTION('',(0.707106781187,0.707106781187,0.));
#1599 = ADVANCED_FACE('',(#1600),#1625,.T.);
#1600 = FACE_BOUND('',#1601,.T.);
#1601 = EDGE_LOOP('',(#1602,#1603,#1611,#1619));
#1602 = ORIENTED_EDGE('',*,*,#1581,.T.);
#1603 = ORIENTED_EDGE('',*,*,#1604,.T.);
#1604 = EDGE_CURVE('',#1574,#1605,#1607,.T.);
#1605 = VERTEX_POINT('',#1606);
#1606 = CARTESIAN_POINT('',(127.047739,-184.845431,1.51));
#1607 = LINE('',#1608,#1609);
#1608 = CARTESIAN_POINT('',(127.00876,-184.88156,1.51));
#1609 = VECTOR('',#1610,1.);
#1610 = DIRECTION('',(0.733410390984,0.679786141663,0.));
#1611 = ORIENTED_EDGE('',*,*,#1612,.F.);
#1612 = EDGE_CURVE('',#1613,#1605,#1615,.T.);
#1613 = VERTEX_POINT('',#1614);
#1614 = CARTESIAN_POINT('',(127.047739,-184.845431,0.));
#1615 = LINE('',#1616,#1617);
#1616 = CARTESIAN_POINT('',(127.047739,-184.845431,0.));
#1617 = VECTOR('',#1618,1.);
#1618 = DIRECTION('',(0.,0.,1.));
#1619 = ORIENTED_EDGE('',*,*,#1620,.F.);
#1620 = EDGE_CURVE('',#1582,#1613,#1621,.T.);
#1621 = LINE('',#1622,#1623);
#1622 = CARTESIAN_POINT('',(127.00876,-184.88156,0.));
#1623 = VECTOR('',#1624,1.);
#1624 = DIRECTION('',(0.733410390984,0.679786141663,0.));
#1625 = PLANE('',#1626);
#1626 = AXIS2_PLACEMENT_3D('',#1627,#1628,#1629);
#1627 = CARTESIAN_POINT('',(127.00876,-184.88156,0.));
#1628 = DIRECTION('',(-0.679786141663,0.733410390984,0.));
#1629 = DIRECTION('',(0.733410390984,0.679786141663,0.));
#1630 = ADVANCED_FACE('',(#1631),#1658,.T.);
#1631 = FACE_BOUND('',#1632,.T.);
#1632 = EDGE_LOOP('',(#1633,#1634,#1643,#1651));
#1633 = ORIENTED_EDGE('',*,*,#1612,.T.);
#1634 = ORIENTED_EDGE('',*,*,#1635,.T.);
#1635 = EDGE_CURVE('',#1605,#1636,#1638,.T.);
#1636 = VERTEX_POINT('',#1637);
#1637 = CARTESIAN_POINT('',(129.7,-182.63662,1.51));
#1638 = CIRCLE('',#1639,114.36828310765);
#1639 = AXIS2_PLACEMENT_3D('',#1640,#1641,#1642);
#1640 = CARTESIAN_POINT('',(201.55481917035,-271.6140842422,1.51));
#1641 = DIRECTION('',(0.,0.,-1.));
#1642 = DIRECTION('',(-0.65146628196,0.758677588616,0.));
#1643 = ORIENTED_EDGE('',*,*,#1644,.F.);
#1644 = EDGE_CURVE('',#1645,#1636,#1647,.T.);
#1645 = VERTEX_POINT('',#1646);
#1646 = CARTESIAN_POINT('',(129.7,-182.63662,0.));
#1647 = LINE('',#1648,#1649);
#1648 = CARTESIAN_POINT('',(129.7,-182.63662,0.));
#1649 = VECTOR('',#1650,1.);
#1650 = DIRECTION('',(0.,0.,1.));
#1651 = ORIENTED_EDGE('',*,*,#1652,.F.);
#1652 = EDGE_CURVE('',#1613,#1645,#1653,.T.);
#1653 = CIRCLE('',#1654,114.36828310765);
#1654 = AXIS2_PLACEMENT_3D('',#1655,#1656,#1657);
#1655 = CARTESIAN_POINT('',(201.55481917035,-271.6140842422,0.));
#1656 = DIRECTION('',(0.,0.,-1.));
#1657 = DIRECTION('',(-0.65146628196,0.758677588616,0.));
#1658 = CYLINDRICAL_SURFACE('',#1659,114.36828310765);
#1659 = AXIS2_PLACEMENT_3D('',#1660,#1661,#1662);
#1660 = CARTESIAN_POINT('',(201.55481917035,-271.6140842422,0.));
#1661 = DIRECTION('',(0.,0.,-1.));
#1662 = DIRECTION('',(-0.65146628196,0.758677588616,0.));
#1663 = ADVANCED_FACE('',(#1664),#1689,.T.);
#1664 = FACE_BOUND('',#1665,.T.);
#1665 = EDGE_LOOP('',(#1666,#1667,#1675,#1683));
#1666 = ORIENTED_EDGE('',*,*,#1644,.T.);
#1667 = ORIENTED_EDGE('',*,*,#1668,.T.);
#1668 = EDGE_CURVE('',#1636,#1669,#1671,.T.);
#1669 = VERTEX_POINT('',#1670);
#1670 = CARTESIAN_POINT('',(129.7,-179.,1.51));
#1671 = LINE('',#1672,#1673);
#1672 = CARTESIAN_POINT('',(129.7,-182.63662,1.51));
#1673 = VECTOR('',#1674,1.);
#1674 = DIRECTION('',(0.,1.,0.));
#1675 = ORIENTED_EDGE('',*,*,#1676,.F.);
#1676 = EDGE_CURVE('',#1677,#1669,#1679,.T.);
#1677 = VERTEX_POINT('',#1678);
#1678 = CARTESIAN_POINT('',(129.7,-179.,0.));
#1679 = LINE('',#1680,#1681);
#1680 = CARTESIAN_POINT('',(129.7,-179.,0.));
#1681 = VECTOR('',#1682,1.);
#1682 = DIRECTION('',(0.,0.,1.));
#1683 = ORIENTED_EDGE('',*,*,#1684,.F.);
#1684 = EDGE_CURVE('',#1645,#1677,#1685,.T.);
#1685 = LINE('',#1686,#1687);
#1686 = CARTESIAN_POINT('',(129.7,-182.63662,0.));
#1687 = VECTOR('',#1688,1.);
#1688 = DIRECTION('',(0.,1.,0.));
#1689 = PLANE('',#1690);
#1690 = AXIS2_PLACEMENT_3D('',#1691,#1692,#1693);
#1691 = CARTESIAN_POINT('',(129.7,-182.63662,0.));
#1692 = DIRECTION('',(-1.,0.,0.));
#1693 = DIRECTION('',(0.,1.,0.));
#1694 = ADVANCED_FACE('',(#1695),#1720,.T.);
#1695 = FACE_BOUND('',#1696,.T.);
#1696 = EDGE_LOOP('',(#1697,#1698,#1706,#1714));
#1697 = ORIENTED_EDGE('',*,*,#1676,.T.);
#1698 = ORIENTED_EDGE('',*,*,#1699,.T.);
#1699 = EDGE_CURVE('',#1669,#1700,#1702,.T.);
#1700 = VERTEX_POINT('',#1701);
#1701 = CARTESIAN_POINT('',(137.1746,-179.,1.51));
#1702 = LINE('',#1703,#1704);
#1703 = CARTESIAN_POINT('',(129.7,-179.,1.51));
#1704 = VECTOR('',#1705,1.);
#1705 = DIRECTION('',(1.,0.,0.));
#1706 = ORIENTED_EDGE('',*,*,#1707,.F.);
#1707 = EDGE_CURVE('',#1708,#1700,#1710,.T.);
#1708 = VERTEX_POINT('',#1709);
#1709 = CARTESIAN_POINT('',(137.1746,-179.,0.));
#1710 = LINE('',#1711,#1712);
#1711 = CARTESIAN_POINT('',(137.1746,-179.,0.));
#1712 = VECTOR('',#1713,1.);
#1713 = DIRECTION('',(0.,0.,1.));
#1714 = ORIENTED_EDGE('',*,*,#1715,.F.);
#1715 = EDGE_CURVE('',#1677,#1708,#1716,.T.);
#1716 = LINE('',#1717,#1718);
#1717 = CARTESIAN_POINT('',(129.7,-179.,0.));
#1718 = VECTOR('',#1719,1.);
#1719 = DIRECTION('',(1.,0.,0.));
#1720 = PLANE('',#1721);
#1721 = AXIS2_PLACEMENT_3D('',#1722,#1723,#1724);
#1722 = CARTESIAN_POINT('',(129.7,-179.,0.));
#1723 = DIRECTION('',(0.,1.,0.));
#1724 = DIRECTION('',(1.,0.,0.));
#1725 = ADVANCED_FACE('',(#1726),#1753,.T.);
#1726 = FACE_BOUND('',#1727,.T.);
#1727 = EDGE_LOOP('',(#1728,#1729,#1738,#1746));
#1728 = ORIENTED_EDGE('',*,*,#1707,.T.);
#1729 = ORIENTED_EDGE('',*,*,#1730,.T.);
#1730 = EDGE_CURVE('',#1700,#1731,#1733,.T.);
#1731 = VERTEX_POINT('',#1732);
#1732 = CARTESIAN_POINT('',(137.402964,-179.071605,1.51));
#1733 = CIRCLE('',#1734,0.399911167292);
#1734 = AXIS2_PLACEMENT_3D('',#1735,#1736,#1737);
#1735 = CARTESIAN_POINT('',(137.17461338714,-179.399911167,1.51));
#1736 = DIRECTION('',(0.,0.,-1.));
#1737 = DIRECTION('',(-3.347530351283E-05,0.99999999944,0.));
#1738 = ORIENTED_EDGE('',*,*,#1739,.F.);
#1739 = EDGE_CURVE('',#1740,#1731,#1742,.T.);
#1740 = VERTEX_POINT('',#1741);
#1741 = CARTESIAN_POINT('',(137.402964,-179.071605,0.));
#1742 = LINE('',#1743,#1744);
#1743 = CARTESIAN_POINT('',(137.402964,-179.071605,0.));
#1744 = VECTOR('',#1745,1.);
#1745 = DIRECTION('',(0.,0.,1.));
#1746 = ORIENTED_EDGE('',*,*,#1747,.F.);
#1747 = EDGE_CURVE('',#1708,#1740,#1748,.T.);
#1748 = CIRCLE('',#1749,0.399911167292);
#1749 = AXIS2_PLACEMENT_3D('',#1750,#1751,#1752);
#1750 = CARTESIAN_POINT('',(137.17461338714,-179.399911167,0.));
#1751 = DIRECTION('',(0.,0.,-1.));
#1752 = DIRECTION('',(-3.347530351283E-05,0.99999999944,0.));
#1753 = CYLINDRICAL_SURFACE('',#1754,0.399911167292);
#1754 = AXIS2_PLACEMENT_3D('',#1755,#1756,#1757);
#1755 = CARTESIAN_POINT('',(137.17461338714,-179.399911167,0.));
#1756 = DIRECTION('',(0.,0.,-1.));
#1757 = DIRECTION('',(-3.347530351283E-05,0.99999999944,0.));
#1758 = ADVANCED_FACE('',(#1759),#1784,.T.);
#1759 = FACE_BOUND('',#1760,.T.);
#1760 = EDGE_LOOP('',(#1761,#1762,#1770,#1778));
#1761 = ORIENTED_EDGE('',*,*,#1739,.T.);
#1762 = ORIENTED_EDGE('',*,*,#1763,.T.);
#1763 = EDGE_CURVE('',#1731,#1764,#1766,.T.);
#1764 = VERTEX_POINT('',#1765);
#1765 = CARTESIAN_POINT('',(137.831384,-179.369544,1.51));
#1766 = LINE('',#1767,#1768);
#1767 = CARTESIAN_POINT('',(137.402964,-179.071605,1.51));
#1768 = VECTOR('',#1769,1.);
#1769 = DIRECTION('',(0.820988114689,-0.570945282439,0.));
#1770 = ORIENTED_EDGE('',*,*,#1771,.F.);
#1771 = EDGE_CURVE('',#1772,#1764,#1774,.T.);
#1772 = VERTEX_POINT('',#1773);
#1773 = CARTESIAN_POINT('',(137.831384,-179.369544,0.));
#1774 = LINE('',#1775,#1776);
#1775 = CARTESIAN_POINT('',(137.831384,-179.369544,0.));
#1776 = VECTOR('',#1777,1.);
#1777 = DIRECTION('',(0.,0.,1.));
#1778 = ORIENTED_EDGE('',*,*,#1779,.F.);
#1779 = EDGE_CURVE('',#1740,#1772,#1780,.T.);
#1780 = LINE('',#1781,#1782);
#1781 = CARTESIAN_POINT('',(137.402964,-179.071605,0.));
#1782 = VECTOR('',#1783,1.);
#1783 = DIRECTION('',(0.820988114689,-0.570945282439,0.));
#1784 = PLANE('',#1785);
#1785 = AXIS2_PLACEMENT_3D('',#1786,#1787,#1788);
#1786 = CARTESIAN_POINT('',(137.402964,-179.071605,0.));
#1787 = DIRECTION('',(0.570945282439,0.820988114689,-0.));
#1788 = DIRECTION('',(0.820988114689,-0.570945282439,0.));
#1789 = ADVANCED_FACE('',(#1790),#1817,.F.);
#1790 = FACE_BOUND('',#1791,.T.);
#1791 = EDGE_LOOP('',(#1792,#1793,#1802,#1810));
#1792 = ORIENTED_EDGE('',*,*,#1771,.T.);
#1793 = ORIENTED_EDGE('',*,*,#1794,.T.);
#1794 = EDGE_CURVE('',#1764,#1795,#1797,.T.);
#1795 = VERTEX_POINT('',#1796);
#1796 = CARTESIAN_POINT('',(138.259811,-179.387531,1.51));
#1797 = CIRCLE('',#1798,0.400075573789);
#1798 = AXIS2_PLACEMENT_3D('',#1799,#1800,#1801);
#1799 = CARTESIAN_POINT('',(138.05976611448,-179.0410594881,1.51));
#1800 = DIRECTION('',(0.,0.,1.));
#1801 = DIRECTION('',(-0.570847433461,-0.821056153811,0.));
#1802 = ORIENTED_EDGE('',*,*,#1803,.F.);
#1803 = EDGE_CURVE('',#1804,#1795,#1806,.T.);
#1804 = VERTEX_POINT('',#1805);
#1805 = CARTESIAN_POINT('',(138.259811,-179.387531,0.));
#1806 = LINE('',#1807,#1808);
#1807 = CARTESIAN_POINT('',(138.259811,-179.387531,0.));
#1808 = VECTOR('',#1809,1.);
#1809 = DIRECTION('',(0.,0.,1.));
#1810 = ORIENTED_EDGE('',*,*,#1811,.F.);
#1811 = EDGE_CURVE('',#1772,#1804,#1812,.T.);
#1812 = CIRCLE('',#1813,0.400075573789);
#1813 = AXIS2_PLACEMENT_3D('',#1814,#1815,#1816);
#1814 = CARTESIAN_POINT('',(138.05976611448,-179.0410594881,0.));
#1815 = DIRECTION('',(0.,0.,1.));
#1816 = DIRECTION('',(-0.570847433461,-0.821056153811,0.));
#1817 = CYLINDRICAL_SURFACE('',#1818,0.400075573789);
#1818 = AXIS2_PLACEMENT_3D('',#1819,#1820,#1821);
#1819 = CARTESIAN_POINT('',(138.05976611448,-179.0410594881,0.));
#1820 = DIRECTION('',(-0.,-0.,-1.));
#1821 = DIRECTION('',(-0.570847433461,-0.821056153811,0.));
#1822 = ADVANCED_FACE('',(#1823),#1848,.T.);
#1823 = FACE_BOUND('',#1824,.T.);
#1824 = EDGE_LOOP('',(#1825,#1826,#1834,#1842));
#1825 = ORIENTED_EDGE('',*,*,#1803,.T.);
#1826 = ORIENTED_EDGE('',*,*,#1827,.T.);
#1827 = EDGE_CURVE('',#1795,#1828,#1830,.T.);
#1828 = VERTEX_POINT('',#1829);
#1829 = CARTESIAN_POINT('',(138.433711,-179.28713,1.51));
#1830 = LINE('',#1831,#1832);
#1831 = CARTESIAN_POINT('',(138.259811,-179.387531,1.51));
#1832 = VECTOR('',#1833,1.);
#1833 = DIRECTION('',(0.866025860538,0.499999208878,0.));
#1834 = ORIENTED_EDGE('',*,*,#1835,.F.);
#1835 = EDGE_CURVE('',#1836,#1828,#1838,.T.);
#1836 = VERTEX_POINT('',#1837);
#1837 = CARTESIAN_POINT('',(138.433711,-179.28713,0.));
#1838 = LINE('',#1839,#1840);
#1839 = CARTESIAN_POINT('',(138.433711,-179.28713,0.));
#1840 = VECTOR('',#1841,1.);
#1841 = DIRECTION('',(0.,0.,1.));
#1842 = ORIENTED_EDGE('',*,*,#1843,.F.);
#1843 = EDGE_CURVE('',#1804,#1836,#1844,.T.);
#1844 = LINE('',#1845,#1846);
#1845 = CARTESIAN_POINT('',(138.259811,-179.387531,0.));
#1846 = VECTOR('',#1847,1.);
#1847 = DIRECTION('',(0.866025860538,0.499999208878,0.));
#1848 = PLANE('',#1849);
#1849 = AXIS2_PLACEMENT_3D('',#1850,#1851,#1852);
#1850 = CARTESIAN_POINT('',(138.259811,-179.387531,0.));
#1851 = DIRECTION('',(-0.499999208878,0.866025860538,0.));
#1852 = DIRECTION('',(0.866025860538,0.499999208878,0.));
#1853 = ADVANCED_FACE('',(#1854),#1879,.T.);
#1854 = FACE_BOUND('',#1855,.T.);
#1855 = EDGE_LOOP('',(#1856,#1857,#1865,#1873));
#1856 = ORIENTED_EDGE('',*,*,#1835,.T.);
#1857 = ORIENTED_EDGE('',*,*,#1858,.T.);
#1858 = EDGE_CURVE('',#1828,#1859,#1861,.T.);
#1859 = VERTEX_POINT('',#1860);
#1860 = CARTESIAN_POINT('',(138.433702,-179.287114,1.51));
#1861 = LINE('',#1862,#1863);
#1862 = CARTESIAN_POINT('',(138.433711,-179.28713,1.51));
#1863 = VECTOR('',#1864,1.);
#1864 = DIRECTION('',(-0.490261238971,0.871575537497,0.));
#1865 = ORIENTED_EDGE('',*,*,#1866,.F.);
#1866 = EDGE_CURVE('',#1867,#1859,#1869,.T.);
#1867 = VERTEX_POINT('',#1868);
#1868 = CARTESIAN_POINT('',(138.433702,-179.287114,0.));
#1869 = LINE('',#1870,#1871);
#1870 = CARTESIAN_POINT('',(138.433702,-179.287114,0.));
#1871 = VECTOR('',#1872,1.);
#1872 = DIRECTION('',(0.,0.,1.));
#1873 = ORIENTED_EDGE('',*,*,#1874,.F.);
#1874 = EDGE_CURVE('',#1836,#1867,#1875,.T.);
#1875 = LINE('',#1876,#1877);
#1876 = CARTESIAN_POINT('',(138.433711,-179.28713,0.));
#1877 = VECTOR('',#1878,1.);
#1878 = DIRECTION('',(-0.490261238971,0.871575537497,0.));
#1879 = PLANE('',#1880);
#1880 = AXIS2_PLACEMENT_3D('',#1881,#1882,#1883);
#1881 = CARTESIAN_POINT('',(138.433711,-179.28713,0.));
#1882 = DIRECTION('',(-0.871575537497,-0.490261238971,0.));
#1883 = DIRECTION('',(-0.490261238971,0.871575537497,0.));
#1884 = ADVANCED_FACE('',(#1885),#1912,.F.);
#1885 = FACE_BOUND('',#1886,.T.);
#1886 = EDGE_LOOP('',(#1887,#1888,#1897,#1905));
#1887 = ORIENTED_EDGE('',*,*,#1866,.T.);
#1888 = ORIENTED_EDGE('',*,*,#1889,.T.);
#1889 = EDGE_CURVE('',#1859,#1890,#1892,.T.);
#1890 = VERTEX_POINT('',#1891);
#1891 = CARTESIAN_POINT('',(138.504109,-178.645941,1.51));
#1892 = CIRCLE('',#1893,0.400004397854);
#1893 = AXIS2_PLACEMENT_3D('',#1894,#1895,#1896);
#1894 = CARTESIAN_POINT('',(138.23370037102,-178.9406997007,1.51));
#1895 = DIRECTION('',(0.,-0.,1.));
#1896 = DIRECTION('',(0.499998575131,-0.866026226432,-0.));
#1897 = ORIENTED_EDGE('',*,*,#1898,.F.);
#1898 = EDGE_CURVE('',#1899,#1890,#1901,.T.);
#1899 = VERTEX_POINT('',#1900);
#1900 = CARTESIAN_POINT('',(138.504109,-178.645941,0.));
#1901 = LINE('',#1902,#1903);
#1902 = CARTESIAN_POINT('',(138.504109,-178.645941,0.));
#1903 = VECTOR('',#1904,1.);
#1904 = DIRECTION('',(0.,0.,1.));
#1905 = ORIENTED_EDGE('',*,*,#1906,.F.);
#1906 = EDGE_CURVE('',#1867,#1899,#1907,.T.);
#1907 = CIRCLE('',#1908,0.400004397854);
#1908 = AXIS2_PLACEMENT_3D('',#1909,#1910,#1911);
#1909 = CARTESIAN_POINT('',(138.23370037102,-178.9406997007,0.));
#1910 = DIRECTION('',(0.,-0.,1.));
#1911 = DIRECTION('',(0.499998575131,-0.866026226432,-0.));
#1912 = CYLINDRICAL_SURFACE('',#1913,0.400004397854);
#1913 = AXIS2_PLACEMENT_3D('',#1914,#1915,#1916);
#1914 = CARTESIAN_POINT('',(138.23370037102,-178.9406997007,0.));
#1915 = DIRECTION('',(-0.,0.,-1.));
#1916 = DIRECTION('',(0.499998575131,-0.866026226432,-0.));
#1917 = ADVANCED_FACE('',(#1918),#1943,.T.);
#1918 = FACE_BOUND('',#1919,.T.);
#1919 = EDGE_LOOP('',(#1920,#1921,#1929,#1937));
#1920 = ORIENTED_EDGE('',*,*,#1898,.T.);
#1921 = ORIENTED_EDGE('',*,*,#1922,.T.);
#1922 = EDGE_CURVE('',#1890,#1923,#1925,.T.);
#1923 = VERTEX_POINT('',#1924);
#1924 = CARTESIAN_POINT('',(137.912126,-178.102863,1.51));
#1925 = LINE('',#1926,#1927);
#1926 = CARTESIAN_POINT('',(138.504109,-178.645941,1.51));
#1927 = VECTOR('',#1928,1.);
#1928 = DIRECTION('',(-0.73688937737,0.676013347146,0.));
#1929 = ORIENTED_EDGE('',*,*,#1930,.F.);
#1930 = EDGE_CURVE('',#1931,#1923,#1933,.T.);
#1931 = VERTEX_POINT('',#1932);
#1932 = CARTESIAN_POINT('',(137.912126,-178.102863,0.));
#1933 = LINE('',#1934,#1935);
#1934 = CARTESIAN_POINT('',(137.912126,-178.102863,0.));
#1935 = VECTOR('',#1936,1.);
#1936 = DIRECTION('',(0.,0.,1.));
#1937 = ORIENTED_EDGE('',*,*,#1938,.F.);
#1938 = EDGE_CURVE('',#1899,#1931,#1939,.T.);
#1939 = LINE('',#1940,#1941);
#1940 = CARTESIAN_POINT('',(138.504109,-178.645941,0.));
#1941 = VECTOR('',#1942,1.);
#1942 = DIRECTION('',(-0.73688937737,0.676013347146,0.));
#1943 = PLANE('',#1944);
#1944 = AXIS2_PLACEMENT_3D('',#1945,#1946,#1947);
#1945 = CARTESIAN_POINT('',(138.504109,-178.645941,0.));
#1946 = DIRECTION('',(-0.676013347146,-0.73688937737,0.));
#1947 = DIRECTION('',(-0.73688937737,0.676013347146,0.));
#1948 = ADVANCED_FACE('',(#1949),#1976,.F.);
#1949 = FACE_BOUND('',#1950,.T.);
#1950 = EDGE_LOOP('',(#1951,#1952,#1961,#1969));
#1951 = ORIENTED_EDGE('',*,*,#1930,.T.);
#1952 = ORIENTED_EDGE('',*,*,#1953,.T.);
#1953 = EDGE_CURVE('',#1923,#1954,#1956,.T.);
#1954 = VERTEX_POINT('',#1955);
#1955 = CARTESIAN_POINT('',(137.6443,-178.,1.51));
#1956 = CIRCLE('',#1957,0.400208387779);
#1957 = AXIS2_PLACEMENT_3D('',#1958,#1959,#1960);
#1958 = CARTESIAN_POINT('',(137.64425947496,-178.4002083857,1.51));
#1959 = DIRECTION('',(0.,0.,1.));
#1960 = DIRECTION('',(0.669317618562,0.742976396315,-0.));
#1961 = ORIENTED_EDGE('',*,*,#1962,.F.);
#1962 = EDGE_CURVE('',#1963,#1954,#1965,.T.);
#1963 = VERTEX_POINT('',#1964);
#1964 = CARTESIAN_POINT('',(137.6443,-178.,0.));
#1965 = LINE('',#1966,#1967);
#1966 = CARTESIAN_POINT('',(137.6443,-178.,0.));
#1967 = VECTOR('',#1968,1.);
#1968 = DIRECTION('',(0.,0.,1.));
#1969 = ORIENTED_EDGE('',*,*,#1970,.F.);
#1970 = EDGE_CURVE('',#1931,#1963,#1971,.T.);
#1971 = CIRCLE('',#1972,0.400208387779);
#1972 = AXIS2_PLACEMENT_3D('',#1973,#1974,#1975);
#1973 = CARTESIAN_POINT('',(137.64425947496,-178.4002083857,0.));
#1974 = DIRECTION('',(0.,0.,1.));
#1975 = DIRECTION('',(0.669317618562,0.742976396315,-0.));
#1976 = CYLINDRICAL_SURFACE('',#1977,0.400208387779);
#1977 = AXIS2_PLACEMENT_3D('',#1978,#1979,#1980);
#1978 = CARTESIAN_POINT('',(137.64425947496,-178.4002083857,0.));
#1979 = DIRECTION('',(-0.,-0.,-1.));
#1980 = DIRECTION('',(0.669317618562,0.742976396315,-0.));
#1981 = ADVANCED_FACE('',(#1982),#2007,.T.);
#1982 = FACE_BOUND('',#1983,.T.);
#1983 = EDGE_LOOP('',(#1984,#1985,#1993,#2001));
#1984 = ORIENTED_EDGE('',*,*,#1962,.T.);
#1985 = ORIENTED_EDGE('',*,*,#1986,.T.);
#1986 = EDGE_CURVE('',#1954,#1987,#1989,.T.);
#1987 = VERTEX_POINT('',#1988);
#1988 = CARTESIAN_POINT('',(129.7,-178.,1.51));
#1989 = LINE('',#1990,#1991);
#1990 = CARTESIAN_POINT('',(137.6443,-178.,1.51));
#1991 = VECTOR('',#1992,1.);
#1992 = DIRECTION('',(-1.,0.,0.));
#1993 = ORIENTED_EDGE('',*,*,#1994,.F.);
#1994 = EDGE_CURVE('',#1995,#1987,#1997,.T.);
#1995 = VERTEX_POINT('',#1996);
#1996 = CARTESIAN_POINT('',(129.7,-178.,0.));
#1997 = LINE('',#1998,#1999);
#1998 = CARTESIAN_POINT('',(129.7,-178.,0.));
#1999 = VECTOR('',#2000,1.);
#2000 = DIRECTION('',(0.,0.,1.));
#2001 = ORIENTED_EDGE('',*,*,#2002,.F.);
#2002 = EDGE_CURVE('',#1963,#1995,#2003,.T.);
#2003 = LINE('',#2004,#2005);
#2004 = CARTESIAN_POINT('',(137.6443,-178.,0.));
#2005 = VECTOR('',#2006,1.);
#2006 = DIRECTION('',(-1.,0.,0.));
#2007 = PLANE('',#2008);
#2008 = AXIS2_PLACEMENT_3D('',#2009,#2010,#2011);
#2009 = CARTESIAN_POINT('',(137.6443,-178.,0.));
#2010 = DIRECTION('',(0.,-1.,0.));
#2011 = DIRECTION('',(-1.,0.,0.));
#2012 = ADVANCED_FACE('',(#2013),#2038,.T.);
#2013 = FACE_BOUND('',#2014,.T.);
#2014 = EDGE_LOOP('',(#2015,#2016,#2024,#2032));
#2015 = ORIENTED_EDGE('',*,*,#1994,.T.);
#2016 = ORIENTED_EDGE('',*,*,#2017,.T.);
#2017 = EDGE_CURVE('',#1987,#2018,#2020,.T.);
#2018 = VERTEX_POINT('',#2019);
#2019 = CARTESIAN_POINT('',(129.7,-93.4,1.51));
#2020 = LINE('',#2021,#2022);
#2021 = CARTESIAN_POINT('',(129.7,-178.,1.51));
#2022 = VECTOR('',#2023,1.);
#2023 = DIRECTION('',(0.,1.,0.));
#2024 = ORIENTED_EDGE('',*,*,#2025,.F.);
#2025 = EDGE_CURVE('',#2026,#2018,#2028,.T.);
#2026 = VERTEX_POINT('',#2027);
#2027 = CARTESIAN_POINT('',(129.7,-93.4,0.));
#2028 = LINE('',#2029,#2030);
#2029 = CARTESIAN_POINT('',(129.7,-93.4,0.));
#2030 = VECTOR('',#2031,1.);
#2031 = DIRECTION('',(0.,0.,1.));
#2032 = ORIENTED_EDGE('',*,*,#2033,.F.);
#2033 = EDGE_CURVE('',#1995,#2026,#2034,.T.);
#2034 = LINE('',#2035,#2036);
#2035 = CARTESIAN_POINT('',(129.7,-178.,0.));
#2036 = VECTOR('',#2037,1.);
#2037 = DIRECTION('',(0.,1.,0.));
#2038 = PLANE('',#2039);
#2039 = AXIS2_PLACEMENT_3D('',#2040,#2041,#2042);
#2040 = CARTESIAN_POINT('',(129.7,-178.,0.));
#2041 = DIRECTION('',(-1.,0.,0.));
#2042 = DIRECTION('',(0.,1.,0.));
#2043 = ADVANCED_FACE('',(#2044),#2071,.T.);
#2044 = FACE_BOUND('',#2045,.T.);
#2045 = EDGE_LOOP('',(#2046,#2047,#2056,#2064));
#2046 = ORIENTED_EDGE('',*,*,#2025,.T.);
#2047 = ORIENTED_EDGE('',*,*,#2048,.T.);
#2048 = EDGE_CURVE('',#2018,#2049,#2051,.T.);
#2049 = VERTEX_POINT('',#2050);
#2050 = CARTESIAN_POINT('',(130.4,-92.7,1.51));
#2051 = CIRCLE('',#2052,0.699999135627);
#2052 = AXIS2_PLACEMENT_3D('',#2053,#2054,#2055);
#2053 = CARTESIAN_POINT('',(130.39999913562,-93.39999913562,1.51));
#2054 = DIRECTION('',(0.,0.,-1.));
#2055 = DIRECTION('',(-0.999999999999,-1.234820329446E-06,-0.));
#2056 = ORIENTED_EDGE('',*,*,#2057,.F.);
#2057 = EDGE_CURVE('',#2058,#2049,#2060,.T.);
#2058 = VERTEX_POINT('',#2059);
#2059 = CARTESIAN_POINT('',(130.4,-92.7,0.));
#2060 = LINE('',#2061,#2062);
#2061 = CARTESIAN_POINT('',(130.4,-92.7,0.));
#2062 = VECTOR('',#2063,1.);
#2063 = DIRECTION('',(0.,0.,1.));
#2064 = ORIENTED_EDGE('',*,*,#2065,.F.);
#2065 = EDGE_CURVE('',#2026,#2058,#2066,.T.);
#2066 = CIRCLE('',#2067,0.699999135627);
#2067 = AXIS2_PLACEMENT_3D('',#2068,#2069,#2070);
#2068 = CARTESIAN_POINT('',(130.39999913562,-93.39999913562,0.));
#2069 = DIRECTION('',(0.,0.,-1.));
#2070 = DIRECTION('',(-0.999999999999,-1.234820329446E-06,-0.));
#2071 = CYLINDRICAL_SURFACE('',#2072,0.699999135627);
#2072 = AXIS2_PLACEMENT_3D('',#2073,#2074,#2075);
#2073 = CARTESIAN_POINT('',(130.39999913562,-93.39999913562,0.));
#2074 = DIRECTION('',(0.,0.,-1.));
#2075 = DIRECTION('',(-0.999999999999,-1.234820329446E-06,-0.));
#2076 = ADVANCED_FACE('',(#2077),#2102,.T.);
#2077 = FACE_BOUND('',#2078,.T.);
#2078 = EDGE_LOOP('',(#2079,#2080,#2088,#2096));
#2079 = ORIENTED_EDGE('',*,*,#2057,.T.);
#2080 = ORIENTED_EDGE('',*,*,#2081,.T.);
#2081 = EDGE_CURVE('',#2049,#2082,#2084,.T.);
#2082 = VERTEX_POINT('',#2083);
#2083 = CARTESIAN_POINT('',(197.7,-92.7,1.51));
#2084 = LINE('',#2085,#2086);
#2085 = CARTESIAN_POINT('',(130.4,-92.7,1.51));
#2086 = VECTOR('',#2087,1.);
#2087 = DIRECTION('',(1.,0.,0.));
#2088 = ORIENTED_EDGE('',*,*,#2089,.F.);
#2089 = EDGE_CURVE('',#2090,#2082,#2092,.T.);
#2090 = VERTEX_POINT('',#2091);
#2091 = CARTESIAN_POINT('',(197.7,-92.7,0.));
#2092 = LINE('',#2093,#2094);
#2093 = CARTESIAN_POINT('',(197.7,-92.7,0.));
#2094 = VECTOR('',#2095,1.);
#2095 = DIRECTION('',(0.,0.,1.));
#2096 = ORIENTED_EDGE('',*,*,#2097,.F.);
#2097 = EDGE_CURVE('',#2058,#2090,#2098,.T.);
#2098 = LINE('',#2099,#2100);
#2099 = CARTESIAN_POINT('',(130.4,-92.7,0.));
#2100 = VECTOR('',#2101,1.);
#2101 = DIRECTION('',(1.,0.,0.));
#2102 = PLANE('',#2103);
#2103 = AXIS2_PLACEMENT_3D('',#2104,#2105,#2106);
#2104 = CARTESIAN_POINT('',(130.4,-92.7,0.));
#2105 = DIRECTION('',(0.,1.,0.));
#2106 = DIRECTION('',(1.,0.,0.));
#2107 = ADVANCED_FACE('',(#2108),#2133,.T.);
#2108 = FACE_BOUND('',#2109,.T.);
#2109 = EDGE_LOOP('',(#2110,#2111,#2119,#2127));
#2110 = ORIENTED_EDGE('',*,*,#2089,.T.);
#2111 = ORIENTED_EDGE('',*,*,#2112,.T.);
#2112 = EDGE_CURVE('',#2082,#2113,#2115,.T.);
#2113 = VERTEX_POINT('',#2114);
#2114 = CARTESIAN_POINT('',(197.7,-89.4,1.51));
#2115 = LINE('',#2116,#2117);
#2116 = CARTESIAN_POINT('',(197.7,-92.7,1.51));
#2117 = VECTOR('',#2118,1.);
#2118 = DIRECTION('',(0.,1.,0.));
#2119 = ORIENTED_EDGE('',*,*,#2120,.F.);
#2120 = EDGE_CURVE('',#2121,#2113,#2123,.T.);
#2121 = VERTEX_POINT('',#2122);
#2122 = CARTESIAN_POINT('',(197.7,-89.4,0.));
#2123 = LINE('',#2124,#2125);
#2124 = CARTESIAN_POINT('',(197.7,-89.4,0.));
#2125 = VECTOR('',#2126,1.);
#2126 = DIRECTION('',(0.,0.,1.));
#2127 = ORIENTED_EDGE('',*,*,#2128,.F.);
#2128 = EDGE_CURVE('',#2090,#2121,#2129,.T.);
#2129 = LINE('',#2130,#2131);
#2130 = CARTESIAN_POINT('',(197.7,-92.7,0.));
#2131 = VECTOR('',#2132,1.);
#2132 = DIRECTION('',(0.,1.,0.));
#2133 = PLANE('',#2134);
#2134 = AXIS2_PLACEMENT_3D('',#2135,#2136,#2137);
#2135 = CARTESIAN_POINT('',(197.7,-92.7,0.));
#2136 = DIRECTION('',(-1.,0.,0.));
#2137 = DIRECTION('',(0.,1.,0.));
#2138 = ADVANCED_FACE('',(#2139),#2166,.T.);
#2139 = FACE_BOUND('',#2140,.T.);
#2140 = EDGE_LOOP('',(#2141,#2142,#2151,#2159));
#2141 = ORIENTED_EDGE('',*,*,#2120,.T.);
#2142 = ORIENTED_EDGE('',*,*,#2143,.T.);
#2143 = EDGE_CURVE('',#2113,#2144,#2146,.T.);
#2144 = VERTEX_POINT('',#2145);
#2145 = CARTESIAN_POINT('',(198.4,-88.7,1.51));
#2146 = CIRCLE('',#2147,0.699999135627);
#2147 = AXIS2_PLACEMENT_3D('',#2148,#2149,#2150);
#2148 = CARTESIAN_POINT('',(198.39999913562,-89.39999913562,1.51));
#2149 = DIRECTION('',(0.,0.,-1.));
#2150 = DIRECTION('',(-0.999999999999,-1.234820329446E-06,-0.));
#2151 = ORIENTED_EDGE('',*,*,#2152,.F.);
#2152 = EDGE_CURVE('',#2153,#2144,#2155,.T.);
#2153 = VERTEX_POINT('',#2154);
#2154 = CARTESIAN_POINT('',(198.4,-88.7,0.));
#2155 = LINE('',#2156,#2157);
#2156 = CARTESIAN_POINT('',(198.4,-88.7,0.));
#2157 = VECTOR('',#2158,1.);
#2158 = DIRECTION('',(0.,0.,1.));
#2159 = ORIENTED_EDGE('',*,*,#2160,.F.);
#2160 = EDGE_CURVE('',#2121,#2153,#2161,.T.);
#2161 = CIRCLE('',#2162,0.699999135627);
#2162 = AXIS2_PLACEMENT_3D('',#2163,#2164,#2165);
#2163 = CARTESIAN_POINT('',(198.39999913562,-89.39999913562,0.));
#2164 = DIRECTION('',(0.,0.,-1.));
#2165 = DIRECTION('',(-0.999999999999,-1.234820329446E-06,-0.));
#2166 = CYLINDRICAL_SURFACE('',#2167,0.699999135627);
#2167 = AXIS2_PLACEMENT_3D('',#2168,#2169,#2170);
#2168 = CARTESIAN_POINT('',(198.39999913562,-89.39999913562,0.));
#2169 = DIRECTION('',(0.,0.,-1.));
#2170 = DIRECTION('',(-0.999999999999,-1.234820329446E-06,-0.));
#2171 = ADVANCED_FACE('',(#2172),#2188,.T.);
#2172 = FACE_BOUND('',#2173,.T.);
#2173 = EDGE_LOOP('',(#2174,#2175,#2181,#2182));
#2174 = ORIENTED_EDGE('',*,*,#2152,.T.);
#2175 = ORIENTED_EDGE('',*,*,#2176,.T.);
#2176 = EDGE_CURVE('',#2144,#42,#2177,.T.);
#2177 = LINE('',#2178,#2179);
#2178 = CARTESIAN_POINT('',(198.4,-88.7,1.51));
#2179 = VECTOR('',#2180,1.);
#2180 = DIRECTION('',(1.,0.,0.));
#2181 = ORIENTED_EDGE('',*,*,#39,.F.);
#2182 = ORIENTED_EDGE('',*,*,#2183,.F.);
#2183 = EDGE_CURVE('',#2153,#40,#2184,.T.);
#2184 = LINE('',#2185,#2186);
#2185 = CARTESIAN_POINT('',(198.4,-88.7,0.));
#2186 = VECTOR('',#2187,1.);
#2187 = DIRECTION('',(1.,0.,0.));
#2188 = PLANE('',#2189);
#2189 = AXIS2_PLACEMENT_3D('',#2190,#2191,#2192);
#2190 = CARTESIAN_POINT('',(198.4,-88.7,0.));
#2191 = DIRECTION('',(0.,1.,0.));
#2192 = DIRECTION('',(1.,0.,0.));
#2193 = ADVANCED_FACE('',(#2194),#2230,.F.);
#2194 = FACE_BOUND('',#2195,.T.);
#2195 = EDGE_LOOP('',(#2196,#2206,#2215,#2223));
#2196 = ORIENTED_EDGE('',*,*,#2197,.T.);
#2197 = EDGE_CURVE('',#2198,#2200,#2202,.T.);
#2198 = VERTEX_POINT('',#2199);
#2199 = CARTESIAN_POINT('',(140.650877,-182.036986,0.));
#2200 = VERTEX_POINT('',#2201);
#2201 = CARTESIAN_POINT('',(140.650877,-182.036986,1.51));
#2202 = LINE('',#2203,#2204);
#2203 = CARTESIAN_POINT('',(140.650877,-182.036986,0.));
#2204 = VECTOR('',#2205,1.);
#2205 = DIRECTION('',(0.,0.,1.));
#2206 = ORIENTED_EDGE('',*,*,#2207,.T.);
#2207 = EDGE_CURVE('',#2200,#2208,#2210,.T.);
#2208 = VERTEX_POINT('',#2209);
#2209 = CARTESIAN_POINT('',(139.981481,-181.857626,1.51));
#2210 = CIRCLE('',#2211,0.490003659874);
#2211 = AXIS2_PLACEMENT_3D('',#2212,#2213,#2214);
#2212 = CARTESIAN_POINT('',(140.22650905439,-182.2819664756,1.51));
#2213 = DIRECTION('',(0.,0.,1.));
#2214 = DIRECTION('',(0.866050563199,0.499956420084,-0.));
#2215 = ORIENTED_EDGE('',*,*,#2216,.F.);
#2216 = EDGE_CURVE('',#2217,#2208,#2219,.T.);
#2217 = VERTEX_POINT('',#2218);
#2218 = CARTESIAN_POINT('',(139.981481,-181.857626,0.));
#2219 = LINE('',#2220,#2221);
#2220 = CARTESIAN_POINT('',(139.981481,-181.857626,0.));
#2221 = VECTOR('',#2222,1.);
#2222 = DIRECTION('',(0.,0.,1.));
#2223 = ORIENTED_EDGE('',*,*,#2224,.F.);
#2224 = EDGE_CURVE('',#2198,#2217,#2225,.T.);
#2225 = CIRCLE('',#2226,0.490003659874);
#2226 = AXIS2_PLACEMENT_3D('',#2227,#2228,#2229);
#2227 = CARTESIAN_POINT('',(140.22650905439,-182.2819664756,0.));
#2228 = DIRECTION('',(0.,0.,1.));
#2229 = DIRECTION('',(0.866050563199,0.499956420084,-0.));
#2230 = CYLINDRICAL_SURFACE('',#2231,0.490003659874);
#2231 = AXIS2_PLACEMENT_3D('',#2232,#2233,#2234);
#2232 = CARTESIAN_POINT('',(140.22650905439,-182.2819664756,0.));
#2233 = DIRECTION('',(-0.,-0.,-1.));
#2234 = DIRECTION('',(0.866050563199,0.499956420084,-0.));
#2235 = ADVANCED_FACE('',(#2236),#2261,.T.);
#2236 = FACE_BOUND('',#2237,.T.);
#2237 = EDGE_LOOP('',(#2238,#2239,#2247,#2255));
#2238 = ORIENTED_EDGE('',*,*,#2216,.T.);
#2239 = ORIENTED_EDGE('',*,*,#2240,.T.);
#2240 = EDGE_CURVE('',#2208,#2241,#2243,.T.);
#2241 = VERTEX_POINT('',#2242);
#2242 = CARTESIAN_POINT('',(139.964248,-181.867576,1.51));
#2243 = LINE('',#2244,#2245);
#2244 = CARTESIAN_POINT('',(139.981481,-181.857626,1.51));
#2245 = VECTOR('',#2246,1.);
#2246 = DIRECTION('',(-0.86601402704,-0.500019704581,0.));
#2247 = ORIENTED_EDGE('',*,*,#2248,.F.);
#2248 = EDGE_CURVE('',#2249,#2241,#2251,.T.);
#2249 = VERTEX_POINT('',#2250);
#2250 = CARTESIAN_POINT('',(139.964248,-181.867576,0.));
#2251 = LINE('',#2252,#2253);
#2252 = CARTESIAN_POINT('',(139.964248,-181.867576,0.));
#2253 = VECTOR('',#2254,1.);
#2254 = DIRECTION('',(0.,0.,1.));
#2255 = ORIENTED_EDGE('',*,*,#2256,.F.);
#2256 = EDGE_CURVE('',#2217,#2249,#2257,.T.);
#2257 = LINE('',#2258,#2259);
#2258 = CARTESIAN_POINT('',(139.981481,-181.857626,0.));
#2259 = VECTOR('',#2260,1.);
#2260 = DIRECTION('',(-0.86601402704,-0.500019704581,0.));
#2261 = PLANE('',#2262);
#2262 = AXIS2_PLACEMENT_3D('',#2263,#2264,#2265);
#2263 = CARTESIAN_POINT('',(139.981481,-181.857626,0.));
#2264 = DIRECTION('',(0.500019704581,-0.86601402704,0.));
#2265 = DIRECTION('',(-0.86601402704,-0.500019704581,0.));
#2266 = ADVANCED_FACE('',(#2267),#2292,.T.);
#2267 = FACE_BOUND('',#2268,.T.);
#2268 = EDGE_LOOP('',(#2269,#2270,#2278,#2286));
#2269 = ORIENTED_EDGE('',*,*,#2248,.T.);
#2270 = ORIENTED_EDGE('',*,*,#2271,.T.);
#2271 = EDGE_CURVE('',#2241,#2272,#2274,.T.);
#2272 = VERTEX_POINT('',#2273);
#2273 = CARTESIAN_POINT('',(139.964264,-181.867605,1.51));
#2274 = LINE('',#2275,#2276);
#2275 = CARTESIAN_POINT('',(139.964248,-181.867576,1.51));
#2276 = VECTOR('',#2277,1.);
#2277 = DIRECTION('',(0.483077342843,-0.875577684064,0.));
#2278 = ORIENTED_EDGE('',*,*,#2279,.F.);
#2279 = EDGE_CURVE('',#2280,#2272,#2282,.T.);
#2280 = VERTEX_POINT('',#2281);
#2281 = CARTESIAN_POINT('',(139.964264,-181.867605,0.));
#2282 = LINE('',#2283,#2284);
#2283 = CARTESIAN_POINT('',(139.964264,-181.867605,0.));
#2284 = VECTOR('',#2285,1.);
#2285 = DIRECTION('',(0.,0.,1.));
#2286 = ORIENTED_EDGE('',*,*,#2287,.F.);
#2287 = EDGE_CURVE('',#2249,#2280,#2288,.T.);
#2288 = LINE('',#2289,#2290);
#2289 = CARTESIAN_POINT('',(139.964248,-181.867576,0.));
#2290 = VECTOR('',#2291,1.);
#2291 = DIRECTION('',(0.483077342843,-0.875577684064,0.));
#2292 = PLANE('',#2293);
#2293 = AXIS2_PLACEMENT_3D('',#2294,#2295,#2296);
#2294 = CARTESIAN_POINT('',(139.964248,-181.867576,0.));
#2295 = DIRECTION('',(0.875577684064,0.483077342843,-0.));
#2296 = DIRECTION('',(0.483077342843,-0.875577684064,0.));
#2297 = ADVANCED_FACE('',(#2298),#2325,.F.);
#2298 = FACE_BOUND('',#2299,.T.);
#2299 = EDGE_LOOP('',(#2300,#2301,#2310,#2318));
#2300 = ORIENTED_EDGE('',*,*,#2279,.T.);
#2301 = ORIENTED_EDGE('',*,*,#2302,.T.);
#2302 = EDGE_CURVE('',#2272,#2303,#2305,.T.);
#2303 = VERTEX_POINT('',#2304);
#2304 = CARTESIAN_POINT('',(139.784899,-182.537028,1.51));
#2305 = CIRCLE('',#2306,0.490030224796);
#2306 = AXIS2_PLACEMENT_3D('',#2307,#2308,#2309);
#2307 = CARTESIAN_POINT('',(140.20926532309,-182.2919915842,1.51));
#2308 = DIRECTION('',(0.,0.,1.));
#2309 = DIRECTION('',(-0.499971860293,0.866041649642,0.));
#2310 = ORIENTED_EDGE('',*,*,#2311,.F.);
#2311 = EDGE_CURVE('',#2312,#2303,#2314,.T.);
#2312 = VERTEX_POINT('',#2313);
#2313 = CARTESIAN_POINT('',(139.784899,-182.537028,0.));
#2314 = LINE('',#2315,#2316);
#2315 = CARTESIAN_POINT('',(139.784899,-182.537028,0.));
#2316 = VECTOR('',#2317,1.);
#2317 = DIRECTION('',(0.,0.,1.));
#2318 = ORIENTED_EDGE('',*,*,#2319,.F.);
#2319 = EDGE_CURVE('',#2280,#2312,#2320,.T.);
#2320 = CIRCLE('',#2321,0.490030224796);
#2321 = AXIS2_PLACEMENT_3D('',#2322,#2323,#2324);
#2322 = CARTESIAN_POINT('',(140.20926532309,-182.2919915842,0.));
#2323 = DIRECTION('',(0.,0.,1.));
#2324 = DIRECTION('',(-0.499971860293,0.866041649642,0.));
#2325 = CYLINDRICAL_SURFACE('',#2326,0.490030224796);
#2326 = AXIS2_PLACEMENT_3D('',#2327,#2328,#2329);
#2327 = CARTESIAN_POINT('',(140.20926532309,-182.2919915842,0.));
#2328 = DIRECTION('',(-0.,-0.,-1.));
#2329 = DIRECTION('',(-0.499971860293,0.866041649642,0.));
#2330 = ADVANCED_FACE('',(#2331),#2356,.T.);
#2331 = FACE_BOUND('',#2332,.T.);
#2332 = EDGE_LOOP('',(#2333,#2334,#2342,#2350));
#2333 = ORIENTED_EDGE('',*,*,#2311,.T.);
#2334 = ORIENTED_EDGE('',*,*,#2335,.T.);
#2335 = EDGE_CURVE('',#2303,#2336,#2338,.T.);
#2336 = VERTEX_POINT('',#2337);
#2337 = CARTESIAN_POINT('',(143.09721,-188.274118,1.51));
#2338 = LINE('',#2339,#2340);
#2339 = CARTESIAN_POINT('',(139.784899,-182.537028,1.51));
#2340 = VECTOR('',#2341,1.);
#2341 = DIRECTION('',(0.500000061604,-0.866025368218,0.));
#2342 = ORIENTED_EDGE('',*,*,#2343,.F.);
#2343 = EDGE_CURVE('',#2344,#2336,#2346,.T.);
#2344 = VERTEX_POINT('',#2345);
#2345 = CARTESIAN_POINT('',(143.09721,-188.274118,0.));
#2346 = LINE('',#2347,#2348);
#2347 = CARTESIAN_POINT('',(143.09721,-188.274118,0.));
#2348 = VECTOR('',#2349,1.);
#2349 = DIRECTION('',(0.,0.,1.));
#2350 = ORIENTED_EDGE('',*,*,#2351,.F.);
#2351 = EDGE_CURVE('',#2312,#2344,#2352,.T.);
#2352 = LINE('',#2353,#2354);
#2353 = CARTESIAN_POINT('',(139.784899,-182.537028,0.));
#2354 = VECTOR('',#2355,1.);
#2355 = DIRECTION('',(0.500000061604,-0.866025368218,0.));
#2356 = PLANE('',#2357);
#2357 = AXIS2_PLACEMENT_3D('',#2358,#2359,#2360);
#2358 = CARTESIAN_POINT('',(139.784899,-182.537028,0.));
#2359 = DIRECTION('',(0.866025368218,0.500000061604,-0.));
#2360 = DIRECTION('',(0.500000061604,-0.866025368218,0.));
#2361 = ADVANCED_FACE('',(#2362),#2389,.F.);
#2362 = FACE_BOUND('',#2363,.T.);
#2363 = EDGE_LOOP('',(#2364,#2365,#2374,#2382));
#2364 = ORIENTED_EDGE('',*,*,#2343,.T.);
#2365 = ORIENTED_EDGE('',*,*,#2366,.T.);
#2366 = EDGE_CURVE('',#2336,#2367,#2369,.T.);
#2367 = VERTEX_POINT('',#2368);
#2368 = CARTESIAN_POINT('',(143.764227,-188.449381,1.51));
#2369 = CIRCLE('',#2370,0.490034118516);
#2370 = AXIS2_PLACEMENT_3D('',#2371,#2372,#2373);
#2371 = CARTESIAN_POINT('',(143.51920040908,-188.0250045078,1.51));
#2372 = DIRECTION('',(0.,0.,1.));
#2373 = DIRECTION('',(-0.8611449553,-0.508359484973,0.));
#2374 = ORIENTED_EDGE('',*,*,#2375,.F.);
#2375 = EDGE_CURVE('',#2376,#2367,#2378,.T.);
#2376 = VERTEX_POINT('',#2377);
#2377 = CARTESIAN_POINT('',(143.764227,-188.449381,0.));
#2378 = LINE('',#2379,#2380);
#2379 = CARTESIAN_POINT('',(143.764227,-188.449381,0.));
#2380 = VECTOR('',#2381,1.);
#2381 = DIRECTION('',(0.,0.,1.));
#2382 = ORIENTED_EDGE('',*,*,#2383,.F.);
#2383 = EDGE_CURVE('',#2344,#2376,#2384,.T.);
#2384 = CIRCLE('',#2385,0.490034118516);
#2385 = AXIS2_PLACEMENT_3D('',#2386,#2387,#2388);
#2386 = CARTESIAN_POINT('',(143.51920040908,-188.0250045078,0.));
#2387 = DIRECTION('',(0.,0.,1.));
#2388 = DIRECTION('',(-0.8611449553,-0.508359484973,0.));
#2389 = CYLINDRICAL_SURFACE('',#2390,0.490034118516);
#2390 = AXIS2_PLACEMENT_3D('',#2391,#2392,#2393);
#2391 = CARTESIAN_POINT('',(143.51920040908,-188.0250045078,0.));
#2392 = DIRECTION('',(-0.,-0.,-1.));
#2393 = DIRECTION('',(-0.8611449553,-0.508359484973,0.));
#2394 = ADVANCED_FACE('',(#2395),#2420,.T.);
#2395 = FACE_BOUND('',#2396,.T.);
#2396 = EDGE_LOOP('',(#2397,#2398,#2406,#2414));
#2397 = ORIENTED_EDGE('',*,*,#2375,.T.);
#2398 = ORIENTED_EDGE('',*,*,#2399,.T.);
#2399 = EDGE_CURVE('',#2367,#2400,#2402,.T.);
#2400 = VERTEX_POINT('',#2401);
#2401 = CARTESIAN_POINT('',(143.781455,-188.439434,1.51));
#2402 = LINE('',#2403,#2404);
#2403 = CARTESIAN_POINT('',(143.764227,-188.449381,1.51));
#2404 = VECTOR('',#2405,1.);
#2405 = DIRECTION('',(0.866016488839,0.500015440821,0.));
#2406 = ORIENTED_EDGE('',*,*,#2407,.F.);
#2407 = EDGE_CURVE('',#2408,#2400,#2410,.T.);
#2408 = VERTEX_POINT('',#2409);
#2409 = CARTESIAN_POINT('',(143.781455,-188.439434,0.));
#2410 = LINE('',#2411,#2412);
#2411 = CARTESIAN_POINT('',(143.781455,-188.439434,0.));
#2412 = VECTOR('',#2413,1.);
#2413 = DIRECTION('',(0.,0.,1.));
#2414 = ORIENTED_EDGE('',*,*,#2415,.F.);
#2415 = EDGE_CURVE('',#2376,#2408,#2416,.T.);
#2416 = LINE('',#2417,#2418);
#2417 = CARTESIAN_POINT('',(143.764227,-188.449381,0.));
#2418 = VECTOR('',#2419,1.);
#2419 = DIRECTION('',(0.866016488839,0.500015440821,0.));
#2420 = PLANE('',#2421);
#2421 = AXIS2_PLACEMENT_3D('',#2422,#2423,#2424);
#2422 = CARTESIAN_POINT('',(143.764227,-188.449381,0.));
#2423 = DIRECTION('',(-0.500015440821,0.866016488839,0.));
#2424 = DIRECTION('',(0.866016488839,0.500015440821,0.));
#2425 = ADVANCED_FACE('',(#2426),#2451,.T.);
#2426 = FACE_BOUND('',#2427,.T.);
#2427 = EDGE_LOOP('',(#2428,#2429,#2437,#2445));
#2428 = ORIENTED_EDGE('',*,*,#2407,.T.);
#2429 = ORIENTED_EDGE('',*,*,#2430,.T.);
#2430 = EDGE_CURVE('',#2400,#2431,#2433,.T.);
#2431 = VERTEX_POINT('',#2432);
#2432 = CARTESIAN_POINT('',(143.781451,-188.439428,1.51));
#2433 = LINE('',#2434,#2435);
#2434 = CARTESIAN_POINT('',(143.781455,-188.439434,1.51));
#2435 = VECTOR('',#2436,1.);
#2436 = DIRECTION('',(-0.554700194406,0.832050295551,0.));
#2437 = ORIENTED_EDGE('',*,*,#2438,.F.);
#2438 = EDGE_CURVE('',#2439,#2431,#2441,.T.);
#2439 = VERTEX_POINT('',#2440);
#2440 = CARTESIAN_POINT('',(143.781451,-188.439428,0.));
#2441 = LINE('',#2442,#2443);
#2442 = CARTESIAN_POINT('',(143.781451,-188.439428,0.));
#2443 = VECTOR('',#2444,1.);
#2444 = DIRECTION('',(0.,0.,1.));
#2445 = ORIENTED_EDGE('',*,*,#2446,.F.);
#2446 = EDGE_CURVE('',#2408,#2439,#2447,.T.);
#2447 = LINE('',#2448,#2449);
#2448 = CARTESIAN_POINT('',(143.781455,-188.439434,0.));
#2449 = VECTOR('',#2450,1.);
#2450 = DIRECTION('',(-0.554700194406,0.832050295551,0.));
#2451 = PLANE('',#2452);
#2452 = AXIS2_PLACEMENT_3D('',#2453,#2454,#2455);
#2453 = CARTESIAN_POINT('',(143.781455,-188.439434,0.));
#2454 = DIRECTION('',(-0.832050295551,-0.554700194406,0.));
#2455 = DIRECTION('',(-0.554700194406,0.832050295551,0.));
#2456 = ADVANCED_FACE('',(#2457),#2484,.F.);
#2457 = FACE_BOUND('',#2458,.T.);
#2458 = EDGE_LOOP('',(#2459,#2460,#2469,#2477));
#2459 = ORIENTED_EDGE('',*,*,#2438,.T.);
#2460 = ORIENTED_EDGE('',*,*,#2461,.T.);
#2461 = EDGE_CURVE('',#2431,#2462,#2464,.T.);
#2462 = VERTEX_POINT('',#2463);
#2463 = CARTESIAN_POINT('',(143.960832,-187.769954,1.51));
#2464 = CIRCLE('',#2465,0.49006627033);
#2465 = AXIS2_PLACEMENT_3D('',#2466,#2467,#2468);
#2466 = CARTESIAN_POINT('',(143.5364345215,-188.015008544,1.51));
#2467 = DIRECTION('',(0.,-0.,1.));
#2468 = DIRECTION('',(0.49996601139,-0.866045026228,-0.));
#2469 = ORIENTED_EDGE('',*,*,#2470,.F.);
#2470 = EDGE_CURVE('',#2471,#2462,#2473,.T.);
#2471 = VERTEX_POINT('',#2472);
#2472 = CARTESIAN_POINT('',(143.960832,-187.769954,0.));
#2473 = LINE('',#2474,#2475);
#2474 = CARTESIAN_POINT('',(143.960832,-187.769954,0.));
#2475 = VECTOR('',#2476,1.);
#2476 = DIRECTION('',(0.,0.,1.));
#2477 = ORIENTED_EDGE('',*,*,#2478,.F.);
#2478 = EDGE_CURVE('',#2439,#2471,#2479,.T.);
#2479 = CIRCLE('',#2480,0.49006627033);
#2480 = AXIS2_PLACEMENT_3D('',#2481,#2482,#2483);
#2481 = CARTESIAN_POINT('',(143.5364345215,-188.015008544,0.));
#2482 = DIRECTION('',(0.,-0.,1.));
#2483 = DIRECTION('',(0.49996601139,-0.866045026228,-0.));
#2484 = CYLINDRICAL_SURFACE('',#2485,0.49006627033);
#2485 = AXIS2_PLACEMENT_3D('',#2486,#2487,#2488);
#2486 = CARTESIAN_POINT('',(143.5364345215,-188.015008544,0.));
#2487 = DIRECTION('',(-0.,0.,-1.));
#2488 = DIRECTION('',(0.49996601139,-0.866045026228,-0.));
#2489 = ADVANCED_FACE('',(#2490),#2515,.T.);
#2490 = FACE_BOUND('',#2491,.T.);
#2491 = EDGE_LOOP('',(#2492,#2493,#2501,#2509));
#2492 = ORIENTED_EDGE('',*,*,#2470,.T.);
#2493 = ORIENTED_EDGE('',*,*,#2494,.T.);
#2494 = EDGE_CURVE('',#2462,#2495,#2497,.T.);
#2495 = VERTEX_POINT('',#2496);
#2496 = CARTESIAN_POINT('',(140.650895,-182.036975,1.51));
#2497 = LINE('',#2498,#2499);
#2498 = CARTESIAN_POINT('',(143.960832,-187.769954,1.51));
#2499 = VECTOR('',#2500,1.);
#2500 = DIRECTION('',(-0.500000003523,0.866025401751,0.));
#2501 = ORIENTED_EDGE('',*,*,#2502,.F.);
#2502 = EDGE_CURVE('',#2503,#2495,#2505,.T.);
#2503 = VERTEX_POINT('',#2504);
#2504 = CARTESIAN_POINT('',(140.650895,-182.036975,0.));
#2505 = LINE('',#2506,#2507);
#2506 = CARTESIAN_POINT('',(140.650895,-182.036975,0.));
#2507 = VECTOR('',#2508,1.);
#2508 = DIRECTION('',(0.,0.,1.));
#2509 = ORIENTED_EDGE('',*,*,#2510,.F.);
#2510 = EDGE_CURVE('',#2471,#2503,#2511,.T.);
#2511 = LINE('',#2512,#2513);
#2512 = CARTESIAN_POINT('',(143.960832,-187.769954,0.));
#2513 = VECTOR('',#2514,1.);
#2514 = DIRECTION('',(-0.500000003523,0.866025401751,0.));
#2515 = PLANE('',#2516);
#2516 = AXIS2_PLACEMENT_3D('',#2517,#2518,#2519);
#2517 = CARTESIAN_POINT('',(143.960832,-187.769954,0.));
#2518 = DIRECTION('',(-0.866025401751,-0.500000003523,0.));
#2519 = DIRECTION('',(-0.500000003523,0.866025401751,0.));
#2520 = ADVANCED_FACE('',(#2521),#2537,.T.);
#2521 = FACE_BOUND('',#2522,.T.);
#2522 = EDGE_LOOP('',(#2523,#2524,#2530,#2531));
#2523 = ORIENTED_EDGE('',*,*,#2502,.T.);
#2524 = ORIENTED_EDGE('',*,*,#2525,.T.);
#2525 = EDGE_CURVE('',#2495,#2200,#2526,.T.);
#2526 = LINE('',#2527,#2528);
#2527 = CARTESIAN_POINT('',(140.650895,-182.036975,1.51));
#2528 = VECTOR('',#2529,1.);
#2529 = DIRECTION('',(-0.853281833419,-0.521450009835,0.));
#2530 = ORIENTED_EDGE('',*,*,#2197,.F.);
#2531 = ORIENTED_EDGE('',*,*,#2532,.F.);
#2532 = EDGE_CURVE('',#2503,#2198,#2533,.T.);
#2533 = LINE('',#2534,#2535);
#2534 = CARTESIAN_POINT('',(140.650895,-182.036975,0.));
#2535 = VECTOR('',#2536,1.);
#2536 = DIRECTION('',(-0.853281833419,-0.521450009835,0.));
#2537 = PLANE('',#2538);
#2538 = AXIS2_PLACEMENT_3D('',#2539,#2540,#2541);
#2539 = CARTESIAN_POINT('',(140.650895,-182.036975,0.));
#2540 = DIRECTION('',(0.521450009835,-0.853281833419,0.));
#2541 = DIRECTION('',(-0.853281833419,-0.521450009835,0.));
#2542 = ADVANCED_FACE('',(#2543),#2579,.F.);
#2543 = FACE_BOUND('',#2544,.T.);
#2544 = EDGE_LOOP('',(#2545,#2555,#2564,#2572));
#2545 = ORIENTED_EDGE('',*,*,#2546,.T.);
#2546 = EDGE_CURVE('',#2547,#2549,#2551,.T.);
#2547 = VERTEX_POINT('',#2548);
#2548 = CARTESIAN_POINT('',(258.687259,-144.992842,0.));
#2549 = VERTEX_POINT('',#2550);
#2550 = CARTESIAN_POINT('',(258.687259,-144.992842,1.51));
#2551 = LINE('',#2552,#2553);
#2552 = CARTESIAN_POINT('',(258.687259,-144.992842,0.));
#2553 = VECTOR('',#2554,1.);
#2554 = DIRECTION('',(0.,0.,1.));
#2555 = ORIENTED_EDGE('',*,*,#2556,.T.);
#2556 = EDGE_CURVE('',#2549,#2557,#2559,.T.);
#2557 = VERTEX_POINT('',#2558);
#2558 = CARTESIAN_POINT('',(258.165858,-145.357844,1.51));
#2559 = CIRCLE('',#2560,0.450038183672);
#2560 = AXIS2_PLACEMENT_3D('',#2561,#2562,#2563);
#2561 = CARTESIAN_POINT('',(258.60905196289,-145.4360327333,1.51));
#2562 = DIRECTION('',(0.,0.,1.));
#2563 = DIRECTION('',(0.173778670225,0.984784734739,-0.));
#2564 = ORIENTED_EDGE('',*,*,#2565,.F.);
#2565 = EDGE_CURVE('',#2566,#2557,#2568,.T.);
#2566 = VERTEX_POINT('',#2567);
#2567 = CARTESIAN_POINT('',(258.165858,-145.357844,0.));
#2568 = LINE('',#2569,#2570);
#2569 = CARTESIAN_POINT('',(258.165858,-145.357844,0.));
#2570 = VECTOR('',#2571,1.);
#2571 = DIRECTION('',(0.,0.,1.));
#2572 = ORIENTED_EDGE('',*,*,#2573,.F.);
#2573 = EDGE_CURVE('',#2547,#2566,#2574,.T.);
#2574 = CIRCLE('',#2575,0.450038183672);
#2575 = AXIS2_PLACEMENT_3D('',#2576,#2577,#2578);
#2576 = CARTESIAN_POINT('',(258.60905196289,-145.4360327333,0.));
#2577 = DIRECTION('',(0.,0.,1.));
#2578 = DIRECTION('',(0.173778670225,0.984784734739,-0.));
#2579 = CYLINDRICAL_SURFACE('',#2580,0.450038183672);
#2580 = AXIS2_PLACEMENT_3D('',#2581,#2582,#2583);
#2581 = CARTESIAN_POINT('',(258.60905196289,-145.4360327333,0.));
#2582 = DIRECTION('',(-0.,-0.,-1.));
#2583 = DIRECTION('',(0.173778670225,0.984784734739,-0.));
#2584 = ADVANCED_FACE('',(#2585),#2610,.T.);
#2585 = FACE_BOUND('',#2586,.T.);
#2586 = EDGE_LOOP('',(#2587,#2588,#2596,#2604));
#2587 = ORIENTED_EDGE('',*,*,#2565,.T.);
#2588 = ORIENTED_EDGE('',*,*,#2589,.T.);
#2589 = EDGE_CURVE('',#2557,#2590,#2592,.T.);
#2590 = VERTEX_POINT('',#2591);
#2591 = CARTESIAN_POINT('',(256.93226,-152.353925,1.51));
#2592 = LINE('',#2593,#2594);
#2593 = CARTESIAN_POINT('',(258.165858,-145.357844,1.51));
#2594 = VECTOR('',#2595,1.);
#2595 = DIRECTION('',(-0.173648199576,-0.984807749149,0.));
#2596 = ORIENTED_EDGE('',*,*,#2597,.F.);
#2597 = EDGE_CURVE('',#2598,#2590,#2600,.T.);
#2598 = VERTEX_POINT('',#2599);
#2599 = CARTESIAN_POINT('',(256.93226,-152.353925,0.));
#2600 = LINE('',#2601,#2602);
#2601 = CARTESIAN_POINT('',(256.93226,-152.353925,0.));
#2602 = VECTOR('',#2603,1.);
#2603 = DIRECTION('',(0.,0.,1.));
#2604 = ORIENTED_EDGE('',*,*,#2605,.F.);
#2605 = EDGE_CURVE('',#2566,#2598,#2606,.T.);
#2606 = LINE('',#2607,#2608);
#2607 = CARTESIAN_POINT('',(258.165858,-145.357844,0.));
#2608 = VECTOR('',#2609,1.);
#2609 = DIRECTION('',(-0.173648199576,-0.984807749149,0.));
#2610 = PLANE('',#2611);
#2611 = AXIS2_PLACEMENT_3D('',#2612,#2613,#2614);
#2612 = CARTESIAN_POINT('',(258.165858,-145.357844,0.));
#2613 = DIRECTION('',(0.984807749149,-0.173648199576,0.));
#2614 = DIRECTION('',(-0.173648199576,-0.984807749149,0.));
#2615 = ADVANCED_FACE('',(#2616),#2643,.F.);
#2616 = FACE_BOUND('',#2617,.T.);
#2617 = EDGE_LOOP('',(#2618,#2619,#2628,#2636));
#2618 = ORIENTED_EDGE('',*,*,#2597,.T.);
#2619 = ORIENTED_EDGE('',*,*,#2620,.T.);
#2620 = EDGE_CURVE('',#2590,#2621,#2623,.T.);
#2621 = VERTEX_POINT('',#2622);
#2622 = CARTESIAN_POINT('',(257.297958,-152.871259,1.51));
#2623 = CIRCLE('',#2624,0.449997001025);
#2624 = AXIS2_PLACEMENT_3D('',#2625,#2626,#2627);
#2625 = CARTESIAN_POINT('',(257.37610178422,-152.4280989274,1.51));
#2626 = DIRECTION('',(0.,0.,1.));
#2627 = DIRECTION('',(-0.986321649279,0.164832048352,0.));
#2628 = ORIENTED_EDGE('',*,*,#2629,.F.);
#2629 = EDGE_CURVE('',#2630,#2621,#2632,.T.);
#2630 = VERTEX_POINT('',#2631);
#2631 = CARTESIAN_POINT('',(257.297958,-152.871259,0.));
#2632 = LINE('',#2633,#2634);
#2633 = CARTESIAN_POINT('',(257.297958,-152.871259,0.));
#2634 = VECTOR('',#2635,1.);
#2635 = DIRECTION('',(0.,0.,1.));
#2636 = ORIENTED_EDGE('',*,*,#2637,.F.);
#2637 = EDGE_CURVE('',#2598,#2630,#2638,.T.);
#2638 = CIRCLE('',#2639,0.449997001025);
#2639 = AXIS2_PLACEMENT_3D('',#2640,#2641,#2642);
#2640 = CARTESIAN_POINT('',(257.37610178422,-152.4280989274,0.));
#2641 = DIRECTION('',(0.,0.,1.));
#2642 = DIRECTION('',(-0.986321649279,0.164832048352,0.));
#2643 = CYLINDRICAL_SURFACE('',#2644,0.449997001025);
#2644 = AXIS2_PLACEMENT_3D('',#2645,#2646,#2647);
#2645 = CARTESIAN_POINT('',(257.37610178422,-152.4280989274,0.));
#2646 = DIRECTION('',(-0.,-0.,-1.));
#2647 = DIRECTION('',(-0.986321649279,0.164832048352,0.));
#2648 = ADVANCED_FACE('',(#2649),#2674,.T.);
#2649 = FACE_BOUND('',#2650,.T.);
#2650 = EDGE_LOOP('',(#2651,#2652,#2660,#2668));
#2651 = ORIENTED_EDGE('',*,*,#2629,.T.);
#2652 = ORIENTED_EDGE('',*,*,#2653,.T.);
#2653 = EDGE_CURVE('',#2621,#2654,#2656,.T.);
#2654 = VERTEX_POINT('',#2655);
#2655 = CARTESIAN_POINT('',(257.396463,-152.888628,1.51));
#2656 = LINE('',#2657,#2658);
#2657 = CARTESIAN_POINT('',(257.297958,-152.871259,1.51));
#2658 = VECTOR('',#2659,1.);
#2659 = DIRECTION('',(0.984807905575,-0.17364731244,0.));
#2660 = ORIENTED_EDGE('',*,*,#2661,.F.);
#2661 = EDGE_CURVE('',#2662,#2654,#2664,.T.);
#2662 = VERTEX_POINT('',#2663);
#2663 = CARTESIAN_POINT('',(257.396463,-152.888628,0.));
#2664 = LINE('',#2665,#2666);
#2665 = CARTESIAN_POINT('',(257.396463,-152.888628,0.));
#2666 = VECTOR('',#2667,1.);
#2667 = DIRECTION('',(0.,0.,1.));
#2668 = ORIENTED_EDGE('',*,*,#2669,.F.);
#2669 = EDGE_CURVE('',#2630,#2662,#2670,.T.);
#2670 = LINE('',#2671,#2672);
#2671 = CARTESIAN_POINT('',(257.297958,-152.871259,0.));
#2672 = VECTOR('',#2673,1.);
#2673 = DIRECTION('',(0.984807905575,-0.17364731244,0.));
#2674 = PLANE('',#2675);
#2675 = AXIS2_PLACEMENT_3D('',#2676,#2677,#2678);
#2676 = CARTESIAN_POINT('',(257.297958,-152.871259,0.));
#2677 = DIRECTION('',(0.17364731244,0.984807905575,-0.));
#2678 = DIRECTION('',(0.984807905575,-0.17364731244,0.));
#2679 = ADVANCED_FACE('',(#2680),#2707,.F.);
#2680 = FACE_BOUND('',#2681,.T.);
#2681 = EDGE_LOOP('',(#2682,#2683,#2692,#2700));
#2682 = ORIENTED_EDGE('',*,*,#2661,.T.);
#2683 = ORIENTED_EDGE('',*,*,#2684,.T.);
#2684 = EDGE_CURVE('',#2654,#2685,#2687,.T.);
#2685 = VERTEX_POINT('',#2686);
#2686 = CARTESIAN_POINT('',(257.917765,-152.523624,1.51));
#2687 = CIRCLE('',#2688,0.449941390256);
#2688 = AXIS2_PLACEMENT_3D('',#2689,#2690,#2691);
#2689 = CARTESIAN_POINT('',(257.47465219518,-152.4455324071,1.51));
#2690 = DIRECTION('',(0.,0.,1.));
#2691 = DIRECTION('',(-0.173776400396,-0.984785135278,0.));
#2692 = ORIENTED_EDGE('',*,*,#2693,.F.);
#2693 = EDGE_CURVE('',#2694,#2685,#2696,.T.);
#2694 = VERTEX_POINT('',#2695);
#2695 = CARTESIAN_POINT('',(257.917765,-152.523624,0.));
#2696 = LINE('',#2697,#2698);
#2697 = CARTESIAN_POINT('',(257.917765,-152.523624,0.));
#2698 = VECTOR('',#2699,1.);
#2699 = DIRECTION('',(0.,0.,1.));
#2700 = ORIENTED_EDGE('',*,*,#2701,.F.);
#2701 = EDGE_CURVE('',#2662,#2694,#2702,.T.);
#2702 = CIRCLE('',#2703,0.449941390256);
#2703 = AXIS2_PLACEMENT_3D('',#2704,#2705,#2706);
#2704 = CARTESIAN_POINT('',(257.47465219518,-152.4455324071,0.));
#2705 = DIRECTION('',(0.,0.,1.));
#2706 = DIRECTION('',(-0.173776400396,-0.984785135278,0.));
#2707 = CYLINDRICAL_SURFACE('',#2708,0.449941390256);
#2708 = AXIS2_PLACEMENT_3D('',#2709,#2710,#2711);
#2709 = CARTESIAN_POINT('',(257.47465219518,-152.4455324071,0.));
#2710 = DIRECTION('',(-0.,-0.,-1.));
#2711 = DIRECTION('',(-0.173776400396,-0.984785135278,0.));
#2712 = ADVANCED_FACE('',(#2713),#2738,.T.);
#2713 = FACE_BOUND('',#2714,.T.);
#2714 = EDGE_LOOP('',(#2715,#2716,#2724,#2732));
#2715 = ORIENTED_EDGE('',*,*,#2693,.T.);
#2716 = ORIENTED_EDGE('',*,*,#2717,.T.);
#2717 = EDGE_CURVE('',#2685,#2718,#2720,.T.);
#2718 = VERTEX_POINT('',#2719);
#2719 = CARTESIAN_POINT('',(259.152103,-145.523343,1.51));
#2720 = LINE('',#2721,#2722);
#2721 = CARTESIAN_POINT('',(257.917765,-152.523624,1.51));
#2722 = VECTOR('',#2723,1.);
#2723 = DIRECTION('',(0.173648121339,0.984807762944,0.));
#2724 = ORIENTED_EDGE('',*,*,#2725,.F.);
#2725 = EDGE_CURVE('',#2726,#2718,#2728,.T.);
#2726 = VERTEX_POINT('',#2727);
#2727 = CARTESIAN_POINT('',(259.152103,-145.523343,0.));
#2728 = LINE('',#2729,#2730);
#2729 = CARTESIAN_POINT('',(259.152103,-145.523343,0.));
#2730 = VECTOR('',#2731,1.);
#2731 = DIRECTION('',(0.,0.,1.));
#2732 = ORIENTED_EDGE('',*,*,#2733,.F.);
#2733 = EDGE_CURVE('',#2694,#2726,#2734,.T.);
#2734 = LINE('',#2735,#2736);
#2735 = CARTESIAN_POINT('',(257.917765,-152.523624,0.));
#2736 = VECTOR('',#2737,1.);
#2737 = DIRECTION('',(0.173648121339,0.984807762944,0.));
#2738 = PLANE('',#2739);
#2739 = AXIS2_PLACEMENT_3D('',#2740,#2741,#2742);
#2740 = CARTESIAN_POINT('',(257.917765,-152.523624,0.));
#2741 = DIRECTION('',(-0.984807762944,0.173648121339,0.));
#2742 = DIRECTION('',(0.173648121339,0.984807762944,0.));
#2743 = ADVANCED_FACE('',(#2744),#2771,.F.);
#2744 = FACE_BOUND('',#2745,.T.);
#2745 = EDGE_LOOP('',(#2746,#2747,#2756,#2764));
#2746 = ORIENTED_EDGE('',*,*,#2725,.T.);
#2747 = ORIENTED_EDGE('',*,*,#2748,.T.);
#2748 = EDGE_CURVE('',#2718,#2749,#2751,.T.);
#2749 = VERTEX_POINT('',#2750);
#2750 = CARTESIAN_POINT('',(258.785654,-145.010167,1.51));
#2751 = CIRCLE('',#2752,0.450173843119);
#2752 = AXIS2_PLACEMENT_3D('',#2753,#2754,#2755);
#2753 = CARTESIAN_POINT('',(258.70738260764,-145.4534841304,1.51));
#2754 = DIRECTION('',(0.,0.,1.));
#2755 = DIRECTION('',(0.98788590042,-0.155181982692,0.));
#2756 = ORIENTED_EDGE('',*,*,#2757,.F.);
#2757 = EDGE_CURVE('',#2758,#2749,#2760,.T.);
#2758 = VERTEX_POINT('',#2759);
#2759 = CARTESIAN_POINT('',(258.785654,-145.010167,0.));
#2760 = LINE('',#2761,#2762);
#2761 = CARTESIAN_POINT('',(258.785654,-145.010167,0.));
#2762 = VECTOR('',#2763,1.);
#2763 = DIRECTION('',(0.,0.,1.));
#2764 = ORIENTED_EDGE('',*,*,#2765,.F.);
#2765 = EDGE_CURVE('',#2726,#2758,#2766,.T.);
#2766 = CIRCLE('',#2767,0.450173843119);
#2767 = AXIS2_PLACEMENT_3D('',#2768,#2769,#2770);
#2768 = CARTESIAN_POINT('',(258.70738260764,-145.4534841304,0.));
#2769 = DIRECTION('',(0.,0.,1.));
#2770 = DIRECTION('',(0.98788590042,-0.155181982692,0.));
#2771 = CYLINDRICAL_SURFACE('',#2772,0.450173843119);
#2772 = AXIS2_PLACEMENT_3D('',#2773,#2774,#2775);
#2773 = CARTESIAN_POINT('',(258.70738260764,-145.4534841304,0.));
#2774 = DIRECTION('',(-0.,-0.,-1.));
#2775 = DIRECTION('',(0.98788590042,-0.155181982692,0.));
#2776 = ADVANCED_FACE('',(#2777),#2802,.T.);
#2777 = FACE_BOUND('',#2778,.T.);
#2778 = EDGE_LOOP('',(#2779,#2780,#2788,#2796));
#2779 = ORIENTED_EDGE('',*,*,#2757,.T.);
#2780 = ORIENTED_EDGE('',*,*,#2781,.T.);
#2781 = EDGE_CURVE('',#2749,#2782,#2784,.T.);
#2782 = VERTEX_POINT('',#2783);
#2783 = CARTESIAN_POINT('',(258.687263,-144.992818,1.51));
#2784 = LINE('',#2785,#2786);
#2785 = CARTESIAN_POINT('',(258.785654,-145.010167,1.51));
#2786 = VECTOR('',#2787,1.);
#2787 = DIRECTION('',(-0.984807732402,0.173648294554,0.));
#2788 = ORIENTED_EDGE('',*,*,#2789,.F.);
#2789 = EDGE_CURVE('',#2790,#2782,#2792,.T.);
#2790 = VERTEX_POINT('',#2791);
#2791 = CARTESIAN_POINT('',(258.687263,-144.992818,0.));
#2792 = LINE('',#2793,#2794);
#2793 = CARTESIAN_POINT('',(258.687263,-144.992818,0.));
#2794 = VECTOR('',#2795,1.);
#2795 = DIRECTION('',(0.,0.,1.));
#2796 = ORIENTED_EDGE('',*,*,#2797,.F.);
#2797 = EDGE_CURVE('',#2758,#2790,#2798,.T.);
#2798 = LINE('',#2799,#2800);
#2799 = CARTESIAN_POINT('',(258.785654,-145.010167,0.));
#2800 = VECTOR('',#2801,1.);
#2801 = DIRECTION('',(-0.984807732402,0.173648294554,0.));
#2802 = PLANE('',#2803);
#2803 = AXIS2_PLACEMENT_3D('',#2804,#2805,#2806);
#2804 = CARTESIAN_POINT('',(258.785654,-145.010167,0.));
#2805 = DIRECTION('',(-0.173648294554,-0.984807732402,0.));
#2806 = DIRECTION('',(-0.984807732402,0.173648294554,0.));
#2807 = ADVANCED_FACE('',(#2808),#2824,.T.);
#2808 = FACE_BOUND('',#2809,.T.);
#2809 = EDGE_LOOP('',(#2810,#2811,#2817,#2818));
#2810 = ORIENTED_EDGE('',*,*,#2789,.T.);
#2811 = ORIENTED_EDGE('',*,*,#2812,.T.);
#2812 = EDGE_CURVE('',#2782,#2549,#2813,.T.);
#2813 = LINE('',#2814,#2815);
#2814 = CARTESIAN_POINT('',(258.687263,-144.992818,1.51));
#2815 = VECTOR('',#2816,1.);
#2816 = DIRECTION('',(-0.164398986927,-0.986393923895,0.));
#2817 = ORIENTED_EDGE('',*,*,#2546,.F.);
#2818 = ORIENTED_EDGE('',*,*,#2819,.F.);
#2819 = EDGE_CURVE('',#2790,#2547,#2820,.T.);
#2820 = LINE('',#2821,#2822);
#2821 = CARTESIAN_POINT('',(258.687263,-144.992818,0.));
#2822 = VECTOR('',#2823,1.);
#2823 = DIRECTION('',(-0.164398986927,-0.986393923895,0.));
#2824 = PLANE('',#2825);
#2825 = AXIS2_PLACEMENT_3D('',#2826,#2827,#2828);
#2826 = CARTESIAN_POINT('',(258.687263,-144.992818,0.));
#2827 = DIRECTION('',(0.986393923895,-0.164398986927,0.));
#2828 = DIRECTION('',(-0.164398986927,-0.986393923895,0.));
#2829 = ADVANCED_FACE('',(#2830),#2864,.T.);
#2830 = FACE_BOUND('',#2831,.T.);
#2831 = EDGE_LOOP('',(#2832,#2842,#2850,#2858));
#2832 = ORIENTED_EDGE('',*,*,#2833,.T.);
#2833 = EDGE_CURVE('',#2834,#2836,#2838,.T.);
#2834 = VERTEX_POINT('',#2835);
#2835 = CARTESIAN_POINT('',(242.3,-110.95,0.));
#2836 = VERTEX_POINT('',#2837);
#2837 = CARTESIAN_POINT('',(242.3,-110.95,1.51));
#2838 = LINE('',#2839,#2840);
#2839 = CARTESIAN_POINT('',(242.3,-110.95,0.));
#2840 = VECTOR('',#2841,1.);
#2841 = DIRECTION('',(0.,0.,1.));
#2842 = ORIENTED_EDGE('',*,*,#2843,.T.);
#2843 = EDGE_CURVE('',#2836,#2844,#2846,.T.);
#2844 = VERTEX_POINT('',#2845);
#2845 = CARTESIAN_POINT('',(256.7,-110.95,1.51));
#2846 = LINE('',#2847,#2848);
#2847 = CARTESIAN_POINT('',(242.3,-110.95,1.51));
#2848 = VECTOR('',#2849,1.);
#2849 = DIRECTION('',(1.,0.,0.));
#2850 = ORIENTED_EDGE('',*,*,#2851,.F.);
#2851 = EDGE_CURVE('',#2852,#2844,#2854,.T.);
#2852 = VERTEX_POINT('',#2853);
#2853 = CARTESIAN_POINT('',(256.7,-110.95,0.));
#2854 = LINE('',#2855,#2856);
#2855 = CARTESIAN_POINT('',(256.7,-110.95,0.));
#2856 = VECTOR('',#2857,1.);
#2857 = DIRECTION('',(0.,0.,1.));
#2858 = ORIENTED_EDGE('',*,*,#2859,.F.);
#2859 = EDGE_CURVE('',#2834,#2852,#2860,.T.);
#2860 = LINE('',#2861,#2862);
#2861 = CARTESIAN_POINT('',(242.3,-110.95,0.));
#2862 = VECTOR('',#2863,1.);
#2863 = DIRECTION('',(1.,0.,0.));
#2864 = PLANE('',#2865);
#2865 = AXIS2_PLACEMENT_3D('',#2866,#2867,#2868);
#2866 = CARTESIAN_POINT('',(242.3,-110.95,0.));
#2867 = DIRECTION('',(0.,1.,0.));
#2868 = DIRECTION('',(1.,0.,0.));
#2869 = ADVANCED_FACE('',(#2870),#2895,.T.);
#2870 = FACE_BOUND('',#2871,.T.);
#2871 = EDGE_LOOP('',(#2872,#2873,#2881,#2889));
#2872 = ORIENTED_EDGE('',*,*,#2851,.T.);
#2873 = ORIENTED_EDGE('',*,*,#2874,.T.);
#2874 = EDGE_CURVE('',#2844,#2875,#2877,.T.);
#2875 = VERTEX_POINT('',#2876);
#2876 = CARTESIAN_POINT('',(256.7,-99.55,1.51));
#2877 = LINE('',#2878,#2879);
#2878 = CARTESIAN_POINT('',(256.7,-110.95,1.51));
#2879 = VECTOR('',#2880,1.);
#2880 = DIRECTION('',(0.,1.,0.));
#2881 = ORIENTED_EDGE('',*,*,#2882,.F.);
#2882 = EDGE_CURVE('',#2883,#2875,#2885,.T.);
#2883 = VERTEX_POINT('',#2884);
#2884 = CARTESIAN_POINT('',(256.7,-99.55,0.));
#2885 = LINE('',#2886,#2887);
#2886 = CARTESIAN_POINT('',(256.7,-99.55,0.));
#2887 = VECTOR('',#2888,1.);
#2888 = DIRECTION('',(0.,0.,1.));
#2889 = ORIENTED_EDGE('',*,*,#2890,.F.);
#2890 = EDGE_CURVE('',#2852,#2883,#2891,.T.);
#2891 = LINE('',#2892,#2893);
#2892 = CARTESIAN_POINT('',(256.7,-110.95,0.));
#2893 = VECTOR('',#2894,1.);
#2894 = DIRECTION('',(0.,1.,0.));
#2895 = PLANE('',#2896);
#2896 = AXIS2_PLACEMENT_3D('',#2897,#2898,#2899);
#2897 = CARTESIAN_POINT('',(256.7,-110.95,0.));
#2898 = DIRECTION('',(-1.,0.,0.));
#2899 = DIRECTION('',(0.,1.,0.));
#2900 = ADVANCED_FACE('',(#2901),#2926,.T.);
#2901 = FACE_BOUND('',#2902,.T.);
#2902 = EDGE_LOOP('',(#2903,#2904,#2912,#2920));
#2903 = ORIENTED_EDGE('',*,*,#2882,.T.);
#2904 = ORIENTED_EDGE('',*,*,#2905,.T.);
#2905 = EDGE_CURVE('',#2875,#2906,#2908,.T.);
#2906 = VERTEX_POINT('',#2907);
#2907 = CARTESIAN_POINT('',(242.3,-99.55,1.51));
#2908 = LINE('',#2909,#2910);
#2909 = CARTESIAN_POINT('',(256.7,-99.55,1.51));
#2910 = VECTOR('',#2911,1.);
#2911 = DIRECTION('',(-1.,0.,0.));
#2912 = ORIENTED_EDGE('',*,*,#2913,.F.);
#2913 = EDGE_CURVE('',#2914,#2906,#2916,.T.);
#2914 = VERTEX_POINT('',#2915);
#2915 = CARTESIAN_POINT('',(242.3,-99.55,0.));
#2916 = LINE('',#2917,#2918);
#2917 = CARTESIAN_POINT('',(242.3,-99.55,0.));
#2918 = VECTOR('',#2919,1.);
#2919 = DIRECTION('',(0.,0.,1.));
#2920 = ORIENTED_EDGE('',*,*,#2921,.F.);
#2921 = EDGE_CURVE('',#2883,#2914,#2922,.T.);
#2922 = LINE('',#2923,#2924);
#2923 = CARTESIAN_POINT('',(256.7,-99.55,0.));
#2924 = VECTOR('',#2925,1.);
#2925 = DIRECTION('',(-1.,0.,0.));
#2926 = PLANE('',#2927);
#2927 = AXIS2_PLACEMENT_3D('',#2928,#2929,#2930);
#2928 = CARTESIAN_POINT('',(256.7,-99.55,0.));
#2929 = DIRECTION('',(0.,-1.,0.));
#2930 = DIRECTION('',(-1.,0.,0.));
#2931 = ADVANCED_FACE('',(#2932),#2948,.T.);
#2932 = FACE_BOUND('',#2933,.T.);
#2933 = EDGE_LOOP('',(#2934,#2935,#2941,#2942));
#2934 = ORIENTED_EDGE('',*,*,#2913,.T.);
#2935 = ORIENTED_EDGE('',*,*,#2936,.T.);
#2936 = EDGE_CURVE('',#2906,#2836,#2937,.T.);
#2937 = LINE('',#2938,#2939);
#2938 = CARTESIAN_POINT('',(242.3,-99.55,1.51));
#2939 = VECTOR('',#2940,1.);
#2940 = DIRECTION('',(0.,-1.,0.));
#2941 = ORIENTED_EDGE('',*,*,#2833,.F.);
#2942 = ORIENTED_EDGE('',*,*,#2943,.F.);
#2943 = EDGE_CURVE('',#2914,#2834,#2944,.T.);
#2944 = LINE('',#2945,#2946);
#2945 = CARTESIAN_POINT('',(242.3,-99.55,0.));
#2946 = VECTOR('',#2947,1.);
#2947 = DIRECTION('',(0.,-1.,0.));
#2948 = PLANE('',#2949);
#2949 = AXIS2_PLACEMENT_3D('',#2950,#2951,#2952);
#2950 = CARTESIAN_POINT('',(242.3,-99.55,0.));
#2951 = DIRECTION('',(1.,0.,-0.));
#2952 = DIRECTION('',(0.,-1.,0.));
#2953 = ADVANCED_FACE('',(#2954,#3024,#3037,#3048),#3054,.F.);
#2954 = FACE_BOUND('',#2955,.T.);
#2955 = EDGE_LOOP('',(#2956,#2957,#2958,#2959,#2960,#2961,#2962,#2963,
    #2964,#2965,#2966,#2967,#2968,#2969,#2970,#2971,#2972,#2973,#2974,
    #2975,#2976,#2977,#2978,#2979,#2980,#2981,#2982,#2983,#2984,#2985,
    #2986,#2987,#2988,#2989,#2990,#2991,#2992,#2993,#2994,#2995,#2996,
    #2997,#2998,#2999,#3000,#3001,#3002,#3003,#3004,#3005,#3006,#3007,
    #3008,#3009,#3010,#3011,#3012,#3013,#3014,#3015,#3016,#3017,#3018,
    #3019,#3020,#3021,#3022,#3023));
#2956 = ORIENTED_EDGE('',*,*,#66,.T.);
#2957 = ORIENTED_EDGE('',*,*,#98,.T.);
#2958 = ORIENTED_EDGE('',*,*,#129,.T.);
#2959 = ORIENTED_EDGE('',*,*,#161,.T.);
#2960 = ORIENTED_EDGE('',*,*,#193,.T.);
#2961 = ORIENTED_EDGE('',*,*,#224,.T.);
#2962 = ORIENTED_EDGE('',*,*,#255,.T.);
#2963 = ORIENTED_EDGE('',*,*,#287,.T.);
#2964 = ORIENTED_EDGE('',*,*,#319,.T.);
#2965 = ORIENTED_EDGE('',*,*,#351,.T.);
#2966 = ORIENTED_EDGE('',*,*,#383,.T.);
#2967 = ORIENTED_EDGE('',*,*,#415,.T.);
#2968 = ORIENTED_EDGE('',*,*,#447,.T.);
#2969 = ORIENTED_EDGE('',*,*,#478,.T.);
#2970 = ORIENTED_EDGE('',*,*,#510,.T.);
#2971 = ORIENTED_EDGE('',*,*,#542,.T.);
#2972 = ORIENTED_EDGE('',*,*,#574,.T.);
#2973 = ORIENTED_EDGE('',*,*,#606,.T.);
#2974 = ORIENTED_EDGE('',*,*,#637,.T.);
#2975 = ORIENTED_EDGE('',*,*,#669,.T.);
#2976 = ORIENTED_EDGE('',*,*,#701,.T.);
#2977 = ORIENTED_EDGE('',*,*,#733,.T.);
#2978 = ORIENTED_EDGE('',*,*,#765,.T.);
#2979 = ORIENTED_EDGE('',*,*,#797,.T.);
#2980 = ORIENTED_EDGE('',*,*,#829,.T.);
#2981 = ORIENTED_EDGE('',*,*,#861,.T.);
#2982 = ORIENTED_EDGE('',*,*,#893,.T.);
#2983 = ORIENTED_EDGE('',*,*,#924,.T.);
#2984 = ORIENTED_EDGE('',*,*,#955,.T.);
#2985 = ORIENTED_EDGE('',*,*,#986,.T.);
#2986 = ORIENTED_EDGE('',*,*,#1018,.T.);
#2987 = ORIENTED_EDGE('',*,*,#1050,.T.);
#2988 = ORIENTED_EDGE('',*,*,#1081,.T.);
#2989 = ORIENTED_EDGE('',*,*,#1112,.T.);
#2990 = ORIENTED_EDGE('',*,*,#1144,.T.);
#2991 = ORIENTED_EDGE('',*,*,#1176,.T.);
#2992 = ORIENTED_EDGE('',*,*,#1207,.T.);
#2993 = ORIENTED_EDGE('',*,*,#1239,.T.);
#2994 = ORIENTED_EDGE('',*,*,#1271,.T.);
#2995 = ORIENTED_EDGE('',*,*,#1303,.T.);
#2996 = ORIENTED_EDGE('',*,*,#1335,.T.);
#2997 = ORIENTED_EDGE('',*,*,#1367,.T.);
#2998 = ORIENTED_EDGE('',*,*,#1399,.T.);
#2999 = ORIENTED_EDGE('',*,*,#1430,.T.);
#3000 = ORIENTED_EDGE('',*,*,#1462,.T.);
#3001 = ORIENTED_EDGE('',*,*,#1494,.T.);
#3002 = ORIENTED_EDGE('',*,*,#1526,.T.);
#3003 = ORIENTED_EDGE('',*,*,#1558,.T.);
#3004 = ORIENTED_EDGE('',*,*,#1589,.T.);
#3005 = ORIENTED_EDGE('',*,*,#1620,.T.);
#3006 = ORIENTED_EDGE('',*,*,#1652,.T.);
#3007 = ORIENTED_EDGE('',*,*,#1684,.T.);
#3008 = ORIENTED_EDGE('',*,*,#1715,.T.);
#3009 = ORIENTED_EDGE('',*,*,#1747,.T.);
#3010 = ORIENTED_EDGE('',*,*,#1779,.T.);
#3011 = ORIENTED_EDGE('',*,*,#1811,.T.);
#3012 = ORIENTED_EDGE('',*,*,#1843,.T.);
#3013 = ORIENTED_EDGE('',*,*,#1874,.T.);
#3014 = ORIENTED_EDGE('',*,*,#1906,.T.);
#3015 = ORIENTED_EDGE('',*,*,#1938,.T.);
#3016 = ORIENTED_EDGE('',*,*,#1970,.T.);
#3017 = ORIENTED_EDGE('',*,*,#2002,.T.);
#3018 = ORIENTED_EDGE('',*,*,#2033,.T.);
#3019 = ORIENTED_EDGE('',*,*,#2065,.T.);
#3020 = ORIENTED_EDGE('',*,*,#2097,.T.);
#3021 = ORIENTED_EDGE('',*,*,#2128,.T.);
#3022 = ORIENTED_EDGE('',*,*,#2160,.T.);
#3023 = ORIENTED_EDGE('',*,*,#2183,.T.);
#3024 = FACE_BOUND('',#3025,.T.);
#3025 = EDGE_LOOP('',(#3026,#3027,#3028,#3029,#3030,#3031,#3032,#3033,
    #3034,#3035,#3036));
#3026 = ORIENTED_EDGE('',*,*,#2224,.T.);
#3027 = ORIENTED_EDGE('',*,*,#2256,.T.);
#3028 = ORIENTED_EDGE('',*,*,#2287,.T.);
#3029 = ORIENTED_EDGE('',*,*,#2319,.T.);
#3030 = ORIENTED_EDGE('',*,*,#2351,.T.);
#3031 = ORIENTED_EDGE('',*,*,#2383,.T.);
#3032 = ORIENTED_EDGE('',*,*,#2415,.T.);
#3033 = ORIENTED_EDGE('',*,*,#2446,.T.);
#3034 = ORIENTED_EDGE('',*,*,#2478,.T.);
#3035 = ORIENTED_EDGE('',*,*,#2510,.T.);
#3036 = ORIENTED_EDGE('',*,*,#2532,.T.);
#3037 = FACE_BOUND('',#3038,.T.);
#3038 = EDGE_LOOP('',(#3039,#3040,#3041,#3042,#3043,#3044,#3045,#3046,
    #3047));
#3039 = ORIENTED_EDGE('',*,*,#2573,.T.);
#3040 = ORIENTED_EDGE('',*,*,#2605,.T.);
#3041 = ORIENTED_EDGE('',*,*,#2637,.T.);
#3042 = ORIENTED_EDGE('',*,*,#2669,.T.);
#3043 = ORIENTED_EDGE('',*,*,#2701,.T.);
#3044 = ORIENTED_EDGE('',*,*,#2733,.T.);
#3045 = ORIENTED_EDGE('',*,*,#2765,.T.);
#3046 = ORIENTED_EDGE('',*,*,#2797,.T.);
#3047 = ORIENTED_EDGE('',*,*,#2819,.T.);
#3048 = FACE_BOUND('',#3049,.T.);
#3049 = EDGE_LOOP('',(#3050,#3051,#3052,#3053));
#3050 = ORIENTED_EDGE('',*,*,#2859,.T.);
#3051 = ORIENTED_EDGE('',*,*,#2890,.T.);
#3052 = ORIENTED_EDGE('',*,*,#2921,.T.);
#3053 = ORIENTED_EDGE('',*,*,#2943,.T.);
#3054 = PLANE('',#3055);
#3055 = AXIS2_PLACEMENT_3D('',#3056,#3057,#3058);
#3056 = CARTESIAN_POINT('',(0.,0.,0.));
#3057 = DIRECTION('',(0.,0.,1.));
#3058 = DIRECTION('',(1.,0.,-0.));
#3059 = ADVANCED_FACE('',(#3060,#3130,#3143,#3154),#3160,.T.);
#3060 = FACE_BOUND('',#3061,.F.);
#3061 = EDGE_LOOP('',(#3062,#3063,#3064,#3065,#3066,#3067,#3068,#3069,
    #3070,#3071,#3072,#3073,#3074,#3075,#3076,#3077,#3078,#3079,#3080,
    #3081,#3082,#3083,#3084,#3085,#3086,#3087,#3088,#3089,#3090,#3091,
    #3092,#3093,#3094,#3095,#3096,#3097,#3098,#3099,#3100,#3101,#3102,
    #3103,#3104,#3105,#3106,#3107,#3108,#3109,#3110,#3111,#3112,#3113,
    #3114,#3115,#3116,#3117,#3118,#3119,#3120,#3121,#3122,#3123,#3124,
    #3125,#3126,#3127,#3128,#3129));
#3062 = ORIENTED_EDGE('',*,*,#49,.T.);
#3063 = ORIENTED_EDGE('',*,*,#82,.T.);
#3064 = ORIENTED_EDGE('',*,*,#113,.T.);
#3065 = ORIENTED_EDGE('',*,*,#144,.T.);
#3066 = ORIENTED_EDGE('',*,*,#177,.T.);
#3067 = ORIENTED_EDGE('',*,*,#208,.T.);
#3068 = ORIENTED_EDGE('',*,*,#239,.T.);
#3069 = ORIENTED_EDGE('',*,*,#270,.T.);
#3070 = ORIENTED_EDGE('',*,*,#303,.T.);
#3071 = ORIENTED_EDGE('',*,*,#334,.T.);
#3072 = ORIENTED_EDGE('',*,*,#367,.T.);
#3073 = ORIENTED_EDGE('',*,*,#398,.T.);
#3074 = ORIENTED_EDGE('',*,*,#431,.T.);
#3075 = ORIENTED_EDGE('',*,*,#462,.T.);
#3076 = ORIENTED_EDGE('',*,*,#493,.T.);
#3077 = ORIENTED_EDGE('',*,*,#526,.T.);
#3078 = ORIENTED_EDGE('',*,*,#557,.T.);
#3079 = ORIENTED_EDGE('',*,*,#590,.T.);
#3080 = ORIENTED_EDGE('',*,*,#621,.T.);
#3081 = ORIENTED_EDGE('',*,*,#652,.T.);
#3082 = ORIENTED_EDGE('',*,*,#685,.T.);
#3083 = ORIENTED_EDGE('',*,*,#716,.T.);
#3084 = ORIENTED_EDGE('',*,*,#749,.T.);
#3085 = ORIENTED_EDGE('',*,*,#780,.T.);
#3086 = ORIENTED_EDGE('',*,*,#813,.T.);
#3087 = ORIENTED_EDGE('',*,*,#844,.T.);
#3088 = ORIENTED_EDGE('',*,*,#877,.T.);
#3089 = ORIENTED_EDGE('',*,*,#908,.T.);
#3090 = ORIENTED_EDGE('',*,*,#939,.T.);
#3091 = ORIENTED_EDGE('',*,*,#970,.T.);
#3092 = ORIENTED_EDGE('',*,*,#1001,.T.);
#3093 = ORIENTED_EDGE('',*,*,#1034,.T.);
#3094 = ORIENTED_EDGE('',*,*,#1065,.T.);
#3095 = ORIENTED_EDGE('',*,*,#1096,.T.);
#3096 = ORIENTED_EDGE('',*,*,#1127,.T.);
#3097 = ORIENTED_EDGE('',*,*,#1160,.T.);
#3098 = ORIENTED_EDGE('',*,*,#1191,.T.);
#3099 = ORIENTED_EDGE('',*,*,#1222,.T.);
#3100 = ORIENTED_EDGE('',*,*,#1255,.T.);
#3101 = ORIENTED_EDGE('',*,*,#1286,.T.);
#3102 = ORIENTED_EDGE('',*,*,#1319,.T.);
#3103 = ORIENTED_EDGE('',*,*,#1350,.T.);
#3104 = ORIENTED_EDGE('',*,*,#1383,.T.);
#3105 = ORIENTED_EDGE('',*,*,#1414,.T.);
#3106 = ORIENTED_EDGE('',*,*,#1445,.T.);
#3107 = ORIENTED_EDGE('',*,*,#1478,.T.);
#3108 = ORIENTED_EDGE('',*,*,#1509,.T.);
#3109 = ORIENTED_EDGE('',*,*,#1542,.T.);
#3110 = ORIENTED_EDGE('',*,*,#1573,.T.);
#3111 = ORIENTED_EDGE('',*,*,#1604,.T.);
#3112 = ORIENTED_EDGE('',*,*,#1635,.T.);
#3113 = ORIENTED_EDGE('',*,*,#1668,.T.);
#3114 = ORIENTED_EDGE('',*,*,#1699,.T.);
#3115 = ORIENTED_EDGE('',*,*,#1730,.T.);
#3116 = ORIENTED_EDGE('',*,*,#1763,.T.);
#3117 = ORIENTED_EDGE('',*,*,#1794,.T.);
#3118 = ORIENTED_EDGE('',*,*,#1827,.T.);
#3119 = ORIENTED_EDGE('',*,*,#1858,.T.);
#3120 = ORIENTED_EDGE('',*,*,#1889,.T.);
#3121 = ORIENTED_EDGE('',*,*,#1922,.T.);
#3122 = ORIENTED_EDGE('',*,*,#1953,.T.);
#3123 = ORIENTED_EDGE('',*,*,#1986,.T.);
#3124 = ORIENTED_EDGE('',*,*,#2017,.T.);
#3125 = ORIENTED_EDGE('',*,*,#2048,.T.);
#3126 = ORIENTED_EDGE('',*,*,#2081,.T.);
#3127 = ORIENTED_EDGE('',*,*,#2112,.T.);
#3128 = ORIENTED_EDGE('',*,*,#2143,.T.);
#3129 = ORIENTED_EDGE('',*,*,#2176,.T.);
#3130 = FACE_BOUND('',#3131,.F.);
#3131 = EDGE_LOOP('',(#3132,#3133,#3134,#3135,#3136,#3137,#3138,#3139,
    #3140,#3141,#3142));
#3132 = ORIENTED_EDGE('',*,*,#2207,.T.);
#3133 = ORIENTED_EDGE('',*,*,#2240,.T.);
#3134 = ORIENTED_EDGE('',*,*,#2271,.T.);
#3135 = ORIENTED_EDGE('',*,*,#2302,.T.);
#3136 = ORIENTED_EDGE('',*,*,#2335,.T.);
#3137 = ORIENTED_EDGE('',*,*,#2366,.T.);
#3138 = ORIENTED_EDGE('',*,*,#2399,.T.);
#3139 = ORIENTED_EDGE('',*,*,#2430,.T.);
#3140 = ORIENTED_EDGE('',*,*,#2461,.T.);
#3141 = ORIENTED_EDGE('',*,*,#2494,.T.);
#3142 = ORIENTED_EDGE('',*,*,#2525,.T.);
#3143 = FACE_BOUND('',#3144,.F.);
#3144 = EDGE_LOOP('',(#3145,#3146,#3147,#3148,#3149,#3150,#3151,#3152,
    #3153));
#3145 = ORIENTED_EDGE('',*,*,#2556,.T.);
#3146 = ORIENTED_EDGE('',*,*,#2589,.T.);
#3147 = ORIENTED_EDGE('',*,*,#2620,.T.);
#3148 = ORIENTED_EDGE('',*,*,#2653,.T.);
#3149 = ORIENTED_EDGE('',*,*,#2684,.T.);
#3150 = ORIENTED_EDGE('',*,*,#2717,.T.);
#3151 = ORIENTED_EDGE('',*,*,#2748,.T.);
#3152 = ORIENTED_EDGE('',*,*,#2781,.T.);
#3153 = ORIENTED_EDGE('',*,*,#2812,.T.);
#3154 = FACE_BOUND('',#3155,.F.);
#3155 = EDGE_LOOP('',(#3156,#3157,#3158,#3159));
#3156 = ORIENTED_EDGE('',*,*,#2843,.T.);
#3157 = ORIENTED_EDGE('',*,*,#2874,.T.);
#3158 = ORIENTED_EDGE('',*,*,#2905,.T.);
#3159 = ORIENTED_EDGE('',*,*,#2936,.T.);
#3160 = PLANE('',#3161);
#3161 = AXIS2_PLACEMENT_3D('',#3162,#3163,#3164);
#3162 = CARTESIAN_POINT('',(0.,0.,1.51));
#3163 = DIRECTION('',(0.,0.,1.));
#3164 = DIRECTION('',(1.,0.,-0.));
#3165 = ( GEOMETRIC_REPRESENTATION_CONTEXT(3) 
GLOBAL_UNCERTAINTY_ASSIGNED_CONTEXT((#3169)) 
GLOBAL_UNIT_ASSIGNED_CONTEXT((#3166,#3167,#3168)) REPRESENTATION_CONTEXT
('Context #1','3D Context with UNIT and UNCERTAINTY') );
#3166 = ( LENGTH_UNIT() NAMED_UNIT(*) SI_UNIT(.MILLI.,.METRE.) );
#3167 = ( NAMED_UNIT(*) PLANE_ANGLE_UNIT() SI_UNIT($,.RADIAN.) );
#3168 = ( NAMED_UNIT(*) SI_UNIT($,.STERADIAN.) SOLID_ANGLE_UNIT() );
#3169 = UNCERTAINTY_MEASURE_WITH_UNIT(LENGTH_MEASURE(1.E-07),#3166,
  'distance_accuracy_value','confusion accuracy');
#3170 = CONTEXT_DEPENDENT_SHAPE_REPRESENTATION(#3171,#3173);
#3171 = ( REPRESENTATION_RELATIONSHIP('','',#32,#10) 
REPRESENTATION_RELATIONSHIP_WITH_TRANSFORMATION(#3172) 
SHAPE_REPRESENTATION_RELATIONSHIP() );
#3172 = ITEM_DEFINED_TRANSFORMATION('','',#11,#15);
#3173 = PRODUCT_DEFINITION_SHAPE('Placement','Placement of an item',
  #3174);
#3174 = NEXT_ASSEMBLY_USAGE_OCCURRENCE('1','=>[0:1:1:2]','',#5,#27,$);
#3175 = PRODUCT_RELATED_PRODUCT_CATEGORY('part',$,(#29));
#3176 = MECHANICAL_DESIGN_GEOMETRIC_PRESENTATION_REPRESENTATION('',(
    #3177),#3165);
#3177 = STYLED_ITEM('color',(#3178),#33);
#3178 = PRESENTATION_STYLE_ASSIGNMENT((#3179));
#3179 = SURFACE_STYLE_USAGE(.BOTH.,#3180);
#3180 = SURFACE_SIDE_STYLE('',(#3181));
#3181 = SURFACE_STYLE_FILL_AREA(#3182);
#3182 = FILL_AREA_STYLE('',(#3183));
#3183 = FILL_AREA_STYLE_COLOUR('',#3184);
#3184 = COLOUR_RGB('',0.313304153717,0.484529207832,0.410020903123);
ENDSEC;
END-ISO-10303-21;
